"player_id","player_name","country","gender","current_rank","source_url","result_type","event","grade","date","drop_date","points","weight","ranking_points","source_counting"
"ivan-ivanov","Ivan Ivanov","BUL","Boys","1","https://www.itftennis.com/en/players/ivan-ivanov/800586822/bul/jt/s/itf-points-breakdown/","singles","The Junior Championships, Wimbledon","JGS","2025-07-05","2026-07-04","1000","1","1000","true"
"ivan-ivanov","Ivan Ivanov","BUL","Boys","1","https://www.itftennis.com/en/players/ivan-ivanov/800586822/bul/jt/s/itf-points-breakdown/","singles","US Open Junior Tennis Championships","JGS","2025-08-31","2026-08-30","1000","1","1000","true"
"ivan-ivanov","Ivan Ivanov","BUL","Boys","1","https://www.itftennis.com/en/players/ivan-ivanov/800586822/bul/jt/s/itf-points-breakdown/","singles","Roland Garros Junior Championships","JGS","2025-06-01","2026-05-31","490","1","490","true"
"ivan-ivanov","Ivan Ivanov","BUL","Boys","1","https://www.itftennis.com/en/players/ivan-ivanov/800586822/bul/jt/s/itf-points-breakdown/","singles","J500 Milan","J500","2025-05-19","2026-05-18","350","1","350","true"
"ivan-ivanov","Ivan Ivanov","BUL","Boys","1","https://www.itftennis.com/en/players/ivan-ivanov/800586822/bul/jt/s/itf-points-breakdown/","singles","J300 Roehampton","J300","2025-06-29","2026-06-28","140","1","140","true"
"ivan-ivanov","Ivan Ivanov","BUL","Boys","1","https://www.itftennis.com/en/players/ivan-ivanov/800586822/bul/jt/s/itf-points-breakdown/","singles","Roland Garros Junior Championships","JGS","2025-06-01","2026-05-31","225","1","225","true"
"ivan-ivanov","Ivan Ivanov","BUL","Boys","1","https://www.itftennis.com/en/players/ivan-ivanov/800586822/bul/jt/s/itf-points-breakdown/","singles","J500 Milan","J500","2025-05-19","2026-05-18","67","1","67","true"
"ivan-ivanov","Ivan Ivanov","BUL","Boys","1","https://www.itftennis.com/en/players/ivan-ivanov/800586822/bul/jt/s/itf-points-breakdown/","doubles","The Junior Championships, Wimbledon","JGS","2025-07-05","2026-07-04","1000","0.25","250","true"
"ivan-ivanov","Ivan Ivanov","BUL","Boys","1","https://www.itftennis.com/en/players/ivan-ivanov/800586822/bul/jt/s/itf-points-breakdown/","doubles","US Open Junior Tennis Championships","JGS","2025-08-31","2026-08-30","1000","0.25","250","true"
"ivan-ivanov","Ivan Ivanov","BUL","Boys","1","https://www.itftennis.com/en/players/ivan-ivanov/800586822/bul/jt/s/itf-points-breakdown/","doubles","Roland Garros Junior Championships","JGS","2025-06-01","2026-05-31","490","0.25","122.5","true"
"ivan-ivanov","Ivan Ivanov","BUL","Boys","1","https://www.itftennis.com/en/players/ivan-ivanov/800586822/bul/jt/s/itf-points-breakdown/","doubles","J500 Milan","J500","2025-05-19","2026-05-18","350","0.25","87.5","true"
"ivan-ivanov","Ivan Ivanov","BUL","Boys","1","https://www.itftennis.com/en/players/ivan-ivanov/800586822/bul/jt/s/itf-points-breakdown/","doubles","J300 Roehampton","J300","2025-06-29","2026-06-28","140","0.25","35","true"
"ivan-ivanov","Ivan Ivanov","BUL","Boys","1","https://www.itftennis.com/en/players/ivan-ivanov/800586822/bul/jt/s/itf-points-breakdown/","doubles","Roland Garros Junior Championships","JGS","2025-06-01","2026-05-31","225","0.25","56.25","true"
"ivan-ivanov","Ivan Ivanov","BUL","Boys","1","https://www.itftennis.com/en/players/ivan-ivanov/800586822/bul/jt/s/itf-points-breakdown/","doubles","J500 Milan","J500","2025-05-19","2026-05-18","67","0.25","16.75","true"
"luis-guto-miguel","Luis Guto Miguel","BRA","Boys","2","https://www.itftennis.com/en/players/luis-guto-miguel/800680259/bra/jt/s/itf-points-breakdown/","singles","J500 Merida","J500","2025-11-24","2026-11-23","500","1","500","true"
"luis-guto-miguel","Luis Guto Miguel","BRA","Boys","2","https://www.itftennis.com/en/players/luis-guto-miguel/800680259/bra/jt/s/itf-points-breakdown/","singles","US Open Junior Tennis Championships","JGS","2025-08-31","2026-08-30","490","1","490","true"
"luis-guto-miguel","Luis Guto Miguel","BRA","Boys","2","https://www.itftennis.com/en/players/luis-guto-miguel/800680259/bra/jt/s/itf-points-breakdown/","singles","J300 Charleroi-Marcinelle","J300","2025-05-26","2026-05-25","300","1","300","true"
"luis-guto-miguel","Luis Guto Miguel","BRA","Boys","2","https://www.itftennis.com/en/players/luis-guto-miguel/800680259/bra/jt/s/itf-points-breakdown/","singles","J300 Repentigny","J300","2025-08-24","2026-08-23","300","1","300","true"
"luis-guto-miguel","Luis Guto Miguel","BRA","Boys","2","https://www.itftennis.com/en/players/luis-guto-miguel/800680259/bra/jt/s/itf-points-breakdown/","singles","J300 Traralgon","J300","2026-01-16","2027-01-15","300","1","300","true"
"luis-guto-miguel","Luis Guto Miguel","BRA","Boys","2","https://www.itftennis.com/en/players/luis-guto-miguel/800680259/bra/jt/s/itf-points-breakdown/","singles","Australian Open Junior Championships","JGS","2026-01-24","2027-01-23","300","1","300","true"
"luis-guto-miguel","Luis Guto Miguel","BRA","Boys","2","https://www.itftennis.com/en/players/luis-guto-miguel/800680259/bra/jt/s/itf-points-breakdown/","singles","J300 Roehampton","J300","2025-06-29","2026-06-28","140","1","140","false"
"luis-guto-miguel","Luis Guto Miguel","BRA","Boys","2","https://www.itftennis.com/en/players/luis-guto-miguel/800680259/bra/jt/s/itf-points-breakdown/","singles","J300 Zapopan","J300","2025-11-17","2026-11-16","140","1","140","false"
"luis-guto-miguel","Luis Guto Miguel","BRA","Boys","2","https://www.itftennis.com/en/players/luis-guto-miguel/800680259/bra/jt/s/itf-points-breakdown/","singles","J500 Milan","J500","2025-05-19","2026-05-18","90","1","90","false"
"luis-guto-miguel","Luis Guto Miguel","BRA","Boys","2","https://www.itftennis.com/en/players/luis-guto-miguel/800680259/bra/jt/s/itf-points-breakdown/","singles","The Junior Championships, Wimbledon","JGS","2025-07-05","2026-07-04","90","1","90","false"
"luis-guto-miguel","Luis Guto Miguel","BRA","Boys","2","https://www.itftennis.com/en/players/luis-guto-miguel/800680259/bra/jt/s/itf-points-breakdown/","singles","Roland Garros Junior Championships","JGS","2025-06-01","2026-05-31","0","1","0","false"
"luis-guto-miguel","Luis Guto Miguel","BRA","Boys","2","https://www.itftennis.com/en/players/luis-guto-miguel/800680259/bra/jt/s/itf-points-breakdown/","singles","J300 Repentigny","J300","2025-08-24","2026-08-23","225","1","225","true"
"luis-guto-miguel","Luis Guto Miguel","BRA","Boys","2","https://www.itftennis.com/en/players/luis-guto-miguel/800680259/bra/jt/s/itf-points-breakdown/","singles","J300 Traralgon","J300","2026-01-16","2027-01-15","225","1","225","true"
"luis-guto-miguel","Luis Guto Miguel","BRA","Boys","2","https://www.itftennis.com/en/players/luis-guto-miguel/800680259/bra/jt/s/itf-points-breakdown/","singles","Australian Open Junior Championships","JGS","2026-01-24","2027-01-23","225","1","225","true"
"luis-guto-miguel","Luis Guto Miguel","BRA","Boys","2","https://www.itftennis.com/en/players/luis-guto-miguel/800680259/bra/jt/s/itf-points-breakdown/","singles","Roland Garros Junior Championships","JGS","2025-06-01","2026-05-31","135","1","135","true"
"luis-guto-miguel","Luis Guto Miguel","BRA","Boys","2","https://www.itftennis.com/en/players/luis-guto-miguel/800680259/bra/jt/s/itf-points-breakdown/","singles","J500 Merida","J500","2025-11-24","2026-11-23","112","1","112","true"
"luis-guto-miguel","Luis Guto Miguel","BRA","Boys","2","https://www.itftennis.com/en/players/luis-guto-miguel/800680259/bra/jt/s/itf-points-breakdown/","singles","J500 Milan","J500","2025-05-19","2026-05-18","0","1","0","true"
"luis-guto-miguel","Luis Guto Miguel","BRA","Boys","2","https://www.itftennis.com/en/players/luis-guto-miguel/800680259/bra/jt/s/itf-points-breakdown/","singles","J300 Charleroi-Marcinelle","J300","2025-05-26","2026-05-25","0","1","0","false"
"luis-guto-miguel","Luis Guto Miguel","BRA","Boys","2","https://www.itftennis.com/en/players/luis-guto-miguel/800680259/bra/jt/s/itf-points-breakdown/","singles","J300 Roehampton","J300","2025-06-29","2026-06-28","0","1","0","false"
"luis-guto-miguel","Luis Guto Miguel","BRA","Boys","2","https://www.itftennis.com/en/players/luis-guto-miguel/800680259/bra/jt/s/itf-points-breakdown/","singles","The Junior Championships, Wimbledon","JGS","2025-07-05","2026-07-04","0","1","0","false"
"luis-guto-miguel","Luis Guto Miguel","BRA","Boys","2","https://www.itftennis.com/en/players/luis-guto-miguel/800680259/bra/jt/s/itf-points-breakdown/","singles","US Open Junior Tennis Championships","JGS","2025-08-31","2026-08-30","0","1","0","false"
"luis-guto-miguel","Luis Guto Miguel","BRA","Boys","2","https://www.itftennis.com/en/players/luis-guto-miguel/800680259/bra/jt/s/itf-points-breakdown/","doubles","J500 Merida","J500","2025-11-24","2026-11-23","500","0.25","125","true"
"luis-guto-miguel","Luis Guto Miguel","BRA","Boys","2","https://www.itftennis.com/en/players/luis-guto-miguel/800680259/bra/jt/s/itf-points-breakdown/","doubles","US Open Junior Tennis Championships","JGS","2025-08-31","2026-08-30","490","0.25","122.5","true"
"luis-guto-miguel","Luis Guto Miguel","BRA","Boys","2","https://www.itftennis.com/en/players/luis-guto-miguel/800680259/bra/jt/s/itf-points-breakdown/","doubles","J300 Charleroi-Marcinelle","J300","2025-05-26","2026-05-25","300","0.25","75","true"
"luis-guto-miguel","Luis Guto Miguel","BRA","Boys","2","https://www.itftennis.com/en/players/luis-guto-miguel/800680259/bra/jt/s/itf-points-breakdown/","doubles","J300 Repentigny","J300","2025-08-24","2026-08-23","300","0.25","75","true"
"luis-guto-miguel","Luis Guto Miguel","BRA","Boys","2","https://www.itftennis.com/en/players/luis-guto-miguel/800680259/bra/jt/s/itf-points-breakdown/","doubles","J300 Traralgon","J300","2026-01-16","2027-01-15","300","0.25","75","true"
"luis-guto-miguel","Luis Guto Miguel","BRA","Boys","2","https://www.itftennis.com/en/players/luis-guto-miguel/800680259/bra/jt/s/itf-points-breakdown/","doubles","Australian Open Junior Championships","JGS","2026-01-24","2027-01-23","300","0.25","75","true"
"luis-guto-miguel","Luis Guto Miguel","BRA","Boys","2","https://www.itftennis.com/en/players/luis-guto-miguel/800680259/bra/jt/s/itf-points-breakdown/","doubles","J300 Roehampton","J300","2025-06-29","2026-06-28","140","0.25","35","false"
"luis-guto-miguel","Luis Guto Miguel","BRA","Boys","2","https://www.itftennis.com/en/players/luis-guto-miguel/800680259/bra/jt/s/itf-points-breakdown/","doubles","J300 Zapopan","J300","2025-11-17","2026-11-16","140","0.25","35","false"
"luis-guto-miguel","Luis Guto Miguel","BRA","Boys","2","https://www.itftennis.com/en/players/luis-guto-miguel/800680259/bra/jt/s/itf-points-breakdown/","doubles","J500 Milan","J500","2025-05-19","2026-05-18","90","0.25","22.5","false"
"luis-guto-miguel","Luis Guto Miguel","BRA","Boys","2","https://www.itftennis.com/en/players/luis-guto-miguel/800680259/bra/jt/s/itf-points-breakdown/","doubles","The Junior Championships, Wimbledon","JGS","2025-07-05","2026-07-04","90","0.25","22.5","false"
"luis-guto-miguel","Luis Guto Miguel","BRA","Boys","2","https://www.itftennis.com/en/players/luis-guto-miguel/800680259/bra/jt/s/itf-points-breakdown/","doubles","Roland Garros Junior Championships","JGS","2025-06-01","2026-05-31","0","0.25","0","false"
"luis-guto-miguel","Luis Guto Miguel","BRA","Boys","2","https://www.itftennis.com/en/players/luis-guto-miguel/800680259/bra/jt/s/itf-points-breakdown/","doubles","J300 Repentigny","J300","2025-08-24","2026-08-23","225","0.25","56.25","true"
"luis-guto-miguel","Luis Guto Miguel","BRA","Boys","2","https://www.itftennis.com/en/players/luis-guto-miguel/800680259/bra/jt/s/itf-points-breakdown/","doubles","J300 Traralgon","J300","2026-01-16","2027-01-15","225","0.25","56.25","true"
"luis-guto-miguel","Luis Guto Miguel","BRA","Boys","2","https://www.itftennis.com/en/players/luis-guto-miguel/800680259/bra/jt/s/itf-points-breakdown/","doubles","Australian Open Junior Championships","JGS","2026-01-24","2027-01-23","225","0.25","56.25","true"
"luis-guto-miguel","Luis Guto Miguel","BRA","Boys","2","https://www.itftennis.com/en/players/luis-guto-miguel/800680259/bra/jt/s/itf-points-breakdown/","doubles","Roland Garros Junior Championships","JGS","2025-06-01","2026-05-31","135","0.25","33.75","true"
"luis-guto-miguel","Luis Guto Miguel","BRA","Boys","2","https://www.itftennis.com/en/players/luis-guto-miguel/800680259/bra/jt/s/itf-points-breakdown/","doubles","J500 Merida","J500","2025-11-24","2026-11-23","112","0.25","28","true"
"luis-guto-miguel","Luis Guto Miguel","BRA","Boys","2","https://www.itftennis.com/en/players/luis-guto-miguel/800680259/bra/jt/s/itf-points-breakdown/","doubles","J500 Milan","J500","2025-05-19","2026-05-18","0","0.25","0","true"
"luis-guto-miguel","Luis Guto Miguel","BRA","Boys","2","https://www.itftennis.com/en/players/luis-guto-miguel/800680259/bra/jt/s/itf-points-breakdown/","doubles","J300 Charleroi-Marcinelle","J300","2025-05-26","2026-05-25","0","0.25","0","false"
"luis-guto-miguel","Luis Guto Miguel","BRA","Boys","2","https://www.itftennis.com/en/players/luis-guto-miguel/800680259/bra/jt/s/itf-points-breakdown/","doubles","J300 Roehampton","J300","2025-06-29","2026-06-28","0","0.25","0","false"
"luis-guto-miguel","Luis Guto Miguel","BRA","Boys","2","https://www.itftennis.com/en/players/luis-guto-miguel/800680259/bra/jt/s/itf-points-breakdown/","doubles","The Junior Championships, Wimbledon","JGS","2025-07-05","2026-07-04","0","0.25","0","false"
"luis-guto-miguel","Luis Guto Miguel","BRA","Boys","2","https://www.itftennis.com/en/players/luis-guto-miguel/800680259/bra/jt/s/itf-points-breakdown/","doubles","US Open Junior Tennis Championships","JGS","2025-08-31","2026-08-30","0","0.25","0","false"
"yannick-theodor-alexandrescou","Yannick Theodor Alexandrescou","FRA","Boys","3","https://www.itftennis.com/en/players/yannick-theodor-alexandrescou/800564683/fra/jt/s/itf-points-breakdown/","singles","2025 ITF World Tennis Tour Junior Finals","JM","2025-10-22","2026-10-21","700","1","700","true"
"yannick-theodor-alexandrescou","Yannick Theodor Alexandrescou","FRA","Boys","3","https://www.itftennis.com/en/players/yannick-theodor-alexandrescou/800564683/fra/jt/s/itf-points-breakdown/","singles","J300 Bytom","J300","2025-07-22","2026-07-21","300","1","300","true"
"yannick-theodor-alexandrescou","Yannick Theodor Alexandrescou","FRA","Boys","3","https://www.itftennis.com/en/players/yannick-theodor-alexandrescou/800564683/fra/jt/s/itf-points-breakdown/","singles","J300 College Park","J300","2025-08-18","2026-08-17","300","1","300","true"
"yannick-theodor-alexandrescou","Yannick Theodor Alexandrescou","FRA","Boys","3","https://www.itftennis.com/en/players/yannick-theodor-alexandrescou/800564683/fra/jt/s/itf-points-breakdown/","singles","Roland Garros Junior Championships","JGS","2025-06-01","2026-05-31","300","1","300","true"
"yannick-theodor-alexandrescou","Yannick Theodor Alexandrescou","FRA","Boys","3","https://www.itftennis.com/en/players/yannick-theodor-alexandrescou/800564683/fra/jt/s/itf-points-breakdown/","singles","J500 Merida","J500","2025-11-24","2026-11-23","250","1","250","true"
"yannick-theodor-alexandrescou","Yannick Theodor Alexandrescou","FRA","Boys","3","https://www.itftennis.com/en/players/yannick-theodor-alexandrescou/800564683/fra/jt/s/itf-points-breakdown/","singles","J500 Fort Lauderdale","J500","2025-12-08","2026-12-07","250","1","250","true"
"yannick-theodor-alexandrescou","Yannick Theodor Alexandrescou","FRA","Boys","3","https://www.itftennis.com/en/players/yannick-theodor-alexandrescou/800564683/fra/jt/s/itf-points-breakdown/","singles","J300 Oberpullendorf (Europe Regional Championships)","J300","2025-09-15","2026-09-14","210","1","210","false"
"yannick-theodor-alexandrescou","Yannick Theodor Alexandrescou","FRA","Boys","3","https://www.itftennis.com/en/players/yannick-theodor-alexandrescou/800564683/fra/jt/s/itf-points-breakdown/","singles","The Junior Championships, Wimbledon","JGS","2025-07-05","2026-07-04","90","1","90","false"
"yannick-theodor-alexandrescou","Yannick Theodor Alexandrescou","FRA","Boys","3","https://www.itftennis.com/en/players/yannick-theodor-alexandrescou/800564683/fra/jt/s/itf-points-breakdown/","singles","Tennis Europe Summer Cups (B18)","GC","2025-08-04","2026-08-03","75","1","75","false"
"yannick-theodor-alexandrescou","Yannick Theodor Alexandrescou","FRA","Boys","3","https://www.itftennis.com/en/players/yannick-theodor-alexandrescou/800564683/fra/jt/s/itf-points-breakdown/","singles","J300 Traralgon","J300","2026-01-16","2027-01-15","60","1","60","false"
"yannick-theodor-alexandrescou","Yannick Theodor Alexandrescou","FRA","Boys","3","https://www.itftennis.com/en/players/yannick-theodor-alexandrescou/800564683/fra/jt/s/itf-points-breakdown/","singles","J500 Milan","J500","2025-05-19","2026-05-18","0","1","0","false"
"yannick-theodor-alexandrescou","Yannick Theodor Alexandrescou","FRA","Boys","3","https://www.itftennis.com/en/players/yannick-theodor-alexandrescou/800564683/fra/jt/s/itf-points-breakdown/","singles","J300 Roehampton","J300","2025-06-29","2026-06-28","0","1","0","false"
"yannick-theodor-alexandrescou","Yannick Theodor Alexandrescou","FRA","Boys","3","https://www.itftennis.com/en/players/yannick-theodor-alexandrescou/800564683/fra/jt/s/itf-points-breakdown/","singles","J300 Bradenton","J300","2025-12-01","2026-11-30","0","1","0","false"
"yannick-theodor-alexandrescou","Yannick Theodor Alexandrescou","FRA","Boys","3","https://www.itftennis.com/en/players/yannick-theodor-alexandrescou/800564683/fra/jt/s/itf-points-breakdown/","singles","US Open Junior Tennis Championships","JGS","2025-08-31","2026-08-30","0","1","0","false"
"yannick-theodor-alexandrescou","Yannick Theodor Alexandrescou","FRA","Boys","3","https://www.itftennis.com/en/players/yannick-theodor-alexandrescou/800564683/fra/jt/s/itf-points-breakdown/","singles","Australian Open Junior Championships","JGS","2026-01-24","2027-01-23","0","1","0","false"
"yannick-theodor-alexandrescou","Yannick Theodor Alexandrescou","FRA","Boys","3","https://www.itftennis.com/en/players/yannick-theodor-alexandrescou/800564683/fra/jt/s/itf-points-breakdown/","singles","J500 Merida","J500","2025-11-24","2026-11-23","375","1","375","true"
"yannick-theodor-alexandrescou","Yannick Theodor Alexandrescou","FRA","Boys","3","https://www.itftennis.com/en/players/yannick-theodor-alexandrescou/800564683/fra/jt/s/itf-points-breakdown/","singles","Roland Garros Junior Championships","JGS","2025-06-01","2026-05-31","225","1","225","true"
"yannick-theodor-alexandrescou","Yannick Theodor Alexandrescou","FRA","Boys","3","https://www.itftennis.com/en/players/yannick-theodor-alexandrescou/800564683/fra/jt/s/itf-points-breakdown/","singles","J300 College Park","J300","2025-08-18","2026-08-17","157","1","157","true"
"yannick-theodor-alexandrescou","Yannick Theodor Alexandrescou","FRA","Boys","3","https://www.itftennis.com/en/players/yannick-theodor-alexandrescou/800564683/fra/jt/s/itf-points-breakdown/","singles","Australian Open Junior Championships","JGS","2026-01-24","2027-01-23","135","1","135","true"
"yannick-theodor-alexandrescou","Yannick Theodor Alexandrescou","FRA","Boys","3","https://www.itftennis.com/en/players/yannick-theodor-alexandrescou/800564683/fra/jt/s/itf-points-breakdown/","singles","J500 Milan","J500","2025-05-19","2026-05-18","112","1","112","true"
"yannick-theodor-alexandrescou","Yannick Theodor Alexandrescou","FRA","Boys","3","https://www.itftennis.com/en/players/yannick-theodor-alexandrescou/800564683/fra/jt/s/itf-points-breakdown/","singles","J500 Fort Lauderdale","J500","2025-12-08","2026-12-07","112","1","112","true"
"yannick-theodor-alexandrescou","Yannick Theodor Alexandrescou","FRA","Boys","3","https://www.itftennis.com/en/players/yannick-theodor-alexandrescou/800564683/fra/jt/s/itf-points-breakdown/","singles","J300 Traralgon","J300","2026-01-16","2027-01-15","105","1","105","false"
"yannick-theodor-alexandrescou","Yannick Theodor Alexandrescou","FRA","Boys","3","https://www.itftennis.com/en/players/yannick-theodor-alexandrescou/800564683/fra/jt/s/itf-points-breakdown/","singles","J300 Bytom","J300","2025-07-22","2026-07-21","75","1","75","false"
"yannick-theodor-alexandrescou","Yannick Theodor Alexandrescou","FRA","Boys","3","https://www.itftennis.com/en/players/yannick-theodor-alexandrescou/800564683/fra/jt/s/itf-points-breakdown/","singles","J300 Oberpullendorf (Europe Regional Championships)","J300","2025-09-15","2026-09-14","75","1","75","false"
"yannick-theodor-alexandrescou","Yannick Theodor Alexandrescou","FRA","Boys","3","https://www.itftennis.com/en/players/yannick-theodor-alexandrescou/800564683/fra/jt/s/itf-points-breakdown/","singles","J300 Roehampton","J300","2025-06-29","2026-06-28","0","1","0","false"
"yannick-theodor-alexandrescou","Yannick Theodor Alexandrescou","FRA","Boys","3","https://www.itftennis.com/en/players/yannick-theodor-alexandrescou/800564683/fra/jt/s/itf-points-breakdown/","singles","J300 Bradenton","J300","2025-12-01","2026-11-30","0","1","0","false"
"yannick-theodor-alexandrescou","Yannick Theodor Alexandrescou","FRA","Boys","3","https://www.itftennis.com/en/players/yannick-theodor-alexandrescou/800564683/fra/jt/s/itf-points-breakdown/","singles","Tennis Europe Summer Cups (B18)","GC","2025-08-04","2026-08-03","0","1","0","false"
"yannick-theodor-alexandrescou","Yannick Theodor Alexandrescou","FRA","Boys","3","https://www.itftennis.com/en/players/yannick-theodor-alexandrescou/800564683/fra/jt/s/itf-points-breakdown/","singles","The Junior Championships, Wimbledon","JGS","2025-07-05","2026-07-04","0","1","0","false"
"yannick-theodor-alexandrescou","Yannick Theodor Alexandrescou","FRA","Boys","3","https://www.itftennis.com/en/players/yannick-theodor-alexandrescou/800564683/fra/jt/s/itf-points-breakdown/","singles","US Open Junior Tennis Championships","JGS","2025-08-31","2026-08-30","0","1","0","false"
"yannick-theodor-alexandrescou","Yannick Theodor Alexandrescou","FRA","Boys","3","https://www.itftennis.com/en/players/yannick-theodor-alexandrescou/800564683/fra/jt/s/itf-points-breakdown/","doubles","2025 ITF World Tennis Tour Junior Finals","JM","2025-10-22","2026-10-21","700","0.25","175","true"
"yannick-theodor-alexandrescou","Yannick Theodor Alexandrescou","FRA","Boys","3","https://www.itftennis.com/en/players/yannick-theodor-alexandrescou/800564683/fra/jt/s/itf-points-breakdown/","doubles","J300 Bytom","J300","2025-07-22","2026-07-21","300","0.25","75","true"
"yannick-theodor-alexandrescou","Yannick Theodor Alexandrescou","FRA","Boys","3","https://www.itftennis.com/en/players/yannick-theodor-alexandrescou/800564683/fra/jt/s/itf-points-breakdown/","doubles","J300 College Park","J300","2025-08-18","2026-08-17","300","0.25","75","true"
"yannick-theodor-alexandrescou","Yannick Theodor Alexandrescou","FRA","Boys","3","https://www.itftennis.com/en/players/yannick-theodor-alexandrescou/800564683/fra/jt/s/itf-points-breakdown/","doubles","Roland Garros Junior Championships","JGS","2025-06-01","2026-05-31","300","0.25","75","true"
"yannick-theodor-alexandrescou","Yannick Theodor Alexandrescou","FRA","Boys","3","https://www.itftennis.com/en/players/yannick-theodor-alexandrescou/800564683/fra/jt/s/itf-points-breakdown/","doubles","J500 Merida","J500","2025-11-24","2026-11-23","250","0.25","62.5","true"
"yannick-theodor-alexandrescou","Yannick Theodor Alexandrescou","FRA","Boys","3","https://www.itftennis.com/en/players/yannick-theodor-alexandrescou/800564683/fra/jt/s/itf-points-breakdown/","doubles","J500 Fort Lauderdale","J500","2025-12-08","2026-12-07","250","0.25","62.5","true"
"yannick-theodor-alexandrescou","Yannick Theodor Alexandrescou","FRA","Boys","3","https://www.itftennis.com/en/players/yannick-theodor-alexandrescou/800564683/fra/jt/s/itf-points-breakdown/","doubles","J300 Oberpullendorf (Europe Regional Championships)","J300","2025-09-15","2026-09-14","210","0.25","52.5","false"
"yannick-theodor-alexandrescou","Yannick Theodor Alexandrescou","FRA","Boys","3","https://www.itftennis.com/en/players/yannick-theodor-alexandrescou/800564683/fra/jt/s/itf-points-breakdown/","doubles","The Junior Championships, Wimbledon","JGS","2025-07-05","2026-07-04","90","0.25","22.5","false"
"yannick-theodor-alexandrescou","Yannick Theodor Alexandrescou","FRA","Boys","3","https://www.itftennis.com/en/players/yannick-theodor-alexandrescou/800564683/fra/jt/s/itf-points-breakdown/","doubles","Tennis Europe Summer Cups (B18)","GC","2025-08-04","2026-08-03","75","0.25","18.75","false"
"yannick-theodor-alexandrescou","Yannick Theodor Alexandrescou","FRA","Boys","3","https://www.itftennis.com/en/players/yannick-theodor-alexandrescou/800564683/fra/jt/s/itf-points-breakdown/","doubles","J300 Traralgon","J300","2026-01-16","2027-01-15","60","0.25","15","false"
"yannick-theodor-alexandrescou","Yannick Theodor Alexandrescou","FRA","Boys","3","https://www.itftennis.com/en/players/yannick-theodor-alexandrescou/800564683/fra/jt/s/itf-points-breakdown/","doubles","J500 Milan","J500","2025-05-19","2026-05-18","0","0.25","0","false"
"yannick-theodor-alexandrescou","Yannick Theodor Alexandrescou","FRA","Boys","3","https://www.itftennis.com/en/players/yannick-theodor-alexandrescou/800564683/fra/jt/s/itf-points-breakdown/","doubles","J300 Roehampton","J300","2025-06-29","2026-06-28","0","0.25","0","false"
"yannick-theodor-alexandrescou","Yannick Theodor Alexandrescou","FRA","Boys","3","https://www.itftennis.com/en/players/yannick-theodor-alexandrescou/800564683/fra/jt/s/itf-points-breakdown/","doubles","J300 Bradenton","J300","2025-12-01","2026-11-30","0","0.25","0","false"
"yannick-theodor-alexandrescou","Yannick Theodor Alexandrescou","FRA","Boys","3","https://www.itftennis.com/en/players/yannick-theodor-alexandrescou/800564683/fra/jt/s/itf-points-breakdown/","doubles","US Open Junior Tennis Championships","JGS","2025-08-31","2026-08-30","0","0.25","0","false"
"yannick-theodor-alexandrescou","Yannick Theodor Alexandrescou","FRA","Boys","3","https://www.itftennis.com/en/players/yannick-theodor-alexandrescou/800564683/fra/jt/s/itf-points-breakdown/","doubles","Australian Open Junior Championships","JGS","2026-01-24","2027-01-23","0","0.25","0","false"
"yannick-theodor-alexandrescou","Yannick Theodor Alexandrescou","FRA","Boys","3","https://www.itftennis.com/en/players/yannick-theodor-alexandrescou/800564683/fra/jt/s/itf-points-breakdown/","doubles","J500 Merida","J500","2025-11-24","2026-11-23","375","0.25","93.75","true"
"yannick-theodor-alexandrescou","Yannick Theodor Alexandrescou","FRA","Boys","3","https://www.itftennis.com/en/players/yannick-theodor-alexandrescou/800564683/fra/jt/s/itf-points-breakdown/","doubles","Roland Garros Junior Championships","JGS","2025-06-01","2026-05-31","225","0.25","56.25","true"
"yannick-theodor-alexandrescou","Yannick Theodor Alexandrescou","FRA","Boys","3","https://www.itftennis.com/en/players/yannick-theodor-alexandrescou/800564683/fra/jt/s/itf-points-breakdown/","doubles","J300 College Park","J300","2025-08-18","2026-08-17","157","0.25","39.25","true"
"yannick-theodor-alexandrescou","Yannick Theodor Alexandrescou","FRA","Boys","3","https://www.itftennis.com/en/players/yannick-theodor-alexandrescou/800564683/fra/jt/s/itf-points-breakdown/","doubles","Australian Open Junior Championships","JGS","2026-01-24","2027-01-23","135","0.25","33.75","true"
"yannick-theodor-alexandrescou","Yannick Theodor Alexandrescou","FRA","Boys","3","https://www.itftennis.com/en/players/yannick-theodor-alexandrescou/800564683/fra/jt/s/itf-points-breakdown/","doubles","J500 Milan","J500","2025-05-19","2026-05-18","112","0.25","28","true"
"yannick-theodor-alexandrescou","Yannick Theodor Alexandrescou","FRA","Boys","3","https://www.itftennis.com/en/players/yannick-theodor-alexandrescou/800564683/fra/jt/s/itf-points-breakdown/","doubles","J500 Fort Lauderdale","J500","2025-12-08","2026-12-07","112","0.25","28","true"
"yannick-theodor-alexandrescou","Yannick Theodor Alexandrescou","FRA","Boys","3","https://www.itftennis.com/en/players/yannick-theodor-alexandrescou/800564683/fra/jt/s/itf-points-breakdown/","doubles","J300 Traralgon","J300","2026-01-16","2027-01-15","105","0.25","26.25","false"
"yannick-theodor-alexandrescou","Yannick Theodor Alexandrescou","FRA","Boys","3","https://www.itftennis.com/en/players/yannick-theodor-alexandrescou/800564683/fra/jt/s/itf-points-breakdown/","doubles","J300 Bytom","J300","2025-07-22","2026-07-21","75","0.25","18.75","false"
"yannick-theodor-alexandrescou","Yannick Theodor Alexandrescou","FRA","Boys","3","https://www.itftennis.com/en/players/yannick-theodor-alexandrescou/800564683/fra/jt/s/itf-points-breakdown/","doubles","J300 Oberpullendorf (Europe Regional Championships)","J300","2025-09-15","2026-09-14","75","0.25","18.75","false"
"yannick-theodor-alexandrescou","Yannick Theodor Alexandrescou","FRA","Boys","3","https://www.itftennis.com/en/players/yannick-theodor-alexandrescou/800564683/fra/jt/s/itf-points-breakdown/","doubles","J300 Roehampton","J300","2025-06-29","2026-06-28","0","0.25","0","false"
"yannick-theodor-alexandrescou","Yannick Theodor Alexandrescou","FRA","Boys","3","https://www.itftennis.com/en/players/yannick-theodor-alexandrescou/800564683/fra/jt/s/itf-points-breakdown/","doubles","J300 Bradenton","J300","2025-12-01","2026-11-30","0","0.25","0","false"
"yannick-theodor-alexandrescou","Yannick Theodor Alexandrescou","FRA","Boys","3","https://www.itftennis.com/en/players/yannick-theodor-alexandrescou/800564683/fra/jt/s/itf-points-breakdown/","doubles","Tennis Europe Summer Cups (B18)","GC","2025-08-04","2026-08-03","0","0.25","0","false"
"yannick-theodor-alexandrescou","Yannick Theodor Alexandrescou","FRA","Boys","3","https://www.itftennis.com/en/players/yannick-theodor-alexandrescou/800564683/fra/jt/s/itf-points-breakdown/","doubles","The Junior Championships, Wimbledon","JGS","2025-07-05","2026-07-04","0","0.25","0","false"
"yannick-theodor-alexandrescou","Yannick Theodor Alexandrescou","FRA","Boys","3","https://www.itftennis.com/en/players/yannick-theodor-alexandrescou/800564683/fra/jt/s/itf-points-breakdown/","doubles","US Open Junior Tennis Championships","JGS","2025-08-31","2026-08-30","0","0.25","0","false"
"ziga-sesko","Ziga Sesko","SLO","Boys","4","https://www.itftennis.com/en/players/ziga-sesko/800579895/slo/jt/s/itf-points-breakdown/","singles","Australian Open Junior Championships","JGS","2026-01-24","2027-01-23","1000","1","1000","true"
"ziga-sesko","Ziga Sesko","SLO","Boys","4","https://www.itftennis.com/en/players/ziga-sesko/800579895/slo/jt/s/itf-points-breakdown/","singles","The Junior Championships, Wimbledon","JGS","2025-07-05","2026-07-04","300","1","300","true"
"ziga-sesko","Ziga Sesko","SLO","Boys","4","https://www.itftennis.com/en/players/ziga-sesko/800579895/slo/jt/s/itf-points-breakdown/","singles","J300 Bamberg","J300","2025-06-10","2026-06-09","140","1","140","true"
"ziga-sesko","Ziga Sesko","SLO","Boys","4","https://www.itftennis.com/en/players/ziga-sesko/800579895/slo/jt/s/itf-points-breakdown/","singles","J300 Repentigny","J300","2025-08-24","2026-08-23","140","1","140","true"
"ziga-sesko","Ziga Sesko","SLO","Boys","4","https://www.itftennis.com/en/players/ziga-sesko/800579895/slo/jt/s/itf-points-breakdown/","singles","J300 Oberpullendorf (Europe Regional Championships)","J300","2025-09-15","2026-09-14","140","1","140","true"
"ziga-sesko","Ziga Sesko","SLO","Boys","4","https://www.itftennis.com/en/players/ziga-sesko/800579895/slo/jt/s/itf-points-breakdown/","singles","J300 Charleroi-Marcinelle","J300","2025-05-26","2026-05-25","100","1","100","true"
"ziga-sesko","Ziga Sesko","SLO","Boys","4","https://www.itftennis.com/en/players/ziga-sesko/800579895/slo/jt/s/itf-points-breakdown/","singles","J300 Traralgon","J300","2026-01-16","2027-01-15","60","1","60","false"
"ziga-sesko","Ziga Sesko","SLO","Boys","4","https://www.itftennis.com/en/players/ziga-sesko/800579895/slo/jt/s/itf-points-breakdown/","singles","Tennis Europe Summer Cups (B18)","GC","2025-08-04","2026-08-03","50","1","50","false"
"ziga-sesko","Ziga Sesko","SLO","Boys","4","https://www.itftennis.com/en/players/ziga-sesko/800579895/slo/jt/s/itf-points-breakdown/","singles","J500 Merida","J500","2025-11-24","2026-11-23","45","1","45","false"
"ziga-sesko","Ziga Sesko","SLO","Boys","4","https://www.itftennis.com/en/players/ziga-sesko/800579895/slo/jt/s/itf-points-breakdown/","singles","J500 Fort Lauderdale","J500","2025-12-08","2026-12-07","45","1","45","false"
"ziga-sesko","Ziga Sesko","SLO","Boys","4","https://www.itftennis.com/en/players/ziga-sesko/800579895/slo/jt/s/itf-points-breakdown/","singles","J300 Bradenton","J300","2025-12-01","2026-11-30","30","1","30","false"
"ziga-sesko","Ziga Sesko","SLO","Boys","4","https://www.itftennis.com/en/players/ziga-sesko/800579895/slo/jt/s/itf-points-breakdown/","singles","J300 Roehampton","J300","2025-06-29","2026-06-28","0","1","0","false"
"ziga-sesko","Ziga Sesko","SLO","Boys","4","https://www.itftennis.com/en/players/ziga-sesko/800579895/slo/jt/s/itf-points-breakdown/","singles","US Open Junior Tennis Championships","JGS","2025-08-31","2026-08-30","0","1","0","false"
"ziga-sesko","Ziga Sesko","SLO","Boys","4","https://www.itftennis.com/en/players/ziga-sesko/800579895/slo/jt/s/itf-points-breakdown/","singles","J500 Fort Lauderdale","J500","2025-12-08","2026-12-07","375","1","375","true"
"ziga-sesko","Ziga Sesko","SLO","Boys","4","https://www.itftennis.com/en/players/ziga-sesko/800579895/slo/jt/s/itf-points-breakdown/","singles","J300 Repentigny","J300","2025-08-24","2026-08-23","225","1","225","true"
"ziga-sesko","Ziga Sesko","SLO","Boys","4","https://www.itftennis.com/en/players/ziga-sesko/800579895/slo/jt/s/itf-points-breakdown/","singles","J300 Traralgon","J300","2026-01-16","2027-01-15","225","1","225","true"
"ziga-sesko","Ziga Sesko","SLO","Boys","4","https://www.itftennis.com/en/players/ziga-sesko/800579895/slo/jt/s/itf-points-breakdown/","singles","Australian Open Junior Championships","JGS","2026-01-24","2027-01-23","225","1","225","true"
"ziga-sesko","Ziga Sesko","SLO","Boys","4","https://www.itftennis.com/en/players/ziga-sesko/800579895/slo/jt/s/itf-points-breakdown/","singles","J300 Bradenton","J300","2025-12-01","2026-11-30","157","1","157","true"
"ziga-sesko","Ziga Sesko","SLO","Boys","4","https://www.itftennis.com/en/players/ziga-sesko/800579895/slo/jt/s/itf-points-breakdown/","singles","J500 Merida","J500","2025-11-24","2026-11-23","112","1","112","true"
"ziga-sesko","Ziga Sesko","SLO","Boys","4","https://www.itftennis.com/en/players/ziga-sesko/800579895/slo/jt/s/itf-points-breakdown/","singles","J300 Charleroi-Marcinelle","J300","2025-05-26","2026-05-25","105","1","105","false"
"ziga-sesko","Ziga Sesko","SLO","Boys","4","https://www.itftennis.com/en/players/ziga-sesko/800579895/slo/jt/s/itf-points-breakdown/","singles","J300 Bamberg","J300","2025-06-10","2026-06-09","105","1","105","false"
"ziga-sesko","Ziga Sesko","SLO","Boys","4","https://www.itftennis.com/en/players/ziga-sesko/800579895/slo/jt/s/itf-points-breakdown/","singles","J300 Oberpullendorf (Europe Regional Championships)","J300","2025-09-15","2026-09-14","75","1","75","false"
"ziga-sesko","Ziga Sesko","SLO","Boys","4","https://www.itftennis.com/en/players/ziga-sesko/800579895/slo/jt/s/itf-points-breakdown/","singles","J300 Roehampton","J300","2025-06-29","2026-06-28","0","1","0","false"
"ziga-sesko","Ziga Sesko","SLO","Boys","4","https://www.itftennis.com/en/players/ziga-sesko/800579895/slo/jt/s/itf-points-breakdown/","singles","Tennis Europe Summer Cups (B18)","GC","2025-08-04","2026-08-03","0","1","0","false"
"ziga-sesko","Ziga Sesko","SLO","Boys","4","https://www.itftennis.com/en/players/ziga-sesko/800579895/slo/jt/s/itf-points-breakdown/","singles","The Junior Championships, Wimbledon","JGS","2025-07-05","2026-07-04","0","1","0","false"
"ziga-sesko","Ziga Sesko","SLO","Boys","4","https://www.itftennis.com/en/players/ziga-sesko/800579895/slo/jt/s/itf-points-breakdown/","singles","US Open Junior Tennis Championships","JGS","2025-08-31","2026-08-30","0","1","0","false"
"ziga-sesko","Ziga Sesko","SLO","Boys","4","https://www.itftennis.com/en/players/ziga-sesko/800579895/slo/jt/s/itf-points-breakdown/","doubles","Australian Open Junior Championships","JGS","2026-01-24","2027-01-23","1000","0.25","250","true"
"ziga-sesko","Ziga Sesko","SLO","Boys","4","https://www.itftennis.com/en/players/ziga-sesko/800579895/slo/jt/s/itf-points-breakdown/","doubles","The Junior Championships, Wimbledon","JGS","2025-07-05","2026-07-04","300","0.25","75","true"
"ziga-sesko","Ziga Sesko","SLO","Boys","4","https://www.itftennis.com/en/players/ziga-sesko/800579895/slo/jt/s/itf-points-breakdown/","doubles","J300 Bamberg","J300","2025-06-10","2026-06-09","140","0.25","35","true"
"ziga-sesko","Ziga Sesko","SLO","Boys","4","https://www.itftennis.com/en/players/ziga-sesko/800579895/slo/jt/s/itf-points-breakdown/","doubles","J300 Repentigny","J300","2025-08-24","2026-08-23","140","0.25","35","true"
"ziga-sesko","Ziga Sesko","SLO","Boys","4","https://www.itftennis.com/en/players/ziga-sesko/800579895/slo/jt/s/itf-points-breakdown/","doubles","J300 Oberpullendorf (Europe Regional Championships)","J300","2025-09-15","2026-09-14","140","0.25","35","true"
"ziga-sesko","Ziga Sesko","SLO","Boys","4","https://www.itftennis.com/en/players/ziga-sesko/800579895/slo/jt/s/itf-points-breakdown/","doubles","J300 Charleroi-Marcinelle","J300","2025-05-26","2026-05-25","100","0.25","25","true"
"ziga-sesko","Ziga Sesko","SLO","Boys","4","https://www.itftennis.com/en/players/ziga-sesko/800579895/slo/jt/s/itf-points-breakdown/","doubles","J300 Traralgon","J300","2026-01-16","2027-01-15","60","0.25","15","false"
"ziga-sesko","Ziga Sesko","SLO","Boys","4","https://www.itftennis.com/en/players/ziga-sesko/800579895/slo/jt/s/itf-points-breakdown/","doubles","Tennis Europe Summer Cups (B18)","GC","2025-08-04","2026-08-03","50","0.25","12.5","false"
"ziga-sesko","Ziga Sesko","SLO","Boys","4","https://www.itftennis.com/en/players/ziga-sesko/800579895/slo/jt/s/itf-points-breakdown/","doubles","J500 Merida","J500","2025-11-24","2026-11-23","45","0.25","11.25","false"
"ziga-sesko","Ziga Sesko","SLO","Boys","4","https://www.itftennis.com/en/players/ziga-sesko/800579895/slo/jt/s/itf-points-breakdown/","doubles","J500 Fort Lauderdale","J500","2025-12-08","2026-12-07","45","0.25","11.25","false"
"ziga-sesko","Ziga Sesko","SLO","Boys","4","https://www.itftennis.com/en/players/ziga-sesko/800579895/slo/jt/s/itf-points-breakdown/","doubles","J300 Bradenton","J300","2025-12-01","2026-11-30","30","0.25","7.5","false"
"ziga-sesko","Ziga Sesko","SLO","Boys","4","https://www.itftennis.com/en/players/ziga-sesko/800579895/slo/jt/s/itf-points-breakdown/","doubles","J300 Roehampton","J300","2025-06-29","2026-06-28","0","0.25","0","false"
"ziga-sesko","Ziga Sesko","SLO","Boys","4","https://www.itftennis.com/en/players/ziga-sesko/800579895/slo/jt/s/itf-points-breakdown/","doubles","US Open Junior Tennis Championships","JGS","2025-08-31","2026-08-30","0","0.25","0","false"
"ziga-sesko","Ziga Sesko","SLO","Boys","4","https://www.itftennis.com/en/players/ziga-sesko/800579895/slo/jt/s/itf-points-breakdown/","doubles","J500 Fort Lauderdale","J500","2025-12-08","2026-12-07","375","0.25","93.75","true"
"ziga-sesko","Ziga Sesko","SLO","Boys","4","https://www.itftennis.com/en/players/ziga-sesko/800579895/slo/jt/s/itf-points-breakdown/","doubles","J300 Repentigny","J300","2025-08-24","2026-08-23","225","0.25","56.25","true"
"ziga-sesko","Ziga Sesko","SLO","Boys","4","https://www.itftennis.com/en/players/ziga-sesko/800579895/slo/jt/s/itf-points-breakdown/","doubles","J300 Traralgon","J300","2026-01-16","2027-01-15","225","0.25","56.25","true"
"ziga-sesko","Ziga Sesko","SLO","Boys","4","https://www.itftennis.com/en/players/ziga-sesko/800579895/slo/jt/s/itf-points-breakdown/","doubles","Australian Open Junior Championships","JGS","2026-01-24","2027-01-23","225","0.25","56.25","true"
"ziga-sesko","Ziga Sesko","SLO","Boys","4","https://www.itftennis.com/en/players/ziga-sesko/800579895/slo/jt/s/itf-points-breakdown/","doubles","J300 Bradenton","J300","2025-12-01","2026-11-30","157","0.25","39.25","true"
"ziga-sesko","Ziga Sesko","SLO","Boys","4","https://www.itftennis.com/en/players/ziga-sesko/800579895/slo/jt/s/itf-points-breakdown/","doubles","J500 Merida","J500","2025-11-24","2026-11-23","112","0.25","28","true"
"ziga-sesko","Ziga Sesko","SLO","Boys","4","https://www.itftennis.com/en/players/ziga-sesko/800579895/slo/jt/s/itf-points-breakdown/","doubles","J300 Charleroi-Marcinelle","J300","2025-05-26","2026-05-25","105","0.25","26.25","false"
"ziga-sesko","Ziga Sesko","SLO","Boys","4","https://www.itftennis.com/en/players/ziga-sesko/800579895/slo/jt/s/itf-points-breakdown/","doubles","J300 Bamberg","J300","2025-06-10","2026-06-09","105","0.25","26.25","false"
"ziga-sesko","Ziga Sesko","SLO","Boys","4","https://www.itftennis.com/en/players/ziga-sesko/800579895/slo/jt/s/itf-points-breakdown/","doubles","J300 Oberpullendorf (Europe Regional Championships)","J300","2025-09-15","2026-09-14","75","0.25","18.75","false"
"ziga-sesko","Ziga Sesko","SLO","Boys","4","https://www.itftennis.com/en/players/ziga-sesko/800579895/slo/jt/s/itf-points-breakdown/","doubles","J300 Roehampton","J300","2025-06-29","2026-06-28","0","0.25","0","false"
"ziga-sesko","Ziga Sesko","SLO","Boys","4","https://www.itftennis.com/en/players/ziga-sesko/800579895/slo/jt/s/itf-points-breakdown/","doubles","Tennis Europe Summer Cups (B18)","GC","2025-08-04","2026-08-03","0","0.25","0","false"
"ziga-sesko","Ziga Sesko","SLO","Boys","4","https://www.itftennis.com/en/players/ziga-sesko/800579895/slo/jt/s/itf-points-breakdown/","doubles","The Junior Championships, Wimbledon","JGS","2025-07-05","2026-07-04","0","0.25","0","false"
"ziga-sesko","Ziga Sesko","SLO","Boys","4","https://www.itftennis.com/en/players/ziga-sesko/800579895/slo/jt/s/itf-points-breakdown/","doubles","US Open Junior Tennis Championships","JGS","2025-08-31","2026-08-30","0","0.25","0","false"
"jamie-mackenzie","Jamie Mackenzie","GER","Boys","5","https://www.itftennis.com/en/players/jamie-mackenzie/800570117/ger/jt/s/itf-points-breakdown/","singles","J500 Offenbach","J500","2026-05-04","2027-05-03","500","1","500","true"
"jamie-mackenzie","Jamie Mackenzie","GER","Boys","5","https://www.itftennis.com/en/players/jamie-mackenzie/800570117/ger/jt/s/itf-points-breakdown/","singles","J300 Bamberg","J300","2025-06-10","2026-06-09","300","1","300","true"
"jamie-mackenzie","Jamie Mackenzie","GER","Boys","5","https://www.itftennis.com/en/players/jamie-mackenzie/800570117/ger/jt/s/itf-points-breakdown/","singles","J300 Beijing","J300","2025-09-16","2026-09-15","300","1","300","true"
"jamie-mackenzie","Jamie Mackenzie","GER","Boys","5","https://www.itftennis.com/en/players/jamie-mackenzie/800570117/ger/jt/s/itf-points-breakdown/","singles","Australian Open Junior Championships","JGS","2026-01-24","2027-01-23","300","1","300","true"
"jamie-mackenzie","Jamie Mackenzie","GER","Boys","5","https://www.itftennis.com/en/players/jamie-mackenzie/800570117/ger/jt/s/itf-points-breakdown/","singles","J500 Milan","J500","2025-05-19","2026-05-18","150","1","150","true"
"jamie-mackenzie","Jamie Mackenzie","GER","Boys","5","https://www.itftennis.com/en/players/jamie-mackenzie/800570117/ger/jt/s/itf-points-breakdown/","singles","J500 Merida","J500","2025-11-24","2026-11-23","150","1","150","true"
"jamie-mackenzie","Jamie Mackenzie","GER","Boys","5","https://www.itftennis.com/en/players/jamie-mackenzie/800570117/ger/jt/s/itf-points-breakdown/","singles","J500 Fort Lauderdale","J500","2025-12-08","2026-12-07","150","1","150","false"
"jamie-mackenzie","Jamie Mackenzie","GER","Boys","5","https://www.itftennis.com/en/players/jamie-mackenzie/800570117/ger/jt/s/itf-points-breakdown/","singles","J300 Traralgon","J300","2026-01-16","2027-01-15","100","1","100","false"
"jamie-mackenzie","Jamie Mackenzie","GER","Boys","5","https://www.itftennis.com/en/players/jamie-mackenzie/800570117/ger/jt/s/itf-points-breakdown/","singles","J500 Osaka","J500","2025-09-22","2026-09-21","90","1","90","false"
"jamie-mackenzie","Jamie Mackenzie","GER","Boys","5","https://www.itftennis.com/en/players/jamie-mackenzie/800570117/ger/jt/s/itf-points-breakdown/","singles","Roland Garros Junior Championships","JGS","2025-06-01","2026-05-31","90","1","90","false"
"jamie-mackenzie","Jamie Mackenzie","GER","Boys","5","https://www.itftennis.com/en/players/jamie-mackenzie/800570117/ger/jt/s/itf-points-breakdown/","singles","US Open Junior Tennis Championships","JGS","2025-08-31","2026-08-30","90","1","90","false"
"jamie-mackenzie","Jamie Mackenzie","GER","Boys","5","https://www.itftennis.com/en/players/jamie-mackenzie/800570117/ger/jt/s/itf-points-breakdown/","singles","J300 Bradenton","J300","2025-12-01","2026-11-30","60","1","60","false"
"jamie-mackenzie","Jamie Mackenzie","GER","Boys","5","https://www.itftennis.com/en/players/jamie-mackenzie/800570117/ger/jt/s/itf-points-breakdown/","singles","J300 Roehampton","J300","2025-06-29","2026-06-28","30","1","30","false"
"jamie-mackenzie","Jamie Mackenzie","GER","Boys","5","https://www.itftennis.com/en/players/jamie-mackenzie/800570117/ger/jt/s/itf-points-breakdown/","singles","J300 College Park","J300","2025-08-18","2026-08-17","0","1","0","false"
"jamie-mackenzie","Jamie Mackenzie","GER","Boys","5","https://www.itftennis.com/en/players/jamie-mackenzie/800570117/ger/jt/s/itf-points-breakdown/","singles","The Junior Championships, Wimbledon","JGS","2025-07-05","2026-07-04","0","1","0","false"
"jamie-mackenzie","Jamie Mackenzie","GER","Boys","5","https://www.itftennis.com/en/players/jamie-mackenzie/800570117/ger/jt/s/itf-points-breakdown/","singles","J500 Milan","J500","2025-05-19","2026-05-18","375","1","375","true"
"jamie-mackenzie","Jamie Mackenzie","GER","Boys","5","https://www.itftennis.com/en/players/jamie-mackenzie/800570117/ger/jt/s/itf-points-breakdown/","singles","US Open Junior Tennis Championships","JGS","2025-08-31","2026-08-30","367","1","367","true"
"jamie-mackenzie","Jamie Mackenzie","GER","Boys","5","https://www.itftennis.com/en/players/jamie-mackenzie/800570117/ger/jt/s/itf-points-breakdown/","singles","J500 Osaka","J500","2025-09-22","2026-09-21","262","1","262","true"
"jamie-mackenzie","Jamie Mackenzie","GER","Boys","5","https://www.itftennis.com/en/players/jamie-mackenzie/800570117/ger/jt/s/itf-points-breakdown/","singles","J300 Beijing","J300","2025-09-16","2026-09-15","225","1","225","true"
"jamie-mackenzie","Jamie Mackenzie","GER","Boys","5","https://www.itftennis.com/en/players/jamie-mackenzie/800570117/ger/jt/s/itf-points-breakdown/","singles","J500 Merida","J500","2025-11-24","2026-11-23","187","1","187","true"
"jamie-mackenzie","Jamie Mackenzie","GER","Boys","5","https://www.itftennis.com/en/players/jamie-mackenzie/800570117/ger/jt/s/itf-points-breakdown/","singles","J500 Offenbach","J500","2026-05-04","2027-05-03","112","1","112","true"
"jamie-mackenzie","Jamie Mackenzie","GER","Boys","5","https://www.itftennis.com/en/players/jamie-mackenzie/800570117/ger/jt/s/itf-points-breakdown/","singles","J300 Bamberg","J300","2025-06-10","2026-06-09","75","1","75","false"
"jamie-mackenzie","Jamie Mackenzie","GER","Boys","5","https://www.itftennis.com/en/players/jamie-mackenzie/800570117/ger/jt/s/itf-points-breakdown/","singles","J300 Bradenton","J300","2025-12-01","2026-11-30","75","1","75","false"
"jamie-mackenzie","Jamie Mackenzie","GER","Boys","5","https://www.itftennis.com/en/players/jamie-mackenzie/800570117/ger/jt/s/itf-points-breakdown/","singles","J300 Roehampton","J300","2025-06-29","2026-06-28","45","1","45","false"
"jamie-mackenzie","Jamie Mackenzie","GER","Boys","5","https://www.itftennis.com/en/players/jamie-mackenzie/800570117/ger/jt/s/itf-points-breakdown/","singles","J500 Fort Lauderdale","J500","2025-12-08","2026-12-07","0","1","0","false"
"jamie-mackenzie","Jamie Mackenzie","GER","Boys","5","https://www.itftennis.com/en/players/jamie-mackenzie/800570117/ger/jt/s/itf-points-breakdown/","singles","J300 College Park","J300","2025-08-18","2026-08-17","0","1","0","false"
"jamie-mackenzie","Jamie Mackenzie","GER","Boys","5","https://www.itftennis.com/en/players/jamie-mackenzie/800570117/ger/jt/s/itf-points-breakdown/","singles","Roland Garros Junior Championships","JGS","2025-06-01","2026-05-31","0","1","0","false"
"jamie-mackenzie","Jamie Mackenzie","GER","Boys","5","https://www.itftennis.com/en/players/jamie-mackenzie/800570117/ger/jt/s/itf-points-breakdown/","singles","The Junior Championships, Wimbledon","JGS","2025-07-05","2026-07-04","0","1","0","false"
"jamie-mackenzie","Jamie Mackenzie","GER","Boys","5","https://www.itftennis.com/en/players/jamie-mackenzie/800570117/ger/jt/s/itf-points-breakdown/","singles","Australian Open Junior Championships","JGS","2026-01-24","2027-01-23","0","1","0","false"
"jamie-mackenzie","Jamie Mackenzie","GER","Boys","5","https://www.itftennis.com/en/players/jamie-mackenzie/800570117/ger/jt/s/itf-points-breakdown/","doubles","J500 Offenbach","J500","2026-05-04","2027-05-03","500","0.25","125","true"
"jamie-mackenzie","Jamie Mackenzie","GER","Boys","5","https://www.itftennis.com/en/players/jamie-mackenzie/800570117/ger/jt/s/itf-points-breakdown/","doubles","J300 Bamberg","J300","2025-06-10","2026-06-09","300","0.25","75","true"
"jamie-mackenzie","Jamie Mackenzie","GER","Boys","5","https://www.itftennis.com/en/players/jamie-mackenzie/800570117/ger/jt/s/itf-points-breakdown/","doubles","J300 Beijing","J300","2025-09-16","2026-09-15","300","0.25","75","true"
"jamie-mackenzie","Jamie Mackenzie","GER","Boys","5","https://www.itftennis.com/en/players/jamie-mackenzie/800570117/ger/jt/s/itf-points-breakdown/","doubles","Australian Open Junior Championships","JGS","2026-01-24","2027-01-23","300","0.25","75","true"
"jamie-mackenzie","Jamie Mackenzie","GER","Boys","5","https://www.itftennis.com/en/players/jamie-mackenzie/800570117/ger/jt/s/itf-points-breakdown/","doubles","J500 Milan","J500","2025-05-19","2026-05-18","150","0.25","37.5","true"
"jamie-mackenzie","Jamie Mackenzie","GER","Boys","5","https://www.itftennis.com/en/players/jamie-mackenzie/800570117/ger/jt/s/itf-points-breakdown/","doubles","J500 Merida","J500","2025-11-24","2026-11-23","150","0.25","37.5","true"
"jamie-mackenzie","Jamie Mackenzie","GER","Boys","5","https://www.itftennis.com/en/players/jamie-mackenzie/800570117/ger/jt/s/itf-points-breakdown/","doubles","J500 Fort Lauderdale","J500","2025-12-08","2026-12-07","150","0.25","37.5","false"
"jamie-mackenzie","Jamie Mackenzie","GER","Boys","5","https://www.itftennis.com/en/players/jamie-mackenzie/800570117/ger/jt/s/itf-points-breakdown/","doubles","J300 Traralgon","J300","2026-01-16","2027-01-15","100","0.25","25","false"
"jamie-mackenzie","Jamie Mackenzie","GER","Boys","5","https://www.itftennis.com/en/players/jamie-mackenzie/800570117/ger/jt/s/itf-points-breakdown/","doubles","J500 Osaka","J500","2025-09-22","2026-09-21","90","0.25","22.5","false"
"jamie-mackenzie","Jamie Mackenzie","GER","Boys","5","https://www.itftennis.com/en/players/jamie-mackenzie/800570117/ger/jt/s/itf-points-breakdown/","doubles","Roland Garros Junior Championships","JGS","2025-06-01","2026-05-31","90","0.25","22.5","false"
"jamie-mackenzie","Jamie Mackenzie","GER","Boys","5","https://www.itftennis.com/en/players/jamie-mackenzie/800570117/ger/jt/s/itf-points-breakdown/","doubles","US Open Junior Tennis Championships","JGS","2025-08-31","2026-08-30","90","0.25","22.5","false"
"jamie-mackenzie","Jamie Mackenzie","GER","Boys","5","https://www.itftennis.com/en/players/jamie-mackenzie/800570117/ger/jt/s/itf-points-breakdown/","doubles","J300 Bradenton","J300","2025-12-01","2026-11-30","60","0.25","15","false"
"jamie-mackenzie","Jamie Mackenzie","GER","Boys","5","https://www.itftennis.com/en/players/jamie-mackenzie/800570117/ger/jt/s/itf-points-breakdown/","doubles","J300 Roehampton","J300","2025-06-29","2026-06-28","30","0.25","7.5","false"
"jamie-mackenzie","Jamie Mackenzie","GER","Boys","5","https://www.itftennis.com/en/players/jamie-mackenzie/800570117/ger/jt/s/itf-points-breakdown/","doubles","J300 College Park","J300","2025-08-18","2026-08-17","0","0.25","0","false"
"jamie-mackenzie","Jamie Mackenzie","GER","Boys","5","https://www.itftennis.com/en/players/jamie-mackenzie/800570117/ger/jt/s/itf-points-breakdown/","doubles","The Junior Championships, Wimbledon","JGS","2025-07-05","2026-07-04","0","0.25","0","false"
"jamie-mackenzie","Jamie Mackenzie","GER","Boys","5","https://www.itftennis.com/en/players/jamie-mackenzie/800570117/ger/jt/s/itf-points-breakdown/","doubles","J500 Milan","J500","2025-05-19","2026-05-18","375","0.25","93.75","true"
"jamie-mackenzie","Jamie Mackenzie","GER","Boys","5","https://www.itftennis.com/en/players/jamie-mackenzie/800570117/ger/jt/s/itf-points-breakdown/","doubles","US Open Junior Tennis Championships","JGS","2025-08-31","2026-08-30","367","0.25","91.75","true"
"jamie-mackenzie","Jamie Mackenzie","GER","Boys","5","https://www.itftennis.com/en/players/jamie-mackenzie/800570117/ger/jt/s/itf-points-breakdown/","doubles","J500 Osaka","J500","2025-09-22","2026-09-21","262","0.25","65.5","true"
"jamie-mackenzie","Jamie Mackenzie","GER","Boys","5","https://www.itftennis.com/en/players/jamie-mackenzie/800570117/ger/jt/s/itf-points-breakdown/","doubles","J300 Beijing","J300","2025-09-16","2026-09-15","225","0.25","56.25","true"
"jamie-mackenzie","Jamie Mackenzie","GER","Boys","5","https://www.itftennis.com/en/players/jamie-mackenzie/800570117/ger/jt/s/itf-points-breakdown/","doubles","J500 Merida","J500","2025-11-24","2026-11-23","187","0.25","46.75","true"
"jamie-mackenzie","Jamie Mackenzie","GER","Boys","5","https://www.itftennis.com/en/players/jamie-mackenzie/800570117/ger/jt/s/itf-points-breakdown/","doubles","J500 Offenbach","J500","2026-05-04","2027-05-03","112","0.25","28","true"
"jamie-mackenzie","Jamie Mackenzie","GER","Boys","5","https://www.itftennis.com/en/players/jamie-mackenzie/800570117/ger/jt/s/itf-points-breakdown/","doubles","J300 Bamberg","J300","2025-06-10","2026-06-09","75","0.25","18.75","false"
"jamie-mackenzie","Jamie Mackenzie","GER","Boys","5","https://www.itftennis.com/en/players/jamie-mackenzie/800570117/ger/jt/s/itf-points-breakdown/","doubles","J300 Bradenton","J300","2025-12-01","2026-11-30","75","0.25","18.75","false"
"jamie-mackenzie","Jamie Mackenzie","GER","Boys","5","https://www.itftennis.com/en/players/jamie-mackenzie/800570117/ger/jt/s/itf-points-breakdown/","doubles","J300 Roehampton","J300","2025-06-29","2026-06-28","45","0.25","11.25","false"
"jamie-mackenzie","Jamie Mackenzie","GER","Boys","5","https://www.itftennis.com/en/players/jamie-mackenzie/800570117/ger/jt/s/itf-points-breakdown/","doubles","J500 Fort Lauderdale","J500","2025-12-08","2026-12-07","0","0.25","0","false"
"jamie-mackenzie","Jamie Mackenzie","GER","Boys","5","https://www.itftennis.com/en/players/jamie-mackenzie/800570117/ger/jt/s/itf-points-breakdown/","doubles","J300 College Park","J300","2025-08-18","2026-08-17","0","0.25","0","false"
"jamie-mackenzie","Jamie Mackenzie","GER","Boys","5","https://www.itftennis.com/en/players/jamie-mackenzie/800570117/ger/jt/s/itf-points-breakdown/","doubles","Roland Garros Junior Championships","JGS","2025-06-01","2026-05-31","0","0.25","0","false"
"jamie-mackenzie","Jamie Mackenzie","GER","Boys","5","https://www.itftennis.com/en/players/jamie-mackenzie/800570117/ger/jt/s/itf-points-breakdown/","doubles","The Junior Championships, Wimbledon","JGS","2025-07-05","2026-07-04","0","0.25","0","false"
"jamie-mackenzie","Jamie Mackenzie","GER","Boys","5","https://www.itftennis.com/en/players/jamie-mackenzie/800570117/ger/jt/s/itf-points-breakdown/","doubles","Australian Open Junior Championships","JGS","2026-01-24","2027-01-23","0","0.25","0","false"
"keaton-hance","Keaton Hance","USA","Boys","6","https://www.itftennis.com/en/players/keaton-hance/800657117/usa/jt/s/itf-points-breakdown/","singles","Australian Open Junior Championships","JGS","2026-01-24","2027-01-23","700","1","700","true"
"keaton-hance","Keaton Hance","USA","Boys","6","https://www.itftennis.com/en/players/keaton-hance/800657117/usa/jt/s/itf-points-breakdown/","singles","J500 Merida","J500","2025-11-24","2026-11-23","350","1","350","true"
"keaton-hance","Keaton Hance","USA","Boys","6","https://www.itftennis.com/en/players/keaton-hance/800657117/usa/jt/s/itf-points-breakdown/","singles","The Junior Championships, Wimbledon","JGS","2025-07-05","2026-07-04","180","1","180","true"
"keaton-hance","Keaton Hance","USA","Boys","6","https://www.itftennis.com/en/players/keaton-hance/800657117/usa/jt/s/itf-points-breakdown/","singles","J300 Traralgon","J300","2026-01-16","2027-01-15","140","1","140","true"
"keaton-hance","Keaton Hance","USA","Boys","6","https://www.itftennis.com/en/players/keaton-hance/800657117/usa/jt/s/itf-points-breakdown/","singles","J300 College Park","J300","2025-08-18","2026-08-17","100","1","100","true"
"keaton-hance","Keaton Hance","USA","Boys","6","https://www.itftennis.com/en/players/keaton-hance/800657117/usa/jt/s/itf-points-breakdown/","singles","Roland Garros Junior Championships","JGS","2025-06-01","2026-05-31","90","1","90","true"
"keaton-hance","Keaton Hance","USA","Boys","6","https://www.itftennis.com/en/players/keaton-hance/800657117/usa/jt/s/itf-points-breakdown/","singles","J500 Fort Lauderdale","J500","2025-12-08","2026-12-07","45","1","45","false"
"keaton-hance","Keaton Hance","USA","Boys","6","https://www.itftennis.com/en/players/keaton-hance/800657117/usa/jt/s/itf-points-breakdown/","singles","J500 Milan","J500","2025-05-19","2026-05-18","0","1","0","false"
"keaton-hance","Keaton Hance","USA","Boys","6","https://www.itftennis.com/en/players/keaton-hance/800657117/usa/jt/s/itf-points-breakdown/","singles","J300 Roehampton","J300","2025-06-29","2026-06-28","0","1","0","false"
"keaton-hance","Keaton Hance","USA","Boys","6","https://www.itftennis.com/en/players/keaton-hance/800657117/usa/jt/s/itf-points-breakdown/","singles","US Open Junior Tennis Championships","JGS","2025-08-31","2026-08-30","0","1","0","false"
"keaton-hance","Keaton Hance","USA","Boys","6","https://www.itftennis.com/en/players/keaton-hance/800657117/usa/jt/s/itf-points-breakdown/","doubles","US Open Junior Tennis Championships","JGS","2025-08-31","2026-08-30","750","0.25","187.5","true"
"keaton-hance","Keaton Hance","USA","Boys","6","https://www.itftennis.com/en/players/keaton-hance/800657117/usa/jt/s/itf-points-breakdown/","doubles","Roland Garros Junior Championships","JGS","2025-06-01","2026-05-31","367","0.25","91.75","true"
"keaton-hance","Keaton Hance","USA","Boys","6","https://www.itftennis.com/en/players/keaton-hance/800657117/usa/jt/s/itf-points-breakdown/","doubles","J500 Milan","J500","2025-05-19","2026-05-18","262","0.25","65.5","true"
"keaton-hance","Keaton Hance","USA","Boys","6","https://www.itftennis.com/en/players/keaton-hance/800657117/usa/jt/s/itf-points-breakdown/","doubles","Australian Open Junior Championships","JGS","2026-01-24","2027-01-23","225","0.25","56.25","true"
"keaton-hance","Keaton Hance","USA","Boys","6","https://www.itftennis.com/en/players/keaton-hance/800657117/usa/jt/s/itf-points-breakdown/","doubles","The Junior Championships, Wimbledon","JGS","2025-07-05","2026-07-04","135","0.25","33.75","true"
"keaton-hance","Keaton Hance","USA","Boys","6","https://www.itftennis.com/en/players/keaton-hance/800657117/usa/jt/s/itf-points-breakdown/","doubles","J500 Merida","J500","2025-11-24","2026-11-23","112","0.25","28","true"
"keaton-hance","Keaton Hance","USA","Boys","6","https://www.itftennis.com/en/players/keaton-hance/800657117/usa/jt/s/itf-points-breakdown/","doubles","J500 Fort Lauderdale","J500","2025-12-08","2026-12-07","112","0.25","28","false"
"keaton-hance","Keaton Hance","USA","Boys","6","https://www.itftennis.com/en/players/keaton-hance/800657117/usa/jt/s/itf-points-breakdown/","doubles","J300 Traralgon","J300","2026-01-16","2027-01-15","105","0.25","26.25","false"
"keaton-hance","Keaton Hance","USA","Boys","6","https://www.itftennis.com/en/players/keaton-hance/800657117/usa/jt/s/itf-points-breakdown/","doubles","J300 Roehampton","J300","2025-06-29","2026-06-28","75","0.25","18.75","false"
"keaton-hance","Keaton Hance","USA","Boys","6","https://www.itftennis.com/en/players/keaton-hance/800657117/usa/jt/s/itf-points-breakdown/","doubles","J300 College Park","J300","2025-08-18","2026-08-17","0","0.25","0","false"
"jack-kennedy","Jack Kennedy","USA","Boys","7","https://www.itftennis.com/en/players/jack-kennedy/800692786/usa/jt/s/itf-points-breakdown/","singles","2025 ITF World Tennis Tour Junior Finals","JM","2025-10-22","2026-10-21","420","1","420","true"
"jack-kennedy","Jack Kennedy","USA","Boys","7","https://www.itftennis.com/en/players/jack-kennedy/800692786/usa/jt/s/itf-points-breakdown/","singles","J500 Fort Lauderdale","J500","2025-12-08","2026-12-07","350","1","350","true"
"jack-kennedy","Jack Kennedy","USA","Boys","7","https://www.itftennis.com/en/players/jack-kennedy/800692786/usa/jt/s/itf-points-breakdown/","singles","J500 Milan","J500","2025-05-19","2026-05-18","250","1","250","true"
"jack-kennedy","Jack Kennedy","USA","Boys","7","https://www.itftennis.com/en/players/jack-kennedy/800692786/usa/jt/s/itf-points-breakdown/","singles","Roland Garros Junior Championships","JGS","2025-06-01","2026-05-31","180","1","180","true"
"jack-kennedy","Jack Kennedy","USA","Boys","7","https://www.itftennis.com/en/players/jack-kennedy/800692786/usa/jt/s/itf-points-breakdown/","singles","The Junior Championships, Wimbledon","JGS","2025-07-05","2026-07-04","180","1","180","true"
"jack-kennedy","Jack Kennedy","USA","Boys","7","https://www.itftennis.com/en/players/jack-kennedy/800692786/usa/jt/s/itf-points-breakdown/","singles","US Open Junior Tennis Championships","JGS","2025-08-31","2026-08-30","180","1","180","true"
"jack-kennedy","Jack Kennedy","USA","Boys","7","https://www.itftennis.com/en/players/jack-kennedy/800692786/usa/jt/s/itf-points-breakdown/","doubles","US Open Junior Tennis Championships","JGS","2025-08-31","2026-08-30","750","0.25","187.5","true"
"jack-kennedy","Jack Kennedy","USA","Boys","7","https://www.itftennis.com/en/players/jack-kennedy/800692786/usa/jt/s/itf-points-breakdown/","doubles","Roland Garros Junior Championships","JGS","2025-06-01","2026-05-31","367","0.25","91.75","true"
"jack-kennedy","Jack Kennedy","USA","Boys","7","https://www.itftennis.com/en/players/jack-kennedy/800692786/usa/jt/s/itf-points-breakdown/","doubles","J500 Milan","J500","2025-05-19","2026-05-18","262","0.25","65.5","true"
"jack-kennedy","Jack Kennedy","USA","Boys","7","https://www.itftennis.com/en/players/jack-kennedy/800692786/usa/jt/s/itf-points-breakdown/","doubles","The Junior Championships, Wimbledon","JGS","2025-07-05","2026-07-04","135","0.25","33.75","true"
"jack-kennedy","Jack Kennedy","USA","Boys","7","https://www.itftennis.com/en/players/jack-kennedy/800692786/usa/jt/s/itf-points-breakdown/","doubles","J500 Fort Lauderdale","J500","2025-12-08","2026-12-07","112","0.25","28","true"
"zangar-nurlanuly","Zangar Nurlanuly","KAZ","Boys","8","https://www.itftennis.com/en/players/zangar-nurlanuly/800543488/kaz/jt/s/itf-points-breakdown/","singles","US Open Junior Tennis Championships","JGS","2025-08-31","2026-08-30","490","1","490","true"
"zangar-nurlanuly","Zangar Nurlanuly","KAZ","Boys","8","https://www.itftennis.com/en/players/zangar-nurlanuly/800543488/kaz/jt/s/itf-points-breakdown/","singles","Australian Open Junior Championships","JGS","2026-01-24","2027-01-23","490","1","490","true"
"zangar-nurlanuly","Zangar Nurlanuly","KAZ","Boys","8","https://www.itftennis.com/en/players/zangar-nurlanuly/800543488/kaz/jt/s/itf-points-breakdown/","singles","J300 Wanju (Closed Asia Regional Championship)","J300","2025-10-06","2026-10-05","300","1","300","true"
"zangar-nurlanuly","Zangar Nurlanuly","KAZ","Boys","8","https://www.itftennis.com/en/players/zangar-nurlanuly/800543488/kaz/jt/s/itf-points-breakdown/","singles","J200 Chuncheon","J200","2025-09-30","2026-09-29","200","1","200","true"
"zangar-nurlanuly","Zangar Nurlanuly","KAZ","Boys","8","https://www.itftennis.com/en/players/zangar-nurlanuly/800543488/kaz/jt/s/itf-points-breakdown/","singles","J500 Offenbach","J500","2026-05-04","2027-05-03","150","1","150","true"
"zangar-nurlanuly","Zangar Nurlanuly","KAZ","Boys","8","https://www.itftennis.com/en/players/zangar-nurlanuly/800543488/kaz/jt/s/itf-points-breakdown/","singles","J300 Traralgon","J300","2026-01-16","2027-01-15","100","1","100","true"
"zangar-nurlanuly","Zangar Nurlanuly","KAZ","Boys","8","https://www.itftennis.com/en/players/zangar-nurlanuly/800543488/kaz/jt/s/itf-points-breakdown/","singles","J500 Osaka","J500","2025-09-22","2026-09-21","45","1","45","false"
"zangar-nurlanuly","Zangar Nurlanuly","KAZ","Boys","8","https://www.itftennis.com/en/players/zangar-nurlanuly/800543488/kaz/jt/s/itf-points-breakdown/","singles","J300 Roehampton","J300","2025-06-29","2026-06-28","0","1","0","false"
"zangar-nurlanuly","Zangar Nurlanuly","KAZ","Boys","8","https://www.itftennis.com/en/players/zangar-nurlanuly/800543488/kaz/jt/s/itf-points-breakdown/","singles","J300 College Park","J300","2025-08-18","2026-08-17","0","1","0","false"
"zangar-nurlanuly","Zangar Nurlanuly","KAZ","Boys","8","https://www.itftennis.com/en/players/zangar-nurlanuly/800543488/kaz/jt/s/itf-points-breakdown/","singles","Roland Garros Junior Championships","JGS","2025-06-01","2026-05-31","0","1","0","false"
"zangar-nurlanuly","Zangar Nurlanuly","KAZ","Boys","8","https://www.itftennis.com/en/players/zangar-nurlanuly/800543488/kaz/jt/s/itf-points-breakdown/","singles","The Junior Championships, Wimbledon","JGS","2025-07-05","2026-07-04","0","1","0","false"
"zangar-nurlanuly","Zangar Nurlanuly","KAZ","Boys","8","https://www.itftennis.com/en/players/zangar-nurlanuly/800543488/kaz/jt/s/itf-points-breakdown/","doubles","The Junior Championships, Wimbledon","JGS","2025-07-05","2026-07-04","135","0.25","33.75","true"
"zangar-nurlanuly","Zangar Nurlanuly","KAZ","Boys","8","https://www.itftennis.com/en/players/zangar-nurlanuly/800543488/kaz/jt/s/itf-points-breakdown/","doubles","US Open Junior Tennis Championships","JGS","2025-08-31","2026-08-30","135","0.25","33.75","true"
"zangar-nurlanuly","Zangar Nurlanuly","KAZ","Boys","8","https://www.itftennis.com/en/players/zangar-nurlanuly/800543488/kaz/jt/s/itf-points-breakdown/","doubles","J300 Roehampton","J300","2025-06-29","2026-06-28","105","0.25","26.25","true"
"zangar-nurlanuly","Zangar Nurlanuly","KAZ","Boys","8","https://www.itftennis.com/en/players/zangar-nurlanuly/800543488/kaz/jt/s/itf-points-breakdown/","doubles","J300 Traralgon","J300","2026-01-16","2027-01-15","75","0.25","18.75","true"
"zangar-nurlanuly","Zangar Nurlanuly","KAZ","Boys","8","https://www.itftennis.com/en/players/zangar-nurlanuly/800543488/kaz/jt/s/itf-points-breakdown/","doubles","J300 College Park","J300","2025-08-18","2026-08-17","0","0.25","0","true"
"zangar-nurlanuly","Zangar Nurlanuly","KAZ","Boys","8","https://www.itftennis.com/en/players/zangar-nurlanuly/800543488/kaz/jt/s/itf-points-breakdown/","doubles","Roland Garros Junior Championships","JGS","2025-06-01","2026-05-31","0","0.25","0","true"
"zangar-nurlanuly","Zangar Nurlanuly","KAZ","Boys","8","https://www.itftennis.com/en/players/zangar-nurlanuly/800543488/kaz/jt/s/itf-points-breakdown/","doubles","Australian Open Junior Championships","JGS","2026-01-24","2027-01-23","0","0.25","0","false"
"thilo-behrmann","Thilo Behrmann","AUT","Boys","9","https://www.itftennis.com/en/players/thilo-behrmann/800589798/aut/jt/s/itf-points-breakdown/","singles","J500 Cairo","J500","2026-04-06","2027-04-05","500","1","500","true"
"thilo-behrmann","Thilo Behrmann","AUT","Boys","9","https://www.itftennis.com/en/players/thilo-behrmann/800589798/aut/jt/s/itf-points-breakdown/","singles","J300 Vrsar","J300","2026-03-23","2027-03-22","300","1","300","true"
"thilo-behrmann","Thilo Behrmann","AUT","Boys","9","https://www.itftennis.com/en/players/thilo-behrmann/800589798/aut/jt/s/itf-points-breakdown/","singles","J200 Gurugram","J200","2026-01-12","2027-01-11","200","1","200","true"
"thilo-behrmann","Thilo Behrmann","AUT","Boys","9","https://www.itftennis.com/en/players/thilo-behrmann/800589798/aut/jt/s/itf-points-breakdown/","singles","Roland Garros Junior Championships","JGS","2025-06-01","2026-05-31","180","1","180","true"
"thilo-behrmann","Thilo Behrmann","AUT","Boys","9","https://www.itftennis.com/en/players/thilo-behrmann/800589798/aut/jt/s/itf-points-breakdown/","singles","Australian Open Junior Championships","JGS","2026-01-24","2027-01-23","180","1","180","true"
"thilo-behrmann","Thilo Behrmann","AUT","Boys","9","https://www.itftennis.com/en/players/thilo-behrmann/800589798/aut/jt/s/itf-points-breakdown/","singles","J500 Offenbach","J500","2026-05-04","2027-05-03","150","1","150","true"
"thilo-behrmann","Thilo Behrmann","AUT","Boys","9","https://www.itftennis.com/en/players/thilo-behrmann/800589798/aut/jt/s/itf-points-breakdown/","singles","J300 New Delhi","J300","2026-01-05","2027-01-04","100","1","100","false"
"thilo-behrmann","Thilo Behrmann","AUT","Boys","9","https://www.itftennis.com/en/players/thilo-behrmann/800589798/aut/jt/s/itf-points-breakdown/","singles","J100 Cairo","J100","2025-10-27","2026-10-26","100","1","100","false"
"thilo-behrmann","Thilo Behrmann","AUT","Boys","9","https://www.itftennis.com/en/players/thilo-behrmann/800589798/aut/jt/s/itf-points-breakdown/","singles","J300 Repentigny","J300","2025-08-24","2026-08-23","60","1","60","false"
"thilo-behrmann","Thilo Behrmann","AUT","Boys","9","https://www.itftennis.com/en/players/thilo-behrmann/800589798/aut/jt/s/itf-points-breakdown/","singles","J300 Cairo","J300","2026-03-30","2027-03-29","60","1","60","false"
"thilo-behrmann","Thilo Behrmann","AUT","Boys","9","https://www.itftennis.com/en/players/thilo-behrmann/800589798/aut/jt/s/itf-points-breakdown/","singles","Tennis Europe Summer Cups (B18)","GC","2025-08-04","2026-08-03","50","1","50","false"
"thilo-behrmann","Thilo Behrmann","AUT","Boys","9","https://www.itftennis.com/en/players/thilo-behrmann/800589798/aut/jt/s/itf-points-breakdown/","singles","J300 Roehampton","J300","2025-06-29","2026-06-28","30","1","30","false"
"thilo-behrmann","Thilo Behrmann","AUT","Boys","9","https://www.itftennis.com/en/players/thilo-behrmann/800589798/aut/jt/s/itf-points-breakdown/","singles","J500 Milan","J500","2025-05-19","2026-05-18","0","1","0","false"
"thilo-behrmann","Thilo Behrmann","AUT","Boys","9","https://www.itftennis.com/en/players/thilo-behrmann/800589798/aut/jt/s/itf-points-breakdown/","singles","J300 Bytom","J300","2025-07-22","2026-07-21","0","1","0","false"
"thilo-behrmann","Thilo Behrmann","AUT","Boys","9","https://www.itftennis.com/en/players/thilo-behrmann/800589798/aut/jt/s/itf-points-breakdown/","singles","J300 Oberpullendorf (Europe Regional Championships)","J300","2025-09-15","2026-09-14","0","1","0","false"
"thilo-behrmann","Thilo Behrmann","AUT","Boys","9","https://www.itftennis.com/en/players/thilo-behrmann/800589798/aut/jt/s/itf-points-breakdown/","singles","J200 Cairo","J200","2025-11-03","2026-11-02","0","1","0","false"
"thilo-behrmann","Thilo Behrmann","AUT","Boys","9","https://www.itftennis.com/en/players/thilo-behrmann/800589798/aut/jt/s/itf-points-breakdown/","singles","The Junior Championships, Wimbledon","JGS","2025-07-05","2026-07-04","0","1","0","false"
"thilo-behrmann","Thilo Behrmann","AUT","Boys","9","https://www.itftennis.com/en/players/thilo-behrmann/800589798/aut/jt/s/itf-points-breakdown/","singles","US Open Junior Tennis Championships","JGS","2025-08-31","2026-08-30","0","1","0","false"
"thilo-behrmann","Thilo Behrmann","AUT","Boys","9","https://www.itftennis.com/en/players/thilo-behrmann/800589798/aut/jt/s/itf-points-breakdown/","doubles","J300 New Delhi","J300","2026-01-05","2027-01-04","225","0.25","56.25","true"
"thilo-behrmann","Thilo Behrmann","AUT","Boys","9","https://www.itftennis.com/en/players/thilo-behrmann/800589798/aut/jt/s/itf-points-breakdown/","doubles","J500 Cairo","J500","2026-04-06","2027-04-05","187","0.25","46.75","true"
"thilo-behrmann","Thilo Behrmann","AUT","Boys","9","https://www.itftennis.com/en/players/thilo-behrmann/800589798/aut/jt/s/itf-points-breakdown/","doubles","J500 Offenbach","J500","2026-05-04","2027-05-03","187","0.25","46.75","true"
"thilo-behrmann","Thilo Behrmann","AUT","Boys","9","https://www.itftennis.com/en/players/thilo-behrmann/800589798/aut/jt/s/itf-points-breakdown/","doubles","J200 Gurugram","J200","2026-01-12","2027-01-11","150","0.25","37.5","true"
"thilo-behrmann","Thilo Behrmann","AUT","Boys","9","https://www.itftennis.com/en/players/thilo-behrmann/800589798/aut/jt/s/itf-points-breakdown/","doubles","Roland Garros Junior Championships","JGS","2025-06-01","2026-05-31","135","0.25","33.75","true"
"thilo-behrmann","Thilo Behrmann","AUT","Boys","9","https://www.itftennis.com/en/players/thilo-behrmann/800589798/aut/jt/s/itf-points-breakdown/","doubles","Australian Open Junior Championships","JGS","2026-01-24","2027-01-23","135","0.25","33.75","true"
"thilo-behrmann","Thilo Behrmann","AUT","Boys","9","https://www.itftennis.com/en/players/thilo-behrmann/800589798/aut/jt/s/itf-points-breakdown/","doubles","J300 Repentigny","J300","2025-08-24","2026-08-23","105","0.25","26.25","false"
"thilo-behrmann","Thilo Behrmann","AUT","Boys","9","https://www.itftennis.com/en/players/thilo-behrmann/800589798/aut/jt/s/itf-points-breakdown/","doubles","J300 Vrsar","J300","2026-03-23","2027-03-22","75","0.25","18.75","false"
"thilo-behrmann","Thilo Behrmann","AUT","Boys","9","https://www.itftennis.com/en/players/thilo-behrmann/800589798/aut/jt/s/itf-points-breakdown/","doubles","J500 Milan","J500","2025-05-19","2026-05-18","67","0.25","16.75","false"
"thilo-behrmann","Thilo Behrmann","AUT","Boys","9","https://www.itftennis.com/en/players/thilo-behrmann/800589798/aut/jt/s/itf-points-breakdown/","doubles","J300 Roehampton","J300","2025-06-29","2026-06-28","0","0.25","0","false"
"thilo-behrmann","Thilo Behrmann","AUT","Boys","9","https://www.itftennis.com/en/players/thilo-behrmann/800589798/aut/jt/s/itf-points-breakdown/","doubles","J300 Bytom","J300","2025-07-22","2026-07-21","0","0.25","0","false"
"thilo-behrmann","Thilo Behrmann","AUT","Boys","9","https://www.itftennis.com/en/players/thilo-behrmann/800589798/aut/jt/s/itf-points-breakdown/","doubles","J300 Oberpullendorf (Europe Regional Championships)","J300","2025-09-15","2026-09-14","0","0.25","0","false"
"thilo-behrmann","Thilo Behrmann","AUT","Boys","9","https://www.itftennis.com/en/players/thilo-behrmann/800589798/aut/jt/s/itf-points-breakdown/","doubles","Tennis Europe Summer Cups (B18)","GC","2025-08-04","2026-08-03","0","0.25","0","false"
"thilo-behrmann","Thilo Behrmann","AUT","Boys","9","https://www.itftennis.com/en/players/thilo-behrmann/800589798/aut/jt/s/itf-points-breakdown/","doubles","The Junior Championships, Wimbledon","JGS","2025-07-05","2026-07-04","0","0.25","0","false"
"ryo-tabata","Ryo Tabata","JPN","Boys","10","https://www.itftennis.com/en/players/ryo-tabata/800583844/jpn/jt/s/itf-points-breakdown/","singles","Roland Garros Junior Championships","JGS","2025-06-01","2026-05-31","490","1","490","true"
"ryo-tabata","Ryo Tabata","JPN","Boys","10","https://www.itftennis.com/en/players/ryo-tabata/800583844/jpn/jt/s/itf-points-breakdown/","singles","Australian Open Junior Championships","JGS","2026-01-24","2027-01-23","490","1","490","true"
"ryo-tabata","Ryo Tabata","JPN","Boys","10","https://www.itftennis.com/en/players/ryo-tabata/800583844/jpn/jt/s/itf-points-breakdown/","singles","J300 College Park","J300","2025-08-18","2026-08-17","140","1","140","true"
"ryo-tabata","Ryo Tabata","JPN","Boys","10","https://www.itftennis.com/en/players/ryo-tabata/800583844/jpn/jt/s/itf-points-breakdown/","singles","2025 ITF World Tennis Tour Junior Finals","JM","2025-10-22","2026-10-21","130","1","130","true"
"ryo-tabata","Ryo Tabata","JPN","Boys","10","https://www.itftennis.com/en/players/ryo-tabata/800583844/jpn/jt/s/itf-points-breakdown/","singles","J500 Osaka","J500","2025-09-22","2026-09-21","90","1","90","true"
"ryo-tabata","Ryo Tabata","JPN","Boys","10","https://www.itftennis.com/en/players/ryo-tabata/800583844/jpn/jt/s/itf-points-breakdown/","singles","J500 Merida","J500","2025-11-24","2026-11-23","90","1","90","true"
"ryo-tabata","Ryo Tabata","JPN","Boys","10","https://www.itftennis.com/en/players/ryo-tabata/800583844/jpn/jt/s/itf-points-breakdown/","singles","US Open Junior Tennis Championships","JGS","2025-08-31","2026-08-30","90","1","90","false"
"ryo-tabata","Ryo Tabata","JPN","Boys","10","https://www.itftennis.com/en/players/ryo-tabata/800583844/jpn/jt/s/itf-points-breakdown/","singles","J500 Fort Lauderdale","J500","2025-12-08","2026-12-07","45","1","45","false"
"ryo-tabata","Ryo Tabata","JPN","Boys","10","https://www.itftennis.com/en/players/ryo-tabata/800583844/jpn/jt/s/itf-points-breakdown/","singles","J300 Roehampton","J300","2025-06-29","2026-06-28","30","1","30","false"
"ryo-tabata","Ryo Tabata","JPN","Boys","10","https://www.itftennis.com/en/players/ryo-tabata/800583844/jpn/jt/s/itf-points-breakdown/","singles","J300 Bradenton","J300","2025-12-01","2026-11-30","30","1","30","false"
"ryo-tabata","Ryo Tabata","JPN","Boys","10","https://www.itftennis.com/en/players/ryo-tabata/800583844/jpn/jt/s/itf-points-breakdown/","singles","J500 Milan","J500","2025-05-19","2026-05-18","0","1","0","false"
"ryo-tabata","Ryo Tabata","JPN","Boys","10","https://www.itftennis.com/en/players/ryo-tabata/800583844/jpn/jt/s/itf-points-breakdown/","singles","The Junior Championships, Wimbledon","JGS","2025-07-05","2026-07-04","0","1","0","false"
"ryo-tabata","Ryo Tabata","JPN","Boys","10","https://www.itftennis.com/en/players/ryo-tabata/800583844/jpn/jt/s/itf-points-breakdown/","doubles","J500 Merida","J500","2025-11-24","2026-11-23","375","0.25","93.75","true"
"ryo-tabata","Ryo Tabata","JPN","Boys","10","https://www.itftennis.com/en/players/ryo-tabata/800583844/jpn/jt/s/itf-points-breakdown/","doubles","Roland Garros Junior Championships","JGS","2025-06-01","2026-05-31","225","0.25","56.25","true"
"ryo-tabata","Ryo Tabata","JPN","Boys","10","https://www.itftennis.com/en/players/ryo-tabata/800583844/jpn/jt/s/itf-points-breakdown/","doubles","J300 College Park","J300","2025-08-18","2026-08-17","157","0.25","39.25","true"
"ryo-tabata","Ryo Tabata","JPN","Boys","10","https://www.itftennis.com/en/players/ryo-tabata/800583844/jpn/jt/s/itf-points-breakdown/","doubles","Australian Open Junior Championships","JGS","2026-01-24","2027-01-23","135","0.25","33.75","true"
"ryo-tabata","Ryo Tabata","JPN","Boys","10","https://www.itftennis.com/en/players/ryo-tabata/800583844/jpn/jt/s/itf-points-breakdown/","doubles","J500 Milan","J500","2025-05-19","2026-05-18","112","0.25","28","true"
"ryo-tabata","Ryo Tabata","JPN","Boys","10","https://www.itftennis.com/en/players/ryo-tabata/800583844/jpn/jt/s/itf-points-breakdown/","doubles","J500 Fort Lauderdale","J500","2025-12-08","2026-12-07","112","0.25","28","true"
"ryo-tabata","Ryo Tabata","JPN","Boys","10","https://www.itftennis.com/en/players/ryo-tabata/800583844/jpn/jt/s/itf-points-breakdown/","doubles","J300 Roehampton","J300","2025-06-29","2026-06-28","45","0.25","11.25","false"
"ryo-tabata","Ryo Tabata","JPN","Boys","10","https://www.itftennis.com/en/players/ryo-tabata/800583844/jpn/jt/s/itf-points-breakdown/","doubles","J500 Osaka","J500","2025-09-22","2026-09-21","0","0.25","0","false"
"ryo-tabata","Ryo Tabata","JPN","Boys","10","https://www.itftennis.com/en/players/ryo-tabata/800583844/jpn/jt/s/itf-points-breakdown/","doubles","J300 Bradenton","J300","2025-12-01","2026-11-30","0","0.25","0","false"
"ryo-tabata","Ryo Tabata","JPN","Boys","10","https://www.itftennis.com/en/players/ryo-tabata/800583844/jpn/jt/s/itf-points-breakdown/","doubles","US Open Junior Tennis Championships","JGS","2025-08-31","2026-08-30","0","0.25","0","false"
"dimitar-kisimov","Dimitar Kisimov","BUL","Boys","11","https://www.itftennis.com/en/players/dimitar-kisimov/800571859/bul/jt/s/itf-points-breakdown/","singles","J500 Offenbach","J500","2026-05-04","2027-05-03","350","1","350","true"
"dimitar-kisimov","Dimitar Kisimov","BUL","Boys","11","https://www.itftennis.com/en/players/dimitar-kisimov/800571859/bul/jt/s/itf-points-breakdown/","singles","J300 Cairo","J300","2026-03-30","2027-03-29","300","1","300","true"
"dimitar-kisimov","Dimitar Kisimov","BUL","Boys","11","https://www.itftennis.com/en/players/dimitar-kisimov/800571859/bul/jt/s/itf-points-breakdown/","singles","J300 Bradenton","J300","2025-12-01","2026-11-30","210","1","210","true"
"dimitar-kisimov","Dimitar Kisimov","BUL","Boys","11","https://www.itftennis.com/en/players/dimitar-kisimov/800571859/bul/jt/s/itf-points-breakdown/","singles","J300 Villena","J300","2026-03-16","2027-03-15","210","1","210","true"
"dimitar-kisimov","Dimitar Kisimov","BUL","Boys","11","https://www.itftennis.com/en/players/dimitar-kisimov/800571859/bul/jt/s/itf-points-breakdown/","singles","J200 Mugla","J200","2025-09-29","2026-09-28","200","1","200","true"
"dimitar-kisimov","Dimitar Kisimov","BUL","Boys","11","https://www.itftennis.com/en/players/dimitar-kisimov/800571859/bul/jt/s/itf-points-breakdown/","singles","J300 Plovdiv","J300","2026-04-28","2027-04-27","140","1","140","true"
"dimitar-kisimov","Dimitar Kisimov","BUL","Boys","11","https://www.itftennis.com/en/players/dimitar-kisimov/800571859/bul/jt/s/itf-points-breakdown/","singles","J200 Szekesfehervar","J200","2025-10-22","2026-10-21","100","1","100","false"
"dimitar-kisimov","Dimitar Kisimov","BUL","Boys","11","https://www.itftennis.com/en/players/dimitar-kisimov/800571859/bul/jt/s/itf-points-breakdown/","singles","J500 Fort Lauderdale","J500","2025-12-08","2026-12-07","90","1","90","false"
"dimitar-kisimov","Dimitar Kisimov","BUL","Boys","11","https://www.itftennis.com/en/players/dimitar-kisimov/800571859/bul/jt/s/itf-points-breakdown/","singles","J500 Cairo","J500","2026-04-06","2027-04-05","90","1","90","false"
"dimitar-kisimov","Dimitar Kisimov","BUL","Boys","11","https://www.itftennis.com/en/players/dimitar-kisimov/800571859/bul/jt/s/itf-points-breakdown/","singles","J300 Oberpullendorf (Europe Regional Championships)","J300","2025-09-15","2026-09-14","60","1","60","false"
"dimitar-kisimov","Dimitar Kisimov","BUL","Boys","11","https://www.itftennis.com/en/players/dimitar-kisimov/800571859/bul/jt/s/itf-points-breakdown/","singles","J200 Belgrade","J200","2025-08-25","2026-08-24","36","1","36","false"
"dimitar-kisimov","Dimitar Kisimov","BUL","Boys","11","https://www.itftennis.com/en/players/dimitar-kisimov/800571859/bul/jt/s/itf-points-breakdown/","singles","J300 Traralgon","J300","2026-01-16","2027-01-15","30","1","30","false"
"dimitar-kisimov","Dimitar Kisimov","BUL","Boys","11","https://www.itftennis.com/en/players/dimitar-kisimov/800571859/bul/jt/s/itf-points-breakdown/","singles","J500 Milan","J500","2025-05-19","2026-05-18","0","1","0","false"
"dimitar-kisimov","Dimitar Kisimov","BUL","Boys","11","https://www.itftennis.com/en/players/dimitar-kisimov/800571859/bul/jt/s/itf-points-breakdown/","singles","J300 Charleroi-Marcinelle","J300","2025-05-26","2026-05-25","0","1","0","false"
"dimitar-kisimov","Dimitar Kisimov","BUL","Boys","11","https://www.itftennis.com/en/players/dimitar-kisimov/800571859/bul/jt/s/itf-points-breakdown/","singles","J300 Roehampton","J300","2025-06-29","2026-06-28","0","1","0","false"
"dimitar-kisimov","Dimitar Kisimov","BUL","Boys","11","https://www.itftennis.com/en/players/dimitar-kisimov/800571859/bul/jt/s/itf-points-breakdown/","singles","J300 Bytom","J300","2025-07-22","2026-07-21","0","1","0","false"
"dimitar-kisimov","Dimitar Kisimov","BUL","Boys","11","https://www.itftennis.com/en/players/dimitar-kisimov/800571859/bul/jt/s/itf-points-breakdown/","singles","J300 Pancevo","J300","2025-08-18","2026-08-17","0","1","0","false"
"dimitar-kisimov","Dimitar Kisimov","BUL","Boys","11","https://www.itftennis.com/en/players/dimitar-kisimov/800571859/bul/jt/s/itf-points-breakdown/","singles","The Junior Championships, Wimbledon","JGS","2025-07-05","2026-07-04","0","1","0","false"
"dimitar-kisimov","Dimitar Kisimov","BUL","Boys","11","https://www.itftennis.com/en/players/dimitar-kisimov/800571859/bul/jt/s/itf-points-breakdown/","singles","Australian Open Junior Championships","JGS","2026-01-24","2027-01-23","0","1","0","false"
"dimitar-kisimov","Dimitar Kisimov","BUL","Boys","11","https://www.itftennis.com/en/players/dimitar-kisimov/800571859/bul/jt/s/itf-points-breakdown/","doubles","Australian Open Junior Championships","JGS","2026-01-24","2027-01-23","750","0.25","187.5","true"
"dimitar-kisimov","Dimitar Kisimov","BUL","Boys","11","https://www.itftennis.com/en/players/dimitar-kisimov/800571859/bul/jt/s/itf-points-breakdown/","doubles","J300 Cairo","J300","2026-03-30","2027-03-29","105","0.25","26.25","true"
"dimitar-kisimov","Dimitar Kisimov","BUL","Boys","11","https://www.itftennis.com/en/players/dimitar-kisimov/800571859/bul/jt/s/itf-points-breakdown/","doubles","J300 Villena","J300","2026-03-16","2027-03-15","75","0.25","18.75","true"
"dimitar-kisimov","Dimitar Kisimov","BUL","Boys","11","https://www.itftennis.com/en/players/dimitar-kisimov/800571859/bul/jt/s/itf-points-breakdown/","doubles","J300 Plovdiv","J300","2026-04-28","2027-04-27","75","0.25","18.75","true"
"dimitar-kisimov","Dimitar Kisimov","BUL","Boys","11","https://www.itftennis.com/en/players/dimitar-kisimov/800571859/bul/jt/s/itf-points-breakdown/","doubles","J200 Mugla","J200","2025-09-29","2026-09-28","75","0.25","18.75","true"
"dimitar-kisimov","Dimitar Kisimov","BUL","Boys","11","https://www.itftennis.com/en/players/dimitar-kisimov/800571859/bul/jt/s/itf-points-breakdown/","doubles","J500 Milan","J500","2025-05-19","2026-05-18","67","0.25","16.75","true"
"dimitar-kisimov","Dimitar Kisimov","BUL","Boys","11","https://www.itftennis.com/en/players/dimitar-kisimov/800571859/bul/jt/s/itf-points-breakdown/","doubles","J500 Fort Lauderdale","J500","2025-12-08","2026-12-07","67","0.25","16.75","false"
"dimitar-kisimov","Dimitar Kisimov","BUL","Boys","11","https://www.itftennis.com/en/players/dimitar-kisimov/800571859/bul/jt/s/itf-points-breakdown/","doubles","J500 Offenbach","J500","2026-05-04","2027-05-03","67","0.25","16.75","false"
"dimitar-kisimov","Dimitar Kisimov","BUL","Boys","11","https://www.itftennis.com/en/players/dimitar-kisimov/800571859/bul/jt/s/itf-points-breakdown/","doubles","J200 Szekesfehervar","J200","2025-10-22","2026-10-21","45","0.25","11.25","false"
"dimitar-kisimov","Dimitar Kisimov","BUL","Boys","11","https://www.itftennis.com/en/players/dimitar-kisimov/800571859/bul/jt/s/itf-points-breakdown/","doubles","J500 Cairo","J500","2026-04-06","2027-04-05","0","0.25","0","false"
"dimitar-kisimov","Dimitar Kisimov","BUL","Boys","11","https://www.itftennis.com/en/players/dimitar-kisimov/800571859/bul/jt/s/itf-points-breakdown/","doubles","J300 Roehampton","J300","2025-06-29","2026-06-28","0","0.25","0","false"
"dimitar-kisimov","Dimitar Kisimov","BUL","Boys","11","https://www.itftennis.com/en/players/dimitar-kisimov/800571859/bul/jt/s/itf-points-breakdown/","doubles","J300 Bytom","J300","2025-07-22","2026-07-21","0","0.25","0","false"
"dimitar-kisimov","Dimitar Kisimov","BUL","Boys","11","https://www.itftennis.com/en/players/dimitar-kisimov/800571859/bul/jt/s/itf-points-breakdown/","doubles","J300 Pancevo","J300","2025-08-18","2026-08-17","0","0.25","0","false"
"dimitar-kisimov","Dimitar Kisimov","BUL","Boys","11","https://www.itftennis.com/en/players/dimitar-kisimov/800571859/bul/jt/s/itf-points-breakdown/","doubles","J300 Oberpullendorf (Europe Regional Championships)","J300","2025-09-15","2026-09-14","0","0.25","0","false"
"dimitar-kisimov","Dimitar Kisimov","BUL","Boys","11","https://www.itftennis.com/en/players/dimitar-kisimov/800571859/bul/jt/s/itf-points-breakdown/","doubles","J300 Bradenton","J300","2025-12-01","2026-11-30","0","0.25","0","false"
"dimitar-kisimov","Dimitar Kisimov","BUL","Boys","11","https://www.itftennis.com/en/players/dimitar-kisimov/800571859/bul/jt/s/itf-points-breakdown/","doubles","J300 Traralgon","J300","2026-01-16","2027-01-15","0","0.25","0","false"
"dimitar-kisimov","Dimitar Kisimov","BUL","Boys","11","https://www.itftennis.com/en/players/dimitar-kisimov/800571859/bul/jt/s/itf-points-breakdown/","doubles","J200 Belgrade","J200","2025-08-25","2026-08-24","0","0.25","0","false"
"andrew-johnson","Andrew Johnson","USA","Boys","12","https://www.itftennis.com/en/players/andrew-johnson/800717286/usa/jt/s/itf-points-breakdown/","singles","J300 Tucson","J300","2026-03-09","2027-03-08","300","1","300","true"
"andrew-johnson","Andrew Johnson","USA","Boys","12","https://www.itftennis.com/en/players/andrew-johnson/800717286/usa/jt/s/itf-points-breakdown/","singles","J300 San Diego (North American Regional Championships)","J300","2026-03-16","2027-03-15","300","1","300","true"
"andrew-johnson","Andrew Johnson","USA","Boys","12","https://www.itftennis.com/en/players/andrew-johnson/800717286/usa/jt/s/itf-points-breakdown/","singles","US Open Junior Tennis Championships","JGS","2025-08-31","2026-08-30","300","1","300","true"
"andrew-johnson","Andrew Johnson","USA","Boys","12","https://www.itftennis.com/en/players/andrew-johnson/800717286/usa/jt/s/itf-points-breakdown/","singles","J300 Spring - Pan American ITF","J300","2025-10-06","2026-10-05","210","1","210","true"
"andrew-johnson","Andrew Johnson","USA","Boys","12","https://www.itftennis.com/en/players/andrew-johnson/800717286/usa/jt/s/itf-points-breakdown/","singles","J200 Corpus Christi","J200","2025-09-29","2026-09-28","200","1","200","true"
"andrew-johnson","Andrew Johnson","USA","Boys","12","https://www.itftennis.com/en/players/andrew-johnson/800717286/usa/jt/s/itf-points-breakdown/","singles","J500 Fort Lauderdale","J500","2025-12-08","2026-12-07","150","1","150","true"
"andrew-johnson","Andrew Johnson","USA","Boys","12","https://www.itftennis.com/en/players/andrew-johnson/800717286/usa/jt/s/itf-points-breakdown/","singles","J200 Gladbeck","J200","2025-06-17","2026-06-16","100","1","100","false"
"andrew-johnson","Andrew Johnson","USA","Boys","12","https://www.itftennis.com/en/players/andrew-johnson/800717286/usa/jt/s/itf-points-breakdown/","singles","J100 Bruchkoebel","J100","2025-06-24","2026-06-23","100","1","100","false"
"andrew-johnson","Andrew Johnson","USA","Boys","12","https://www.itftennis.com/en/players/andrew-johnson/800717286/usa/jt/s/itf-points-breakdown/","singles","J300 Bradenton","J300","2025-12-01","2026-11-30","60","1","60","false"
"andrew-johnson","Andrew Johnson","USA","Boys","12","https://www.itftennis.com/en/players/andrew-johnson/800717286/usa/jt/s/itf-points-breakdown/","singles","J300 College Park","J300","2025-08-18","2026-08-17","30","1","30","false"
"andrew-johnson","Andrew Johnson","USA","Boys","12","https://www.itftennis.com/en/players/andrew-johnson/800717286/usa/jt/s/itf-points-breakdown/","doubles","J200 Gladbeck","J200","2025-06-17","2026-06-16","150","0.25","37.5","true"
"andrew-johnson","Andrew Johnson","USA","Boys","12","https://www.itftennis.com/en/players/andrew-johnson/800717286/usa/jt/s/itf-points-breakdown/","doubles","J200 Corpus Christi","J200","2025-09-29","2026-09-28","150","0.25","37.5","true"
"andrew-johnson","Andrew Johnson","USA","Boys","12","https://www.itftennis.com/en/players/andrew-johnson/800717286/usa/jt/s/itf-points-breakdown/","doubles","J300 College Park","J300","2025-08-18","2026-08-17","105","0.25","26.25","true"
"andrew-johnson","Andrew Johnson","USA","Boys","12","https://www.itftennis.com/en/players/andrew-johnson/800717286/usa/jt/s/itf-points-breakdown/","doubles","J300 Spring - Pan American ITF","J300","2025-10-06","2026-10-05","105","0.25","26.25","true"
"andrew-johnson","Andrew Johnson","USA","Boys","12","https://www.itftennis.com/en/players/andrew-johnson/800717286/usa/jt/s/itf-points-breakdown/","doubles","J300 Bradenton","J300","2025-12-01","2026-11-30","105","0.25","26.25","true"
"andrew-johnson","Andrew Johnson","USA","Boys","12","https://www.itftennis.com/en/players/andrew-johnson/800717286/usa/jt/s/itf-points-breakdown/","doubles","J300 Tucson","J300","2026-03-09","2027-03-08","75","0.25","18.75","true"
"andrew-johnson","Andrew Johnson","USA","Boys","12","https://www.itftennis.com/en/players/andrew-johnson/800717286/usa/jt/s/itf-points-breakdown/","doubles","J100 Bruchkoebel","J100","2025-06-24","2026-06-23","75","0.25","18.75","false"
"andrew-johnson","Andrew Johnson","USA","Boys","12","https://www.itftennis.com/en/players/andrew-johnson/800717286/usa/jt/s/itf-points-breakdown/","doubles","J500 Fort Lauderdale","J500","2025-12-08","2026-12-07","67","0.25","16.75","false"
"andrew-johnson","Andrew Johnson","USA","Boys","12","https://www.itftennis.com/en/players/andrew-johnson/800717286/usa/jt/s/itf-points-breakdown/","doubles","US Open Junior Tennis Championships","JGS","2025-08-31","2026-08-30","0","0.25","0","false"
"niels-mcdonald","Niels McDonald","GER","Boys","13","https://www.itftennis.com/en/players/niels-mcdonald/800572931/ger/jt/s/itf-points-breakdown/","singles","Roland Garros Junior Championships","JGS","2025-06-01","2026-05-31","1000","1","1000","true"
"niels-mcdonald","Niels McDonald","GER","Boys","13","https://www.itftennis.com/en/players/niels-mcdonald/800572931/ger/jt/s/itf-points-breakdown/","singles","J300 Oberpullendorf (Europe Regional Championships)","J300","2025-09-15","2026-09-14","300","1","300","true"
"niels-mcdonald","Niels McDonald","GER","Boys","13","https://www.itftennis.com/en/players/niels-mcdonald/800572931/ger/jt/s/itf-points-breakdown/","singles","The Junior Championships, Wimbledon","JGS","2025-07-05","2026-07-04","90","1","90","true"
"niels-mcdonald","Niels McDonald","GER","Boys","13","https://www.itftennis.com/en/players/niels-mcdonald/800572931/ger/jt/s/itf-points-breakdown/","singles","J300 Roehampton","J300","2025-06-29","2026-06-28","60","1","60","true"
"niels-mcdonald","Niels McDonald","GER","Boys","13","https://www.itftennis.com/en/players/niels-mcdonald/800572931/ger/jt/s/itf-points-breakdown/","singles","J500 Milan","J500","2025-05-19","2026-05-18","0","1","0","true"
"niels-mcdonald","Niels McDonald","GER","Boys","13","https://www.itftennis.com/en/players/niels-mcdonald/800572931/ger/jt/s/itf-points-breakdown/","singles","US Open Junior Tennis Championships","JGS","2025-08-31","2026-08-30","0","1","0","true"
"niels-mcdonald","Niels McDonald","GER","Boys","13","https://www.itftennis.com/en/players/niels-mcdonald/800572931/ger/jt/s/itf-points-breakdown/","doubles","J500 Milan","J500","2025-05-19","2026-05-18","375","0.25","93.75","true"
"niels-mcdonald","Niels McDonald","GER","Boys","13","https://www.itftennis.com/en/players/niels-mcdonald/800572931/ger/jt/s/itf-points-breakdown/","doubles","US Open Junior Tennis Championships","JGS","2025-08-31","2026-08-30","225","0.25","56.25","true"
"niels-mcdonald","Niels McDonald","GER","Boys","13","https://www.itftennis.com/en/players/niels-mcdonald/800572931/ger/jt/s/itf-points-breakdown/","doubles","J300 Roehampton","J300","2025-06-29","2026-06-28","45","0.25","11.25","true"
"niels-mcdonald","Niels McDonald","GER","Boys","13","https://www.itftennis.com/en/players/niels-mcdonald/800572931/ger/jt/s/itf-points-breakdown/","doubles","J300 Oberpullendorf (Europe Regional Championships)","J300","2025-09-15","2026-09-14","45","0.25","11.25","true"
"niels-mcdonald","Niels McDonald","GER","Boys","13","https://www.itftennis.com/en/players/niels-mcdonald/800572931/ger/jt/s/itf-points-breakdown/","doubles","Roland Garros Junior Championships","JGS","2025-06-01","2026-05-31","0","0.25","0","true"
"niels-mcdonald","Niels McDonald","GER","Boys","13","https://www.itftennis.com/en/players/niels-mcdonald/800572931/ger/jt/s/itf-points-breakdown/","doubles","The Junior Championships, Wimbledon","JGS","2025-07-05","2026-07-04","0","0.25","0","true"
"michael-antonius","Michael Antonius","USA","Boys","14","https://www.itftennis.com/en/players/michael-antonius/800732018/usa/jt/s/itf-points-breakdown/","singles","J300 Spring - Pan American ITF","J300","2025-10-06","2026-10-05","300","1","300","true"
"michael-antonius","Michael Antonius","USA","Boys","14","https://www.itftennis.com/en/players/michael-antonius/800732018/usa/jt/s/itf-points-breakdown/","singles","J300 Barranquilla","J300","2026-01-26","2027-01-25","300","1","300","true"
"michael-antonius","Michael Antonius","USA","Boys","14","https://www.itftennis.com/en/players/michael-antonius/800732018/usa/jt/s/itf-points-breakdown/","singles","J300 Salinas","J300","2026-02-02","2027-02-01","300","1","300","true"
"michael-antonius","Michael Antonius","USA","Boys","14","https://www.itftennis.com/en/players/michael-antonius/800732018/usa/jt/s/itf-points-breakdown/","singles","J300 College Park","J300","2025-08-18","2026-08-17","210","1","210","true"
"michael-antonius","Michael Antonius","USA","Boys","14","https://www.itftennis.com/en/players/michael-antonius/800732018/usa/jt/s/itf-points-breakdown/","singles","J200 Corpus Christi","J200","2025-09-29","2026-09-28","100","1","100","true"
"michael-antonius","Michael Antonius","USA","Boys","14","https://www.itftennis.com/en/players/michael-antonius/800732018/usa/jt/s/itf-points-breakdown/","singles","J500 Fort Lauderdale","J500","2025-12-08","2026-12-07","90","1","90","true"
"michael-antonius","Michael Antonius","USA","Boys","14","https://www.itftennis.com/en/players/michael-antonius/800732018/usa/jt/s/itf-points-breakdown/","singles","J300 Charleroi-Marcinelle","J300","2025-05-26","2026-05-25","60","1","60","false"
"michael-antonius","Michael Antonius","USA","Boys","14","https://www.itftennis.com/en/players/michael-antonius/800732018/usa/jt/s/itf-points-breakdown/","singles","J300 Bradenton","J300","2025-12-01","2026-11-30","30","1","30","false"
"michael-antonius","Michael Antonius","USA","Boys","14","https://www.itftennis.com/en/players/michael-antonius/800732018/usa/jt/s/itf-points-breakdown/","singles","US Open Junior Tennis Championships","JGS","2025-08-31","2026-08-30","0","1","0","false"
"michael-antonius","Michael Antonius","USA","Boys","14","https://www.itftennis.com/en/players/michael-antonius/800732018/usa/jt/s/itf-points-breakdown/","doubles","J300 Barranquilla","J300","2026-01-26","2027-01-25","225","0.25","56.25","true"
"michael-antonius","Michael Antonius","USA","Boys","14","https://www.itftennis.com/en/players/michael-antonius/800732018/usa/jt/s/itf-points-breakdown/","doubles","J300 Salinas","J300","2026-02-02","2027-02-01","225","0.25","56.25","true"
"michael-antonius","Michael Antonius","USA","Boys","14","https://www.itftennis.com/en/players/michael-antonius/800732018/usa/jt/s/itf-points-breakdown/","doubles","US Open Junior Tennis Championships","JGS","2025-08-31","2026-08-30","225","0.25","56.25","true"
"michael-antonius","Michael Antonius","USA","Boys","14","https://www.itftennis.com/en/players/michael-antonius/800732018/usa/jt/s/itf-points-breakdown/","doubles","J200 Corpus Christi","J200","2025-09-29","2026-09-28","150","0.25","37.5","true"
"michael-antonius","Michael Antonius","USA","Boys","14","https://www.itftennis.com/en/players/michael-antonius/800732018/usa/jt/s/itf-points-breakdown/","doubles","J300 College Park","J300","2025-08-18","2026-08-17","105","0.25","26.25","true"
"michael-antonius","Michael Antonius","USA","Boys","14","https://www.itftennis.com/en/players/michael-antonius/800732018/usa/jt/s/itf-points-breakdown/","doubles","J300 Spring - Pan American ITF","J300","2025-10-06","2026-10-05","105","0.25","26.25","true"
"michael-antonius","Michael Antonius","USA","Boys","14","https://www.itftennis.com/en/players/michael-antonius/800732018/usa/jt/s/itf-points-breakdown/","doubles","J300 Bradenton","J300","2025-12-01","2026-11-30","105","0.25","26.25","false"
"michael-antonius","Michael Antonius","USA","Boys","14","https://www.itftennis.com/en/players/michael-antonius/800732018/usa/jt/s/itf-points-breakdown/","doubles","J300 Charleroi-Marcinelle","J300","2025-05-26","2026-05-25","75","0.25","18.75","false"
"yannik-alvarez","Yannik Alvarez","PUR","Boys","15","https://www.itftennis.com/en/players/yannik-alvarez/800696168/pur/jt/s/itf-points-breakdown/","singles","J500 Gaspar","J500","2026-03-16","2027-03-15","350","1","350","true"
"yannik-alvarez","Yannik Alvarez","PUR","Boys","15","https://www.itftennis.com/en/players/yannik-alvarez/800696168/pur/jt/s/itf-points-breakdown/","singles","J300 Asuncion","J300","2026-03-02","2027-03-01","210","1","210","true"
"yannik-alvarez","Yannik Alvarez","PUR","Boys","15","https://www.itftennis.com/en/players/yannik-alvarez/800696168/pur/jt/s/itf-points-breakdown/","singles","J300 Santa Croce Sull’Arno","J300","2026-05-11","2027-05-10","210","1","210","true"
"yannik-alvarez","Yannik Alvarez","PUR","Boys","15","https://www.itftennis.com/en/players/yannik-alvarez/800696168/pur/jt/s/itf-points-breakdown/","singles","J500 Fort Lauderdale","J500","2025-12-08","2026-12-07","150","1","150","true"
"yannik-alvarez","Yannik Alvarez","PUR","Boys","15","https://www.itftennis.com/en/players/yannik-alvarez/800696168/pur/jt/s/itf-points-breakdown/","singles","J300 Asuncion (Junior Pan American Games)","J300","2025-08-11","2026-08-10","140","1","140","true"
"yannik-alvarez","Yannik Alvarez","PUR","Boys","15","https://www.itftennis.com/en/players/yannik-alvarez/800696168/pur/jt/s/itf-points-breakdown/","singles","J200 Veracruz","J200","2025-06-23","2026-06-22","100","1","100","true"
"yannik-alvarez","Yannik Alvarez","PUR","Boys","15","https://www.itftennis.com/en/players/yannik-alvarez/800696168/pur/jt/s/itf-points-breakdown/","singles","The Junior Championships, Wimbledon","JGS","2025-07-05","2026-07-04","90","1","90","false"
"yannik-alvarez","Yannik Alvarez","PUR","Boys","15","https://www.itftennis.com/en/players/yannik-alvarez/800696168/pur/jt/s/itf-points-breakdown/","singles","US Open Junior Tennis Championships","JGS","2025-08-31","2026-08-30","90","1","90","false"
"yannik-alvarez","Yannik Alvarez","PUR","Boys","15","https://www.itftennis.com/en/players/yannik-alvarez/800696168/pur/jt/s/itf-points-breakdown/","singles","J300 Charleroi-Marcinelle","J300","2025-05-26","2026-05-25","60","1","60","false"
"yannik-alvarez","Yannik Alvarez","PUR","Boys","15","https://www.itftennis.com/en/players/yannik-alvarez/800696168/pur/jt/s/itf-points-breakdown/","singles","J300 Repentigny","J300","2025-08-24","2026-08-23","60","1","60","false"
"yannik-alvarez","Yannik Alvarez","PUR","Boys","15","https://www.itftennis.com/en/players/yannik-alvarez/800696168/pur/jt/s/itf-points-breakdown/","singles","J300 Traralgon","J300","2026-01-16","2027-01-15","60","1","60","false"
"yannik-alvarez","Yannik Alvarez","PUR","Boys","15","https://www.itftennis.com/en/players/yannik-alvarez/800696168/pur/jt/s/itf-points-breakdown/","singles","J300 Porto Alegre","J300","2026-03-09","2027-03-08","60","1","60","false"
"yannik-alvarez","Yannik Alvarez","PUR","Boys","15","https://www.itftennis.com/en/players/yannik-alvarez/800696168/pur/jt/s/itf-points-breakdown/","singles","J500 Merida","J500","2025-11-24","2026-11-23","45","1","45","false"
"yannik-alvarez","Yannik Alvarez","PUR","Boys","15","https://www.itftennis.com/en/players/yannik-alvarez/800696168/pur/jt/s/itf-points-breakdown/","singles","J300 Bradenton","J300","2025-12-01","2026-11-30","30","1","30","false"
"yannik-alvarez","Yannik Alvarez","PUR","Boys","15","https://www.itftennis.com/en/players/yannik-alvarez/800696168/pur/jt/s/itf-points-breakdown/","singles","J500 Milan","J500","2025-05-19","2026-05-18","0","1","0","false"
"yannik-alvarez","Yannik Alvarez","PUR","Boys","15","https://www.itftennis.com/en/players/yannik-alvarez/800696168/pur/jt/s/itf-points-breakdown/","singles","Roland Garros Junior Championships","JGS","2025-06-01","2026-05-31","0","1","0","false"
"yannik-alvarez","Yannik Alvarez","PUR","Boys","15","https://www.itftennis.com/en/players/yannik-alvarez/800696168/pur/jt/s/itf-points-breakdown/","singles","Australian Open Junior Championships","JGS","2026-01-24","2027-01-23","0","1","0","false"
"yannik-alvarez","Yannik Alvarez","PUR","Boys","15","https://www.itftennis.com/en/players/yannik-alvarez/800696168/pur/jt/s/itf-points-breakdown/","doubles","J500 Fort Lauderdale","J500","2025-12-08","2026-12-07","375","0.25","93.75","true"
"yannik-alvarez","Yannik Alvarez","PUR","Boys","15","https://www.itftennis.com/en/players/yannik-alvarez/800696168/pur/jt/s/itf-points-breakdown/","doubles","US Open Junior Tennis Championships","JGS","2025-08-31","2026-08-30","367","0.25","91.75","true"
"yannik-alvarez","Yannik Alvarez","PUR","Boys","15","https://www.itftennis.com/en/players/yannik-alvarez/800696168/pur/jt/s/itf-points-breakdown/","doubles","J300 Charleroi-Marcinelle","J300","2025-05-26","2026-05-25","225","0.25","56.25","true"
"yannik-alvarez","Yannik Alvarez","PUR","Boys","15","https://www.itftennis.com/en/players/yannik-alvarez/800696168/pur/jt/s/itf-points-breakdown/","doubles","J300 Asuncion","J300","2026-03-02","2027-03-01","225","0.25","56.25","true"
"yannik-alvarez","Yannik Alvarez","PUR","Boys","15","https://www.itftennis.com/en/players/yannik-alvarez/800696168/pur/jt/s/itf-points-breakdown/","doubles","The Junior Championships, Wimbledon","JGS","2025-07-05","2026-07-04","225","0.25","56.25","true"
"yannik-alvarez","Yannik Alvarez","PUR","Boys","15","https://www.itftennis.com/en/players/yannik-alvarez/800696168/pur/jt/s/itf-points-breakdown/","doubles","J300 Repentigny","J300","2025-08-24","2026-08-23","157","0.25","39.25","true"
"yannik-alvarez","Yannik Alvarez","PUR","Boys","15","https://www.itftennis.com/en/players/yannik-alvarez/800696168/pur/jt/s/itf-points-breakdown/","doubles","J300 Bradenton","J300","2025-12-01","2026-11-30","157","0.25","39.25","false"
"yannik-alvarez","Yannik Alvarez","PUR","Boys","15","https://www.itftennis.com/en/players/yannik-alvarez/800696168/pur/jt/s/itf-points-breakdown/","doubles","J300 Porto Alegre","J300","2026-03-09","2027-03-08","157","0.25","39.25","false"
"yannik-alvarez","Yannik Alvarez","PUR","Boys","15","https://www.itftennis.com/en/players/yannik-alvarez/800696168/pur/jt/s/itf-points-breakdown/","doubles","J200 Veracruz","J200","2025-06-23","2026-06-22","150","0.25","37.5","false"
"yannik-alvarez","Yannik Alvarez","PUR","Boys","15","https://www.itftennis.com/en/players/yannik-alvarez/800696168/pur/jt/s/itf-points-breakdown/","doubles","Roland Garros Junior Championships","JGS","2025-06-01","2026-05-31","135","0.25","33.75","false"
"yannik-alvarez","Yannik Alvarez","PUR","Boys","15","https://www.itftennis.com/en/players/yannik-alvarez/800696168/pur/jt/s/itf-points-breakdown/","doubles","J500 Gaspar","J500","2026-03-16","2027-03-15","112","0.25","28","false"
"yannik-alvarez","Yannik Alvarez","PUR","Boys","15","https://www.itftennis.com/en/players/yannik-alvarez/800696168/pur/jt/s/itf-points-breakdown/","doubles","J500 Merida","J500","2025-11-24","2026-11-23","67","0.25","16.75","false"
"yannik-alvarez","Yannik Alvarez","PUR","Boys","15","https://www.itftennis.com/en/players/yannik-alvarez/800696168/pur/jt/s/itf-points-breakdown/","doubles","J500 Milan","J500","2025-05-19","2026-05-18","0","0.25","0","false"
"yannik-alvarez","Yannik Alvarez","PUR","Boys","15","https://www.itftennis.com/en/players/yannik-alvarez/800696168/pur/jt/s/itf-points-breakdown/","doubles","J300 Traralgon","J300","2026-01-16","2027-01-15","0","0.25","0","false"
"yannik-alvarez","Yannik Alvarez","PUR","Boys","15","https://www.itftennis.com/en/players/yannik-alvarez/800696168/pur/jt/s/itf-points-breakdown/","doubles","J300 Santa Croce Sull’Arno","J300","2026-05-11","2027-05-10","0","0.25","0","false"
"yannik-alvarez","Yannik Alvarez","PUR","Boys","15","https://www.itftennis.com/en/players/yannik-alvarez/800696168/pur/jt/s/itf-points-breakdown/","doubles","Australian Open Junior Championships","JGS","2026-01-24","2027-01-23","0","0.25","0","false"
"dante-pagani","Dante Pagani","ARG","Boys","16","https://www.itftennis.com/en/players/dante-pagani/800658369/arg/jt/s/itf-points-breakdown/","singles","J500 Gaspar","J500","2026-03-16","2027-03-15","500","1","500","true"
"dante-pagani","Dante Pagani","ARG","Boys","16","https://www.itftennis.com/en/players/dante-pagani/800658369/arg/jt/s/itf-points-breakdown/","singles","J300 Asuncion (Junior Pan American Games)","J300","2025-08-11","2026-08-10","210","1","210","true"
"dante-pagani","Dante Pagani","ARG","Boys","16","https://www.itftennis.com/en/players/dante-pagani/800658369/arg/jt/s/itf-points-breakdown/","singles","J200 Salta","J200","2025-10-06","2026-10-05","200","1","200","true"
"dante-pagani","Dante Pagani","ARG","Boys","16","https://www.itftennis.com/en/players/dante-pagani/800658369/arg/jt/s/itf-points-breakdown/","singles","J300 Santa Cruz (South America Regional Championships)","J300","2026-02-23","2027-02-22","140","1","140","true"
"dante-pagani","Dante Pagani","ARG","Boys","16","https://www.itftennis.com/en/players/dante-pagani/800658369/arg/jt/s/itf-points-breakdown/","singles","J300 Porto Alegre","J300","2026-03-09","2027-03-08","100","1","100","true"
"dante-pagani","Dante Pagani","ARG","Boys","16","https://www.itftennis.com/en/players/dante-pagani/800658369/arg/jt/s/itf-points-breakdown/","singles","Roland Garros Junior Championships","JGS","2025-06-01","2026-05-31","90","1","90","true"
"dante-pagani","Dante Pagani","ARG","Boys","16","https://www.itftennis.com/en/players/dante-pagani/800658369/arg/jt/s/itf-points-breakdown/","singles","US Open Junior Tennis Championships","JGS","2025-08-31","2026-08-30","90","1","90","false"
"dante-pagani","Dante Pagani","ARG","Boys","16","https://www.itftennis.com/en/players/dante-pagani/800658369/arg/jt/s/itf-points-breakdown/","singles","J300 Repentigny","J300","2025-08-24","2026-08-23","60","1","60","false"
"dante-pagani","Dante Pagani","ARG","Boys","16","https://www.itftennis.com/en/players/dante-pagani/800658369/arg/jt/s/itf-points-breakdown/","singles","J500 Milan","J500","2025-05-19","2026-05-18","0","1","0","false"
"dante-pagani","Dante Pagani","ARG","Boys","16","https://www.itftennis.com/en/players/dante-pagani/800658369/arg/jt/s/itf-points-breakdown/","singles","J300 Roehampton","J300","2025-06-29","2026-06-28","0","1","0","false"
"dante-pagani","Dante Pagani","ARG","Boys","16","https://www.itftennis.com/en/players/dante-pagani/800658369/arg/jt/s/itf-points-breakdown/","singles","The Junior Championships, Wimbledon","JGS","2025-07-05","2026-07-04","0","1","0","false"
"dante-pagani","Dante Pagani","ARG","Boys","16","https://www.itftennis.com/en/players/dante-pagani/800658369/arg/jt/s/itf-points-breakdown/","doubles","J300 Asuncion (Junior Pan American Games)","J300","2025-08-11","2026-08-10","225","0.25","56.25","true"
"dante-pagani","Dante Pagani","ARG","Boys","16","https://www.itftennis.com/en/players/dante-pagani/800658369/arg/jt/s/itf-points-breakdown/","doubles","J300 Santa Cruz (South America Regional Championships)","J300","2026-02-23","2027-02-22","225","0.25","56.25","true"
"dante-pagani","Dante Pagani","ARG","Boys","16","https://www.itftennis.com/en/players/dante-pagani/800658369/arg/jt/s/itf-points-breakdown/","doubles","J500 Gaspar","J500","2026-03-16","2027-03-15","187","0.25","46.75","true"
"dante-pagani","Dante Pagani","ARG","Boys","16","https://www.itftennis.com/en/players/dante-pagani/800658369/arg/jt/s/itf-points-breakdown/","doubles","Roland Garros Junior Championships","JGS","2025-06-01","2026-05-31","135","0.25","33.75","true"
"dante-pagani","Dante Pagani","ARG","Boys","16","https://www.itftennis.com/en/players/dante-pagani/800658369/arg/jt/s/itf-points-breakdown/","doubles","J300 Porto Alegre","J300","2026-03-09","2027-03-08","75","0.25","18.75","true"
"dante-pagani","Dante Pagani","ARG","Boys","16","https://www.itftennis.com/en/players/dante-pagani/800658369/arg/jt/s/itf-points-breakdown/","doubles","J500 Milan","J500","2025-05-19","2026-05-18","67","0.25","16.75","true"
"dante-pagani","Dante Pagani","ARG","Boys","16","https://www.itftennis.com/en/players/dante-pagani/800658369/arg/jt/s/itf-points-breakdown/","doubles","J200 Salta","J200","2025-10-06","2026-10-05","45","0.25","11.25","false"
"dante-pagani","Dante Pagani","ARG","Boys","16","https://www.itftennis.com/en/players/dante-pagani/800658369/arg/jt/s/itf-points-breakdown/","doubles","J300 Roehampton","J300","2025-06-29","2026-06-28","0","0.25","0","false"
"dante-pagani","Dante Pagani","ARG","Boys","16","https://www.itftennis.com/en/players/dante-pagani/800658369/arg/jt/s/itf-points-breakdown/","doubles","J300 Repentigny","J300","2025-08-24","2026-08-23","0","0.25","0","false"
"dante-pagani","Dante Pagani","ARG","Boys","16","https://www.itftennis.com/en/players/dante-pagani/800658369/arg/jt/s/itf-points-breakdown/","doubles","The Junior Championships, Wimbledon","JGS","2025-07-05","2026-07-04","0","0.25","0","false"
"dante-pagani","Dante Pagani","ARG","Boys","16","https://www.itftennis.com/en/players/dante-pagani/800658369/arg/jt/s/itf-points-breakdown/","doubles","US Open Junior Tennis Championships","JGS","2025-08-31","2026-08-30","0","0.25","0","false"
"kuan-shou-chen","Kuan-Shou Chen","TPE","Boys","17","https://www.itftennis.com/en/players/kuan-shou-chen/800692766/tpe/jt/s/itf-points-breakdown/","singles","Australian Open Junior Championships","JGS","2026-01-24","2027-01-23","300","1","300","true"
"kuan-shou-chen","Kuan-Shou Chen","TPE","Boys","17","https://www.itftennis.com/en/players/kuan-shou-chen/800692766/tpe/jt/s/itf-points-breakdown/","singles","J300 Beijing","J300","2025-09-16","2026-09-15","210","1","210","true"
"kuan-shou-chen","Kuan-Shou Chen","TPE","Boys","17","https://www.itftennis.com/en/players/kuan-shou-chen/800692766/tpe/jt/s/itf-points-breakdown/","singles","J300 Wanju (Closed Asia Regional Championship)","J300","2025-10-06","2026-10-05","210","1","210","true"
"kuan-shou-chen","Kuan-Shou Chen","TPE","Boys","17","https://www.itftennis.com/en/players/kuan-shou-chen/800692766/tpe/jt/s/itf-points-breakdown/","singles","J300 Traralgon","J300","2026-01-16","2027-01-15","210","1","210","true"
"kuan-shou-chen","Kuan-Shou Chen","TPE","Boys","17","https://www.itftennis.com/en/players/kuan-shou-chen/800692766/tpe/jt/s/itf-points-breakdown/","singles","J200 Nanjing","J200","2025-09-09","2026-09-08","200","1","200","true"
"kuan-shou-chen","Kuan-Shou Chen","TPE","Boys","17","https://www.itftennis.com/en/players/kuan-shou-chen/800692766/tpe/jt/s/itf-points-breakdown/","singles","J300 Repentigny","J300","2025-08-24","2026-08-23","100","1","100","true"
"kuan-shou-chen","Kuan-Shou Chen","TPE","Boys","17","https://www.itftennis.com/en/players/kuan-shou-chen/800692766/tpe/jt/s/itf-points-breakdown/","singles","Roland Garros Junior Championships","JGS","2025-06-01","2026-05-31","90","1","90","false"
"kuan-shou-chen","Kuan-Shou Chen","TPE","Boys","17","https://www.itftennis.com/en/players/kuan-shou-chen/800692766/tpe/jt/s/itf-points-breakdown/","singles","J300 Charleroi-Marcinelle","J300","2025-05-26","2026-05-25","60","1","60","false"
"kuan-shou-chen","Kuan-Shou Chen","TPE","Boys","17","https://www.itftennis.com/en/players/kuan-shou-chen/800692766/tpe/jt/s/itf-points-breakdown/","singles","J200 Chuncheon","J200","2025-09-30","2026-09-29","60","1","60","false"
"kuan-shou-chen","Kuan-Shou Chen","TPE","Boys","17","https://www.itftennis.com/en/players/kuan-shou-chen/800692766/tpe/jt/s/itf-points-breakdown/","singles","J500 Milan","J500","2025-05-19","2026-05-18","45","1","45","false"
"kuan-shou-chen","Kuan-Shou Chen","TPE","Boys","17","https://www.itftennis.com/en/players/kuan-shou-chen/800692766/tpe/jt/s/itf-points-breakdown/","singles","J500 Osaka","J500","2025-09-22","2026-09-21","45","1","45","false"
"kuan-shou-chen","Kuan-Shou Chen","TPE","Boys","17","https://www.itftennis.com/en/players/kuan-shou-chen/800692766/tpe/jt/s/itf-points-breakdown/","singles","J500 Fort Lauderdale","J500","2025-12-08","2026-12-07","45","1","45","false"
"kuan-shou-chen","Kuan-Shou Chen","TPE","Boys","17","https://www.itftennis.com/en/players/kuan-shou-chen/800692766/tpe/jt/s/itf-points-breakdown/","singles","J300 Bradenton","J300","2025-12-01","2026-11-30","30","1","30","false"
"kuan-shou-chen","Kuan-Shou Chen","TPE","Boys","17","https://www.itftennis.com/en/players/kuan-shou-chen/800692766/tpe/jt/s/itf-points-breakdown/","singles","J300 Roehampton","J300","2025-06-29","2026-06-28","0","1","0","false"
"kuan-shou-chen","Kuan-Shou Chen","TPE","Boys","17","https://www.itftennis.com/en/players/kuan-shou-chen/800692766/tpe/jt/s/itf-points-breakdown/","singles","J300 Santa Croce Sull’Arno","J300","2026-05-11","2027-05-10","0","1","0","false"
"kuan-shou-chen","Kuan-Shou Chen","TPE","Boys","17","https://www.itftennis.com/en/players/kuan-shou-chen/800692766/tpe/jt/s/itf-points-breakdown/","singles","The Junior Championships, Wimbledon","JGS","2025-07-05","2026-07-04","0","1","0","false"
"kuan-shou-chen","Kuan-Shou Chen","TPE","Boys","17","https://www.itftennis.com/en/players/kuan-shou-chen/800692766/tpe/jt/s/itf-points-breakdown/","singles","US Open Junior Tennis Championships","JGS","2025-08-31","2026-08-30","0","1","0","false"
"kuan-shou-chen","Kuan-Shou Chen","TPE","Boys","17","https://www.itftennis.com/en/players/kuan-shou-chen/800692766/tpe/jt/s/itf-points-breakdown/","doubles","J500 Osaka","J500","2025-09-22","2026-09-21","187","0.25","46.75","true"
"kuan-shou-chen","Kuan-Shou Chen","TPE","Boys","17","https://www.itftennis.com/en/players/kuan-shou-chen/800692766/tpe/jt/s/itf-points-breakdown/","doubles","J300 Wanju (Closed Asia Regional Championship)","J300","2025-10-06","2026-10-05","157","0.25","39.25","true"
"kuan-shou-chen","Kuan-Shou Chen","TPE","Boys","17","https://www.itftennis.com/en/players/kuan-shou-chen/800692766/tpe/jt/s/itf-points-breakdown/","doubles","J300 Traralgon","J300","2026-01-16","2027-01-15","157","0.25","39.25","true"
"kuan-shou-chen","Kuan-Shou Chen","TPE","Boys","17","https://www.itftennis.com/en/players/kuan-shou-chen/800692766/tpe/jt/s/itf-points-breakdown/","doubles","J500 Milan","J500","2025-05-19","2026-05-18","112","0.25","28","true"
"kuan-shou-chen","Kuan-Shou Chen","TPE","Boys","17","https://www.itftennis.com/en/players/kuan-shou-chen/800692766/tpe/jt/s/itf-points-breakdown/","doubles","J500 Fort Lauderdale","J500","2025-12-08","2026-12-07","112","0.25","28","true"
"kuan-shou-chen","Kuan-Shou Chen","TPE","Boys","17","https://www.itftennis.com/en/players/kuan-shou-chen/800692766/tpe/jt/s/itf-points-breakdown/","doubles","J300 Charleroi-Marcinelle","J300","2025-05-26","2026-05-25","105","0.25","26.25","true"
"kuan-shou-chen","Kuan-Shou Chen","TPE","Boys","17","https://www.itftennis.com/en/players/kuan-shou-chen/800692766/tpe/jt/s/itf-points-breakdown/","doubles","J300 Repentigny","J300","2025-08-24","2026-08-23","105","0.25","26.25","false"
"kuan-shou-chen","Kuan-Shou Chen","TPE","Boys","17","https://www.itftennis.com/en/players/kuan-shou-chen/800692766/tpe/jt/s/itf-points-breakdown/","doubles","J300 Roehampton","J300","2025-06-29","2026-06-28","75","0.25","18.75","false"
"kuan-shou-chen","Kuan-Shou Chen","TPE","Boys","17","https://www.itftennis.com/en/players/kuan-shou-chen/800692766/tpe/jt/s/itf-points-breakdown/","doubles","J300 Beijing","J300","2025-09-16","2026-09-15","75","0.25","18.75","false"
"kuan-shou-chen","Kuan-Shou Chen","TPE","Boys","17","https://www.itftennis.com/en/players/kuan-shou-chen/800692766/tpe/jt/s/itf-points-breakdown/","doubles","J300 Santa Croce Sull’Arno","J300","2026-05-11","2027-05-10","75","0.25","18.75","false"
"kuan-shou-chen","Kuan-Shou Chen","TPE","Boys","17","https://www.itftennis.com/en/players/kuan-shou-chen/800692766/tpe/jt/s/itf-points-breakdown/","doubles","J200 Chuncheon","J200","2025-09-30","2026-09-29","75","0.25","18.75","false"
"kuan-shou-chen","Kuan-Shou Chen","TPE","Boys","17","https://www.itftennis.com/en/players/kuan-shou-chen/800692766/tpe/jt/s/itf-points-breakdown/","doubles","J200 Nanjing","J200","2025-09-09","2026-09-08","45","0.25","11.25","false"
"kuan-shou-chen","Kuan-Shou Chen","TPE","Boys","17","https://www.itftennis.com/en/players/kuan-shou-chen/800692766/tpe/jt/s/itf-points-breakdown/","doubles","J300 Bradenton","J300","2025-12-01","2026-11-30","0","0.25","0","false"
"kuan-shou-chen","Kuan-Shou Chen","TPE","Boys","17","https://www.itftennis.com/en/players/kuan-shou-chen/800692766/tpe/jt/s/itf-points-breakdown/","doubles","Roland Garros Junior Championships","JGS","2025-06-01","2026-05-31","0","0.25","0","false"
"kuan-shou-chen","Kuan-Shou Chen","TPE","Boys","17","https://www.itftennis.com/en/players/kuan-shou-chen/800692766/tpe/jt/s/itf-points-breakdown/","doubles","The Junior Championships, Wimbledon","JGS","2025-07-05","2026-07-04","0","0.25","0","false"
"kuan-shou-chen","Kuan-Shou Chen","TPE","Boys","17","https://www.itftennis.com/en/players/kuan-shou-chen/800692766/tpe/jt/s/itf-points-breakdown/","doubles","US Open Junior Tennis Championships","JGS","2025-08-31","2026-08-30","0","0.25","0","false"
"kuan-shou-chen","Kuan-Shou Chen","TPE","Boys","17","https://www.itftennis.com/en/players/kuan-shou-chen/800692766/tpe/jt/s/itf-points-breakdown/","doubles","Australian Open Junior Championships","JGS","2026-01-24","2027-01-23","0","0.25","0","false"
"nikita-belozertsev","Nikita Belozertsev","UZB","Boys","18","https://www.itftennis.com/en/players/nikita-belozertsev/800590346/uzb/jt/s/itf-points-breakdown/","singles","J300 Astana","J300","2025-09-08","2026-09-07","300","1","300","true"
"nikita-belozertsev","Nikita Belozertsev","UZB","Boys","18","https://www.itftennis.com/en/players/nikita-belozertsev/800590346/uzb/jt/s/itf-points-breakdown/","singles","J500 Milan","J500","2025-05-19","2026-05-18","250","1","250","true"
"nikita-belozertsev","Nikita Belozertsev","UZB","Boys","18","https://www.itftennis.com/en/players/nikita-belozertsev/800590346/uzb/jt/s/itf-points-breakdown/","singles","Roland Garros Junior Championships","JGS","2025-06-01","2026-05-31","180","1","180","true"
"nikita-belozertsev","Nikita Belozertsev","UZB","Boys","18","https://www.itftennis.com/en/players/nikita-belozertsev/800590346/uzb/jt/s/itf-points-breakdown/","singles","The Junior Championships, Wimbledon","JGS","2025-07-05","2026-07-04","180","1","180","true"
"nikita-belozertsev","Nikita Belozertsev","UZB","Boys","18","https://www.itftennis.com/en/players/nikita-belozertsev/800590346/uzb/jt/s/itf-points-breakdown/","singles","Australian Open Junior Championships","JGS","2026-01-24","2027-01-23","180","1","180","true"
"nikita-belozertsev","Nikita Belozertsev","UZB","Boys","18","https://www.itftennis.com/en/players/nikita-belozertsev/800590346/uzb/jt/s/itf-points-breakdown/","singles","J500 Offenbach","J500","2026-05-04","2027-05-03","150","1","150","true"
"nikita-belozertsev","Nikita Belozertsev","UZB","Boys","18","https://www.itftennis.com/en/players/nikita-belozertsev/800590346/uzb/jt/s/itf-points-breakdown/","singles","J300 Charleroi-Marcinelle","J300","2025-05-26","2026-05-25","140","1","140","false"
"nikita-belozertsev","Nikita Belozertsev","UZB","Boys","18","https://www.itftennis.com/en/players/nikita-belozertsev/800590346/uzb/jt/s/itf-points-breakdown/","singles","J500 Cairo","J500","2026-04-06","2027-04-05","90","1","90","false"
"nikita-belozertsev","Nikita Belozertsev","UZB","Boys","18","https://www.itftennis.com/en/players/nikita-belozertsev/800590346/uzb/jt/s/itf-points-breakdown/","singles","US Open Junior Tennis Championships","JGS","2025-08-31","2026-08-30","0","1","0","false"
"nikita-belozertsev","Nikita Belozertsev","UZB","Boys","18","https://www.itftennis.com/en/players/nikita-belozertsev/800590346/uzb/jt/s/itf-points-breakdown/","doubles","J300 Astana","J300","2025-09-08","2026-09-07","225","0.25","56.25","true"
"nikita-belozertsev","Nikita Belozertsev","UZB","Boys","18","https://www.itftennis.com/en/players/nikita-belozertsev/800590346/uzb/jt/s/itf-points-breakdown/","doubles","J500 Cairo","J500","2026-04-06","2027-04-05","187","0.25","46.75","true"
"nikita-belozertsev","Nikita Belozertsev","UZB","Boys","18","https://www.itftennis.com/en/players/nikita-belozertsev/800590346/uzb/jt/s/itf-points-breakdown/","doubles","Roland Garros Junior Championships","JGS","2025-06-01","2026-05-31","135","0.25","33.75","true"
"nikita-belozertsev","Nikita Belozertsev","UZB","Boys","18","https://www.itftennis.com/en/players/nikita-belozertsev/800590346/uzb/jt/s/itf-points-breakdown/","doubles","J300 Charleroi-Marcinelle","J300","2025-05-26","2026-05-25","105","0.25","26.25","true"
"nikita-belozertsev","Nikita Belozertsev","UZB","Boys","18","https://www.itftennis.com/en/players/nikita-belozertsev/800590346/uzb/jt/s/itf-points-breakdown/","doubles","J500 Milan","J500","2025-05-19","2026-05-18","67","0.25","16.75","true"
"nikita-belozertsev","Nikita Belozertsev","UZB","Boys","18","https://www.itftennis.com/en/players/nikita-belozertsev/800590346/uzb/jt/s/itf-points-breakdown/","doubles","J500 Offenbach","J500","2026-05-04","2027-05-03","67","0.25","16.75","true"
"nikita-belozertsev","Nikita Belozertsev","UZB","Boys","18","https://www.itftennis.com/en/players/nikita-belozertsev/800590346/uzb/jt/s/itf-points-breakdown/","doubles","The Junior Championships, Wimbledon","JGS","2025-07-05","2026-07-04","0","0.25","0","false"
"nikita-belozertsev","Nikita Belozertsev","UZB","Boys","18","https://www.itftennis.com/en/players/nikita-belozertsev/800590346/uzb/jt/s/itf-points-breakdown/","doubles","US Open Junior Tennis Championships","JGS","2025-08-31","2026-08-30","0","0.25","0","false"
"nikita-belozertsev","Nikita Belozertsev","UZB","Boys","18","https://www.itftennis.com/en/players/nikita-belozertsev/800590346/uzb/jt/s/itf-points-breakdown/","doubles","Australian Open Junior Championships","JGS","2026-01-24","2027-01-23","0","0.25","0","false"
"nicolas-baena","Nicolas Baena","PER","Boys","19","https://www.itftennis.com/en/players/nicolas-baena/800600773/per/jt/s/itf-points-breakdown/","singles","J300 Santa Cruz (South America Regional Championships)","J300","2026-02-23","2027-02-22","300","1","300","true"
"nicolas-baena","Nicolas Baena","PER","Boys","19","https://www.itftennis.com/en/players/nicolas-baena/800600773/per/jt/s/itf-points-breakdown/","singles","J500 Gaspar","J500","2026-03-16","2027-03-15","250","1","250","true"
"nicolas-baena","Nicolas Baena","PER","Boys","19","https://www.itftennis.com/en/players/nicolas-baena/800600773/per/jt/s/itf-points-breakdown/","singles","J200 Santa Cruz","J200","2025-11-03","2026-11-02","200","1","200","true"
"nicolas-baena","Nicolas Baena","PER","Boys","19","https://www.itftennis.com/en/players/nicolas-baena/800600773/per/jt/s/itf-points-breakdown/","singles","J200 La Paz","J200","2025-11-10","2026-11-09","200","1","200","true"
"nicolas-baena","Nicolas Baena","PER","Boys","19","https://www.itftennis.com/en/players/nicolas-baena/800600773/per/jt/s/itf-points-breakdown/","singles","J300 Asuncion (Junior Pan American Games)","J300","2025-08-11","2026-08-10","100","1","100","true"
"nicolas-baena","Nicolas Baena","PER","Boys","19","https://www.itftennis.com/en/players/nicolas-baena/800600773/per/jt/s/itf-points-breakdown/","singles","J200 Bogota","J200","2025-07-14","2026-07-13","100","1","100","true"
"nicolas-baena","Nicolas Baena","PER","Boys","19","https://www.itftennis.com/en/players/nicolas-baena/800600773/per/jt/s/itf-points-breakdown/","singles","J300 Asuncion","J300","2026-03-02","2027-03-01","60","1","60","false"
"nicolas-baena","Nicolas Baena","PER","Boys","19","https://www.itftennis.com/en/players/nicolas-baena/800600773/per/jt/s/itf-points-breakdown/","singles","J200 Santiago","J200","2025-09-29","2026-09-28","60","1","60","false"
"nicolas-baena","Nicolas Baena","PER","Boys","19","https://www.itftennis.com/en/players/nicolas-baena/800600773/per/jt/s/itf-points-breakdown/","singles","J200 Salta","J200","2025-10-06","2026-10-05","60","1","60","false"
"nicolas-baena","Nicolas Baena","PER","Boys","19","https://www.itftennis.com/en/players/nicolas-baena/800600773/per/jt/s/itf-points-breakdown/","singles","J100 Medellin","J100","2025-07-07","2026-07-06","60","1","60","false"
"nicolas-baena","Nicolas Baena","PER","Boys","19","https://www.itftennis.com/en/players/nicolas-baena/800600773/per/jt/s/itf-points-breakdown/","singles","J200 Lima","J200","2025-09-22","2026-09-21","36","1","36","false"
"nicolas-baena","Nicolas Baena","PER","Boys","19","https://www.itftennis.com/en/players/nicolas-baena/800600773/per/jt/s/itf-points-breakdown/","singles","J500 Fort Lauderdale","J500","2025-12-08","2026-12-07","0","1","0","false"
"nicolas-baena","Nicolas Baena","PER","Boys","19","https://www.itftennis.com/en/players/nicolas-baena/800600773/per/jt/s/itf-points-breakdown/","singles","J300 Lima","J300","2026-02-09","2027-02-08","0","1","0","false"
"nicolas-baena","Nicolas Baena","PER","Boys","19","https://www.itftennis.com/en/players/nicolas-baena/800600773/per/jt/s/itf-points-breakdown/","singles","J300 Porto Alegre","J300","2026-03-09","2027-03-08","0","1","0","false"
"nicolas-baena","Nicolas Baena","PER","Boys","19","https://www.itftennis.com/en/players/nicolas-baena/800600773/per/jt/s/itf-points-breakdown/","singles","J300 Santa Croce Sull’Arno","J300","2026-05-11","2027-05-10","0","1","0","false"
"nicolas-baena","Nicolas Baena","PER","Boys","19","https://www.itftennis.com/en/players/nicolas-baena/800600773/per/jt/s/itf-points-breakdown/","doubles","J300 Santa Cruz (South America Regional Championships)","J300","2026-02-23","2027-02-22","225","0.25","56.25","true"
"nicolas-baena","Nicolas Baena","PER","Boys","19","https://www.itftennis.com/en/players/nicolas-baena/800600773/per/jt/s/itf-points-breakdown/","doubles","J500 Gaspar","J500","2026-03-16","2027-03-15","187","0.25","46.75","true"
"nicolas-baena","Nicolas Baena","PER","Boys","19","https://www.itftennis.com/en/players/nicolas-baena/800600773/per/jt/s/itf-points-breakdown/","doubles","J200 Salta","J200","2025-10-06","2026-10-05","150","0.25","37.5","true"
"nicolas-baena","Nicolas Baena","PER","Boys","19","https://www.itftennis.com/en/players/nicolas-baena/800600773/per/jt/s/itf-points-breakdown/","doubles","J200 La Paz","J200","2025-11-10","2026-11-09","150","0.25","37.5","true"
"nicolas-baena","Nicolas Baena","PER","Boys","19","https://www.itftennis.com/en/players/nicolas-baena/800600773/per/jt/s/itf-points-breakdown/","doubles","J200 Bogota","J200","2025-07-14","2026-07-13","105","0.25","26.25","true"
"nicolas-baena","Nicolas Baena","PER","Boys","19","https://www.itftennis.com/en/players/nicolas-baena/800600773/per/jt/s/itf-points-breakdown/","doubles","J200 Santiago","J200","2025-09-29","2026-09-28","105","0.25","26.25","true"
"nicolas-baena","Nicolas Baena","PER","Boys","19","https://www.itftennis.com/en/players/nicolas-baena/800600773/per/jt/s/itf-points-breakdown/","doubles","J300 Lima","J300","2026-02-09","2027-02-08","75","0.25","18.75","false"
"nicolas-baena","Nicolas Baena","PER","Boys","19","https://www.itftennis.com/en/players/nicolas-baena/800600773/per/jt/s/itf-points-breakdown/","doubles","J300 Porto Alegre","J300","2026-03-09","2027-03-08","75","0.25","18.75","false"
"nicolas-baena","Nicolas Baena","PER","Boys","19","https://www.itftennis.com/en/players/nicolas-baena/800600773/per/jt/s/itf-points-breakdown/","doubles","J200 Santa Cruz","J200","2025-11-03","2026-11-02","45","0.25","11.25","false"
"nicolas-baena","Nicolas Baena","PER","Boys","19","https://www.itftennis.com/en/players/nicolas-baena/800600773/per/jt/s/itf-points-breakdown/","doubles","J100 Medellin","J100","2025-07-07","2026-07-06","27","0.25","6.75","false"
"nicolas-baena","Nicolas Baena","PER","Boys","19","https://www.itftennis.com/en/players/nicolas-baena/800600773/per/jt/s/itf-points-breakdown/","doubles","J500 Fort Lauderdale","J500","2025-12-08","2026-12-07","0","0.25","0","false"
"nicolas-baena","Nicolas Baena","PER","Boys","19","https://www.itftennis.com/en/players/nicolas-baena/800600773/per/jt/s/itf-points-breakdown/","doubles","J300 Asuncion","J300","2026-03-02","2027-03-01","0","0.25","0","false"
"nicolas-baena","Nicolas Baena","PER","Boys","19","https://www.itftennis.com/en/players/nicolas-baena/800600773/per/jt/s/itf-points-breakdown/","doubles","J300 Santa Croce Sull’Arno","J300","2026-05-11","2027-05-10","0","0.25","0","false"
"nicolas-baena","Nicolas Baena","PER","Boys","19","https://www.itftennis.com/en/players/nicolas-baena/800600773/per/jt/s/itf-points-breakdown/","doubles","J200 Lima","J200","2025-09-22","2026-09-21","0","0.25","0","false"
"tito-chavez","Tito Chavez","ESP","Boys","20","https://www.itftennis.com/en/players/tito-chavez/800590474/esp/jt/s/itf-points-breakdown/","singles","J500 Offenbach","J500","2026-05-04","2027-05-03","250","1","250","true"
"tito-chavez","Tito Chavez","ESP","Boys","20","https://www.itftennis.com/en/players/tito-chavez/800590474/esp/jt/s/itf-points-breakdown/","singles","J300 Bamberg","J300","2025-06-10","2026-06-09","210","1","210","true"
"tito-chavez","Tito Chavez","ESP","Boys","20","https://www.itftennis.com/en/players/tito-chavez/800590474/esp/jt/s/itf-points-breakdown/","singles","J300 Cairo","J300","2026-03-30","2027-03-29","210","1","210","true"
"tito-chavez","Tito Chavez","ESP","Boys","20","https://www.itftennis.com/en/players/tito-chavez/800590474/esp/jt/s/itf-points-breakdown/","singles","US Open Junior Tennis Championships","JGS","2025-08-31","2026-08-30","180","1","180","true"
"tito-chavez","Tito Chavez","ESP","Boys","20","https://www.itftennis.com/en/players/tito-chavez/800590474/esp/jt/s/itf-points-breakdown/","singles","J500 Osaka","J500","2025-09-22","2026-09-21","150","1","150","true"
"tito-chavez","Tito Chavez","ESP","Boys","20","https://www.itftennis.com/en/players/tito-chavez/800590474/esp/jt/s/itf-points-breakdown/","singles","J300 Beijing","J300","2025-09-16","2026-09-15","140","1","140","true"
"tito-chavez","Tito Chavez","ESP","Boys","20","https://www.itftennis.com/en/players/tito-chavez/800590474/esp/jt/s/itf-points-breakdown/","singles","J300 Traralgon","J300","2026-01-16","2027-01-15","100","1","100","false"
"tito-chavez","Tito Chavez","ESP","Boys","20","https://www.itftennis.com/en/players/tito-chavez/800590474/esp/jt/s/itf-points-breakdown/","singles","J300 Vrsar","J300","2026-03-23","2027-03-22","100","1","100","false"
"tito-chavez","Tito Chavez","ESP","Boys","20","https://www.itftennis.com/en/players/tito-chavez/800590474/esp/jt/s/itf-points-breakdown/","singles","J300 Bytom","J300","2025-07-22","2026-07-21","60","1","60","false"
"tito-chavez","Tito Chavez","ESP","Boys","20","https://www.itftennis.com/en/players/tito-chavez/800590474/esp/jt/s/itf-points-breakdown/","singles","J300 Repentigny","J300","2025-08-24","2026-08-23","60","1","60","false"
"tito-chavez","Tito Chavez","ESP","Boys","20","https://www.itftennis.com/en/players/tito-chavez/800590474/esp/jt/s/itf-points-breakdown/","singles","J200 Gladbeck","J200","2025-06-17","2026-06-16","36","1","36","false"
"tito-chavez","Tito Chavez","ESP","Boys","20","https://www.itftennis.com/en/players/tito-chavez/800590474/esp/jt/s/itf-points-breakdown/","singles","J300 Roehampton","J300","2025-06-29","2026-06-28","30","1","30","false"
"tito-chavez","Tito Chavez","ESP","Boys","20","https://www.itftennis.com/en/players/tito-chavez/800590474/esp/jt/s/itf-points-breakdown/","singles","The Junior Championships, Wimbledon","JGS","2025-07-05","2026-07-04","20","1","20","false"
"tito-chavez","Tito Chavez","ESP","Boys","20","https://www.itftennis.com/en/players/tito-chavez/800590474/esp/jt/s/itf-points-breakdown/","singles","J500 Merida","J500","2025-11-24","2026-11-23","0","1","0","false"
"tito-chavez","Tito Chavez","ESP","Boys","20","https://www.itftennis.com/en/players/tito-chavez/800590474/esp/jt/s/itf-points-breakdown/","singles","J500 Fort Lauderdale","J500","2025-12-08","2026-12-07","0","1","0","false"
"tito-chavez","Tito Chavez","ESP","Boys","20","https://www.itftennis.com/en/players/tito-chavez/800590474/esp/jt/s/itf-points-breakdown/","singles","J300 Bradenton","J300","2025-12-01","2026-11-30","0","1","0","false"
"tito-chavez","Tito Chavez","ESP","Boys","20","https://www.itftennis.com/en/players/tito-chavez/800590474/esp/jt/s/itf-points-breakdown/","singles","J300 Villena","J300","2026-03-16","2027-03-15","0","1","0","false"
"tito-chavez","Tito Chavez","ESP","Boys","20","https://www.itftennis.com/en/players/tito-chavez/800590474/esp/jt/s/itf-points-breakdown/","singles","Roland Garros Junior Championships","JGS","2025-06-01","2026-05-31","0","1","0","false"
"tito-chavez","Tito Chavez","ESP","Boys","20","https://www.itftennis.com/en/players/tito-chavez/800590474/esp/jt/s/itf-points-breakdown/","singles","Australian Open Junior Championships","JGS","2026-01-24","2027-01-23","0","1","0","false"
"tito-chavez","Tito Chavez","ESP","Boys","20","https://www.itftennis.com/en/players/tito-chavez/800590474/esp/jt/s/itf-points-breakdown/","doubles","J500 Osaka","J500","2025-09-22","2026-09-21","262","0.25","65.5","true"
"tito-chavez","Tito Chavez","ESP","Boys","20","https://www.itftennis.com/en/players/tito-chavez/800590474/esp/jt/s/itf-points-breakdown/","doubles","J300 Beijing","J300","2025-09-16","2026-09-15","225","0.25","56.25","true"
"tito-chavez","Tito Chavez","ESP","Boys","20","https://www.itftennis.com/en/players/tito-chavez/800590474/esp/jt/s/itf-points-breakdown/","doubles","J500 Merida","J500","2025-11-24","2026-11-23","187","0.25","46.75","true"
"tito-chavez","Tito Chavez","ESP","Boys","20","https://www.itftennis.com/en/players/tito-chavez/800590474/esp/jt/s/itf-points-breakdown/","doubles","J500 Offenbach","J500","2026-05-04","2027-05-03","112","0.25","28","true"
"tito-chavez","Tito Chavez","ESP","Boys","20","https://www.itftennis.com/en/players/tito-chavez/800590474/esp/jt/s/itf-points-breakdown/","doubles","J300 Repentigny","J300","2025-08-24","2026-08-23","75","0.25","18.75","true"
"tito-chavez","Tito Chavez","ESP","Boys","20","https://www.itftennis.com/en/players/tito-chavez/800590474/esp/jt/s/itf-points-breakdown/","doubles","J300 Bradenton","J300","2025-12-01","2026-11-30","75","0.25","18.75","true"
"tito-chavez","Tito Chavez","ESP","Boys","20","https://www.itftennis.com/en/players/tito-chavez/800590474/esp/jt/s/itf-points-breakdown/","doubles","J300 Traralgon","J300","2026-01-16","2027-01-15","75","0.25","18.75","false"
"tito-chavez","Tito Chavez","ESP","Boys","20","https://www.itftennis.com/en/players/tito-chavez/800590474/esp/jt/s/itf-points-breakdown/","doubles","J300 Vrsar","J300","2026-03-23","2027-03-22","75","0.25","18.75","false"
"tito-chavez","Tito Chavez","ESP","Boys","20","https://www.itftennis.com/en/players/tito-chavez/800590474/esp/jt/s/itf-points-breakdown/","doubles","J300 Cairo","J300","2026-03-30","2027-03-29","75","0.25","18.75","false"
"tito-chavez","Tito Chavez","ESP","Boys","20","https://www.itftennis.com/en/players/tito-chavez/800590474/esp/jt/s/itf-points-breakdown/","doubles","J60 Les Franqueses del Valles","J60","2025-05-19","2026-05-18","14","0.25","3.5","false"
"tito-chavez","Tito Chavez","ESP","Boys","20","https://www.itftennis.com/en/players/tito-chavez/800590474/esp/jt/s/itf-points-breakdown/","doubles","J500 Fort Lauderdale","J500","2025-12-08","2026-12-07","0","0.25","0","false"
"tito-chavez","Tito Chavez","ESP","Boys","20","https://www.itftennis.com/en/players/tito-chavez/800590474/esp/jt/s/itf-points-breakdown/","doubles","J300 Bamberg","J300","2025-06-10","2026-06-09","0","0.25","0","false"
"tito-chavez","Tito Chavez","ESP","Boys","20","https://www.itftennis.com/en/players/tito-chavez/800590474/esp/jt/s/itf-points-breakdown/","doubles","J300 Roehampton","J300","2025-06-29","2026-06-28","0","0.25","0","false"
"tito-chavez","Tito Chavez","ESP","Boys","20","https://www.itftennis.com/en/players/tito-chavez/800590474/esp/jt/s/itf-points-breakdown/","doubles","J300 Bytom","J300","2025-07-22","2026-07-21","0","0.25","0","false"
"tito-chavez","Tito Chavez","ESP","Boys","20","https://www.itftennis.com/en/players/tito-chavez/800590474/esp/jt/s/itf-points-breakdown/","doubles","J300 Villena","J300","2026-03-16","2027-03-15","0","0.25","0","false"
"tito-chavez","Tito Chavez","ESP","Boys","20","https://www.itftennis.com/en/players/tito-chavez/800590474/esp/jt/s/itf-points-breakdown/","doubles","J200 Gladbeck","J200","2025-06-17","2026-06-16","0","0.25","0","false"
"tito-chavez","Tito Chavez","ESP","Boys","20","https://www.itftennis.com/en/players/tito-chavez/800590474/esp/jt/s/itf-points-breakdown/","doubles","US Open Junior Tennis Championships","JGS","2025-08-31","2026-08-30","0","0.25","0","false"
"tito-chavez","Tito Chavez","ESP","Boys","20","https://www.itftennis.com/en/players/tito-chavez/800590474/esp/jt/s/itf-points-breakdown/","doubles","Australian Open Junior Championships","JGS","2026-01-24","2027-01-23","0","0.25","0","false"
"mathys-domenc","Mathys Domenc","FRA","Boys","21","https://www.itftennis.com/en/players/mathys-domenc/800597355/fra/jt/s/itf-points-breakdown/","singles","J300 San Jose","J300","2026-01-19","2027-01-18","300","1","300","true"
"mathys-domenc","Mathys Domenc","FRA","Boys","21","https://www.itftennis.com/en/players/mathys-domenc/800597355/fra/jt/s/itf-points-breakdown/","singles","J300 Lima","J300","2026-02-09","2027-02-08","300","1","300","true"
"mathys-domenc","Mathys Domenc","FRA","Boys","21","https://www.itftennis.com/en/players/mathys-domenc/800597355/fra/jt/s/itf-points-breakdown/","singles","J200 Oslo","J200","2025-11-24","2026-11-23","200","1","200","true"
"mathys-domenc","Mathys Domenc","FRA","Boys","21","https://www.itftennis.com/en/players/mathys-domenc/800597355/fra/jt/s/itf-points-breakdown/","singles","J300 Beaulieu-sur-Mer","J300","2026-04-13","2027-04-12","140","1","140","true"
"mathys-domenc","Mathys Domenc","FRA","Boys","21","https://www.itftennis.com/en/players/mathys-domenc/800597355/fra/jt/s/itf-points-breakdown/","singles","J300 Barranquilla","J300","2026-01-26","2027-01-25","100","1","100","true"
"mathys-domenc","Mathys Domenc","FRA","Boys","21","https://www.itftennis.com/en/players/mathys-domenc/800597355/fra/jt/s/itf-points-breakdown/","singles","J300 Salinas","J300","2026-02-02","2027-02-01","100","1","100","true"
"mathys-domenc","Mathys Domenc","FRA","Boys","21","https://www.itftennis.com/en/players/mathys-domenc/800597355/fra/jt/s/itf-points-breakdown/","singles","J300 Villena","J300","2026-03-16","2027-03-15","100","1","100","false"
"mathys-domenc","Mathys Domenc","FRA","Boys","21","https://www.itftennis.com/en/players/mathys-domenc/800597355/fra/jt/s/itf-points-breakdown/","singles","J100 Verbier","J100","2025-06-30","2026-06-29","100","1","100","false"
"mathys-domenc","Mathys Domenc","FRA","Boys","21","https://www.itftennis.com/en/players/mathys-domenc/800597355/fra/jt/s/itf-points-breakdown/","singles","J500 Offenbach","J500","2026-05-04","2027-05-03","90","1","90","false"
"mathys-domenc","Mathys Domenc","FRA","Boys","21","https://www.itftennis.com/en/players/mathys-domenc/800597355/fra/jt/s/itf-points-breakdown/","singles","J100 Stabekk","J100","2025-11-17","2026-11-16","0","1","0","false"
"mathys-domenc","Mathys Domenc","FRA","Boys","21","https://www.itftennis.com/en/players/mathys-domenc/800597355/fra/jt/s/itf-points-breakdown/","singles","Roland Garros Junior Championships","JGS","2025-06-01","2026-05-31","0","1","0","false"
"mathys-domenc","Mathys Domenc","FRA","Boys","21","https://www.itftennis.com/en/players/mathys-domenc/800597355/fra/jt/s/itf-points-breakdown/","doubles","J300 Lima","J300","2026-02-09","2027-02-08","225","0.25","56.25","true"
"mathys-domenc","Mathys Domenc","FRA","Boys","21","https://www.itftennis.com/en/players/mathys-domenc/800597355/fra/jt/s/itf-points-breakdown/","doubles","J500 Offenbach","J500","2026-05-04","2027-05-03","187","0.25","46.75","true"
"mathys-domenc","Mathys Domenc","FRA","Boys","21","https://www.itftennis.com/en/players/mathys-domenc/800597355/fra/jt/s/itf-points-breakdown/","doubles","J300 Salinas","J300","2026-02-02","2027-02-01","157","0.25","39.25","true"
"mathys-domenc","Mathys Domenc","FRA","Boys","21","https://www.itftennis.com/en/players/mathys-domenc/800597355/fra/jt/s/itf-points-breakdown/","doubles","J300 Beaulieu-sur-Mer","J300","2026-04-13","2027-04-12","105","0.25","26.25","true"
"mathys-domenc","Mathys Domenc","FRA","Boys","21","https://www.itftennis.com/en/players/mathys-domenc/800597355/fra/jt/s/itf-points-breakdown/","doubles","J300 San Jose","J300","2026-01-19","2027-01-18","75","0.25","18.75","true"
"mathys-domenc","Mathys Domenc","FRA","Boys","21","https://www.itftennis.com/en/players/mathys-domenc/800597355/fra/jt/s/itf-points-breakdown/","doubles","J300 Villena","J300","2026-03-16","2027-03-15","75","0.25","18.75","true"
"mathys-domenc","Mathys Domenc","FRA","Boys","21","https://www.itftennis.com/en/players/mathys-domenc/800597355/fra/jt/s/itf-points-breakdown/","doubles","J100 Verbier","J100","2025-06-30","2026-06-29","27","0.25","6.75","false"
"mathys-domenc","Mathys Domenc","FRA","Boys","21","https://www.itftennis.com/en/players/mathys-domenc/800597355/fra/jt/s/itf-points-breakdown/","doubles","J300 Barranquilla","J300","2026-01-26","2027-01-25","0","0.25","0","false"
"mathys-domenc","Mathys Domenc","FRA","Boys","21","https://www.itftennis.com/en/players/mathys-domenc/800597355/fra/jt/s/itf-points-breakdown/","doubles","J200 Oslo","J200","2025-11-24","2026-11-23","0","0.25","0","false"
"mathys-domenc","Mathys Domenc","FRA","Boys","21","https://www.itftennis.com/en/players/mathys-domenc/800597355/fra/jt/s/itf-points-breakdown/","doubles","Roland Garros Junior Championships","JGS","2025-06-01","2026-05-31","0","0.25","0","false"
"flynn-thomas","Flynn Thomas","SUI","Boys","22","https://www.itftennis.com/en/players/flynn-thomas/800571129/sui/jt/s/itf-points-breakdown/","singles","J300 New Delhi","J300","2026-01-05","2027-01-04","300","1","300","true"
"flynn-thomas","Flynn Thomas","SUI","Boys","22","https://www.itftennis.com/en/players/flynn-thomas/800571129/sui/jt/s/itf-points-breakdown/","singles","J500 Offenbach","J500","2026-05-04","2027-05-03","250","1","250","true"
"flynn-thomas","Flynn Thomas","SUI","Boys","22","https://www.itftennis.com/en/players/flynn-thomas/800571129/sui/jt/s/itf-points-breakdown/","singles","J300 Sanxenxo","J300","2025-09-23","2026-09-22","210","1","210","true"
"flynn-thomas","Flynn Thomas","SUI","Boys","22","https://www.itftennis.com/en/players/flynn-thomas/800571129/sui/jt/s/itf-points-breakdown/","singles","Australian Open Junior Championships","JGS","2026-01-24","2027-01-23","180","1","180","true"
"flynn-thomas","Flynn Thomas","SUI","Boys","22","https://www.itftennis.com/en/players/flynn-thomas/800571129/sui/jt/s/itf-points-breakdown/","singles","J200 Oslo","J200","2025-11-24","2026-11-23","140","1","140","true"
"flynn-thomas","Flynn Thomas","SUI","Boys","22","https://www.itftennis.com/en/players/flynn-thomas/800571129/sui/jt/s/itf-points-breakdown/","singles","J200 Basel","J200","2025-07-29","2026-07-28","100","1","100","true"
"flynn-thomas","Flynn Thomas","SUI","Boys","22","https://www.itftennis.com/en/players/flynn-thomas/800571129/sui/jt/s/itf-points-breakdown/","singles","J100 Palermo","J100","2025-09-08","2026-09-07","100","1","100","false"
"flynn-thomas","Flynn Thomas","SUI","Boys","22","https://www.itftennis.com/en/players/flynn-thomas/800571129/sui/jt/s/itf-points-breakdown/","singles","US Open Junior Tennis Championships","JGS","2025-08-31","2026-08-30","90","1","90","false"
"flynn-thomas","Flynn Thomas","SUI","Boys","22","https://www.itftennis.com/en/players/flynn-thomas/800571129/sui/jt/s/itf-points-breakdown/","singles","J300 Bamberg","J300","2025-06-10","2026-06-09","60","1","60","false"
"flynn-thomas","Flynn Thomas","SUI","Boys","22","https://www.itftennis.com/en/players/flynn-thomas/800571129/sui/jt/s/itf-points-breakdown/","singles","J300 Roehampton","J300","2025-06-29","2026-06-28","60","1","60","false"
"flynn-thomas","Flynn Thomas","SUI","Boys","22","https://www.itftennis.com/en/players/flynn-thomas/800571129/sui/jt/s/itf-points-breakdown/","singles","J200 Gladbeck","J200","2025-06-17","2026-06-16","60","1","60","false"
"flynn-thomas","Flynn Thomas","SUI","Boys","22","https://www.itftennis.com/en/players/flynn-thomas/800571129/sui/jt/s/itf-points-breakdown/","singles","J300 Traralgon","J300","2026-01-16","2027-01-15","30","1","30","false"
"flynn-thomas","Flynn Thomas","SUI","Boys","22","https://www.itftennis.com/en/players/flynn-thomas/800571129/sui/jt/s/itf-points-breakdown/","singles","J500 Milan","J500","2025-05-19","2026-05-18","0","1","0","false"
"flynn-thomas","Flynn Thomas","SUI","Boys","22","https://www.itftennis.com/en/players/flynn-thomas/800571129/sui/jt/s/itf-points-breakdown/","singles","Roland Garros Junior Championships","JGS","2025-06-01","2026-05-31","0","1","0","false"
"flynn-thomas","Flynn Thomas","SUI","Boys","22","https://www.itftennis.com/en/players/flynn-thomas/800571129/sui/jt/s/itf-points-breakdown/","singles","The Junior Championships, Wimbledon","JGS","2025-07-05","2026-07-04","0","1","0","false"
"flynn-thomas","Flynn Thomas","SUI","Boys","22","https://www.itftennis.com/en/players/flynn-thomas/800571129/sui/jt/s/itf-points-breakdown/","doubles","J300 Traralgon","J300","2026-01-16","2027-01-15","157","0.25","39.25","true"
"flynn-thomas","Flynn Thomas","SUI","Boys","22","https://www.itftennis.com/en/players/flynn-thomas/800571129/sui/jt/s/itf-points-breakdown/","doubles","J300 Bamberg","J300","2025-06-10","2026-06-09","105","0.25","26.25","true"
"flynn-thomas","Flynn Thomas","SUI","Boys","22","https://www.itftennis.com/en/players/flynn-thomas/800571129/sui/jt/s/itf-points-breakdown/","doubles","J200 Oslo","J200","2025-11-24","2026-11-23","105","0.25","26.25","true"
"flynn-thomas","Flynn Thomas","SUI","Boys","22","https://www.itftennis.com/en/players/flynn-thomas/800571129/sui/jt/s/itf-points-breakdown/","doubles","J300 Roehampton","J300","2025-06-29","2026-06-28","75","0.25","18.75","true"
"flynn-thomas","Flynn Thomas","SUI","Boys","22","https://www.itftennis.com/en/players/flynn-thomas/800571129/sui/jt/s/itf-points-breakdown/","doubles","J500 Offenbach","J500","2026-05-04","2027-05-03","67","0.25","16.75","true"
"flynn-thomas","Flynn Thomas","SUI","Boys","22","https://www.itftennis.com/en/players/flynn-thomas/800571129/sui/jt/s/itf-points-breakdown/","doubles","J200 Basel","J200","2025-07-29","2026-07-28","45","0.25","11.25","true"
"flynn-thomas","Flynn Thomas","SUI","Boys","22","https://www.itftennis.com/en/players/flynn-thomas/800571129/sui/jt/s/itf-points-breakdown/","doubles","J500 Milan","J500","2025-05-19","2026-05-18","0","0.25","0","false"
"flynn-thomas","Flynn Thomas","SUI","Boys","22","https://www.itftennis.com/en/players/flynn-thomas/800571129/sui/jt/s/itf-points-breakdown/","doubles","J300 Sanxenxo","J300","2025-09-23","2026-09-22","0","0.25","0","false"
"flynn-thomas","Flynn Thomas","SUI","Boys","22","https://www.itftennis.com/en/players/flynn-thomas/800571129/sui/jt/s/itf-points-breakdown/","doubles","J300 New Delhi","J300","2026-01-05","2027-01-04","0","0.25","0","false"
"flynn-thomas","Flynn Thomas","SUI","Boys","22","https://www.itftennis.com/en/players/flynn-thomas/800571129/sui/jt/s/itf-points-breakdown/","doubles","J200 Gladbeck","J200","2025-06-17","2026-06-16","0","0.25","0","false"
"flynn-thomas","Flynn Thomas","SUI","Boys","22","https://www.itftennis.com/en/players/flynn-thomas/800571129/sui/jt/s/itf-points-breakdown/","doubles","J100 Palermo","J100","2025-09-08","2026-09-07","0","0.25","0","false"
"flynn-thomas","Flynn Thomas","SUI","Boys","22","https://www.itftennis.com/en/players/flynn-thomas/800571129/sui/jt/s/itf-points-breakdown/","doubles","Roland Garros Junior Championships","JGS","2025-06-01","2026-05-31","0","0.25","0","false"
"flynn-thomas","Flynn Thomas","SUI","Boys","22","https://www.itftennis.com/en/players/flynn-thomas/800571129/sui/jt/s/itf-points-breakdown/","doubles","The Junior Championships, Wimbledon","JGS","2025-07-05","2026-07-04","0","0.25","0","false"
"flynn-thomas","Flynn Thomas","SUI","Boys","22","https://www.itftennis.com/en/players/flynn-thomas/800571129/sui/jt/s/itf-points-breakdown/","doubles","Australian Open Junior Championships","JGS","2026-01-24","2027-01-23","0","0.25","0","false"
"thijs-boogaard","Thijs Boogaard","NED","Boys","23","https://www.itftennis.com/en/players/thijs-boogaard/800575096/ned/jt/s/itf-points-breakdown/","singles","J500 Fort Lauderdale","J500","2025-12-08","2026-12-07","500","1","500","true"
"thijs-boogaard","Thijs Boogaard","NED","Boys","23","https://www.itftennis.com/en/players/thijs-boogaard/800575096/ned/jt/s/itf-points-breakdown/","singles","The Junior Championships, Wimbledon","JGS","2025-07-05","2026-07-04","300","1","300","true"
"thijs-boogaard","Thijs Boogaard","NED","Boys","23","https://www.itftennis.com/en/players/thijs-boogaard/800575096/ned/jt/s/itf-points-breakdown/","singles","J300 Bradenton","J300","2025-12-01","2026-11-30","140","1","140","true"
"thijs-boogaard","Thijs Boogaard","NED","Boys","23","https://www.itftennis.com/en/players/thijs-boogaard/800575096/ned/jt/s/itf-points-breakdown/","singles","J300 Beaulieu-sur-Mer","J300","2026-04-13","2027-04-12","100","1","100","true"
"thijs-boogaard","Thijs Boogaard","NED","Boys","23","https://www.itftennis.com/en/players/thijs-boogaard/800575096/ned/jt/s/itf-points-breakdown/","singles","Roland Garros Junior Championships","JGS","2025-06-01","2026-05-31","90","1","90","true"
"thijs-boogaard","Thijs Boogaard","NED","Boys","23","https://www.itftennis.com/en/players/thijs-boogaard/800575096/ned/jt/s/itf-points-breakdown/","singles","J300 Roehampton","J300","2025-06-29","2026-06-28","60","1","60","true"
"thijs-boogaard","Thijs Boogaard","NED","Boys","23","https://www.itftennis.com/en/players/thijs-boogaard/800575096/ned/jt/s/itf-points-breakdown/","singles","J500 Milan","J500","2025-05-19","2026-05-18","0","1","0","false"
"thijs-boogaard","Thijs Boogaard","NED","Boys","23","https://www.itftennis.com/en/players/thijs-boogaard/800575096/ned/jt/s/itf-points-breakdown/","doubles","Roland Garros Junior Championships","JGS","2025-06-01","2026-05-31","225","0.25","56.25","true"
"thijs-boogaard","Thijs Boogaard","NED","Boys","23","https://www.itftennis.com/en/players/thijs-boogaard/800575096/ned/jt/s/itf-points-breakdown/","doubles","J500 Milan","J500","2025-05-19","2026-05-18","67","0.25","16.75","true"
"simone-massellani","Simone Massellani","ITA","Boys","24","https://www.itftennis.com/en/players/simone-massellani/800668600/ita/jt/s/itf-points-breakdown/","singles","J300 Santa Croce Sull’Arno","J300","2026-05-11","2027-05-10","300","1","300","true"
"simone-massellani","Simone Massellani","ITA","Boys","24","https://www.itftennis.com/en/players/simone-massellani/800668600/ita/jt/s/itf-points-breakdown/","singles","J200 Belgrade","J200","2025-08-25","2026-08-24","200","1","200","true"
"simone-massellani","Simone Massellani","ITA","Boys","24","https://www.itftennis.com/en/players/simone-massellani/800668600/ita/jt/s/itf-points-breakdown/","singles","Australian Open Junior Championships","JGS","2026-01-24","2027-01-23","180","1","180","true"
"simone-massellani","Simone Massellani","ITA","Boys","24","https://www.itftennis.com/en/players/simone-massellani/800668600/ita/jt/s/itf-points-breakdown/","singles","J300 Vrsar","J300","2026-03-23","2027-03-22","140","1","140","true"
"simone-massellani","Simone Massellani","ITA","Boys","24","https://www.itftennis.com/en/players/simone-massellani/800668600/ita/jt/s/itf-points-breakdown/","singles","J200 Florence","J200","2026-04-01","2027-03-31","140","1","140","true"
"simone-massellani","Simone Massellani","ITA","Boys","24","https://www.itftennis.com/en/players/simone-massellani/800668600/ita/jt/s/itf-points-breakdown/","singles","J300 Sanxenxo","J300","2025-09-23","2026-09-22","100","1","100","true"
"simone-massellani","Simone Massellani","ITA","Boys","24","https://www.itftennis.com/en/players/simone-massellani/800668600/ita/jt/s/itf-points-breakdown/","singles","J200 Rakovnik","J200","2025-09-01","2026-08-31","100","1","100","false"
"simone-massellani","Simone Massellani","ITA","Boys","24","https://www.itftennis.com/en/players/simone-massellani/800668600/ita/jt/s/itf-points-breakdown/","singles","J200 Vigo","J200","2025-09-30","2026-09-29","100","1","100","false"
"simone-massellani","Simone Massellani","ITA","Boys","24","https://www.itftennis.com/en/players/simone-massellani/800668600/ita/jt/s/itf-points-breakdown/","singles","J200 Pilsen","J200","2025-06-23","2026-06-22","60","1","60","false"
"simone-massellani","Simone Massellani","ITA","Boys","24","https://www.itftennis.com/en/players/simone-massellani/800668600/ita/jt/s/itf-points-breakdown/","singles","J500 Offenbach","J500","2026-05-04","2027-05-03","45","1","45","false"
"simone-massellani","Simone Massellani","ITA","Boys","24","https://www.itftennis.com/en/players/simone-massellani/800668600/ita/jt/s/itf-points-breakdown/","singles","J200 Castricum","J200","2025-07-01","2026-06-30","36","1","36","false"
"simone-massellani","Simone Massellani","ITA","Boys","24","https://www.itftennis.com/en/players/simone-massellani/800668600/ita/jt/s/itf-points-breakdown/","singles","J300 Bytom","J300","2025-07-22","2026-07-21","30","1","30","false"
"simone-massellani","Simone Massellani","ITA","Boys","24","https://www.itftennis.com/en/players/simone-massellani/800668600/ita/jt/s/itf-points-breakdown/","singles","J300 Traralgon","J300","2026-01-16","2027-01-15","30","1","30","false"
"simone-massellani","Simone Massellani","ITA","Boys","24","https://www.itftennis.com/en/players/simone-massellani/800668600/ita/jt/s/itf-points-breakdown/","singles","J300 Pancevo","J300","2025-08-18","2026-08-17","0","1","0","false"
"simone-massellani","Simone Massellani","ITA","Boys","24","https://www.itftennis.com/en/players/simone-massellani/800668600/ita/jt/s/itf-points-breakdown/","doubles","J300 Pancevo","J300","2025-08-18","2026-08-17","225","0.25","56.25","true"
"simone-massellani","Simone Massellani","ITA","Boys","24","https://www.itftennis.com/en/players/simone-massellani/800668600/ita/jt/s/itf-points-breakdown/","doubles","J200 Florence","J200","2026-04-01","2027-03-31","150","0.25","37.5","true"
"simone-massellani","Simone Massellani","ITA","Boys","24","https://www.itftennis.com/en/players/simone-massellani/800668600/ita/jt/s/itf-points-breakdown/","doubles","Australian Open Junior Championships","JGS","2026-01-24","2027-01-23","135","0.25","33.75","true"
"simone-massellani","Simone Massellani","ITA","Boys","24","https://www.itftennis.com/en/players/simone-massellani/800668600/ita/jt/s/itf-points-breakdown/","doubles","J300 Bytom","J300","2025-07-22","2026-07-21","105","0.25","26.25","true"
"simone-massellani","Simone Massellani","ITA","Boys","24","https://www.itftennis.com/en/players/simone-massellani/800668600/ita/jt/s/itf-points-breakdown/","doubles","J300 Sanxenxo","J300","2025-09-23","2026-09-22","105","0.25","26.25","true"
"simone-massellani","Simone Massellani","ITA","Boys","24","https://www.itftennis.com/en/players/simone-massellani/800668600/ita/jt/s/itf-points-breakdown/","doubles","J300 Vrsar","J300","2026-03-23","2027-03-22","75","0.25","18.75","true"
"simone-massellani","Simone Massellani","ITA","Boys","24","https://www.itftennis.com/en/players/simone-massellani/800668600/ita/jt/s/itf-points-breakdown/","doubles","J200 Pilsen","J200","2025-06-23","2026-06-22","75","0.25","18.75","false"
"simone-massellani","Simone Massellani","ITA","Boys","24","https://www.itftennis.com/en/players/simone-massellani/800668600/ita/jt/s/itf-points-breakdown/","doubles","J500 Offenbach","J500","2026-05-04","2027-05-03","67","0.25","16.75","false"
"simone-massellani","Simone Massellani","ITA","Boys","24","https://www.itftennis.com/en/players/simone-massellani/800668600/ita/jt/s/itf-points-breakdown/","doubles","J200 Belgrade","J200","2025-08-25","2026-08-24","45","0.25","11.25","false"
"simone-massellani","Simone Massellani","ITA","Boys","24","https://www.itftennis.com/en/players/simone-massellani/800668600/ita/jt/s/itf-points-breakdown/","doubles","J300 Traralgon","J300","2026-01-16","2027-01-15","0","0.25","0","false"
"simone-massellani","Simone Massellani","ITA","Boys","24","https://www.itftennis.com/en/players/simone-massellani/800668600/ita/jt/s/itf-points-breakdown/","doubles","J300 Santa Croce Sull’Arno","J300","2026-05-11","2027-05-10","0","0.25","0","false"
"simone-massellani","Simone Massellani","ITA","Boys","24","https://www.itftennis.com/en/players/simone-massellani/800668600/ita/jt/s/itf-points-breakdown/","doubles","J200 Castricum","J200","2025-07-01","2026-06-30","0","0.25","0","false"
"simone-massellani","Simone Massellani","ITA","Boys","24","https://www.itftennis.com/en/players/simone-massellani/800668600/ita/jt/s/itf-points-breakdown/","doubles","J200 Vigo","J200","2025-09-30","2026-09-29","0","0.25","0","false"
"arnav-paparkar","Arnav Paparkar","IND","Boys","25","https://www.itftennis.com/en/players/arnav-paparkar/800573038/ind/jt/s/itf-points-breakdown/","singles","J300 New Delhi","J300","2026-01-05","2027-01-04","210","1","210","true"
"arnav-paparkar","Arnav Paparkar","IND","Boys","25","https://www.itftennis.com/en/players/arnav-paparkar/800573038/ind/jt/s/itf-points-breakdown/","singles","J300 Kuching","J300","2026-04-07","2027-04-06","210","1","210","true"
"arnav-paparkar","Arnav Paparkar","IND","Boys","25","https://www.itftennis.com/en/players/arnav-paparkar/800573038/ind/jt/s/itf-points-breakdown/","singles","J300 Pune (Asia/Oceania Closed Regional Championships)","J300","2026-04-20","2027-04-19","210","1","210","true"
"arnav-paparkar","Arnav Paparkar","IND","Boys","25","https://www.itftennis.com/en/players/arnav-paparkar/800573038/ind/jt/s/itf-points-breakdown/","singles","J200 Kuala Lumpur","J200","2026-04-14","2027-04-13","200","1","200","true"
"arnav-paparkar","Arnav Paparkar","IND","Boys","25","https://www.itftennis.com/en/players/arnav-paparkar/800573038/ind/jt/s/itf-points-breakdown/","singles","J300 Nonthaburi","J300","2026-03-02","2027-03-01","100","1","100","true"
"arnav-paparkar","Arnav Paparkar","IND","Boys","25","https://www.itftennis.com/en/players/arnav-paparkar/800573038/ind/jt/s/itf-points-breakdown/","singles","J200 Targu Jiu","J200","2025-05-19","2026-05-18","100","1","100","true"
"arnav-paparkar","Arnav Paparkar","IND","Boys","25","https://www.itftennis.com/en/players/arnav-paparkar/800573038/ind/jt/s/itf-points-breakdown/","singles","J200 Nonthaburi","J200","2026-02-23","2027-02-22","60","1","60","false"
"arnav-paparkar","Arnav Paparkar","IND","Boys","25","https://www.itftennis.com/en/players/arnav-paparkar/800573038/ind/jt/s/itf-points-breakdown/","singles","J60 Manama","J60","2025-12-08","2026-12-07","60","1","60","false"
"arnav-paparkar","Arnav Paparkar","IND","Boys","25","https://www.itftennis.com/en/players/arnav-paparkar/800573038/ind/jt/s/itf-points-breakdown/","singles","J100 Pune","J100","2025-12-01","2026-11-30","20","1","20","false"
"arnav-paparkar","Arnav Paparkar","IND","Boys","25","https://www.itftennis.com/en/players/arnav-paparkar/800573038/ind/jt/s/itf-points-breakdown/","singles","J300 Roehampton","J300","2025-06-29","2026-06-28","0","1","0","false"
"arnav-paparkar","Arnav Paparkar","IND","Boys","25","https://www.itftennis.com/en/players/arnav-paparkar/800573038/ind/jt/s/itf-points-breakdown/","singles","J300 Wanju (Closed Asia Regional Championship)","J300","2025-10-06","2026-10-05","0","1","0","false"
"arnav-paparkar","Arnav Paparkar","IND","Boys","25","https://www.itftennis.com/en/players/arnav-paparkar/800573038/ind/jt/s/itf-points-breakdown/","singles","J200 Chuncheon","J200","2025-09-30","2026-09-29","0","1","0","false"
"arnav-paparkar","Arnav Paparkar","IND","Boys","25","https://www.itftennis.com/en/players/arnav-paparkar/800573038/ind/jt/s/itf-points-breakdown/","singles","The Junior Championships, Wimbledon","JGS","2025-07-05","2026-07-04","0","1","0","false"
"arnav-paparkar","Arnav Paparkar","IND","Boys","25","https://www.itftennis.com/en/players/arnav-paparkar/800573038/ind/jt/s/itf-points-breakdown/","singles","Australian Open Junior Championships","JGS","2026-01-24","2027-01-23","0","1","0","false"
"arnav-paparkar","Arnav Paparkar","IND","Boys","25","https://www.itftennis.com/en/players/arnav-paparkar/800573038/ind/jt/s/itf-points-breakdown/","doubles","J300 Pune (Asia/Oceania Closed Regional Championships)","J300","2026-04-20","2027-04-19","225","0.25","56.25","true"
"arnav-paparkar","Arnav Paparkar","IND","Boys","25","https://www.itftennis.com/en/players/arnav-paparkar/800573038/ind/jt/s/itf-points-breakdown/","doubles","J300 Kuching","J300","2026-04-07","2027-04-06","157","0.25","39.25","true"
"arnav-paparkar","Arnav Paparkar","IND","Boys","25","https://www.itftennis.com/en/players/arnav-paparkar/800573038/ind/jt/s/itf-points-breakdown/","doubles","J200 Targu Jiu","J200","2025-05-19","2026-05-18","150","0.25","37.5","true"
"arnav-paparkar","Arnav Paparkar","IND","Boys","25","https://www.itftennis.com/en/players/arnav-paparkar/800573038/ind/jt/s/itf-points-breakdown/","doubles","J300 Nonthaburi","J300","2026-03-02","2027-03-01","105","0.25","26.25","true"
"arnav-paparkar","Arnav Paparkar","IND","Boys","25","https://www.itftennis.com/en/players/arnav-paparkar/800573038/ind/jt/s/itf-points-breakdown/","doubles","J200 Chuncheon","J200","2025-09-30","2026-09-29","105","0.25","26.25","true"
"arnav-paparkar","Arnav Paparkar","IND","Boys","25","https://www.itftennis.com/en/players/arnav-paparkar/800573038/ind/jt/s/itf-points-breakdown/","doubles","J200 Nonthaburi","J200","2026-02-23","2027-02-22","105","0.25","26.25","true"
"arnav-paparkar","Arnav Paparkar","IND","Boys","25","https://www.itftennis.com/en/players/arnav-paparkar/800573038/ind/jt/s/itf-points-breakdown/","doubles","J300 Wanju (Closed Asia Regional Championship)","J300","2025-10-06","2026-10-05","75","0.25","18.75","false"
"arnav-paparkar","Arnav Paparkar","IND","Boys","25","https://www.itftennis.com/en/players/arnav-paparkar/800573038/ind/jt/s/itf-points-breakdown/","doubles","J300 Roehampton","J300","2025-06-29","2026-06-28","45","0.25","11.25","false"
"arnav-paparkar","Arnav Paparkar","IND","Boys","25","https://www.itftennis.com/en/players/arnav-paparkar/800573038/ind/jt/s/itf-points-breakdown/","doubles","J200 Kuala Lumpur","J200","2026-04-14","2027-04-13","45","0.25","11.25","false"
"arnav-paparkar","Arnav Paparkar","IND","Boys","25","https://www.itftennis.com/en/players/arnav-paparkar/800573038/ind/jt/s/itf-points-breakdown/","doubles","J300 New Delhi","J300","2026-01-05","2027-01-04","0","0.25","0","false"
"arnav-paparkar","Arnav Paparkar","IND","Boys","25","https://www.itftennis.com/en/players/arnav-paparkar/800573038/ind/jt/s/itf-points-breakdown/","doubles","Australian Open Junior Championships","JGS","2026-01-24","2027-01-23","0","0.25","0","false"
"hyu-kawanishi","Hyu Kawanishi","JPN","Boys","26","https://www.itftennis.com/en/players/hyu-kawanishi/800700658/jpn/jt/s/itf-points-breakdown/","singles","J300 Pune (Asia/Oceania Closed Regional Championships)","J300","2026-04-20","2027-04-19","300","1","300","true"
"hyu-kawanishi","Hyu Kawanishi","JPN","Boys","26","https://www.itftennis.com/en/players/hyu-kawanishi/800700658/jpn/jt/s/itf-points-breakdown/","singles","J200 Miki","J200","2025-09-16","2026-09-15","200","1","200","true"
"hyu-kawanishi","Hyu Kawanishi","JPN","Boys","26","https://www.itftennis.com/en/players/hyu-kawanishi/800700658/jpn/jt/s/itf-points-breakdown/","singles","J200 Nonthaburi","J200","2026-02-23","2027-02-22","140","1","140","true"
"hyu-kawanishi","Hyu Kawanishi","JPN","Boys","26","https://www.itftennis.com/en/players/hyu-kawanishi/800700658/jpn/jt/s/itf-points-breakdown/","singles","J100 Almaty","J100","2025-06-16","2026-06-15","100","1","100","true"
"hyu-kawanishi","Hyu Kawanishi","JPN","Boys","26","https://www.itftennis.com/en/players/hyu-kawanishi/800700658/jpn/jt/s/itf-points-breakdown/","singles","J100 Almaty","J100","2025-06-23","2026-06-22","100","1","100","true"
"hyu-kawanishi","Hyu Kawanishi","JPN","Boys","26","https://www.itftennis.com/en/players/hyu-kawanishi/800700658/jpn/jt/s/itf-points-breakdown/","singles","J500 Osaka","J500","2025-09-22","2026-09-21","90","1","90","true"
"hyu-kawanishi","Hyu Kawanishi","JPN","Boys","26","https://www.itftennis.com/en/players/hyu-kawanishi/800700658/jpn/jt/s/itf-points-breakdown/","singles","Australian Open Junior Championships","JGS","2026-01-24","2027-01-23","90","1","90","false"
"hyu-kawanishi","Hyu Kawanishi","JPN","Boys","26","https://www.itftennis.com/en/players/hyu-kawanishi/800700658/jpn/jt/s/itf-points-breakdown/","singles","J300 Kuching","J300","2026-04-07","2027-04-06","60","1","60","false"
"hyu-kawanishi","Hyu Kawanishi","JPN","Boys","26","https://www.itftennis.com/en/players/hyu-kawanishi/800700658/jpn/jt/s/itf-points-breakdown/","singles","J300 Traralgon","J300","2026-01-16","2027-01-15","30","1","30","false"
"hyu-kawanishi","Hyu Kawanishi","JPN","Boys","26","https://www.itftennis.com/en/players/hyu-kawanishi/800700658/jpn/jt/s/itf-points-breakdown/","singles","J500 Merida","J500","2025-11-24","2026-11-23","0","1","0","false"
"hyu-kawanishi","Hyu Kawanishi","JPN","Boys","26","https://www.itftennis.com/en/players/hyu-kawanishi/800700658/jpn/jt/s/itf-points-breakdown/","singles","J300 Charleroi-Marcinelle","J300","2025-05-26","2026-05-25","0","1","0","false"
"hyu-kawanishi","Hyu Kawanishi","JPN","Boys","26","https://www.itftennis.com/en/players/hyu-kawanishi/800700658/jpn/jt/s/itf-points-breakdown/","singles","J300 Wanju (Closed Asia Regional Championship)","J300","2025-10-06","2026-10-05","0","1","0","false"
"hyu-kawanishi","Hyu Kawanishi","JPN","Boys","26","https://www.itftennis.com/en/players/hyu-kawanishi/800700658/jpn/jt/s/itf-points-breakdown/","singles","J300 Zapopan","J300","2025-11-17","2026-11-16","0","1","0","false"
"hyu-kawanishi","Hyu Kawanishi","JPN","Boys","26","https://www.itftennis.com/en/players/hyu-kawanishi/800700658/jpn/jt/s/itf-points-breakdown/","singles","J300 Nonthaburi","J300","2026-03-02","2027-03-01","0","1","0","false"
"hyu-kawanishi","Hyu Kawanishi","JPN","Boys","26","https://www.itftennis.com/en/players/hyu-kawanishi/800700658/jpn/jt/s/itf-points-breakdown/","singles","J200 Kuala Lumpur","J200","2026-04-14","2027-04-13","0","1","0","false"
"hyu-kawanishi","Hyu Kawanishi","JPN","Boys","26","https://www.itftennis.com/en/players/hyu-kawanishi/800700658/jpn/jt/s/itf-points-breakdown/","singles","Roland Garros Junior Championships","JGS","2025-06-01","2026-05-31","0","1","0","false"
"hyu-kawanishi","Hyu Kawanishi","JPN","Boys","26","https://www.itftennis.com/en/players/hyu-kawanishi/800700658/jpn/jt/s/itf-points-breakdown/","doubles","Australian Open Junior Championships","JGS","2026-01-24","2027-01-23","367","0.25","91.75","true"
"hyu-kawanishi","Hyu Kawanishi","JPN","Boys","26","https://www.itftennis.com/en/players/hyu-kawanishi/800700658/jpn/jt/s/itf-points-breakdown/","doubles","J300 Wanju (Closed Asia Regional Championship)","J300","2025-10-06","2026-10-05","225","0.25","56.25","true"
"hyu-kawanishi","Hyu Kawanishi","JPN","Boys","26","https://www.itftennis.com/en/players/hyu-kawanishi/800700658/jpn/jt/s/itf-points-breakdown/","doubles","J300 Kuching","J300","2026-04-07","2027-04-06","225","0.25","56.25","true"
"hyu-kawanishi","Hyu Kawanishi","JPN","Boys","26","https://www.itftennis.com/en/players/hyu-kawanishi/800700658/jpn/jt/s/itf-points-breakdown/","doubles","J300 Pune (Asia/Oceania Closed Regional Championships)","J300","2026-04-20","2027-04-19","157","0.25","39.25","true"
"hyu-kawanishi","Hyu Kawanishi","JPN","Boys","26","https://www.itftennis.com/en/players/hyu-kawanishi/800700658/jpn/jt/s/itf-points-breakdown/","doubles","J300 Charleroi-Marcinelle","J300","2025-05-26","2026-05-25","105","0.25","26.25","true"
"hyu-kawanishi","Hyu Kawanishi","JPN","Boys","26","https://www.itftennis.com/en/players/hyu-kawanishi/800700658/jpn/jt/s/itf-points-breakdown/","doubles","J300 Zapopan","J300","2025-11-17","2026-11-16","105","0.25","26.25","true"
"hyu-kawanishi","Hyu Kawanishi","JPN","Boys","26","https://www.itftennis.com/en/players/hyu-kawanishi/800700658/jpn/jt/s/itf-points-breakdown/","doubles","J200 Kuala Lumpur","J200","2026-04-14","2027-04-13","75","0.25","18.75","false"
"hyu-kawanishi","Hyu Kawanishi","JPN","Boys","26","https://www.itftennis.com/en/players/hyu-kawanishi/800700658/jpn/jt/s/itf-points-breakdown/","doubles","J100 Almaty","J100","2025-06-23","2026-06-22","75","0.25","18.75","false"
"hyu-kawanishi","Hyu Kawanishi","JPN","Boys","26","https://www.itftennis.com/en/players/hyu-kawanishi/800700658/jpn/jt/s/itf-points-breakdown/","doubles","J500 Merida","J500","2025-11-24","2026-11-23","67","0.25","16.75","false"
"hyu-kawanishi","Hyu Kawanishi","JPN","Boys","26","https://www.itftennis.com/en/players/hyu-kawanishi/800700658/jpn/jt/s/itf-points-breakdown/","doubles","J300 Traralgon","J300","2026-01-16","2027-01-15","45","0.25","11.25","false"
"hyu-kawanishi","Hyu Kawanishi","JPN","Boys","26","https://www.itftennis.com/en/players/hyu-kawanishi/800700658/jpn/jt/s/itf-points-breakdown/","doubles","J200 Miki","J200","2025-09-16","2026-09-15","45","0.25","11.25","false"
"hyu-kawanishi","Hyu Kawanishi","JPN","Boys","26","https://www.itftennis.com/en/players/hyu-kawanishi/800700658/jpn/jt/s/itf-points-breakdown/","doubles","J200 Nonthaburi","J200","2026-02-23","2027-02-22","45","0.25","11.25","false"
"hyu-kawanishi","Hyu Kawanishi","JPN","Boys","26","https://www.itftennis.com/en/players/hyu-kawanishi/800700658/jpn/jt/s/itf-points-breakdown/","doubles","J500 Osaka","J500","2025-09-22","2026-09-21","0","0.25","0","false"
"hyu-kawanishi","Hyu Kawanishi","JPN","Boys","26","https://www.itftennis.com/en/players/hyu-kawanishi/800700658/jpn/jt/s/itf-points-breakdown/","doubles","J300 Nonthaburi","J300","2026-03-02","2027-03-01","0","0.25","0","false"
"hyu-kawanishi","Hyu Kawanishi","JPN","Boys","26","https://www.itftennis.com/en/players/hyu-kawanishi/800700658/jpn/jt/s/itf-points-breakdown/","doubles","J100 Almaty","J100","2025-06-16","2026-06-15","0","0.25","0","false"
"hyu-kawanishi","Hyu Kawanishi","JPN","Boys","26","https://www.itftennis.com/en/players/hyu-kawanishi/800700658/jpn/jt/s/itf-points-breakdown/","doubles","Roland Garros Junior Championships","JGS","2025-06-01","2026-05-31","0","0.25","0","false"
"raffaele-ciurnelli","Raffaele Ciurnelli","ITA","Boys","27","https://www.itftennis.com/en/players/raffaele-ciurnelli/800589799/ita/jt/s/itf-points-breakdown/","singles","J300 Casablanca","J300","2026-02-09","2027-02-08","300","1","300","true"
"raffaele-ciurnelli","Raffaele Ciurnelli","ITA","Boys","27","https://www.itftennis.com/en/players/raffaele-ciurnelli/800589799/ita/jt/s/itf-points-breakdown/","singles","J300 Villena","J300","2026-03-16","2027-03-15","300","1","300","true"
"raffaele-ciurnelli","Raffaele Ciurnelli","ITA","Boys","27","https://www.itftennis.com/en/players/raffaele-ciurnelli/800589799/ita/jt/s/itf-points-breakdown/","singles","J300 Vrsar","J300","2026-03-23","2027-03-22","140","1","140","true"
"raffaele-ciurnelli","Raffaele Ciurnelli","ITA","Boys","27","https://www.itftennis.com/en/players/raffaele-ciurnelli/800589799/ita/jt/s/itf-points-breakdown/","singles","J200 Belgrade","J200","2025-08-25","2026-08-24","100","1","100","true"
"raffaele-ciurnelli","Raffaele Ciurnelli","ITA","Boys","27","https://www.itftennis.com/en/players/raffaele-ciurnelli/800589799/ita/jt/s/itf-points-breakdown/","singles","J200 Florence","J200","2026-04-01","2027-03-31","100","1","100","true"
"raffaele-ciurnelli","Raffaele Ciurnelli","ITA","Boys","27","https://www.itftennis.com/en/players/raffaele-ciurnelli/800589799/ita/jt/s/itf-points-breakdown/","singles","J100 Maaseik","J100","2025-08-04","2026-08-03","100","1","100","true"
"raffaele-ciurnelli","Raffaele Ciurnelli","ITA","Boys","27","https://www.itftennis.com/en/players/raffaele-ciurnelli/800589799/ita/jt/s/itf-points-breakdown/","singles","J300 Pancevo","J300","2025-08-18","2026-08-17","60","1","60","false"
"raffaele-ciurnelli","Raffaele Ciurnelli","ITA","Boys","27","https://www.itftennis.com/en/players/raffaele-ciurnelli/800589799/ita/jt/s/itf-points-breakdown/","singles","J300 Oberpullendorf (Europe Regional Championships)","J300","2025-09-15","2026-09-14","60","1","60","false"
"raffaele-ciurnelli","Raffaele Ciurnelli","ITA","Boys","27","https://www.itftennis.com/en/players/raffaele-ciurnelli/800589799/ita/jt/s/itf-points-breakdown/","singles","J200 Vigo","J200","2025-09-30","2026-09-29","60","1","60","false"
"raffaele-ciurnelli","Raffaele Ciurnelli","ITA","Boys","27","https://www.itftennis.com/en/players/raffaele-ciurnelli/800589799/ita/jt/s/itf-points-breakdown/","singles","J500 Milan","J500","2025-05-19","2026-05-18","45","1","45","false"
"raffaele-ciurnelli","Raffaele Ciurnelli","ITA","Boys","27","https://www.itftennis.com/en/players/raffaele-ciurnelli/800589799/ita/jt/s/itf-points-breakdown/","singles","J200 Castricum","J200","2025-07-01","2026-06-30","36","1","36","false"
"raffaele-ciurnelli","Raffaele Ciurnelli","ITA","Boys","27","https://www.itftennis.com/en/players/raffaele-ciurnelli/800589799/ita/jt/s/itf-points-breakdown/","singles","J200 Szekesfehervar","J200","2025-10-22","2026-10-21","36","1","36","false"
"raffaele-ciurnelli","Raffaele Ciurnelli","ITA","Boys","27","https://www.itftennis.com/en/players/raffaele-ciurnelli/800589799/ita/jt/s/itf-points-breakdown/","singles","J300 Bamberg","J300","2025-06-10","2026-06-09","30","1","30","false"
"raffaele-ciurnelli","Raffaele Ciurnelli","ITA","Boys","27","https://www.itftennis.com/en/players/raffaele-ciurnelli/800589799/ita/jt/s/itf-points-breakdown/","singles","Australian Open Junior Championships","JGS","2026-01-24","2027-01-23","20","1","20","false"
"raffaele-ciurnelli","Raffaele Ciurnelli","ITA","Boys","27","https://www.itftennis.com/en/players/raffaele-ciurnelli/800589799/ita/jt/s/itf-points-breakdown/","singles","J300 Sanxenxo","J300","2025-09-23","2026-09-22","0","1","0","false"
"raffaele-ciurnelli","Raffaele Ciurnelli","ITA","Boys","27","https://www.itftennis.com/en/players/raffaele-ciurnelli/800589799/ita/jt/s/itf-points-breakdown/","singles","J300 Traralgon","J300","2026-01-16","2027-01-15","0","1","0","false"
"raffaele-ciurnelli","Raffaele Ciurnelli","ITA","Boys","27","https://www.itftennis.com/en/players/raffaele-ciurnelli/800589799/ita/jt/s/itf-points-breakdown/","singles","J300 Beaulieu-sur-Mer","J300","2026-04-13","2027-04-12","0","1","0","false"
"raffaele-ciurnelli","Raffaele Ciurnelli","ITA","Boys","27","https://www.itftennis.com/en/players/raffaele-ciurnelli/800589799/ita/jt/s/itf-points-breakdown/","singles","J300 Santa Croce Sull’Arno","J300","2026-05-11","2027-05-10","0","1","0","false"
"raffaele-ciurnelli","Raffaele Ciurnelli","ITA","Boys","27","https://www.itftennis.com/en/players/raffaele-ciurnelli/800589799/ita/jt/s/itf-points-breakdown/","doubles","J300 Oberpullendorf (Europe Regional Championships)","J300","2025-09-15","2026-09-14","225","0.25","56.25","true"
"raffaele-ciurnelli","Raffaele Ciurnelli","ITA","Boys","27","https://www.itftennis.com/en/players/raffaele-ciurnelli/800589799/ita/jt/s/itf-points-breakdown/","doubles","J300 Sanxenxo","J300","2025-09-23","2026-09-22","105","0.25","26.25","true"
"raffaele-ciurnelli","Raffaele Ciurnelli","ITA","Boys","27","https://www.itftennis.com/en/players/raffaele-ciurnelli/800589799/ita/jt/s/itf-points-breakdown/","doubles","J300 Villena","J300","2026-03-16","2027-03-15","105","0.25","26.25","true"
"raffaele-ciurnelli","Raffaele Ciurnelli","ITA","Boys","27","https://www.itftennis.com/en/players/raffaele-ciurnelli/800589799/ita/jt/s/itf-points-breakdown/","doubles","J300 Santa Croce Sull’Arno","J300","2026-05-11","2027-05-10","105","0.25","26.25","true"
"raffaele-ciurnelli","Raffaele Ciurnelli","ITA","Boys","27","https://www.itftennis.com/en/players/raffaele-ciurnelli/800589799/ita/jt/s/itf-points-breakdown/","doubles","J200 Belgrade","J200","2025-08-25","2026-08-24","75","0.25","18.75","true"
"raffaele-ciurnelli","Raffaele Ciurnelli","ITA","Boys","27","https://www.itftennis.com/en/players/raffaele-ciurnelli/800589799/ita/jt/s/itf-points-breakdown/","doubles","J200 Florence","J200","2026-04-01","2027-03-31","75","0.25","18.75","true"
"raffaele-ciurnelli","Raffaele Ciurnelli","ITA","Boys","27","https://www.itftennis.com/en/players/raffaele-ciurnelli/800589799/ita/jt/s/itf-points-breakdown/","doubles","J300 Bamberg","J300","2025-06-10","2026-06-09","45","0.25","11.25","false"
"raffaele-ciurnelli","Raffaele Ciurnelli","ITA","Boys","27","https://www.itftennis.com/en/players/raffaele-ciurnelli/800589799/ita/jt/s/itf-points-breakdown/","doubles","J300 Traralgon","J300","2026-01-16","2027-01-15","45","0.25","11.25","false"
"raffaele-ciurnelli","Raffaele Ciurnelli","ITA","Boys","27","https://www.itftennis.com/en/players/raffaele-ciurnelli/800589799/ita/jt/s/itf-points-breakdown/","doubles","J200 Castricum","J200","2025-07-01","2026-06-30","45","0.25","11.25","false"
"raffaele-ciurnelli","Raffaele Ciurnelli","ITA","Boys","27","https://www.itftennis.com/en/players/raffaele-ciurnelli/800589799/ita/jt/s/itf-points-breakdown/","doubles","J200 Vigo","J200","2025-09-30","2026-09-29","45","0.25","11.25","false"
"raffaele-ciurnelli","Raffaele Ciurnelli","ITA","Boys","27","https://www.itftennis.com/en/players/raffaele-ciurnelli/800589799/ita/jt/s/itf-points-breakdown/","doubles","J100 Maaseik","J100","2025-08-04","2026-08-03","45","0.25","11.25","false"
"raffaele-ciurnelli","Raffaele Ciurnelli","ITA","Boys","27","https://www.itftennis.com/en/players/raffaele-ciurnelli/800589799/ita/jt/s/itf-points-breakdown/","doubles","J500 Milan","J500","2025-05-19","2026-05-18","0","0.25","0","false"
"raffaele-ciurnelli","Raffaele Ciurnelli","ITA","Boys","27","https://www.itftennis.com/en/players/raffaele-ciurnelli/800589799/ita/jt/s/itf-points-breakdown/","doubles","J300 Pancevo","J300","2025-08-18","2026-08-17","0","0.25","0","false"
"raffaele-ciurnelli","Raffaele Ciurnelli","ITA","Boys","27","https://www.itftennis.com/en/players/raffaele-ciurnelli/800589799/ita/jt/s/itf-points-breakdown/","doubles","J300 Casablanca","J300","2026-02-09","2027-02-08","0","0.25","0","false"
"raffaele-ciurnelli","Raffaele Ciurnelli","ITA","Boys","27","https://www.itftennis.com/en/players/raffaele-ciurnelli/800589799/ita/jt/s/itf-points-breakdown/","doubles","J300 Vrsar","J300","2026-03-23","2027-03-22","0","0.25","0","false"
"raffaele-ciurnelli","Raffaele Ciurnelli","ITA","Boys","27","https://www.itftennis.com/en/players/raffaele-ciurnelli/800589799/ita/jt/s/itf-points-breakdown/","doubles","J300 Beaulieu-sur-Mer","J300","2026-04-13","2027-04-12","0","0.25","0","false"
"raffaele-ciurnelli","Raffaele Ciurnelli","ITA","Boys","27","https://www.itftennis.com/en/players/raffaele-ciurnelli/800589799/ita/jt/s/itf-points-breakdown/","doubles","J200 Szekesfehervar","J200","2025-10-22","2026-10-21","0","0.25","0","false"
"raffaele-ciurnelli","Raffaele Ciurnelli","ITA","Boys","27","https://www.itftennis.com/en/players/raffaele-ciurnelli/800589799/ita/jt/s/itf-points-breakdown/","doubles","Australian Open Junior Championships","JGS","2026-01-24","2027-01-23","0","0.25","0","false"
"kai-thompson","Kai Thompson","HKG","Boys","28","https://www.itftennis.com/en/players/kai-thompson/800591436/hkg/jt/s/itf-points-breakdown/","singles","Australian Open Junior Championships","JGS","2026-01-24","2027-01-23","300","1","300","true"
"kai-thompson","Kai Thompson","HKG","Boys","28","https://www.itftennis.com/en/players/kai-thompson/800591436/hkg/jt/s/itf-points-breakdown/","singles","J500 Cairo","J500","2026-04-06","2027-04-05","250","1","250","true"
"kai-thompson","Kai Thompson","HKG","Boys","28","https://www.itftennis.com/en/players/kai-thompson/800591436/hkg/jt/s/itf-points-breakdown/","singles","J200 Tainan","J200","2025-11-25","2026-11-24","200","1","200","true"
"kai-thompson","Kai Thompson","HKG","Boys","28","https://www.itftennis.com/en/players/kai-thompson/800591436/hkg/jt/s/itf-points-breakdown/","singles","J300 Wanju (Closed Asia Regional Championship)","J300","2025-10-06","2026-10-05","140","1","140","true"
"kai-thompson","Kai Thompson","HKG","Boys","28","https://www.itftennis.com/en/players/kai-thompson/800591436/hkg/jt/s/itf-points-breakdown/","singles","J300 Beijing","J300","2025-09-16","2026-09-15","60","1","60","true"
"kai-thompson","Kai Thompson","HKG","Boys","28","https://www.itftennis.com/en/players/kai-thompson/800591436/hkg/jt/s/itf-points-breakdown/","singles","J300 Beaulieu-sur-Mer","J300","2026-04-13","2027-04-12","60","1","60","true"
"kai-thompson","Kai Thompson","HKG","Boys","28","https://www.itftennis.com/en/players/kai-thompson/800591436/hkg/jt/s/itf-points-breakdown/","singles","J200 Nonthaburi","J200","2026-02-23","2027-02-22","60","1","60","false"
"kai-thompson","Kai Thompson","HKG","Boys","28","https://www.itftennis.com/en/players/kai-thompson/800591436/hkg/jt/s/itf-points-breakdown/","singles","J200 Castricum","J200","2025-07-01","2026-06-30","36","1","36","false"
"kai-thompson","Kai Thompson","HKG","Boys","28","https://www.itftennis.com/en/players/kai-thompson/800591436/hkg/jt/s/itf-points-breakdown/","singles","J100 Chengdu","J100","2025-10-28","2026-10-27","36","1","36","false"
"kai-thompson","Kai Thompson","HKG","Boys","28","https://www.itftennis.com/en/players/kai-thompson/800591436/hkg/jt/s/itf-points-breakdown/","singles","J300 Bytom","J300","2025-07-22","2026-07-21","30","1","30","false"
"kai-thompson","Kai Thompson","HKG","Boys","28","https://www.itftennis.com/en/players/kai-thompson/800591436/hkg/jt/s/itf-points-breakdown/","singles","J100 Qionghai","J100","2025-05-27","2026-05-26","10","1","10","false"
"kai-thompson","Kai Thompson","HKG","Boys","28","https://www.itftennis.com/en/players/kai-thompson/800591436/hkg/jt/s/itf-points-breakdown/","singles","J500 Osaka","J500","2025-09-22","2026-09-21","0","1","0","false"
"kai-thompson","Kai Thompson","HKG","Boys","28","https://www.itftennis.com/en/players/kai-thompson/800591436/hkg/jt/s/itf-points-breakdown/","singles","J500 Offenbach","J500","2026-05-04","2027-05-03","0","1","0","false"
"kai-thompson","Kai Thompson","HKG","Boys","28","https://www.itftennis.com/en/players/kai-thompson/800591436/hkg/jt/s/itf-points-breakdown/","singles","J300 Traralgon","J300","2026-01-16","2027-01-15","0","1","0","false"
"kai-thompson","Kai Thompson","HKG","Boys","28","https://www.itftennis.com/en/players/kai-thompson/800591436/hkg/jt/s/itf-points-breakdown/","singles","J300 Cairo","J300","2026-03-30","2027-03-29","0","1","0","false"
"kai-thompson","Kai Thompson","HKG","Boys","28","https://www.itftennis.com/en/players/kai-thompson/800591436/hkg/jt/s/itf-points-breakdown/","singles","J300 Santa Croce Sull’Arno","J300","2026-05-11","2027-05-10","0","1","0","false"
"kai-thompson","Kai Thompson","HKG","Boys","28","https://www.itftennis.com/en/players/kai-thompson/800591436/hkg/jt/s/itf-points-breakdown/","singles","J200 Pilsen","J200","2025-06-23","2026-06-22","0","1","0","false"
"kai-thompson","Kai Thompson","HKG","Boys","28","https://www.itftennis.com/en/players/kai-thompson/800591436/hkg/jt/s/itf-points-breakdown/","singles","J200 Hong Kong","J200","2025-09-30","2026-09-29","0","1","0","false"
"kai-thompson","Kai Thompson","HKG","Boys","28","https://www.itftennis.com/en/players/kai-thompson/800591436/hkg/jt/s/itf-points-breakdown/","singles","J100 The Hague","J100","2025-06-18","2026-06-17","0","1","0","false"
"kai-thompson","Kai Thompson","HKG","Boys","28","https://www.itftennis.com/en/players/kai-thompson/800591436/hkg/jt/s/itf-points-breakdown/","singles","J100 Moenchengladbach","J100","2025-07-14","2026-07-13","0","1","0","false"
"kai-thompson","Kai Thompson","HKG","Boys","28","https://www.itftennis.com/en/players/kai-thompson/800591436/hkg/jt/s/itf-points-breakdown/","doubles","J500 Offenbach","J500","2026-05-04","2027-05-03","187","0.25","46.75","true"
"kai-thompson","Kai Thompson","HKG","Boys","28","https://www.itftennis.com/en/players/kai-thompson/800591436/hkg/jt/s/itf-points-breakdown/","doubles","J200 Hong Kong","J200","2025-09-30","2026-09-29","150","0.25","37.5","true"
"kai-thompson","Kai Thompson","HKG","Boys","28","https://www.itftennis.com/en/players/kai-thompson/800591436/hkg/jt/s/itf-points-breakdown/","doubles","J500 Cairo","J500","2026-04-06","2027-04-05","112","0.25","28","true"
"kai-thompson","Kai Thompson","HKG","Boys","28","https://www.itftennis.com/en/players/kai-thompson/800591436/hkg/jt/s/itf-points-breakdown/","doubles","J300 Beijing","J300","2025-09-16","2026-09-15","105","0.25","26.25","true"
"kai-thompson","Kai Thompson","HKG","Boys","28","https://www.itftennis.com/en/players/kai-thompson/800591436/hkg/jt/s/itf-points-breakdown/","doubles","J300 Wanju (Closed Asia Regional Championship)","J300","2025-10-06","2026-10-05","105","0.25","26.25","true"
"kai-thompson","Kai Thompson","HKG","Boys","28","https://www.itftennis.com/en/players/kai-thompson/800591436/hkg/jt/s/itf-points-breakdown/","doubles","J200 Tainan","J200","2025-11-25","2026-11-24","75","0.25","18.75","true"
"kai-thompson","Kai Thompson","HKG","Boys","28","https://www.itftennis.com/en/players/kai-thompson/800591436/hkg/jt/s/itf-points-breakdown/","doubles","J500 Osaka","J500","2025-09-22","2026-09-21","67","0.25","16.75","false"
"kai-thompson","Kai Thompson","HKG","Boys","28","https://www.itftennis.com/en/players/kai-thompson/800591436/hkg/jt/s/itf-points-breakdown/","doubles","J300 Bytom","J300","2025-07-22","2026-07-21","45","0.25","11.25","false"
"kai-thompson","Kai Thompson","HKG","Boys","28","https://www.itftennis.com/en/players/kai-thompson/800591436/hkg/jt/s/itf-points-breakdown/","doubles","J100 Moenchengladbach","J100","2025-07-14","2026-07-13","45","0.25","11.25","false"
"kai-thompson","Kai Thompson","HKG","Boys","28","https://www.itftennis.com/en/players/kai-thompson/800591436/hkg/jt/s/itf-points-breakdown/","doubles","J100 Qionghai","J100","2025-05-27","2026-05-26","27","0.25","6.75","false"
"kai-thompson","Kai Thompson","HKG","Boys","28","https://www.itftennis.com/en/players/kai-thompson/800591436/hkg/jt/s/itf-points-breakdown/","doubles","J300 Traralgon","J300","2026-01-16","2027-01-15","0","0.25","0","false"
"kai-thompson","Kai Thompson","HKG","Boys","28","https://www.itftennis.com/en/players/kai-thompson/800591436/hkg/jt/s/itf-points-breakdown/","doubles","J300 Beaulieu-sur-Mer","J300","2026-04-13","2027-04-12","0","0.25","0","false"
"kai-thompson","Kai Thompson","HKG","Boys","28","https://www.itftennis.com/en/players/kai-thompson/800591436/hkg/jt/s/itf-points-breakdown/","doubles","J200 Pilsen","J200","2025-06-23","2026-06-22","0","0.25","0","false"
"kai-thompson","Kai Thompson","HKG","Boys","28","https://www.itftennis.com/en/players/kai-thompson/800591436/hkg/jt/s/itf-points-breakdown/","doubles","J200 Castricum","J200","2025-07-01","2026-06-30","0","0.25","0","false"
"kai-thompson","Kai Thompson","HKG","Boys","28","https://www.itftennis.com/en/players/kai-thompson/800591436/hkg/jt/s/itf-points-breakdown/","doubles","J100 The Hague","J100","2025-06-18","2026-06-17","0","0.25","0","false"
"kai-thompson","Kai Thompson","HKG","Boys","28","https://www.itftennis.com/en/players/kai-thompson/800591436/hkg/jt/s/itf-points-breakdown/","doubles","Australian Open Junior Championships","JGS","2026-01-24","2027-01-23","0","0.25","0","false"
"matteo-gribaldo","Matteo Gribaldo","ITA","Boys","29","https://www.itftennis.com/en/players/matteo-gribaldo/800705107/ita/jt/s/itf-points-breakdown/","singles","J300 Vrsar","J300","2026-03-23","2027-03-22","210","1","210","true"
"matteo-gribaldo","Matteo Gribaldo","ITA","Boys","29","https://www.itftennis.com/en/players/matteo-gribaldo/800705107/ita/jt/s/itf-points-breakdown/","singles","J300 Beaulieu-sur-Mer","J300","2026-04-13","2027-04-12","210","1","210","true"
"matteo-gribaldo","Matteo Gribaldo","ITA","Boys","29","https://www.itftennis.com/en/players/matteo-gribaldo/800705107/ita/jt/s/itf-points-breakdown/","singles","J200 Rutesheim","J200","2025-08-05","2026-08-04","200","1","200","true"
"matteo-gribaldo","Matteo Gribaldo","ITA","Boys","29","https://www.itftennis.com/en/players/matteo-gribaldo/800705107/ita/jt/s/itf-points-breakdown/","singles","J300 Santa Croce Sull’Arno","J300","2026-05-11","2027-05-10","140","1","140","true"
"matteo-gribaldo","Matteo Gribaldo","ITA","Boys","29","https://www.itftennis.com/en/players/matteo-gribaldo/800705107/ita/jt/s/itf-points-breakdown/","singles","J300 Pancevo","J300","2025-08-18","2026-08-17","100","1","100","true"
"matteo-gribaldo","Matteo Gribaldo","ITA","Boys","29","https://www.itftennis.com/en/players/matteo-gribaldo/800705107/ita/jt/s/itf-points-breakdown/","singles","J300 Sanxenxo","J300","2025-09-23","2026-09-22","100","1","100","true"
"matteo-gribaldo","Matteo Gribaldo","ITA","Boys","29","https://www.itftennis.com/en/players/matteo-gribaldo/800705107/ita/jt/s/itf-points-breakdown/","singles","Australian Open Junior Championships","JGS","2026-01-24","2027-01-23","90","1","90","false"
"matteo-gribaldo","Matteo Gribaldo","ITA","Boys","29","https://www.itftennis.com/en/players/matteo-gribaldo/800705107/ita/jt/s/itf-points-breakdown/","singles","J200 Pilsen","J200","2025-06-23","2026-06-22","60","1","60","false"
"matteo-gribaldo","Matteo Gribaldo","ITA","Boys","29","https://www.itftennis.com/en/players/matteo-gribaldo/800705107/ita/jt/s/itf-points-breakdown/","singles","J500 Milan","J500","2025-05-19","2026-05-18","45","1","45","false"
"matteo-gribaldo","Matteo Gribaldo","ITA","Boys","29","https://www.itftennis.com/en/players/matteo-gribaldo/800705107/ita/jt/s/itf-points-breakdown/","singles","J200 Castricum","J200","2025-07-01","2026-06-30","36","1","36","false"
"matteo-gribaldo","Matteo Gribaldo","ITA","Boys","29","https://www.itftennis.com/en/players/matteo-gribaldo/800705107/ita/jt/s/itf-points-breakdown/","singles","J200 Basel","J200","2025-07-29","2026-07-28","36","1","36","false"
"matteo-gribaldo","Matteo Gribaldo","ITA","Boys","29","https://www.itftennis.com/en/players/matteo-gribaldo/800705107/ita/jt/s/itf-points-breakdown/","singles","J200 Vigo","J200","2025-09-30","2026-09-29","36","1","36","false"
"matteo-gribaldo","Matteo Gribaldo","ITA","Boys","29","https://www.itftennis.com/en/players/matteo-gribaldo/800705107/ita/jt/s/itf-points-breakdown/","singles","J300 Bamberg","J300","2025-06-10","2026-06-09","30","1","30","false"
"matteo-gribaldo","Matteo Gribaldo","ITA","Boys","29","https://www.itftennis.com/en/players/matteo-gribaldo/800705107/ita/jt/s/itf-points-breakdown/","singles","J300 Bytom","J300","2025-07-22","2026-07-21","30","1","30","false"
"matteo-gribaldo","Matteo Gribaldo","ITA","Boys","29","https://www.itftennis.com/en/players/matteo-gribaldo/800705107/ita/jt/s/itf-points-breakdown/","singles","J300 Oberpullendorf (Europe Regional Championships)","J300","2025-09-15","2026-09-14","30","1","30","false"
"matteo-gribaldo","Matteo Gribaldo","ITA","Boys","29","https://www.itftennis.com/en/players/matteo-gribaldo/800705107/ita/jt/s/itf-points-breakdown/","singles","J300 Traralgon","J300","2026-01-16","2027-01-15","0","1","0","false"
"matteo-gribaldo","Matteo Gribaldo","ITA","Boys","29","https://www.itftennis.com/en/players/matteo-gribaldo/800705107/ita/jt/s/itf-points-breakdown/","singles","J200 Belgrade","J200","2025-08-25","2026-08-24","0","1","0","false"
"matteo-gribaldo","Matteo Gribaldo","ITA","Boys","29","https://www.itftennis.com/en/players/matteo-gribaldo/800705107/ita/jt/s/itf-points-breakdown/","singles","J200 Florence","J200","2026-04-01","2027-03-31","0","1","0","false"
"matteo-gribaldo","Matteo Gribaldo","ITA","Boys","29","https://www.itftennis.com/en/players/matteo-gribaldo/800705107/ita/jt/s/itf-points-breakdown/","doubles","J300 Pancevo","J300","2025-08-18","2026-08-17","225","0.25","56.25","true"
"matteo-gribaldo","Matteo Gribaldo","ITA","Boys","29","https://www.itftennis.com/en/players/matteo-gribaldo/800705107/ita/jt/s/itf-points-breakdown/","doubles","J300 Oberpullendorf (Europe Regional Championships)","J300","2025-09-15","2026-09-14","225","0.25","56.25","true"
"matteo-gribaldo","Matteo Gribaldo","ITA","Boys","29","https://www.itftennis.com/en/players/matteo-gribaldo/800705107/ita/jt/s/itf-points-breakdown/","doubles","J200 Florence","J200","2026-04-01","2027-03-31","150","0.25","37.5","true"
"matteo-gribaldo","Matteo Gribaldo","ITA","Boys","29","https://www.itftennis.com/en/players/matteo-gribaldo/800705107/ita/jt/s/itf-points-breakdown/","doubles","Australian Open Junior Championships","JGS","2026-01-24","2027-01-23","135","0.25","33.75","true"
"matteo-gribaldo","Matteo Gribaldo","ITA","Boys","29","https://www.itftennis.com/en/players/matteo-gribaldo/800705107/ita/jt/s/itf-points-breakdown/","doubles","J300 Bytom","J300","2025-07-22","2026-07-21","105","0.25","26.25","true"
"matteo-gribaldo","Matteo Gribaldo","ITA","Boys","29","https://www.itftennis.com/en/players/matteo-gribaldo/800705107/ita/jt/s/itf-points-breakdown/","doubles","J300 Vrsar","J300","2026-03-23","2027-03-22","75","0.25","18.75","true"
"matteo-gribaldo","Matteo Gribaldo","ITA","Boys","29","https://www.itftennis.com/en/players/matteo-gribaldo/800705107/ita/jt/s/itf-points-breakdown/","doubles","J200 Pilsen","J200","2025-06-23","2026-06-22","75","0.25","18.75","false"
"matteo-gribaldo","Matteo Gribaldo","ITA","Boys","29","https://www.itftennis.com/en/players/matteo-gribaldo/800705107/ita/jt/s/itf-points-breakdown/","doubles","J200 Basel","J200","2025-07-29","2026-07-28","75","0.25","18.75","false"
"matteo-gribaldo","Matteo Gribaldo","ITA","Boys","29","https://www.itftennis.com/en/players/matteo-gribaldo/800705107/ita/jt/s/itf-points-breakdown/","doubles","J300 Bamberg","J300","2025-06-10","2026-06-09","45","0.25","11.25","false"
"matteo-gribaldo","Matteo Gribaldo","ITA","Boys","29","https://www.itftennis.com/en/players/matteo-gribaldo/800705107/ita/jt/s/itf-points-breakdown/","doubles","J200 Rutesheim","J200","2025-08-05","2026-08-04","45","0.25","11.25","false"
"matteo-gribaldo","Matteo Gribaldo","ITA","Boys","29","https://www.itftennis.com/en/players/matteo-gribaldo/800705107/ita/jt/s/itf-points-breakdown/","doubles","J200 Belgrade","J200","2025-08-25","2026-08-24","45","0.25","11.25","false"
"matteo-gribaldo","Matteo Gribaldo","ITA","Boys","29","https://www.itftennis.com/en/players/matteo-gribaldo/800705107/ita/jt/s/itf-points-breakdown/","doubles","J200 Vigo","J200","2025-09-30","2026-09-29","45","0.25","11.25","false"
"matteo-gribaldo","Matteo Gribaldo","ITA","Boys","29","https://www.itftennis.com/en/players/matteo-gribaldo/800705107/ita/jt/s/itf-points-breakdown/","doubles","J500 Milan","J500","2025-05-19","2026-05-18","0","0.25","0","false"
"matteo-gribaldo","Matteo Gribaldo","ITA","Boys","29","https://www.itftennis.com/en/players/matteo-gribaldo/800705107/ita/jt/s/itf-points-breakdown/","doubles","J300 Sanxenxo","J300","2025-09-23","2026-09-22","0","0.25","0","false"
"matteo-gribaldo","Matteo Gribaldo","ITA","Boys","29","https://www.itftennis.com/en/players/matteo-gribaldo/800705107/ita/jt/s/itf-points-breakdown/","doubles","J300 Traralgon","J300","2026-01-16","2027-01-15","0","0.25","0","false"
"matteo-gribaldo","Matteo Gribaldo","ITA","Boys","29","https://www.itftennis.com/en/players/matteo-gribaldo/800705107/ita/jt/s/itf-points-breakdown/","doubles","J300 Beaulieu-sur-Mer","J300","2026-04-13","2027-04-12","0","0.25","0","false"
"matteo-gribaldo","Matteo Gribaldo","ITA","Boys","29","https://www.itftennis.com/en/players/matteo-gribaldo/800705107/ita/jt/s/itf-points-breakdown/","doubles","J300 Santa Croce Sull’Arno","J300","2026-05-11","2027-05-10","0","0.25","0","false"
"matteo-gribaldo","Matteo Gribaldo","ITA","Boys","29","https://www.itftennis.com/en/players/matteo-gribaldo/800705107/ita/jt/s/itf-points-breakdown/","doubles","J200 Castricum","J200","2025-07-01","2026-06-30","0","0.25","0","false"
"damir-zhalgasbay","Damir Zhalgasbay","KAZ","Boys","30","https://www.itftennis.com/en/players/damir-zhalgasbay/800559166/kaz/jt/s/itf-points-breakdown/","singles","J300 Asuncion","J300","2026-03-02","2027-03-01","300","1","300","true"
"damir-zhalgasbay","Damir Zhalgasbay","KAZ","Boys","30","https://www.itftennis.com/en/players/damir-zhalgasbay/800559166/kaz/jt/s/itf-points-breakdown/","singles","J300 Porto Alegre","J300","2026-03-09","2027-03-08","210","1","210","true"
"damir-zhalgasbay","Damir Zhalgasbay","KAZ","Boys","30","https://www.itftennis.com/en/players/damir-zhalgasbay/800559166/kaz/jt/s/itf-points-breakdown/","singles","J500 Gaspar","J500","2026-03-16","2027-03-15","150","1","150","true"
"damir-zhalgasbay","Damir Zhalgasbay","KAZ","Boys","30","https://www.itftennis.com/en/players/damir-zhalgasbay/800559166/kaz/jt/s/itf-points-breakdown/","singles","J300 Bytom","J300","2025-07-22","2026-07-21","100","1","100","true"
"damir-zhalgasbay","Damir Zhalgasbay","KAZ","Boys","30","https://www.itftennis.com/en/players/damir-zhalgasbay/800559166/kaz/jt/s/itf-points-breakdown/","singles","J300 Sanxenxo","J300","2025-09-23","2026-09-22","100","1","100","true"
"damir-zhalgasbay","Damir Zhalgasbay","KAZ","Boys","30","https://www.itftennis.com/en/players/damir-zhalgasbay/800559166/kaz/jt/s/itf-points-breakdown/","singles","J300 New Delhi","J300","2026-01-05","2027-01-04","100","1","100","true"
"damir-zhalgasbay","Damir Zhalgasbay","KAZ","Boys","30","https://www.itftennis.com/en/players/damir-zhalgasbay/800559166/kaz/jt/s/itf-points-breakdown/","singles","Australian Open Junior Championships","JGS","2026-01-24","2027-01-23","90","1","90","false"
"damir-zhalgasbay","Damir Zhalgasbay","KAZ","Boys","30","https://www.itftennis.com/en/players/damir-zhalgasbay/800559166/kaz/jt/s/itf-points-breakdown/","singles","J300 Traralgon","J300","2026-01-16","2027-01-15","60","1","60","false"
"damir-zhalgasbay","Damir Zhalgasbay","KAZ","Boys","30","https://www.itftennis.com/en/players/damir-zhalgasbay/800559166/kaz/jt/s/itf-points-breakdown/","singles","J300 Santa Croce Sull’Arno","J300","2026-05-11","2027-05-10","60","1","60","false"
"damir-zhalgasbay","Damir Zhalgasbay","KAZ","Boys","30","https://www.itftennis.com/en/players/damir-zhalgasbay/800559166/kaz/jt/s/itf-points-breakdown/","singles","J500 Milan","J500","2025-05-19","2026-05-18","45","1","45","false"
"damir-zhalgasbay","Damir Zhalgasbay","KAZ","Boys","30","https://www.itftennis.com/en/players/damir-zhalgasbay/800559166/kaz/jt/s/itf-points-breakdown/","singles","J200 Szekesfehervar","J200","2025-10-22","2026-10-21","36","1","36","false"
"damir-zhalgasbay","Damir Zhalgasbay","KAZ","Boys","30","https://www.itftennis.com/en/players/damir-zhalgasbay/800559166/kaz/jt/s/itf-points-breakdown/","singles","J200 Oslo","J200","2025-11-24","2026-11-23","36","1","36","false"
"damir-zhalgasbay","Damir Zhalgasbay","KAZ","Boys","30","https://www.itftennis.com/en/players/damir-zhalgasbay/800559166/kaz/jt/s/itf-points-breakdown/","singles","J300 Roehampton","J300","2025-06-29","2026-06-28","30","1","30","false"
"damir-zhalgasbay","Damir Zhalgasbay","KAZ","Boys","30","https://www.itftennis.com/en/players/damir-zhalgasbay/800559166/kaz/jt/s/itf-points-breakdown/","singles","Roland Garros Junior Championships","JGS","2025-06-01","2026-05-31","20","1","20","false"
"damir-zhalgasbay","Damir Zhalgasbay","KAZ","Boys","30","https://www.itftennis.com/en/players/damir-zhalgasbay/800559166/kaz/jt/s/itf-points-breakdown/","singles","The Junior Championships, Wimbledon","JGS","2025-07-05","2026-07-04","20","1","20","false"
"damir-zhalgasbay","Damir Zhalgasbay","KAZ","Boys","30","https://www.itftennis.com/en/players/damir-zhalgasbay/800559166/kaz/jt/s/itf-points-breakdown/","singles","J300 College Park","J300","2025-08-18","2026-08-17","0","1","0","false"
"damir-zhalgasbay","Damir Zhalgasbay","KAZ","Boys","30","https://www.itftennis.com/en/players/damir-zhalgasbay/800559166/kaz/jt/s/itf-points-breakdown/","singles","J200 Vigo","J200","2025-09-30","2026-09-29","0","1","0","false"
"damir-zhalgasbay","Damir Zhalgasbay","KAZ","Boys","30","https://www.itftennis.com/en/players/damir-zhalgasbay/800559166/kaz/jt/s/itf-points-breakdown/","singles","US Open Junior Tennis Championships","JGS","2025-08-31","2026-08-30","0","1","0","false"
"damir-zhalgasbay","Damir Zhalgasbay","KAZ","Boys","30","https://www.itftennis.com/en/players/damir-zhalgasbay/800559166/kaz/jt/s/itf-points-breakdown/","doubles","J300 New Delhi","J300","2026-01-05","2027-01-04","225","0.25","56.25","true"
"damir-zhalgasbay","Damir Zhalgasbay","KAZ","Boys","30","https://www.itftennis.com/en/players/damir-zhalgasbay/800559166/kaz/jt/s/itf-points-breakdown/","doubles","J200 Vigo","J200","2025-09-30","2026-09-29","150","0.25","37.5","true"
"damir-zhalgasbay","Damir Zhalgasbay","KAZ","Boys","30","https://www.itftennis.com/en/players/damir-zhalgasbay/800559166/kaz/jt/s/itf-points-breakdown/","doubles","The Junior Championships, Wimbledon","JGS","2025-07-05","2026-07-04","135","0.25","33.75","true"
"damir-zhalgasbay","Damir Zhalgasbay","KAZ","Boys","30","https://www.itftennis.com/en/players/damir-zhalgasbay/800559166/kaz/jt/s/itf-points-breakdown/","doubles","US Open Junior Tennis Championships","JGS","2025-08-31","2026-08-30","135","0.25","33.75","true"
"damir-zhalgasbay","Damir Zhalgasbay","KAZ","Boys","30","https://www.itftennis.com/en/players/damir-zhalgasbay/800559166/kaz/jt/s/itf-points-breakdown/","doubles","J500 Gaspar","J500","2026-03-16","2027-03-15","112","0.25","28","true"
"damir-zhalgasbay","Damir Zhalgasbay","KAZ","Boys","30","https://www.itftennis.com/en/players/damir-zhalgasbay/800559166/kaz/jt/s/itf-points-breakdown/","doubles","J300 Porto Alegre","J300","2026-03-09","2027-03-08","105","0.25","26.25","true"
"damir-zhalgasbay","Damir Zhalgasbay","KAZ","Boys","30","https://www.itftennis.com/en/players/damir-zhalgasbay/800559166/kaz/jt/s/itf-points-breakdown/","doubles","J200 Szekesfehervar","J200","2025-10-22","2026-10-21","105","0.25","26.25","false"
"damir-zhalgasbay","Damir Zhalgasbay","KAZ","Boys","30","https://www.itftennis.com/en/players/damir-zhalgasbay/800559166/kaz/jt/s/itf-points-breakdown/","doubles","J300 Sanxenxo","J300","2025-09-23","2026-09-22","75","0.25","18.75","false"
"damir-zhalgasbay","Damir Zhalgasbay","KAZ","Boys","30","https://www.itftennis.com/en/players/damir-zhalgasbay/800559166/kaz/jt/s/itf-points-breakdown/","doubles","J300 Traralgon","J300","2026-01-16","2027-01-15","75","0.25","18.75","false"
"damir-zhalgasbay","Damir Zhalgasbay","KAZ","Boys","30","https://www.itftennis.com/en/players/damir-zhalgasbay/800559166/kaz/jt/s/itf-points-breakdown/","doubles","J300 Santa Croce Sull’Arno","J300","2026-05-11","2027-05-10","75","0.25","18.75","false"
"damir-zhalgasbay","Damir Zhalgasbay","KAZ","Boys","30","https://www.itftennis.com/en/players/damir-zhalgasbay/800559166/kaz/jt/s/itf-points-breakdown/","doubles","J500 Milan","J500","2025-05-19","2026-05-18","0","0.25","0","false"
"damir-zhalgasbay","Damir Zhalgasbay","KAZ","Boys","30","https://www.itftennis.com/en/players/damir-zhalgasbay/800559166/kaz/jt/s/itf-points-breakdown/","doubles","J300 Roehampton","J300","2025-06-29","2026-06-28","0","0.25","0","false"
"damir-zhalgasbay","Damir Zhalgasbay","KAZ","Boys","30","https://www.itftennis.com/en/players/damir-zhalgasbay/800559166/kaz/jt/s/itf-points-breakdown/","doubles","J300 Bytom","J300","2025-07-22","2026-07-21","0","0.25","0","false"
"damir-zhalgasbay","Damir Zhalgasbay","KAZ","Boys","30","https://www.itftennis.com/en/players/damir-zhalgasbay/800559166/kaz/jt/s/itf-points-breakdown/","doubles","J300 College Park","J300","2025-08-18","2026-08-17","0","0.25","0","false"
"damir-zhalgasbay","Damir Zhalgasbay","KAZ","Boys","30","https://www.itftennis.com/en/players/damir-zhalgasbay/800559166/kaz/jt/s/itf-points-breakdown/","doubles","J300 Asuncion","J300","2026-03-02","2027-03-01","0","0.25","0","false"
"damir-zhalgasbay","Damir Zhalgasbay","KAZ","Boys","30","https://www.itftennis.com/en/players/damir-zhalgasbay/800559166/kaz/jt/s/itf-points-breakdown/","doubles","J200 Oslo","J200","2025-11-24","2026-11-23","0","0.25","0","false"
"damir-zhalgasbay","Damir Zhalgasbay","KAZ","Boys","30","https://www.itftennis.com/en/players/damir-zhalgasbay/800559166/kaz/jt/s/itf-points-breakdown/","doubles","Australian Open Junior Championships","JGS","2026-01-24","2027-01-23","0","0.25","0","false"
"ryan-cozad","Ryan Cozad","USA","Boys","31","https://www.itftennis.com/en/players/ryan-cozad/800721316/usa/jt/s/itf-points-breakdown/","singles","J300 Tucson","J300","2026-03-09","2027-03-08","210","1","210","true"
"ryan-cozad","Ryan Cozad","USA","Boys","31","https://www.itftennis.com/en/players/ryan-cozad/800721316/usa/jt/s/itf-points-breakdown/","singles","J200 Las Vegas","J200","2026-03-02","2027-03-01","200","1","200","true"
"ryan-cozad","Ryan Cozad","USA","Boys","31","https://www.itftennis.com/en/players/ryan-cozad/800721316/usa/jt/s/itf-points-breakdown/","singles","J300 Spring - Pan American ITF","J300","2025-10-06","2026-10-05","140","1","140","true"
"ryan-cozad","Ryan Cozad","USA","Boys","31","https://www.itftennis.com/en/players/ryan-cozad/800721316/usa/jt/s/itf-points-breakdown/","singles","J300 San Diego (North American Regional Championships)","J300","2026-03-16","2027-03-15","140","1","140","true"
"ryan-cozad","Ryan Cozad","USA","Boys","31","https://www.itftennis.com/en/players/ryan-cozad/800721316/usa/jt/s/itf-points-breakdown/","singles","J300 Repentigny","J300","2025-08-24","2026-08-23","100","1","100","true"
"ryan-cozad","Ryan Cozad","USA","Boys","31","https://www.itftennis.com/en/players/ryan-cozad/800721316/usa/jt/s/itf-points-breakdown/","singles","J500 Merida","J500","2025-11-24","2026-11-23","90","1","90","true"
"ryan-cozad","Ryan Cozad","USA","Boys","31","https://www.itftennis.com/en/players/ryan-cozad/800721316/usa/jt/s/itf-points-breakdown/","singles","J300 Charleroi-Marcinelle","J300","2025-05-26","2026-05-25","60","1","60","false"
"ryan-cozad","Ryan Cozad","USA","Boys","31","https://www.itftennis.com/en/players/ryan-cozad/800721316/usa/jt/s/itf-points-breakdown/","singles","J300 College Park","J300","2025-08-18","2026-08-17","60","1","60","false"
"ryan-cozad","Ryan Cozad","USA","Boys","31","https://www.itftennis.com/en/players/ryan-cozad/800721316/usa/jt/s/itf-points-breakdown/","singles","J200 Corpus Christi","J200","2025-09-29","2026-09-28","60","1","60","false"
"ryan-cozad","Ryan Cozad","USA","Boys","31","https://www.itftennis.com/en/players/ryan-cozad/800721316/usa/jt/s/itf-points-breakdown/","singles","J500 Milan","J500","2025-05-19","2026-05-18","45","1","45","false"
"ryan-cozad","Ryan Cozad","USA","Boys","31","https://www.itftennis.com/en/players/ryan-cozad/800721316/usa/jt/s/itf-points-breakdown/","singles","J300 Traralgon","J300","2026-01-16","2027-01-15","30","1","30","false"
"ryan-cozad","Ryan Cozad","USA","Boys","31","https://www.itftennis.com/en/players/ryan-cozad/800721316/usa/jt/s/itf-points-breakdown/","singles","J500 Fort Lauderdale","J500","2025-12-08","2026-12-07","0","1","0","false"
"ryan-cozad","Ryan Cozad","USA","Boys","31","https://www.itftennis.com/en/players/ryan-cozad/800721316/usa/jt/s/itf-points-breakdown/","singles","J300 Roehampton","J300","2025-06-29","2026-06-28","0","1","0","false"
"ryan-cozad","Ryan Cozad","USA","Boys","31","https://www.itftennis.com/en/players/ryan-cozad/800721316/usa/jt/s/itf-points-breakdown/","singles","J300 Bradenton","J300","2025-12-01","2026-11-30","0","1","0","false"
"ryan-cozad","Ryan Cozad","USA","Boys","31","https://www.itftennis.com/en/players/ryan-cozad/800721316/usa/jt/s/itf-points-breakdown/","singles","Roland Garros Junior Championships","JGS","2025-06-01","2026-05-31","0","1","0","false"
"ryan-cozad","Ryan Cozad","USA","Boys","31","https://www.itftennis.com/en/players/ryan-cozad/800721316/usa/jt/s/itf-points-breakdown/","singles","The Junior Championships, Wimbledon","JGS","2025-07-05","2026-07-04","0","1","0","false"
"ryan-cozad","Ryan Cozad","USA","Boys","31","https://www.itftennis.com/en/players/ryan-cozad/800721316/usa/jt/s/itf-points-breakdown/","singles","US Open Junior Tennis Championships","JGS","2025-08-31","2026-08-30","0","1","0","false"
"ryan-cozad","Ryan Cozad","USA","Boys","31","https://www.itftennis.com/en/players/ryan-cozad/800721316/usa/jt/s/itf-points-breakdown/","singles","Australian Open Junior Championships","JGS","2026-01-24","2027-01-23","0","1","0","false"
"ryan-cozad","Ryan Cozad","USA","Boys","31","https://www.itftennis.com/en/players/ryan-cozad/800721316/usa/jt/s/itf-points-breakdown/","doubles","J300 College Park","J300","2025-08-18","2026-08-17","225","0.25","56.25","true"
"ryan-cozad","Ryan Cozad","USA","Boys","31","https://www.itftennis.com/en/players/ryan-cozad/800721316/usa/jt/s/itf-points-breakdown/","doubles","J300 Spring - Pan American ITF","J300","2025-10-06","2026-10-05","225","0.25","56.25","true"
"ryan-cozad","Ryan Cozad","USA","Boys","31","https://www.itftennis.com/en/players/ryan-cozad/800721316/usa/jt/s/itf-points-breakdown/","doubles","J300 Tucson","J300","2026-03-09","2027-03-08","225","0.25","56.25","true"
"ryan-cozad","Ryan Cozad","USA","Boys","31","https://www.itftennis.com/en/players/ryan-cozad/800721316/usa/jt/s/itf-points-breakdown/","doubles","J500 Fort Lauderdale","J500","2025-12-08","2026-12-07","187","0.25","46.75","true"
"ryan-cozad","Ryan Cozad","USA","Boys","31","https://www.itftennis.com/en/players/ryan-cozad/800721316/usa/jt/s/itf-points-breakdown/","doubles","J300 Repentigny","J300","2025-08-24","2026-08-23","157","0.25","39.25","true"
"ryan-cozad","Ryan Cozad","USA","Boys","31","https://www.itftennis.com/en/players/ryan-cozad/800721316/usa/jt/s/itf-points-breakdown/","doubles","J300 San Diego (North American Regional Championships)","J300","2026-03-16","2027-03-15","157","0.25","39.25","true"
"ryan-cozad","Ryan Cozad","USA","Boys","31","https://www.itftennis.com/en/players/ryan-cozad/800721316/usa/jt/s/itf-points-breakdown/","doubles","J200 Las Vegas","J200","2026-03-02","2027-03-01","150","0.25","37.5","false"
"ryan-cozad","Ryan Cozad","USA","Boys","31","https://www.itftennis.com/en/players/ryan-cozad/800721316/usa/jt/s/itf-points-breakdown/","doubles","Australian Open Junior Championships","JGS","2026-01-24","2027-01-23","135","0.25","33.75","false"
"ryan-cozad","Ryan Cozad","USA","Boys","31","https://www.itftennis.com/en/players/ryan-cozad/800721316/usa/jt/s/itf-points-breakdown/","doubles","J500 Merida","J500","2025-11-24","2026-11-23","112","0.25","28","false"
"ryan-cozad","Ryan Cozad","USA","Boys","31","https://www.itftennis.com/en/players/ryan-cozad/800721316/usa/jt/s/itf-points-breakdown/","doubles","J300 Traralgon","J300","2026-01-16","2027-01-15","105","0.25","26.25","false"
"ryan-cozad","Ryan Cozad","USA","Boys","31","https://www.itftennis.com/en/players/ryan-cozad/800721316/usa/jt/s/itf-points-breakdown/","doubles","J200 Corpus Christi","J200","2025-09-29","2026-09-28","105","0.25","26.25","false"
"ryan-cozad","Ryan Cozad","USA","Boys","31","https://www.itftennis.com/en/players/ryan-cozad/800721316/usa/jt/s/itf-points-breakdown/","doubles","J300 Bradenton","J300","2025-12-01","2026-11-30","45","0.25","11.25","false"
"ryan-cozad","Ryan Cozad","USA","Boys","31","https://www.itftennis.com/en/players/ryan-cozad/800721316/usa/jt/s/itf-points-breakdown/","doubles","J500 Milan","J500","2025-05-19","2026-05-18","0","0.25","0","false"
"ryan-cozad","Ryan Cozad","USA","Boys","31","https://www.itftennis.com/en/players/ryan-cozad/800721316/usa/jt/s/itf-points-breakdown/","doubles","J300 Charleroi-Marcinelle","J300","2025-05-26","2026-05-25","0","0.25","0","false"
"ryan-cozad","Ryan Cozad","USA","Boys","31","https://www.itftennis.com/en/players/ryan-cozad/800721316/usa/jt/s/itf-points-breakdown/","doubles","J300 Roehampton","J300","2025-06-29","2026-06-28","0","0.25","0","false"
"ryan-cozad","Ryan Cozad","USA","Boys","31","https://www.itftennis.com/en/players/ryan-cozad/800721316/usa/jt/s/itf-points-breakdown/","doubles","Roland Garros Junior Championships","JGS","2025-06-01","2026-05-31","0","0.25","0","false"
"ryan-cozad","Ryan Cozad","USA","Boys","31","https://www.itftennis.com/en/players/ryan-cozad/800721316/usa/jt/s/itf-points-breakdown/","doubles","The Junior Championships, Wimbledon","JGS","2025-07-05","2026-07-04","0","0.25","0","false"
"ryan-cozad","Ryan Cozad","USA","Boys","31","https://www.itftennis.com/en/players/ryan-cozad/800721316/usa/jt/s/itf-points-breakdown/","doubles","US Open Junior Tennis Championships","JGS","2025-08-31","2026-08-30","0","0.25","0","false"
"daniel-jovanovski","Daniel Jovanovski","AUS","Boys","32","https://www.itftennis.com/en/players/daniel-jovanovski/800712851/aus/jt/s/itf-points-breakdown/","singles","J300 Kuching","J300","2026-04-07","2027-04-06","300","1","300","true"
"daniel-jovanovski","Daniel Jovanovski","AUS","Boys","32","https://www.itftennis.com/en/players/daniel-jovanovski/800712851/aus/jt/s/itf-points-breakdown/","singles","J200 Sydney (Regional Championships)","J200","2025-08-19","2026-08-18","200","1","200","true"
"daniel-jovanovski","Daniel Jovanovski","AUS","Boys","32","https://www.itftennis.com/en/players/daniel-jovanovski/800712851/aus/jt/s/itf-points-breakdown/","singles","J200 Sydney","J200","2025-08-26","2026-08-25","200","1","200","true"
"daniel-jovanovski","Daniel Jovanovski","AUS","Boys","32","https://www.itftennis.com/en/players/daniel-jovanovski/800712851/aus/jt/s/itf-points-breakdown/","singles","J300 Nonthaburi","J300","2026-03-02","2027-03-01","100","1","100","true"
"daniel-jovanovski","Daniel Jovanovski","AUS","Boys","32","https://www.itftennis.com/en/players/daniel-jovanovski/800712851/aus/jt/s/itf-points-breakdown/","singles","J200 Miki","J200","2025-09-16","2026-09-15","100","1","100","true"
"daniel-jovanovski","Daniel Jovanovski","AUS","Boys","32","https://www.itftennis.com/en/players/daniel-jovanovski/800712851/aus/jt/s/itf-points-breakdown/","singles","J200 Nonthaburi","J200","2026-02-23","2027-02-22","100","1","100","true"
"daniel-jovanovski","Daniel Jovanovski","AUS","Boys","32","https://www.itftennis.com/en/players/daniel-jovanovski/800712851/aus/jt/s/itf-points-breakdown/","singles","J500 Osaka","J500","2025-09-22","2026-09-21","90","1","90","false"
"daniel-jovanovski","Daniel Jovanovski","AUS","Boys","32","https://www.itftennis.com/en/players/daniel-jovanovski/800712851/aus/jt/s/itf-points-breakdown/","singles","Australian Open Junior Championships","JGS","2026-01-24","2027-01-23","90","1","90","false"
"daniel-jovanovski","Daniel Jovanovski","AUS","Boys","32","https://www.itftennis.com/en/players/daniel-jovanovski/800712851/aus/jt/s/itf-points-breakdown/","singles","J300 Traralgon","J300","2026-01-16","2027-01-15","60","1","60","false"
"daniel-jovanovski","Daniel Jovanovski","AUS","Boys","32","https://www.itftennis.com/en/players/daniel-jovanovski/800712851/aus/jt/s/itf-points-breakdown/","singles","J60 Darwin","J60","2025-06-02","2026-06-01","60","1","60","false"
"daniel-jovanovski","Daniel Jovanovski","AUS","Boys","32","https://www.itftennis.com/en/players/daniel-jovanovski/800712851/aus/jt/s/itf-points-breakdown/","singles","J60 Gold Coast","J60","2025-07-02","2026-07-01","36","1","36","false"
"daniel-jovanovski","Daniel Jovanovski","AUS","Boys","32","https://www.itftennis.com/en/players/daniel-jovanovski/800712851/aus/jt/s/itf-points-breakdown/","singles","J60 Gold Coast","J60","2025-07-08","2026-07-07","10","1","10","false"
"daniel-jovanovski","Daniel Jovanovski","AUS","Boys","32","https://www.itftennis.com/en/players/daniel-jovanovski/800712851/aus/jt/s/itf-points-breakdown/","doubles","Australian Open Junior Championships","JGS","2026-01-24","2027-01-23","225","0.25","56.25","true"
"daniel-jovanovski","Daniel Jovanovski","AUS","Boys","32","https://www.itftennis.com/en/players/daniel-jovanovski/800712851/aus/jt/s/itf-points-breakdown/","doubles","J500 Osaka","J500","2025-09-22","2026-09-21","112","0.25","28","true"
"daniel-jovanovski","Daniel Jovanovski","AUS","Boys","32","https://www.itftennis.com/en/players/daniel-jovanovski/800712851/aus/jt/s/itf-points-breakdown/","doubles","J200 Sydney","J200","2025-08-26","2026-08-25","105","0.25","26.25","true"
"daniel-jovanovski","Daniel Jovanovski","AUS","Boys","32","https://www.itftennis.com/en/players/daniel-jovanovski/800712851/aus/jt/s/itf-points-breakdown/","doubles","J300 Nonthaburi","J300","2026-03-02","2027-03-01","75","0.25","18.75","true"
"daniel-jovanovski","Daniel Jovanovski","AUS","Boys","32","https://www.itftennis.com/en/players/daniel-jovanovski/800712851/aus/jt/s/itf-points-breakdown/","doubles","J200 Miki","J200","2025-09-16","2026-09-15","75","0.25","18.75","true"
"daniel-jovanovski","Daniel Jovanovski","AUS","Boys","32","https://www.itftennis.com/en/players/daniel-jovanovski/800712851/aus/jt/s/itf-points-breakdown/","doubles","J200 Nonthaburi","J200","2026-02-23","2027-02-22","75","0.25","18.75","true"
"daniel-jovanovski","Daniel Jovanovski","AUS","Boys","32","https://www.itftennis.com/en/players/daniel-jovanovski/800712851/aus/jt/s/itf-points-breakdown/","doubles","J60 Gold Coast","J60","2025-07-08","2026-07-07","45","0.25","11.25","false"
"daniel-jovanovski","Daniel Jovanovski","AUS","Boys","32","https://www.itftennis.com/en/players/daniel-jovanovski/800712851/aus/jt/s/itf-points-breakdown/","doubles","J200 Sydney (Regional Championships)","J200","2025-08-19","2026-08-18","27","0.25","6.75","false"
"daniel-jovanovski","Daniel Jovanovski","AUS","Boys","32","https://www.itftennis.com/en/players/daniel-jovanovski/800712851/aus/jt/s/itf-points-breakdown/","doubles","J60 Darwin","J60","2025-06-02","2026-06-01","7","0.25","1.75","false"
"daniel-jovanovski","Daniel Jovanovski","AUS","Boys","32","https://www.itftennis.com/en/players/daniel-jovanovski/800712851/aus/jt/s/itf-points-breakdown/","doubles","J60 Gold Coast","J60","2025-07-02","2026-07-01","7","0.25","1.75","false"
"daniel-jovanovski","Daniel Jovanovski","AUS","Boys","32","https://www.itftennis.com/en/players/daniel-jovanovski/800712851/aus/jt/s/itf-points-breakdown/","doubles","J300 Traralgon","J300","2026-01-16","2027-01-15","0","0.25","0","false"
"daniel-jovanovski","Daniel Jovanovski","AUS","Boys","32","https://www.itftennis.com/en/players/daniel-jovanovski/800712851/aus/jt/s/itf-points-breakdown/","doubles","J300 Kuching","J300","2026-04-07","2027-04-06","0","0.25","0","false"
"savva-rybkin","Savva Rybkin","RUS","Boys","33","https://www.itftennis.com/en/players/savva-rybkin/800590813/rus/jt/s/itf-points-breakdown/","singles","J500 Osaka","J500","2025-09-22","2026-09-21","250","1","250","true"
"savva-rybkin","Savva Rybkin","RUS","Boys","33","https://www.itftennis.com/en/players/savva-rybkin/800590813/rus/jt/s/itf-points-breakdown/","singles","Roland Garros Junior Championships","JGS","2025-06-01","2026-05-31","180","1","180","true"
"savva-rybkin","Savva Rybkin","RUS","Boys","33","https://www.itftennis.com/en/players/savva-rybkin/800590813/rus/jt/s/itf-points-breakdown/","singles","Australian Open Junior Championships","JGS","2026-01-24","2027-01-23","180","1","180","true"
"savva-rybkin","Savva Rybkin","RUS","Boys","33","https://www.itftennis.com/en/players/savva-rybkin/800590813/rus/jt/s/itf-points-breakdown/","singles","J300 Cairo","J300","2026-03-30","2027-03-29","140","1","140","true"
"savva-rybkin","Savva Rybkin","RUS","Boys","33","https://www.itftennis.com/en/players/savva-rybkin/800590813/rus/jt/s/itf-points-breakdown/","singles","J300 Beaulieu-sur-Mer","J300","2026-04-13","2027-04-12","100","1","100","true"
"savva-rybkin","Savva Rybkin","RUS","Boys","33","https://www.itftennis.com/en/players/savva-rybkin/800590813/rus/jt/s/itf-points-breakdown/","singles","J500 Offenbach","J500","2026-05-04","2027-05-03","90","1","90","true"
"savva-rybkin","Savva Rybkin","RUS","Boys","33","https://www.itftennis.com/en/players/savva-rybkin/800590813/rus/jt/s/itf-points-breakdown/","singles","J300 Villena","J300","2026-03-16","2027-03-15","60","1","60","false"
"savva-rybkin","Savva Rybkin","RUS","Boys","33","https://www.itftennis.com/en/players/savva-rybkin/800590813/rus/jt/s/itf-points-breakdown/","singles","J200 Miki","J200","2025-09-16","2026-09-15","60","1","60","false"
"savva-rybkin","Savva Rybkin","RUS","Boys","33","https://www.itftennis.com/en/players/savva-rybkin/800590813/rus/jt/s/itf-points-breakdown/","singles","J300 Traralgon","J300","2026-01-16","2027-01-15","30","1","30","false"
"savva-rybkin","Savva Rybkin","RUS","Boys","33","https://www.itftennis.com/en/players/savva-rybkin/800590813/rus/jt/s/itf-points-breakdown/","singles","J500 Milan","J500","2025-05-19","2026-05-18","0","1","0","false"
"savva-rybkin","Savva Rybkin","RUS","Boys","33","https://www.itftennis.com/en/players/savva-rybkin/800590813/rus/jt/s/itf-points-breakdown/","singles","J500 Cairo","J500","2026-04-06","2027-04-05","0","1","0","false"
"savva-rybkin","Savva Rybkin","RUS","Boys","33","https://www.itftennis.com/en/players/savva-rybkin/800590813/rus/jt/s/itf-points-breakdown/","singles","J300 College Park","J300","2025-08-18","2026-08-17","0","1","0","false"
"savva-rybkin","Savva Rybkin","RUS","Boys","33","https://www.itftennis.com/en/players/savva-rybkin/800590813/rus/jt/s/itf-points-breakdown/","singles","J300 Santa Croce Sull’Arno","J300","2026-05-11","2027-05-10","0","1","0","false"
"savva-rybkin","Savva Rybkin","RUS","Boys","33","https://www.itftennis.com/en/players/savva-rybkin/800590813/rus/jt/s/itf-points-breakdown/","singles","J200 Basel","J200","2025-07-29","2026-07-28","0","1","0","false"
"savva-rybkin","Savva Rybkin","RUS","Boys","33","https://www.itftennis.com/en/players/savva-rybkin/800590813/rus/jt/s/itf-points-breakdown/","singles","The Junior Championships, Wimbledon","JGS","2025-07-05","2026-07-04","0","1","0","false"
"savva-rybkin","Savva Rybkin","RUS","Boys","33","https://www.itftennis.com/en/players/savva-rybkin/800590813/rus/jt/s/itf-points-breakdown/","singles","US Open Junior Tennis Championships","JGS","2025-08-31","2026-08-30","0","1","0","false"
"savva-rybkin","Savva Rybkin","RUS","Boys","33","https://www.itftennis.com/en/players/savva-rybkin/800590813/rus/jt/s/itf-points-breakdown/","doubles","J300 Beaulieu-sur-Mer","J300","2026-04-13","2027-04-12","225","0.25","56.25","true"
"savva-rybkin","Savva Rybkin","RUS","Boys","33","https://www.itftennis.com/en/players/savva-rybkin/800590813/rus/jt/s/itf-points-breakdown/","doubles","J500 Osaka","J500","2025-09-22","2026-09-21","187","0.25","46.75","true"
"savva-rybkin","Savva Rybkin","RUS","Boys","33","https://www.itftennis.com/en/players/savva-rybkin/800590813/rus/jt/s/itf-points-breakdown/","doubles","US Open Junior Tennis Championships","JGS","2025-08-31","2026-08-30","135","0.25","33.75","true"
"savva-rybkin","Savva Rybkin","RUS","Boys","33","https://www.itftennis.com/en/players/savva-rybkin/800590813/rus/jt/s/itf-points-breakdown/","doubles","J500 Milan","J500","2025-05-19","2026-05-18","112","0.25","28","true"
"savva-rybkin","Savva Rybkin","RUS","Boys","33","https://www.itftennis.com/en/players/savva-rybkin/800590813/rus/jt/s/itf-points-breakdown/","doubles","J300 College Park","J300","2025-08-18","2026-08-17","105","0.25","26.25","true"
"savva-rybkin","Savva Rybkin","RUS","Boys","33","https://www.itftennis.com/en/players/savva-rybkin/800590813/rus/jt/s/itf-points-breakdown/","doubles","J300 Cairo","J300","2026-03-30","2027-03-29","105","0.25","26.25","true"
"savva-rybkin","Savva Rybkin","RUS","Boys","33","https://www.itftennis.com/en/players/savva-rybkin/800590813/rus/jt/s/itf-points-breakdown/","doubles","J200 Basel","J200","2025-07-29","2026-07-28","105","0.25","26.25","false"
"savva-rybkin","Savva Rybkin","RUS","Boys","33","https://www.itftennis.com/en/players/savva-rybkin/800590813/rus/jt/s/itf-points-breakdown/","doubles","J200 Miki","J200","2025-09-16","2026-09-15","75","0.25","18.75","false"
"savva-rybkin","Savva Rybkin","RUS","Boys","33","https://www.itftennis.com/en/players/savva-rybkin/800590813/rus/jt/s/itf-points-breakdown/","doubles","J500 Offenbach","J500","2026-05-04","2027-05-03","67","0.25","16.75","false"
"savva-rybkin","Savva Rybkin","RUS","Boys","33","https://www.itftennis.com/en/players/savva-rybkin/800590813/rus/jt/s/itf-points-breakdown/","doubles","J300 Traralgon","J300","2026-01-16","2027-01-15","45","0.25","11.25","false"
"savva-rybkin","Savva Rybkin","RUS","Boys","33","https://www.itftennis.com/en/players/savva-rybkin/800590813/rus/jt/s/itf-points-breakdown/","doubles","J500 Cairo","J500","2026-04-06","2027-04-05","0","0.25","0","false"
"savva-rybkin","Savva Rybkin","RUS","Boys","33","https://www.itftennis.com/en/players/savva-rybkin/800590813/rus/jt/s/itf-points-breakdown/","doubles","J300 Villena","J300","2026-03-16","2027-03-15","0","0.25","0","false"
"savva-rybkin","Savva Rybkin","RUS","Boys","33","https://www.itftennis.com/en/players/savva-rybkin/800590813/rus/jt/s/itf-points-breakdown/","doubles","J300 Santa Croce Sull’Arno","J300","2026-05-11","2027-05-10","0","0.25","0","false"
"savva-rybkin","Savva Rybkin","RUS","Boys","33","https://www.itftennis.com/en/players/savva-rybkin/800590813/rus/jt/s/itf-points-breakdown/","doubles","Roland Garros Junior Championships","JGS","2025-06-01","2026-05-31","0","0.25","0","false"
"savva-rybkin","Savva Rybkin","RUS","Boys","33","https://www.itftennis.com/en/players/savva-rybkin/800590813/rus/jt/s/itf-points-breakdown/","doubles","The Junior Championships, Wimbledon","JGS","2025-07-05","2026-07-04","0","0.25","0","false"
"savva-rybkin","Savva Rybkin","RUS","Boys","33","https://www.itftennis.com/en/players/savva-rybkin/800590813/rus/jt/s/itf-points-breakdown/","doubles","Australian Open Junior Championships","JGS","2026-01-24","2027-01-23","0","0.25","0","false"
"matei-todoran","Matei Todoran","ROU","Boys","34","https://www.itftennis.com/en/players/matei-todoran/800565895/rou/jt/s/itf-points-breakdown/","singles","J500 Gaspar","J500","2026-03-16","2027-03-15","250","1","250","true"
"matei-todoran","Matei Todoran","ROU","Boys","34","https://www.itftennis.com/en/players/matei-todoran/800565895/rou/jt/s/itf-points-breakdown/","singles","Australian Open Junior Championships","JGS","2026-01-24","2027-01-23","180","1","180","true"
"matei-todoran","Matei Todoran","ROU","Boys","34","https://www.itftennis.com/en/players/matei-todoran/800565895/rou/jt/s/itf-points-breakdown/","singles","J300 Bytom","J300","2025-07-22","2026-07-21","140","1","140","true"
"matei-todoran","Matei Todoran","ROU","Boys","34","https://www.itftennis.com/en/players/matei-todoran/800565895/rou/jt/s/itf-points-breakdown/","singles","J300 College Park","J300","2025-08-18","2026-08-17","140","1","140","true"
"matei-todoran","Matei Todoran","ROU","Boys","34","https://www.itftennis.com/en/players/matei-todoran/800565895/rou/jt/s/itf-points-breakdown/","singles","J300 Beaulieu-sur-Mer","J300","2026-04-13","2027-04-12","140","1","140","true"
"matei-todoran","Matei Todoran","ROU","Boys","34","https://www.itftennis.com/en/players/matei-todoran/800565895/rou/jt/s/itf-points-breakdown/","singles","J200 Gladbeck","J200","2025-06-17","2026-06-16","100","1","100","true"
"matei-todoran","Matei Todoran","ROU","Boys","34","https://www.itftennis.com/en/players/matei-todoran/800565895/rou/jt/s/itf-points-breakdown/","singles","Tennis Europe Summer Cups (B18)","GC","2025-08-04","2026-08-03","75","1","75","false"
"matei-todoran","Matei Todoran","ROU","Boys","34","https://www.itftennis.com/en/players/matei-todoran/800565895/rou/jt/s/itf-points-breakdown/","singles","J300 Porto Alegre","J300","2026-03-09","2027-03-08","60","1","60","false"
"matei-todoran","Matei Todoran","ROU","Boys","34","https://www.itftennis.com/en/players/matei-todoran/800565895/rou/jt/s/itf-points-breakdown/","singles","J500 Offenbach","J500","2026-05-04","2027-05-03","45","1","45","false"
"matei-todoran","Matei Todoran","ROU","Boys","34","https://www.itftennis.com/en/players/matei-todoran/800565895/rou/jt/s/itf-points-breakdown/","singles","J200 Castricum","J200","2025-07-01","2026-06-30","36","1","36","false"
"matei-todoran","Matei Todoran","ROU","Boys","34","https://www.itftennis.com/en/players/matei-todoran/800565895/rou/jt/s/itf-points-breakdown/","singles","J300 Bamberg","J300","2025-06-10","2026-06-09","30","1","30","false"
"matei-todoran","Matei Todoran","ROU","Boys","34","https://www.itftennis.com/en/players/matei-todoran/800565895/rou/jt/s/itf-points-breakdown/","singles","J300 Traralgon","J300","2026-01-16","2027-01-15","30","1","30","false"
"matei-todoran","Matei Todoran","ROU","Boys","34","https://www.itftennis.com/en/players/matei-todoran/800565895/rou/jt/s/itf-points-breakdown/","singles","J500 Milan","J500","2025-05-19","2026-05-18","0","1","0","false"
"matei-todoran","Matei Todoran","ROU","Boys","34","https://www.itftennis.com/en/players/matei-todoran/800565895/rou/jt/s/itf-points-breakdown/","singles","J300 Asuncion","J300","2026-03-02","2027-03-01","0","1","0","false"
"matei-todoran","Matei Todoran","ROU","Boys","34","https://www.itftennis.com/en/players/matei-todoran/800565895/rou/jt/s/itf-points-breakdown/","singles","J300 Santa Croce Sull’Arno","J300","2026-05-11","2027-05-10","0","1","0","false"
"matei-todoran","Matei Todoran","ROU","Boys","34","https://www.itftennis.com/en/players/matei-todoran/800565895/rou/jt/s/itf-points-breakdown/","singles","J200 Pilsen","J200","2025-06-23","2026-06-22","0","1","0","false"
"matei-todoran","Matei Todoran","ROU","Boys","34","https://www.itftennis.com/en/players/matei-todoran/800565895/rou/jt/s/itf-points-breakdown/","singles","US Open Junior Tennis Championships","JGS","2025-08-31","2026-08-30","0","1","0","false"
"matei-todoran","Matei Todoran","ROU","Boys","34","https://www.itftennis.com/en/players/matei-todoran/800565895/rou/jt/s/itf-points-breakdown/","doubles","J300 Bamberg","J300","2025-06-10","2026-06-09","225","0.25","56.25","true"
"matei-todoran","Matei Todoran","ROU","Boys","34","https://www.itftennis.com/en/players/matei-todoran/800565895/rou/jt/s/itf-points-breakdown/","doubles","US Open Junior Tennis Championships","JGS","2025-08-31","2026-08-30","135","0.25","33.75","true"
"matei-todoran","Matei Todoran","ROU","Boys","34","https://www.itftennis.com/en/players/matei-todoran/800565895/rou/jt/s/itf-points-breakdown/","doubles","J500 Gaspar","J500","2026-03-16","2027-03-15","112","0.25","28","true"
"matei-todoran","Matei Todoran","ROU","Boys","34","https://www.itftennis.com/en/players/matei-todoran/800565895/rou/jt/s/itf-points-breakdown/","doubles","J500 Offenbach","J500","2026-05-04","2027-05-03","112","0.25","28","true"
"matei-todoran","Matei Todoran","ROU","Boys","34","https://www.itftennis.com/en/players/matei-todoran/800565895/rou/jt/s/itf-points-breakdown/","doubles","J300 Porto Alegre","J300","2026-03-09","2027-03-08","105","0.25","26.25","true"
"matei-todoran","Matei Todoran","ROU","Boys","34","https://www.itftennis.com/en/players/matei-todoran/800565895/rou/jt/s/itf-points-breakdown/","doubles","J200 Pilsen","J200","2025-06-23","2026-06-22","105","0.25","26.25","true"
"matei-todoran","Matei Todoran","ROU","Boys","34","https://www.itftennis.com/en/players/matei-todoran/800565895/rou/jt/s/itf-points-breakdown/","doubles","J300 College Park","J300","2025-08-18","2026-08-17","75","0.25","18.75","false"
"matei-todoran","Matei Todoran","ROU","Boys","34","https://www.itftennis.com/en/players/matei-todoran/800565895/rou/jt/s/itf-points-breakdown/","doubles","J300 Beaulieu-sur-Mer","J300","2026-04-13","2027-04-12","75","0.25","18.75","false"
"matei-todoran","Matei Todoran","ROU","Boys","34","https://www.itftennis.com/en/players/matei-todoran/800565895/rou/jt/s/itf-points-breakdown/","doubles","J300 Santa Croce Sull’Arno","J300","2026-05-11","2027-05-10","75","0.25","18.75","false"
"matei-todoran","Matei Todoran","ROU","Boys","34","https://www.itftennis.com/en/players/matei-todoran/800565895/rou/jt/s/itf-points-breakdown/","doubles","J300 Asuncion","J300","2026-03-02","2027-03-01","0","0.25","0","false"
"matei-todoran","Matei Todoran","ROU","Boys","34","https://www.itftennis.com/en/players/matei-todoran/800565895/rou/jt/s/itf-points-breakdown/","doubles","J200 Gladbeck","J200","2025-06-17","2026-06-16","0","0.25","0","false"
"matei-todoran","Matei Todoran","ROU","Boys","34","https://www.itftennis.com/en/players/matei-todoran/800565895/rou/jt/s/itf-points-breakdown/","doubles","J200 Castricum","J200","2025-07-01","2026-06-30","0","0.25","0","false"
"matei-todoran","Matei Todoran","ROU","Boys","34","https://www.itftennis.com/en/players/matei-todoran/800565895/rou/jt/s/itf-points-breakdown/","doubles","Tennis Europe Summer Cups (B18)","GC","2025-08-04","2026-08-03","0","0.25","0","false"
"mark-ceban","Mark Ceban","GBR","Boys","35","https://www.itftennis.com/en/players/mark-ceban/800646827/gbr/jt/s/itf-points-breakdown/","singles","J200 Vigo","J200","2025-09-30","2026-09-29","200","1","200","true"
"mark-ceban","Mark Ceban","GBR","Boys","35","https://www.itftennis.com/en/players/mark-ceban/800646827/gbr/jt/s/itf-points-breakdown/","singles","J200 Aldershot","J200","2026-04-20","2027-04-19","200","1","200","true"
"mark-ceban","Mark Ceban","GBR","Boys","35","https://www.itftennis.com/en/players/mark-ceban/800646827/gbr/jt/s/itf-points-breakdown/","singles","J500 Offenbach","J500","2026-05-04","2027-05-03","150","1","150","true"
"mark-ceban","Mark Ceban","GBR","Boys","35","https://www.itftennis.com/en/players/mark-ceban/800646827/gbr/jt/s/itf-points-breakdown/","singles","J300 Nonthaburi","J300","2026-03-02","2027-03-01","140","1","140","true"
"mark-ceban","Mark Ceban","GBR","Boys","35","https://www.itftennis.com/en/players/mark-ceban/800646827/gbr/jt/s/itf-points-breakdown/","singles","J300 Vrsar","J300","2026-03-23","2027-03-22","100","1","100","true"
"mark-ceban","Mark Ceban","GBR","Boys","35","https://www.itftennis.com/en/players/mark-ceban/800646827/gbr/jt/s/itf-points-breakdown/","singles","J300 Beaulieu-sur-Mer","J300","2026-04-13","2027-04-12","100","1","100","true"
"mark-ceban","Mark Ceban","GBR","Boys","35","https://www.itftennis.com/en/players/mark-ceban/800646827/gbr/jt/s/itf-points-breakdown/","singles","J200 Cairo","J200","2025-11-03","2026-11-02","100","1","100","false"
"mark-ceban","Mark Ceban","GBR","Boys","35","https://www.itftennis.com/en/players/mark-ceban/800646827/gbr/jt/s/itf-points-breakdown/","singles","Australian Open Junior Championships","JGS","2026-01-24","2027-01-23","90","1","90","false"
"mark-ceban","Mark Ceban","GBR","Boys","35","https://www.itftennis.com/en/players/mark-ceban/800646827/gbr/jt/s/itf-points-breakdown/","singles","J200 Rakovnik","J200","2025-09-01","2026-08-31","60","1","60","false"
"mark-ceban","Mark Ceban","GBR","Boys","35","https://www.itftennis.com/en/players/mark-ceban/800646827/gbr/jt/s/itf-points-breakdown/","singles","J200 Oslo","J200","2025-11-24","2026-11-23","60","1","60","false"
"mark-ceban","Mark Ceban","GBR","Boys","35","https://www.itftennis.com/en/players/mark-ceban/800646827/gbr/jt/s/itf-points-breakdown/","singles","J100 Budapest","J100","2025-08-26","2026-08-25","20","1","20","false"
"mark-ceban","Mark Ceban","GBR","Boys","35","https://www.itftennis.com/en/players/mark-ceban/800646827/gbr/jt/s/itf-points-breakdown/","singles","Roland Garros Junior Championships","JGS","2025-06-01","2026-05-31","20","1","20","false"
"mark-ceban","Mark Ceban","GBR","Boys","35","https://www.itftennis.com/en/players/mark-ceban/800646827/gbr/jt/s/itf-points-breakdown/","singles","J300 Charleroi-Marcinelle","J300","2025-05-26","2026-05-25","0","1","0","false"
"mark-ceban","Mark Ceban","GBR","Boys","35","https://www.itftennis.com/en/players/mark-ceban/800646827/gbr/jt/s/itf-points-breakdown/","singles","J300 Roehampton","J300","2025-06-29","2026-06-28","0","1","0","false"
"mark-ceban","Mark Ceban","GBR","Boys","35","https://www.itftennis.com/en/players/mark-ceban/800646827/gbr/jt/s/itf-points-breakdown/","singles","J300 Bytom","J300","2025-07-22","2026-07-21","0","1","0","false"
"mark-ceban","Mark Ceban","GBR","Boys","35","https://www.itftennis.com/en/players/mark-ceban/800646827/gbr/jt/s/itf-points-breakdown/","singles","J300 Sanxenxo","J300","2025-09-23","2026-09-22","0","1","0","false"
"mark-ceban","Mark Ceban","GBR","Boys","35","https://www.itftennis.com/en/players/mark-ceban/800646827/gbr/jt/s/itf-points-breakdown/","singles","J300 Traralgon","J300","2026-01-16","2027-01-15","0","1","0","false"
"mark-ceban","Mark Ceban","GBR","Boys","35","https://www.itftennis.com/en/players/mark-ceban/800646827/gbr/jt/s/itf-points-breakdown/","singles","J200 Szekesfehervar","J200","2025-10-22","2026-10-21","0","1","0","false"
"mark-ceban","Mark Ceban","GBR","Boys","35","https://www.itftennis.com/en/players/mark-ceban/800646827/gbr/jt/s/itf-points-breakdown/","singles","The Junior Championships, Wimbledon","JGS","2025-07-05","2026-07-04","0","1","0","false"
"mark-ceban","Mark Ceban","GBR","Boys","35","https://www.itftennis.com/en/players/mark-ceban/800646827/gbr/jt/s/itf-points-breakdown/","doubles","Australian Open Junior Championships","JGS","2026-01-24","2027-01-23","367","0.25","91.75","true"
"mark-ceban","Mark Ceban","GBR","Boys","35","https://www.itftennis.com/en/players/mark-ceban/800646827/gbr/jt/s/itf-points-breakdown/","doubles","J300 Nonthaburi","J300","2026-03-02","2027-03-01","157","0.25","39.25","true"
"mark-ceban","Mark Ceban","GBR","Boys","35","https://www.itftennis.com/en/players/mark-ceban/800646827/gbr/jt/s/itf-points-breakdown/","doubles","J200 Vigo","J200","2025-09-30","2026-09-29","150","0.25","37.5","true"
"mark-ceban","Mark Ceban","GBR","Boys","35","https://www.itftennis.com/en/players/mark-ceban/800646827/gbr/jt/s/itf-points-breakdown/","doubles","The Junior Championships, Wimbledon","JGS","2025-07-05","2026-07-04","135","0.25","33.75","true"
"mark-ceban","Mark Ceban","GBR","Boys","35","https://www.itftennis.com/en/players/mark-ceban/800646827/gbr/jt/s/itf-points-breakdown/","doubles","J300 Bytom","J300","2025-07-22","2026-07-21","105","0.25","26.25","true"
"mark-ceban","Mark Ceban","GBR","Boys","35","https://www.itftennis.com/en/players/mark-ceban/800646827/gbr/jt/s/itf-points-breakdown/","doubles","J200 Szekesfehervar","J200","2025-10-22","2026-10-21","105","0.25","26.25","true"
"mark-ceban","Mark Ceban","GBR","Boys","35","https://www.itftennis.com/en/players/mark-ceban/800646827/gbr/jt/s/itf-points-breakdown/","doubles","J300 Sanxenxo","J300","2025-09-23","2026-09-22","75","0.25","18.75","false"
"mark-ceban","Mark Ceban","GBR","Boys","35","https://www.itftennis.com/en/players/mark-ceban/800646827/gbr/jt/s/itf-points-breakdown/","doubles","J300 Traralgon","J300","2026-01-16","2027-01-15","75","0.25","18.75","false"
"mark-ceban","Mark Ceban","GBR","Boys","35","https://www.itftennis.com/en/players/mark-ceban/800646827/gbr/jt/s/itf-points-breakdown/","doubles","J500 Offenbach","J500","2026-05-04","2027-05-03","0","0.25","0","false"
"mark-ceban","Mark Ceban","GBR","Boys","35","https://www.itftennis.com/en/players/mark-ceban/800646827/gbr/jt/s/itf-points-breakdown/","doubles","J300 Charleroi-Marcinelle","J300","2025-05-26","2026-05-25","0","0.25","0","false"
"mark-ceban","Mark Ceban","GBR","Boys","35","https://www.itftennis.com/en/players/mark-ceban/800646827/gbr/jt/s/itf-points-breakdown/","doubles","J300 Roehampton","J300","2025-06-29","2026-06-28","0","0.25","0","false"
"mark-ceban","Mark Ceban","GBR","Boys","35","https://www.itftennis.com/en/players/mark-ceban/800646827/gbr/jt/s/itf-points-breakdown/","doubles","J200 Rakovnik","J200","2025-09-01","2026-08-31","0","0.25","0","false"
"mark-ceban","Mark Ceban","GBR","Boys","35","https://www.itftennis.com/en/players/mark-ceban/800646827/gbr/jt/s/itf-points-breakdown/","doubles","J200 Oslo","J200","2025-11-24","2026-11-23","0","0.25","0","false"
"emilio-camacho","Emilio Camacho","ECU","Boys","36","https://www.itftennis.com/en/players/emilio-camacho/800654359/ecu/jt/s/itf-points-breakdown/","singles","J200 Lima","J200","2025-09-22","2026-09-21","200","1","200","true"
"emilio-camacho","Emilio Camacho","ECU","Boys","36","https://www.itftennis.com/en/players/emilio-camacho/800654359/ecu/jt/s/itf-points-breakdown/","singles","J200 Santiago","J200","2025-09-29","2026-09-28","200","1","200","true"
"emilio-camacho","Emilio Camacho","ECU","Boys","36","https://www.itftennis.com/en/players/emilio-camacho/800654359/ecu/jt/s/itf-points-breakdown/","singles","J300 Asuncion (Junior Pan American Games)","J300","2025-08-11","2026-08-10","140","1","140","true"
"emilio-camacho","Emilio Camacho","ECU","Boys","36","https://www.itftennis.com/en/players/emilio-camacho/800654359/ecu/jt/s/itf-points-breakdown/","singles","J300 Asuncion","J300","2026-03-02","2027-03-01","140","1","140","true"
"emilio-camacho","Emilio Camacho","ECU","Boys","36","https://www.itftennis.com/en/players/emilio-camacho/800654359/ecu/jt/s/itf-points-breakdown/","singles","J300 Porto Alegre","J300","2026-03-09","2027-03-08","140","1","140","true"
"emilio-camacho","Emilio Camacho","ECU","Boys","36","https://www.itftennis.com/en/players/emilio-camacho/800654359/ecu/jt/s/itf-points-breakdown/","singles","J300 Lima","J300","2026-02-09","2027-02-08","100","1","100","true"
"emilio-camacho","Emilio Camacho","ECU","Boys","36","https://www.itftennis.com/en/players/emilio-camacho/800654359/ecu/jt/s/itf-points-breakdown/","singles","J300 Santa Cruz (South America Regional Championships)","J300","2026-02-23","2027-02-22","100","1","100","false"
"emilio-camacho","Emilio Camacho","ECU","Boys","36","https://www.itftennis.com/en/players/emilio-camacho/800654359/ecu/jt/s/itf-points-breakdown/","singles","J500 Merida","J500","2025-11-24","2026-11-23","90","1","90","false"
"emilio-camacho","Emilio Camacho","ECU","Boys","36","https://www.itftennis.com/en/players/emilio-camacho/800654359/ecu/jt/s/itf-points-breakdown/","singles","J500 Gaspar","J500","2026-03-16","2027-03-15","90","1","90","false"
"emilio-camacho","Emilio Camacho","ECU","Boys","36","https://www.itftennis.com/en/players/emilio-camacho/800654359/ecu/jt/s/itf-points-breakdown/","singles","Australian Open Junior Championships","JGS","2026-01-24","2027-01-23","90","1","90","false"
"emilio-camacho","Emilio Camacho","ECU","Boys","36","https://www.itftennis.com/en/players/emilio-camacho/800654359/ecu/jt/s/itf-points-breakdown/","singles","J200 Pilsen","J200","2025-06-23","2026-06-22","60","1","60","false"
"emilio-camacho","Emilio Camacho","ECU","Boys","36","https://www.itftennis.com/en/players/emilio-camacho/800654359/ecu/jt/s/itf-points-breakdown/","singles","J300 Bamberg","J300","2025-06-10","2026-06-09","30","1","30","false"
"emilio-camacho","Emilio Camacho","ECU","Boys","36","https://www.itftennis.com/en/players/emilio-camacho/800654359/ecu/jt/s/itf-points-breakdown/","singles","J500 Fort Lauderdale","J500","2025-12-08","2026-12-07","0","1","0","false"
"emilio-camacho","Emilio Camacho","ECU","Boys","36","https://www.itftennis.com/en/players/emilio-camacho/800654359/ecu/jt/s/itf-points-breakdown/","singles","J300 Traralgon","J300","2026-01-16","2027-01-15","0","1","0","false"
"emilio-camacho","Emilio Camacho","ECU","Boys","36","https://www.itftennis.com/en/players/emilio-camacho/800654359/ecu/jt/s/itf-points-breakdown/","singles","J300 Santa Croce Sull’Arno","J300","2026-05-11","2027-05-10","0","1","0","false"
"emilio-camacho","Emilio Camacho","ECU","Boys","36","https://www.itftennis.com/en/players/emilio-camacho/800654359/ecu/jt/s/itf-points-breakdown/","singles","J200 Gladbeck","J200","2025-06-17","2026-06-16","0","1","0","false"
"emilio-camacho","Emilio Camacho","ECU","Boys","36","https://www.itftennis.com/en/players/emilio-camacho/800654359/ecu/jt/s/itf-points-breakdown/","doubles","J500 Gaspar","J500","2026-03-16","2027-03-15","262","0.25","65.5","true"
"emilio-camacho","Emilio Camacho","ECU","Boys","36","https://www.itftennis.com/en/players/emilio-camacho/800654359/ecu/jt/s/itf-points-breakdown/","doubles","J300 Asuncion (Junior Pan American Games)","J300","2025-08-11","2026-08-10","157","0.25","39.25","true"
"emilio-camacho","Emilio Camacho","ECU","Boys","36","https://www.itftennis.com/en/players/emilio-camacho/800654359/ecu/jt/s/itf-points-breakdown/","doubles","J200 Santiago","J200","2025-09-29","2026-09-28","150","0.25","37.5","true"
"emilio-camacho","Emilio Camacho","ECU","Boys","36","https://www.itftennis.com/en/players/emilio-camacho/800654359/ecu/jt/s/itf-points-breakdown/","doubles","J300 Lima","J300","2026-02-09","2027-02-08","105","0.25","26.25","true"
"emilio-camacho","Emilio Camacho","ECU","Boys","36","https://www.itftennis.com/en/players/emilio-camacho/800654359/ecu/jt/s/itf-points-breakdown/","doubles","J300 Santa Cruz (South America Regional Championships)","J300","2026-02-23","2027-02-22","105","0.25","26.25","true"
"emilio-camacho","Emilio Camacho","ECU","Boys","36","https://www.itftennis.com/en/players/emilio-camacho/800654359/ecu/jt/s/itf-points-breakdown/","doubles","J300 Porto Alegre","J300","2026-03-09","2027-03-08","105","0.25","26.25","true"
"emilio-camacho","Emilio Camacho","ECU","Boys","36","https://www.itftennis.com/en/players/emilio-camacho/800654359/ecu/jt/s/itf-points-breakdown/","doubles","J300 Asuncion","J300","2026-03-02","2027-03-01","75","0.25","18.75","false"
"emilio-camacho","Emilio Camacho","ECU","Boys","36","https://www.itftennis.com/en/players/emilio-camacho/800654359/ecu/jt/s/itf-points-breakdown/","doubles","J200 Lima","J200","2025-09-22","2026-09-21","75","0.25","18.75","false"
"emilio-camacho","Emilio Camacho","ECU","Boys","36","https://www.itftennis.com/en/players/emilio-camacho/800654359/ecu/jt/s/itf-points-breakdown/","doubles","J500 Merida","J500","2025-11-24","2026-11-23","67","0.25","16.75","false"
"emilio-camacho","Emilio Camacho","ECU","Boys","36","https://www.itftennis.com/en/players/emilio-camacho/800654359/ecu/jt/s/itf-points-breakdown/","doubles","J500 Fort Lauderdale","J500","2025-12-08","2026-12-07","67","0.25","16.75","false"
"emilio-camacho","Emilio Camacho","ECU","Boys","36","https://www.itftennis.com/en/players/emilio-camacho/800654359/ecu/jt/s/itf-points-breakdown/","doubles","J300 Traralgon","J300","2026-01-16","2027-01-15","45","0.25","11.25","false"
"emilio-camacho","Emilio Camacho","ECU","Boys","36","https://www.itftennis.com/en/players/emilio-camacho/800654359/ecu/jt/s/itf-points-breakdown/","doubles","J300 Bamberg","J300","2025-06-10","2026-06-09","0","0.25","0","false"
"emilio-camacho","Emilio Camacho","ECU","Boys","36","https://www.itftennis.com/en/players/emilio-camacho/800654359/ecu/jt/s/itf-points-breakdown/","doubles","J300 Santa Croce Sull’Arno","J300","2026-05-11","2027-05-10","0","0.25","0","false"
"emilio-camacho","Emilio Camacho","ECU","Boys","36","https://www.itftennis.com/en/players/emilio-camacho/800654359/ecu/jt/s/itf-points-breakdown/","doubles","J200 Gladbeck","J200","2025-06-17","2026-06-16","0","0.25","0","false"
"emilio-camacho","Emilio Camacho","ECU","Boys","36","https://www.itftennis.com/en/players/emilio-camacho/800654359/ecu/jt/s/itf-points-breakdown/","doubles","J200 Pilsen","J200","2025-06-23","2026-06-22","0","0.25","0","false"
"emilio-camacho","Emilio Camacho","ECU","Boys","36","https://www.itftennis.com/en/players/emilio-camacho/800654359/ecu/jt/s/itf-points-breakdown/","doubles","Australian Open Junior Championships","JGS","2026-01-24","2027-01-23","0","0.25","0","false"
"valentin-gonzalez-galino","Valentin Gonzalez-Galino","ESP","Boys","37","https://www.itftennis.com/en/players/valentin-gonzalez-galino/800594039/esp/jt/s/itf-points-breakdown/","singles","J500 Cairo","J500","2026-04-06","2027-04-05","350","1","350","true"
"valentin-gonzalez-galino","Valentin Gonzalez-Galino","ESP","Boys","37","https://www.itftennis.com/en/players/valentin-gonzalez-galino/800594039/esp/jt/s/itf-points-breakdown/","singles","J300 Pancevo","J300","2025-08-18","2026-08-17","140","1","140","true"
"valentin-gonzalez-galino","Valentin Gonzalez-Galino","ESP","Boys","37","https://www.itftennis.com/en/players/valentin-gonzalez-galino/800594039/esp/jt/s/itf-points-breakdown/","singles","J200 Rutesheim","J200","2025-08-05","2026-08-04","140","1","140","true"
"valentin-gonzalez-galino","Valentin Gonzalez-Galino","ESP","Boys","37","https://www.itftennis.com/en/players/valentin-gonzalez-galino/800594039/esp/jt/s/itf-points-breakdown/","singles","J300 Traralgon","J300","2026-01-16","2027-01-15","100","1","100","true"
"valentin-gonzalez-galino","Valentin Gonzalez-Galino","ESP","Boys","37","https://www.itftennis.com/en/players/valentin-gonzalez-galino/800594039/esp/jt/s/itf-points-breakdown/","singles","J300 Vrsar","J300","2026-03-23","2027-03-22","100","1","100","true"
"valentin-gonzalez-galino","Valentin Gonzalez-Galino","ESP","Boys","37","https://www.itftennis.com/en/players/valentin-gonzalez-galino/800594039/esp/jt/s/itf-points-breakdown/","singles","J300 Cairo","J300","2026-03-30","2027-03-29","100","1","100","true"
"valentin-gonzalez-galino","Valentin Gonzalez-Galino","ESP","Boys","37","https://www.itftennis.com/en/players/valentin-gonzalez-galino/800594039/esp/jt/s/itf-points-breakdown/","singles","J300 Plovdiv","J300","2026-04-28","2027-04-27","60","1","60","false"
"valentin-gonzalez-galino","Valentin Gonzalez-Galino","ESP","Boys","37","https://www.itftennis.com/en/players/valentin-gonzalez-galino/800594039/esp/jt/s/itf-points-breakdown/","singles","J200 Targu Jiu","J200","2025-05-19","2026-05-18","60","1","60","false"
"valentin-gonzalez-galino","Valentin Gonzalez-Galino","ESP","Boys","37","https://www.itftennis.com/en/players/valentin-gonzalez-galino/800594039/esp/jt/s/itf-points-breakdown/","singles","J200 Santa Cruz","J200","2025-11-03","2026-11-02","60","1","60","false"
"valentin-gonzalez-galino","Valentin Gonzalez-Galino","ESP","Boys","37","https://www.itftennis.com/en/players/valentin-gonzalez-galino/800594039/esp/jt/s/itf-points-breakdown/","singles","J500 Merida","J500","2025-11-24","2026-11-23","45","1","45","false"
"valentin-gonzalez-galino","Valentin Gonzalez-Galino","ESP","Boys","37","https://www.itftennis.com/en/players/valentin-gonzalez-galino/800594039/esp/jt/s/itf-points-breakdown/","singles","J200 Gladbeck","J200","2025-06-17","2026-06-16","36","1","36","false"
"valentin-gonzalez-galino","Valentin Gonzalez-Galino","ESP","Boys","37","https://www.itftennis.com/en/players/valentin-gonzalez-galino/800594039/esp/jt/s/itf-points-breakdown/","singles","J200 Pilsen","J200","2025-06-23","2026-06-22","36","1","36","false"
"valentin-gonzalez-galino","Valentin Gonzalez-Galino","ESP","Boys","37","https://www.itftennis.com/en/players/valentin-gonzalez-galino/800594039/esp/jt/s/itf-points-breakdown/","singles","J200 Valencia","J200","2026-03-02","2027-03-01","36","1","36","false"
"valentin-gonzalez-galino","Valentin Gonzalez-Galino","ESP","Boys","37","https://www.itftennis.com/en/players/valentin-gonzalez-galino/800594039/esp/jt/s/itf-points-breakdown/","singles","J300 Bytom","J300","2025-07-22","2026-07-21","30","1","30","false"
"valentin-gonzalez-galino","Valentin Gonzalez-Galino","ESP","Boys","37","https://www.itftennis.com/en/players/valentin-gonzalez-galino/800594039/esp/jt/s/itf-points-breakdown/","singles","J100 Poznan","J100","2025-07-30","2026-07-29","20","1","20","false"
"valentin-gonzalez-galino","Valentin Gonzalez-Galino","ESP","Boys","37","https://www.itftennis.com/en/players/valentin-gonzalez-galino/800594039/esp/jt/s/itf-points-breakdown/","singles","J500 Fort Lauderdale","J500","2025-12-08","2026-12-07","0","1","0","false"
"valentin-gonzalez-galino","Valentin Gonzalez-Galino","ESP","Boys","37","https://www.itftennis.com/en/players/valentin-gonzalez-galino/800594039/esp/jt/s/itf-points-breakdown/","singles","J300 Zapopan","J300","2025-11-17","2026-11-16","0","1","0","false"
"valentin-gonzalez-galino","Valentin Gonzalez-Galino","ESP","Boys","37","https://www.itftennis.com/en/players/valentin-gonzalez-galino/800594039/esp/jt/s/itf-points-breakdown/","singles","J300 Bradenton","J300","2025-12-01","2026-11-30","0","1","0","false"
"valentin-gonzalez-galino","Valentin Gonzalez-Galino","ESP","Boys","37","https://www.itftennis.com/en/players/valentin-gonzalez-galino/800594039/esp/jt/s/itf-points-breakdown/","singles","J300 Casablanca","J300","2026-02-09","2027-02-08","0","1","0","false"
"valentin-gonzalez-galino","Valentin Gonzalez-Galino","ESP","Boys","37","https://www.itftennis.com/en/players/valentin-gonzalez-galino/800594039/esp/jt/s/itf-points-breakdown/","singles","J300 Villena","J300","2026-03-16","2027-03-15","0","1","0","false"
"valentin-gonzalez-galino","Valentin Gonzalez-Galino","ESP","Boys","37","https://www.itftennis.com/en/players/valentin-gonzalez-galino/800594039/esp/jt/s/itf-points-breakdown/","singles","J200 Castricum","J200","2025-07-01","2026-06-30","0","1","0","false"
"valentin-gonzalez-galino","Valentin Gonzalez-Galino","ESP","Boys","37","https://www.itftennis.com/en/players/valentin-gonzalez-galino/800594039/esp/jt/s/itf-points-breakdown/","singles","J200 Rakovnik","J200","2025-09-01","2026-08-31","0","1","0","false"
"valentin-gonzalez-galino","Valentin Gonzalez-Galino","ESP","Boys","37","https://www.itftennis.com/en/players/valentin-gonzalez-galino/800594039/esp/jt/s/itf-points-breakdown/","singles","J200 Salta","J200","2025-10-06","2026-10-05","0","1","0","false"
"valentin-gonzalez-galino","Valentin Gonzalez-Galino","ESP","Boys","37","https://www.itftennis.com/en/players/valentin-gonzalez-galino/800594039/esp/jt/s/itf-points-breakdown/","singles","J200 Benicarlo","J200","2026-03-10","2027-03-09","0","1","0","false"
"valentin-gonzalez-galino","Valentin Gonzalez-Galino","ESP","Boys","37","https://www.itftennis.com/en/players/valentin-gonzalez-galino/800594039/esp/jt/s/itf-points-breakdown/","singles","Australian Open Junior Championships","JGS","2026-01-24","2027-01-23","0","1","0","false"
"valentin-gonzalez-galino","Valentin Gonzalez-Galino","ESP","Boys","37","https://www.itftennis.com/en/players/valentin-gonzalez-galino/800594039/esp/jt/s/itf-points-breakdown/","doubles","J300 Vrsar","J300","2026-03-23","2027-03-22","225","0.25","56.25","true"
"valentin-gonzalez-galino","Valentin Gonzalez-Galino","ESP","Boys","37","https://www.itftennis.com/en/players/valentin-gonzalez-galino/800594039/esp/jt/s/itf-points-breakdown/","doubles","J200 Santa Cruz","J200","2025-11-03","2026-11-02","150","0.25","37.5","true"
"valentin-gonzalez-galino","Valentin Gonzalez-Galino","ESP","Boys","37","https://www.itftennis.com/en/players/valentin-gonzalez-galino/800594039/esp/jt/s/itf-points-breakdown/","doubles","J500 Merida","J500","2025-11-24","2026-11-23","112","0.25","28","true"
"valentin-gonzalez-galino","Valentin Gonzalez-Galino","ESP","Boys","37","https://www.itftennis.com/en/players/valentin-gonzalez-galino/800594039/esp/jt/s/itf-points-breakdown/","doubles","J500 Cairo","J500","2026-04-06","2027-04-05","112","0.25","28","true"
"valentin-gonzalez-galino","Valentin Gonzalez-Galino","ESP","Boys","37","https://www.itftennis.com/en/players/valentin-gonzalez-galino/800594039/esp/jt/s/itf-points-breakdown/","doubles","J200 Valencia","J200","2026-03-02","2027-03-01","105","0.25","26.25","true"
"valentin-gonzalez-galino","Valentin Gonzalez-Galino","ESP","Boys","37","https://www.itftennis.com/en/players/valentin-gonzalez-galino/800594039/esp/jt/s/itf-points-breakdown/","doubles","J300 Casablanca","J300","2026-02-09","2027-02-08","75","0.25","18.75","true"
"valentin-gonzalez-galino","Valentin Gonzalez-Galino","ESP","Boys","37","https://www.itftennis.com/en/players/valentin-gonzalez-galino/800594039/esp/jt/s/itf-points-breakdown/","doubles","J300 Villena","J300","2026-03-16","2027-03-15","75","0.25","18.75","false"
"valentin-gonzalez-galino","Valentin Gonzalez-Galino","ESP","Boys","37","https://www.itftennis.com/en/players/valentin-gonzalez-galino/800594039/esp/jt/s/itf-points-breakdown/","doubles","J300 Cairo","J300","2026-03-30","2027-03-29","75","0.25","18.75","false"
"valentin-gonzalez-galino","Valentin Gonzalez-Galino","ESP","Boys","37","https://www.itftennis.com/en/players/valentin-gonzalez-galino/800594039/esp/jt/s/itf-points-breakdown/","doubles","J200 Benicarlo","J200","2026-03-10","2027-03-09","75","0.25","18.75","false"
"valentin-gonzalez-galino","Valentin Gonzalez-Galino","ESP","Boys","37","https://www.itftennis.com/en/players/valentin-gonzalez-galino/800594039/esp/jt/s/itf-points-breakdown/","doubles","J500 Fort Lauderdale","J500","2025-12-08","2026-12-07","67","0.25","16.75","false"
"valentin-gonzalez-galino","Valentin Gonzalez-Galino","ESP","Boys","37","https://www.itftennis.com/en/players/valentin-gonzalez-galino/800594039/esp/jt/s/itf-points-breakdown/","doubles","J300 Traralgon","J300","2026-01-16","2027-01-15","45","0.25","11.25","false"
"valentin-gonzalez-galino","Valentin Gonzalez-Galino","ESP","Boys","37","https://www.itftennis.com/en/players/valentin-gonzalez-galino/800594039/esp/jt/s/itf-points-breakdown/","doubles","J200 Rutesheim","J200","2025-08-05","2026-08-04","45","0.25","11.25","false"
"valentin-gonzalez-galino","Valentin Gonzalez-Galino","ESP","Boys","37","https://www.itftennis.com/en/players/valentin-gonzalez-galino/800594039/esp/jt/s/itf-points-breakdown/","doubles","J300 Bytom","J300","2025-07-22","2026-07-21","0","0.25","0","false"
"valentin-gonzalez-galino","Valentin Gonzalez-Galino","ESP","Boys","37","https://www.itftennis.com/en/players/valentin-gonzalez-galino/800594039/esp/jt/s/itf-points-breakdown/","doubles","J300 Zapopan","J300","2025-11-17","2026-11-16","0","0.25","0","false"
"valentin-gonzalez-galino","Valentin Gonzalez-Galino","ESP","Boys","37","https://www.itftennis.com/en/players/valentin-gonzalez-galino/800594039/esp/jt/s/itf-points-breakdown/","doubles","J300 Bradenton","J300","2025-12-01","2026-11-30","0","0.25","0","false"
"valentin-gonzalez-galino","Valentin Gonzalez-Galino","ESP","Boys","37","https://www.itftennis.com/en/players/valentin-gonzalez-galino/800594039/esp/jt/s/itf-points-breakdown/","doubles","J300 Plovdiv","J300","2026-04-28","2027-04-27","0","0.25","0","false"
"valentin-gonzalez-galino","Valentin Gonzalez-Galino","ESP","Boys","37","https://www.itftennis.com/en/players/valentin-gonzalez-galino/800594039/esp/jt/s/itf-points-breakdown/","doubles","J200 Targu Jiu","J200","2025-05-19","2026-05-18","0","0.25","0","false"
"valentin-gonzalez-galino","Valentin Gonzalez-Galino","ESP","Boys","37","https://www.itftennis.com/en/players/valentin-gonzalez-galino/800594039/esp/jt/s/itf-points-breakdown/","doubles","J200 Castricum","J200","2025-07-01","2026-06-30","0","0.25","0","false"
"valentin-gonzalez-galino","Valentin Gonzalez-Galino","ESP","Boys","37","https://www.itftennis.com/en/players/valentin-gonzalez-galino/800594039/esp/jt/s/itf-points-breakdown/","doubles","Australian Open Junior Championships","JGS","2026-01-24","2027-01-23","0","0.25","0","false"
"daniel-jade","Daniel Jade","FRA","Boys","38","https://www.itftennis.com/en/players/daniel-jade/800681412/fra/jt/s/itf-points-breakdown/","singles","J300 Beaulieu-sur-Mer","J300","2026-04-13","2027-04-12","300","1","300","true"
"daniel-jade","Daniel Jade","FRA","Boys","38","https://www.itftennis.com/en/players/daniel-jade/800681412/fra/jt/s/itf-points-breakdown/","singles","J200 Cap d'Ail","J200","2026-03-30","2027-03-29","200","1","200","true"
"daniel-jade","Daniel Jade","FRA","Boys","38","https://www.itftennis.com/en/players/daniel-jade/800681412/fra/jt/s/itf-points-breakdown/","singles","J200 Istres","J200","2026-04-06","2027-04-05","200","1","200","true"
"daniel-jade","Daniel Jade","FRA","Boys","38","https://www.itftennis.com/en/players/daniel-jade/800681412/fra/jt/s/itf-points-breakdown/","singles","J300 Zapopan","J300","2025-11-17","2026-11-16","100","1","100","true"
"daniel-jade","Daniel Jade","FRA","Boys","38","https://www.itftennis.com/en/players/daniel-jade/800681412/fra/jt/s/itf-points-breakdown/","singles","J300 Bradenton","J300","2025-12-01","2026-11-30","100","1","100","true"
"daniel-jade","Daniel Jade","FRA","Boys","38","https://www.itftennis.com/en/players/daniel-jade/800681412/fra/jt/s/itf-points-breakdown/","singles","J200 Szekesfehervar","J200","2025-10-22","2026-10-21","60","1","60","true"
"daniel-jade","Daniel Jade","FRA","Boys","38","https://www.itftennis.com/en/players/daniel-jade/800681412/fra/jt/s/itf-points-breakdown/","singles","J500 Merida","J500","2025-11-24","2026-11-23","45","1","45","false"
"daniel-jade","Daniel Jade","FRA","Boys","38","https://www.itftennis.com/en/players/daniel-jade/800681412/fra/jt/s/itf-points-breakdown/","singles","J500 Fort Lauderdale","J500","2025-12-08","2026-12-07","45","1","45","false"
"daniel-jade","Daniel Jade","FRA","Boys","38","https://www.itftennis.com/en/players/daniel-jade/800681412/fra/jt/s/itf-points-breakdown/","singles","J300 Roehampton","J300","2025-06-29","2026-06-28","30","1","30","false"
"daniel-jade","Daniel Jade","FRA","Boys","38","https://www.itftennis.com/en/players/daniel-jade/800681412/fra/jt/s/itf-points-breakdown/","singles","J100 Zapopan","J100","2025-11-10","2026-11-09","20","1","20","false"
"daniel-jade","Daniel Jade","FRA","Boys","38","https://www.itftennis.com/en/players/daniel-jade/800681412/fra/jt/s/itf-points-breakdown/","singles","The Junior Championships, Wimbledon","JGS","2025-07-05","2026-07-04","20","1","20","false"
"daniel-jade","Daniel Jade","FRA","Boys","38","https://www.itftennis.com/en/players/daniel-jade/800681412/fra/jt/s/itf-points-breakdown/","singles","J500 Milan","J500","2025-05-19","2026-05-18","0","1","0","false"
"daniel-jade","Daniel Jade","FRA","Boys","38","https://www.itftennis.com/en/players/daniel-jade/800681412/fra/jt/s/itf-points-breakdown/","singles","J300 Traralgon","J300","2026-01-16","2027-01-15","0","1","0","false"
"daniel-jade","Daniel Jade","FRA","Boys","38","https://www.itftennis.com/en/players/daniel-jade/800681412/fra/jt/s/itf-points-breakdown/","singles","Roland Garros Junior Championships","JGS","2025-06-01","2026-05-31","0","1","0","false"
"daniel-jade","Daniel Jade","FRA","Boys","38","https://www.itftennis.com/en/players/daniel-jade/800681412/fra/jt/s/itf-points-breakdown/","singles","Australian Open Junior Championships","JGS","2026-01-24","2027-01-23","0","1","0","false"
"daniel-jade","Daniel Jade","FRA","Boys","38","https://www.itftennis.com/en/players/daniel-jade/800681412/fra/jt/s/itf-points-breakdown/","doubles","J300 Zapopan","J300","2025-11-17","2026-11-16","157","0.25","39.25","true"
"daniel-jade","Daniel Jade","FRA","Boys","38","https://www.itftennis.com/en/players/daniel-jade/800681412/fra/jt/s/itf-points-breakdown/","doubles","J200 Szekesfehervar","J200","2025-10-22","2026-10-21","150","0.25","37.5","true"
"daniel-jade","Daniel Jade","FRA","Boys","38","https://www.itftennis.com/en/players/daniel-jade/800681412/fra/jt/s/itf-points-breakdown/","doubles","J300 Beaulieu-sur-Mer","J300","2026-04-13","2027-04-12","105","0.25","26.25","true"
"daniel-jade","Daniel Jade","FRA","Boys","38","https://www.itftennis.com/en/players/daniel-jade/800681412/fra/jt/s/itf-points-breakdown/","doubles","J200 Cap d'Ail","J200","2026-03-30","2027-03-29","75","0.25","18.75","true"
"daniel-jade","Daniel Jade","FRA","Boys","38","https://www.itftennis.com/en/players/daniel-jade/800681412/fra/jt/s/itf-points-breakdown/","doubles","J200 Istres","J200","2026-04-06","2027-04-05","75","0.25","18.75","true"
"daniel-jade","Daniel Jade","FRA","Boys","38","https://www.itftennis.com/en/players/daniel-jade/800681412/fra/jt/s/itf-points-breakdown/","doubles","J300 Roehampton","J300","2025-06-29","2026-06-28","45","0.25","11.25","true"
"daniel-jade","Daniel Jade","FRA","Boys","38","https://www.itftennis.com/en/players/daniel-jade/800681412/fra/jt/s/itf-points-breakdown/","doubles","J300 Bradenton","J300","2025-12-01","2026-11-30","45","0.25","11.25","false"
"daniel-jade","Daniel Jade","FRA","Boys","38","https://www.itftennis.com/en/players/daniel-jade/800681412/fra/jt/s/itf-points-breakdown/","doubles","J500 Milan","J500","2025-05-19","2026-05-18","0","0.25","0","false"
"daniel-jade","Daniel Jade","FRA","Boys","38","https://www.itftennis.com/en/players/daniel-jade/800681412/fra/jt/s/itf-points-breakdown/","doubles","J500 Merida","J500","2025-11-24","2026-11-23","0","0.25","0","false"
"daniel-jade","Daniel Jade","FRA","Boys","38","https://www.itftennis.com/en/players/daniel-jade/800681412/fra/jt/s/itf-points-breakdown/","doubles","J300 Traralgon","J300","2026-01-16","2027-01-15","0","0.25","0","false"
"daniel-jade","Daniel Jade","FRA","Boys","38","https://www.itftennis.com/en/players/daniel-jade/800681412/fra/jt/s/itf-points-breakdown/","doubles","Roland Garros Junior Championships","JGS","2025-06-01","2026-05-31","0","0.25","0","false"
"daniel-jade","Daniel Jade","FRA","Boys","38","https://www.itftennis.com/en/players/daniel-jade/800681412/fra/jt/s/itf-points-breakdown/","doubles","Australian Open Junior Championships","JGS","2026-01-24","2027-01-23","0","0.25","0","false"
"kanta-watanabe","Kanta Watanabe","JPN","Boys","39","https://www.itftennis.com/en/players/kanta-watanabe/800686514/jpn/jt/s/itf-points-breakdown/","singles","J500 Osaka","J500","2025-09-22","2026-09-21","350","1","350","true"
"kanta-watanabe","Kanta Watanabe","JPN","Boys","39","https://www.itftennis.com/en/players/kanta-watanabe/800686514/jpn/jt/s/itf-points-breakdown/","singles","J300 Nonthaburi","J300","2026-03-02","2027-03-01","140","1","140","true"
"kanta-watanabe","Kanta Watanabe","JPN","Boys","39","https://www.itftennis.com/en/players/kanta-watanabe/800686514/jpn/jt/s/itf-points-breakdown/","singles","J300 Kuching","J300","2026-04-07","2027-04-06","140","1","140","true"
"kanta-watanabe","Kanta Watanabe","JPN","Boys","39","https://www.itftennis.com/en/players/kanta-watanabe/800686514/jpn/jt/s/itf-points-breakdown/","singles","J200 Kuala Lumpur","J200","2026-04-14","2027-04-13","140","1","140","true"
"kanta-watanabe","Kanta Watanabe","JPN","Boys","39","https://www.itftennis.com/en/players/kanta-watanabe/800686514/jpn/jt/s/itf-points-breakdown/","singles","J300 Wanju (Closed Asia Regional Championship)","J300","2025-10-06","2026-10-05","60","1","60","true"
"kanta-watanabe","Kanta Watanabe","JPN","Boys","39","https://www.itftennis.com/en/players/kanta-watanabe/800686514/jpn/jt/s/itf-points-breakdown/","singles","J200 Nonthaburi","J200","2026-02-23","2027-02-22","60","1","60","true"
"kanta-watanabe","Kanta Watanabe","JPN","Boys","39","https://www.itftennis.com/en/players/kanta-watanabe/800686514/jpn/jt/s/itf-points-breakdown/","singles","J200 Miki","J200","2025-09-16","2026-09-15","36","1","36","false"
"kanta-watanabe","Kanta Watanabe","JPN","Boys","39","https://www.itftennis.com/en/players/kanta-watanabe/800686514/jpn/jt/s/itf-points-breakdown/","singles","J60 Miki City","J60","2025-06-04","2026-06-03","36","1","36","false"
"kanta-watanabe","Kanta Watanabe","JPN","Boys","39","https://www.itftennis.com/en/players/kanta-watanabe/800686514/jpn/jt/s/itf-points-breakdown/","singles","J60 Eindhoven","J60","2025-07-22","2026-07-21","36","1","36","false"
"kanta-watanabe","Kanta Watanabe","JPN","Boys","39","https://www.itftennis.com/en/players/kanta-watanabe/800686514/jpn/jt/s/itf-points-breakdown/","singles","J60 Hillegom","J60","2025-07-15","2026-07-14","18","1","18","false"
"kanta-watanabe","Kanta Watanabe","JPN","Boys","39","https://www.itftennis.com/en/players/kanta-watanabe/800686514/jpn/jt/s/itf-points-breakdown/","singles","J60 Nonthaburi","J60","2025-06-30","2026-06-29","10","1","10","false"
"kanta-watanabe","Kanta Watanabe","JPN","Boys","39","https://www.itftennis.com/en/players/kanta-watanabe/800686514/jpn/jt/s/itf-points-breakdown/","singles","J60 Nonthaburi","J60","2025-06-23","2026-06-22","5","1","5","false"
"kanta-watanabe","Kanta Watanabe","JPN","Boys","39","https://www.itftennis.com/en/players/kanta-watanabe/800686514/jpn/jt/s/itf-points-breakdown/","singles","J300 Traralgon","J300","2026-01-16","2027-01-15","0","1","0","false"
"kanta-watanabe","Kanta Watanabe","JPN","Boys","39","https://www.itftennis.com/en/players/kanta-watanabe/800686514/jpn/jt/s/itf-points-breakdown/","singles","J200 Chuncheon","J200","2025-09-30","2026-09-29","0","1","0","false"
"kanta-watanabe","Kanta Watanabe","JPN","Boys","39","https://www.itftennis.com/en/players/kanta-watanabe/800686514/jpn/jt/s/itf-points-breakdown/","singles","Australian Open Junior Championships","JGS","2026-01-24","2027-01-23","0","1","0","false"
"kanta-watanabe","Kanta Watanabe","JPN","Boys","39","https://www.itftennis.com/en/players/kanta-watanabe/800686514/jpn/jt/s/itf-points-breakdown/","doubles","Australian Open Junior Championships","JGS","2026-01-24","2027-01-23","367","0.25","91.75","true"
"kanta-watanabe","Kanta Watanabe","JPN","Boys","39","https://www.itftennis.com/en/players/kanta-watanabe/800686514/jpn/jt/s/itf-points-breakdown/","doubles","J300 Kuching","J300","2026-04-07","2027-04-06","225","0.25","56.25","true"
"kanta-watanabe","Kanta Watanabe","JPN","Boys","39","https://www.itftennis.com/en/players/kanta-watanabe/800686514/jpn/jt/s/itf-points-breakdown/","doubles","J300 Wanju (Closed Asia Regional Championship)","J300","2025-10-06","2026-10-05","105","0.25","26.25","true"
"kanta-watanabe","Kanta Watanabe","JPN","Boys","39","https://www.itftennis.com/en/players/kanta-watanabe/800686514/jpn/jt/s/itf-points-breakdown/","doubles","J200 Kuala Lumpur","J200","2026-04-14","2027-04-13","75","0.25","18.75","true"
"kanta-watanabe","Kanta Watanabe","JPN","Boys","39","https://www.itftennis.com/en/players/kanta-watanabe/800686514/jpn/jt/s/itf-points-breakdown/","doubles","J500 Osaka","J500","2025-09-22","2026-09-21","67","0.25","16.75","true"
"kanta-watanabe","Kanta Watanabe","JPN","Boys","39","https://www.itftennis.com/en/players/kanta-watanabe/800686514/jpn/jt/s/itf-points-breakdown/","doubles","J300 Traralgon","J300","2026-01-16","2027-01-15","45","0.25","11.25","true"
"kanta-watanabe","Kanta Watanabe","JPN","Boys","39","https://www.itftennis.com/en/players/kanta-watanabe/800686514/jpn/jt/s/itf-points-breakdown/","doubles","J200 Chuncheon","J200","2025-09-30","2026-09-29","45","0.25","11.25","false"
"kanta-watanabe","Kanta Watanabe","JPN","Boys","39","https://www.itftennis.com/en/players/kanta-watanabe/800686514/jpn/jt/s/itf-points-breakdown/","doubles","J200 Nonthaburi","J200","2026-02-23","2027-02-22","45","0.25","11.25","false"
"kanta-watanabe","Kanta Watanabe","JPN","Boys","39","https://www.itftennis.com/en/players/kanta-watanabe/800686514/jpn/jt/s/itf-points-breakdown/","doubles","J60 Miki City","J60","2025-06-04","2026-06-03","45","0.25","11.25","false"
"kanta-watanabe","Kanta Watanabe","JPN","Boys","39","https://www.itftennis.com/en/players/kanta-watanabe/800686514/jpn/jt/s/itf-points-breakdown/","doubles","J60 Nonthaburi","J60","2025-06-23","2026-06-22","45","0.25","11.25","false"
"kanta-watanabe","Kanta Watanabe","JPN","Boys","39","https://www.itftennis.com/en/players/kanta-watanabe/800686514/jpn/jt/s/itf-points-breakdown/","doubles","J60 Hillegom","J60","2025-07-15","2026-07-14","45","0.25","11.25","false"
"kanta-watanabe","Kanta Watanabe","JPN","Boys","39","https://www.itftennis.com/en/players/kanta-watanabe/800686514/jpn/jt/s/itf-points-breakdown/","doubles","J60 Eindhoven","J60","2025-07-22","2026-07-21","27","0.25","6.75","false"
"kanta-watanabe","Kanta Watanabe","JPN","Boys","39","https://www.itftennis.com/en/players/kanta-watanabe/800686514/jpn/jt/s/itf-points-breakdown/","doubles","J60 Nonthaburi","J60","2025-06-30","2026-06-29","7","0.25","1.75","false"
"kanta-watanabe","Kanta Watanabe","JPN","Boys","39","https://www.itftennis.com/en/players/kanta-watanabe/800686514/jpn/jt/s/itf-points-breakdown/","doubles","J300 Nonthaburi","J300","2026-03-02","2027-03-01","0","0.25","0","false"
"kanta-watanabe","Kanta Watanabe","JPN","Boys","39","https://www.itftennis.com/en/players/kanta-watanabe/800686514/jpn/jt/s/itf-points-breakdown/","doubles","J200 Miki","J200","2025-09-16","2026-09-15","0","0.25","0","false"
"vincent-reisach","Vincent Reisach","GER","Boys","40","https://www.itftennis.com/en/players/vincent-reisach/800635903/ger/jt/s/itf-points-breakdown/","singles","J200 Rakovnik","J200","2025-09-01","2026-08-31","200","1","200","true"
"vincent-reisach","Vincent Reisach","GER","Boys","40","https://www.itftennis.com/en/players/vincent-reisach/800635903/ger/jt/s/itf-points-breakdown/","singles","J200 Siauliai","J200","2026-02-17","2027-02-16","200","1","200","true"
"vincent-reisach","Vincent Reisach","GER","Boys","40","https://www.itftennis.com/en/players/vincent-reisach/800635903/ger/jt/s/itf-points-breakdown/","singles","J500 Cairo","J500","2026-04-06","2027-04-05","150","1","150","true"
"vincent-reisach","Vincent Reisach","GER","Boys","40","https://www.itftennis.com/en/players/vincent-reisach/800635903/ger/jt/s/itf-points-breakdown/","singles","J300 Cairo","J300","2026-03-30","2027-03-29","100","1","100","true"
"vincent-reisach","Vincent Reisach","GER","Boys","40","https://www.itftennis.com/en/players/vincent-reisach/800635903/ger/jt/s/itf-points-breakdown/","singles","J200 Oberhaching","J200","2026-02-02","2027-02-01","100","1","100","true"
"vincent-reisach","Vincent Reisach","GER","Boys","40","https://www.itftennis.com/en/players/vincent-reisach/800635903/ger/jt/s/itf-points-breakdown/","singles","J500 Offenbach","J500","2026-05-04","2027-05-03","45","1","45","true"
"vincent-reisach","Vincent Reisach","GER","Boys","40","https://www.itftennis.com/en/players/vincent-reisach/800635903/ger/jt/s/itf-points-breakdown/","singles","J100 Prague","J100","2025-08-20","2026-08-19","36","1","36","false"
"vincent-reisach","Vincent Reisach","GER","Boys","40","https://www.itftennis.com/en/players/vincent-reisach/800635903/ger/jt/s/itf-points-breakdown/","singles","J100 Budapest","J100","2025-08-26","2026-08-25","10","1","10","false"
"vincent-reisach","Vincent Reisach","GER","Boys","40","https://www.itftennis.com/en/players/vincent-reisach/800635903/ger/jt/s/itf-points-breakdown/","singles","J200 Szekesfehervar","J200","2025-10-22","2026-10-21","0","1","0","false"
"vincent-reisach","Vincent Reisach","GER","Boys","40","https://www.itftennis.com/en/players/vincent-reisach/800635903/ger/jt/s/itf-points-breakdown/","doubles","J500 Cairo","J500","2026-04-06","2027-04-05","375","0.25","93.75","true"
"vincent-reisach","Vincent Reisach","GER","Boys","40","https://www.itftennis.com/en/players/vincent-reisach/800635903/ger/jt/s/itf-points-breakdown/","doubles","J500 Offenbach","J500","2026-05-04","2027-05-03","375","0.25","93.75","true"
"vincent-reisach","Vincent Reisach","GER","Boys","40","https://www.itftennis.com/en/players/vincent-reisach/800635903/ger/jt/s/itf-points-breakdown/","doubles","J300 Cairo","J300","2026-03-30","2027-03-29","225","0.25","56.25","true"
"vincent-reisach","Vincent Reisach","GER","Boys","40","https://www.itftennis.com/en/players/vincent-reisach/800635903/ger/jt/s/itf-points-breakdown/","doubles","J200 Siauliai","J200","2026-02-17","2027-02-16","105","0.25","26.25","true"
"vincent-reisach","Vincent Reisach","GER","Boys","40","https://www.itftennis.com/en/players/vincent-reisach/800635903/ger/jt/s/itf-points-breakdown/","doubles","J200 Rakovnik","J200","2025-09-01","2026-08-31","75","0.25","18.75","true"
"vincent-reisach","Vincent Reisach","GER","Boys","40","https://www.itftennis.com/en/players/vincent-reisach/800635903/ger/jt/s/itf-points-breakdown/","doubles","J100 Budapest","J100","2025-08-26","2026-08-25","75","0.25","18.75","true"
"vincent-reisach","Vincent Reisach","GER","Boys","40","https://www.itftennis.com/en/players/vincent-reisach/800635903/ger/jt/s/itf-points-breakdown/","doubles","J200 Oberhaching","J200","2026-02-02","2027-02-01","45","0.25","11.25","false"
"vincent-reisach","Vincent Reisach","GER","Boys","40","https://www.itftennis.com/en/players/vincent-reisach/800635903/ger/jt/s/itf-points-breakdown/","doubles","J100 Prague","J100","2025-08-20","2026-08-19","0","0.25","0","false"
"jakub-kusy","Jakub Kusy","CZE","Boys","41","https://www.itftennis.com/en/players/jakub-kusy/800597132/cze/jt/s/itf-points-breakdown/","singles","J500 Cairo","J500","2026-04-06","2027-04-05","250","1","250","true"
"jakub-kusy","Jakub Kusy","CZE","Boys","41","https://www.itftennis.com/en/players/jakub-kusy/800597132/cze/jt/s/itf-points-breakdown/","singles","J500 Merida","J500","2025-11-24","2026-11-23","150","1","150","true"
"jakub-kusy","Jakub Kusy","CZE","Boys","41","https://www.itftennis.com/en/players/jakub-kusy/800597132/cze/jt/s/itf-points-breakdown/","singles","J200 Szekesfehervar","J200","2025-10-22","2026-10-21","100","1","100","true"
"jakub-kusy","Jakub Kusy","CZE","Boys","41","https://www.itftennis.com/en/players/jakub-kusy/800597132/cze/jt/s/itf-points-breakdown/","singles","J200 Kosice","J200","2026-01-06","2027-01-05","100","1","100","true"
"jakub-kusy","Jakub Kusy","CZE","Boys","41","https://www.itftennis.com/en/players/jakub-kusy/800597132/cze/jt/s/itf-points-breakdown/","singles","J200 Siauliai","J200","2026-02-17","2027-02-16","100","1","100","true"
"jakub-kusy","Jakub Kusy","CZE","Boys","41","https://www.itftennis.com/en/players/jakub-kusy/800597132/cze/jt/s/itf-points-breakdown/","singles","J100 Pazardzhik","J100","2025-06-16","2026-06-15","100","1","100","true"
"jakub-kusy","Jakub Kusy","CZE","Boys","41","https://www.itftennis.com/en/players/jakub-kusy/800597132/cze/jt/s/itf-points-breakdown/","singles","J300 Zapopan","J300","2025-11-17","2026-11-16","60","1","60","false"
"jakub-kusy","Jakub Kusy","CZE","Boys","41","https://www.itftennis.com/en/players/jakub-kusy/800597132/cze/jt/s/itf-points-breakdown/","singles","J300 Villena","J300","2026-03-16","2027-03-15","60","1","60","false"
"jakub-kusy","Jakub Kusy","CZE","Boys","41","https://www.itftennis.com/en/players/jakub-kusy/800597132/cze/jt/s/itf-points-breakdown/","singles","J200 Marsa","J200","2026-01-20","2027-01-19","60","1","60","false"
"jakub-kusy","Jakub Kusy","CZE","Boys","41","https://www.itftennis.com/en/players/jakub-kusy/800597132/cze/jt/s/itf-points-breakdown/","singles","J200 Mugla","J200","2025-09-29","2026-09-28","36","1","36","false"
"jakub-kusy","Jakub Kusy","CZE","Boys","41","https://www.itftennis.com/en/players/jakub-kusy/800597132/cze/jt/s/itf-points-breakdown/","singles","J100 Tallinn","J100","2025-05-19","2026-05-18","36","1","36","false"
"jakub-kusy","Jakub Kusy","CZE","Boys","41","https://www.itftennis.com/en/players/jakub-kusy/800597132/cze/jt/s/itf-points-breakdown/","singles","J100 Prague","J100","2025-06-30","2026-06-29","36","1","36","false"
"jakub-kusy","Jakub Kusy","CZE","Boys","41","https://www.itftennis.com/en/players/jakub-kusy/800597132/cze/jt/s/itf-points-breakdown/","singles","J100 Maria-Lanzendorf","J100","2025-09-22","2026-09-21","10","1","10","false"
"jakub-kusy","Jakub Kusy","CZE","Boys","41","https://www.itftennis.com/en/players/jakub-kusy/800597132/cze/jt/s/itf-points-breakdown/","singles","J100 Stavanger","J100","2025-10-06","2026-10-05","10","1","10","false"
"jakub-kusy","Jakub Kusy","CZE","Boys","41","https://www.itftennis.com/en/players/jakub-kusy/800597132/cze/jt/s/itf-points-breakdown/","singles","J300 Bytom","J300","2025-07-22","2026-07-21","0","1","0","false"
"jakub-kusy","Jakub Kusy","CZE","Boys","41","https://www.itftennis.com/en/players/jakub-kusy/800597132/cze/jt/s/itf-points-breakdown/","singles","J300 Casablanca","J300","2026-02-09","2027-02-08","0","1","0","false"
"jakub-kusy","Jakub Kusy","CZE","Boys","41","https://www.itftennis.com/en/players/jakub-kusy/800597132/cze/jt/s/itf-points-breakdown/","singles","J300 Cairo","J300","2026-03-30","2027-03-29","0","1","0","false"
"jakub-kusy","Jakub Kusy","CZE","Boys","41","https://www.itftennis.com/en/players/jakub-kusy/800597132/cze/jt/s/itf-points-breakdown/","singles","J200 Pilsen","J200","2025-06-23","2026-06-22","0","1","0","false"
"jakub-kusy","Jakub Kusy","CZE","Boys","41","https://www.itftennis.com/en/players/jakub-kusy/800597132/cze/jt/s/itf-points-breakdown/","singles","J200 Rakovnik","J200","2025-09-01","2026-08-31","0","1","0","false"
"jakub-kusy","Jakub Kusy","CZE","Boys","41","https://www.itftennis.com/en/players/jakub-kusy/800597132/cze/jt/s/itf-points-breakdown/","singles","J200 Benicarlo","J200","2026-03-10","2027-03-09","0","1","0","false"
"jakub-kusy","Jakub Kusy","CZE","Boys","41","https://www.itftennis.com/en/players/jakub-kusy/800597132/cze/jt/s/itf-points-breakdown/","doubles","J500 Cairo","J500","2026-04-06","2027-04-05","375","0.25","93.75","true"
"jakub-kusy","Jakub Kusy","CZE","Boys","41","https://www.itftennis.com/en/players/jakub-kusy/800597132/cze/jt/s/itf-points-breakdown/","doubles","J300 Zapopan","J300","2025-11-17","2026-11-16","225","0.25","56.25","true"
"jakub-kusy","Jakub Kusy","CZE","Boys","41","https://www.itftennis.com/en/players/jakub-kusy/800597132/cze/jt/s/itf-points-breakdown/","doubles","J300 Cairo","J300","2026-03-30","2027-03-29","225","0.25","56.25","true"
"jakub-kusy","Jakub Kusy","CZE","Boys","41","https://www.itftennis.com/en/players/jakub-kusy/800597132/cze/jt/s/itf-points-breakdown/","doubles","J200 Pilsen","J200","2025-06-23","2026-06-22","150","0.25","37.5","true"
"jakub-kusy","Jakub Kusy","CZE","Boys","41","https://www.itftennis.com/en/players/jakub-kusy/800597132/cze/jt/s/itf-points-breakdown/","doubles","J200 Benicarlo","J200","2026-03-10","2027-03-09","150","0.25","37.5","true"
"jakub-kusy","Jakub Kusy","CZE","Boys","41","https://www.itftennis.com/en/players/jakub-kusy/800597132/cze/jt/s/itf-points-breakdown/","doubles","J300 Casablanca","J300","2026-02-09","2027-02-08","75","0.25","18.75","true"
"jakub-kusy","Jakub Kusy","CZE","Boys","41","https://www.itftennis.com/en/players/jakub-kusy/800597132/cze/jt/s/itf-points-breakdown/","doubles","J200 Szekesfehervar","J200","2025-10-22","2026-10-21","75","0.25","18.75","false"
"jakub-kusy","Jakub Kusy","CZE","Boys","41","https://www.itftennis.com/en/players/jakub-kusy/800597132/cze/jt/s/itf-points-breakdown/","doubles","J100 Stavanger","J100","2025-10-06","2026-10-05","75","0.25","18.75","false"
"jakub-kusy","Jakub Kusy","CZE","Boys","41","https://www.itftennis.com/en/players/jakub-kusy/800597132/cze/jt/s/itf-points-breakdown/","doubles","J500 Merida","J500","2025-11-24","2026-11-23","67","0.25","16.75","false"
"jakub-kusy","Jakub Kusy","CZE","Boys","41","https://www.itftennis.com/en/players/jakub-kusy/800597132/cze/jt/s/itf-points-breakdown/","doubles","J100 Tallinn","J100","2025-05-19","2026-05-18","45","0.25","11.25","false"
"jakub-kusy","Jakub Kusy","CZE","Boys","41","https://www.itftennis.com/en/players/jakub-kusy/800597132/cze/jt/s/itf-points-breakdown/","doubles","J200 Rakovnik","J200","2025-09-01","2026-08-31","27","0.25","6.75","false"
"jakub-kusy","Jakub Kusy","CZE","Boys","41","https://www.itftennis.com/en/players/jakub-kusy/800597132/cze/jt/s/itf-points-breakdown/","doubles","J100 Pazardzhik","J100","2025-06-16","2026-06-15","27","0.25","6.75","false"
"jakub-kusy","Jakub Kusy","CZE","Boys","41","https://www.itftennis.com/en/players/jakub-kusy/800597132/cze/jt/s/itf-points-breakdown/","doubles","J100 Maria-Lanzendorf","J100","2025-09-22","2026-09-21","27","0.25","6.75","false"
"jakub-kusy","Jakub Kusy","CZE","Boys","41","https://www.itftennis.com/en/players/jakub-kusy/800597132/cze/jt/s/itf-points-breakdown/","doubles","J100 Prague","J100","2025-06-30","2026-06-29","15","0.25","3.75","false"
"jakub-kusy","Jakub Kusy","CZE","Boys","41","https://www.itftennis.com/en/players/jakub-kusy/800597132/cze/jt/s/itf-points-breakdown/","doubles","J300 Villena","J300","2026-03-16","2027-03-15","0","0.25","0","false"
"jakub-kusy","Jakub Kusy","CZE","Boys","41","https://www.itftennis.com/en/players/jakub-kusy/800597132/cze/jt/s/itf-points-breakdown/","doubles","J200 Mugla","J200","2025-09-29","2026-09-28","0","0.25","0","false"
"pedro-henrique-chabalgoity","Pedro Henrique Chabalgoity","BRA","Boys","42","https://www.itftennis.com/en/players/pedro-henrique-chabalgoity/800650301/bra/jt/s/itf-points-breakdown/","singles","J300 Porto Alegre","J300","2026-03-09","2027-03-08","300","1","300","true"
"pedro-henrique-chabalgoity","Pedro Henrique Chabalgoity","BRA","Boys","42","https://www.itftennis.com/en/players/pedro-henrique-chabalgoity/800650301/bra/jt/s/itf-points-breakdown/","singles","J300 Santa Cruz (South America Regional Championships)","J300","2026-02-23","2027-02-22","210","1","210","true"
"pedro-henrique-chabalgoity","Pedro Henrique Chabalgoity","BRA","Boys","42","https://www.itftennis.com/en/players/pedro-henrique-chabalgoity/800650301/bra/jt/s/itf-points-breakdown/","singles","J300 Santa Croce Sull’Arno","J300","2026-05-11","2027-05-10","140","1","140","true"
"pedro-henrique-chabalgoity","Pedro Henrique Chabalgoity","BRA","Boys","42","https://www.itftennis.com/en/players/pedro-henrique-chabalgoity/800650301/bra/jt/s/itf-points-breakdown/","singles","J200 Gladbeck","J200","2025-06-17","2026-06-16","140","1","140","true"
"pedro-henrique-chabalgoity","Pedro Henrique Chabalgoity","BRA","Boys","42","https://www.itftennis.com/en/players/pedro-henrique-chabalgoity/800650301/bra/jt/s/itf-points-breakdown/","singles","J300 Asuncion","J300","2026-03-02","2027-03-01","100","1","100","true"
"pedro-henrique-chabalgoity","Pedro Henrique Chabalgoity","BRA","Boys","42","https://www.itftennis.com/en/players/pedro-henrique-chabalgoity/800650301/bra/jt/s/itf-points-breakdown/","singles","J300 Bamberg","J300","2025-06-10","2026-06-09","60","1","60","true"
"pedro-henrique-chabalgoity","Pedro Henrique Chabalgoity","BRA","Boys","42","https://www.itftennis.com/en/players/pedro-henrique-chabalgoity/800650301/bra/jt/s/itf-points-breakdown/","singles","J300 Bradenton","J300","2025-12-01","2026-11-30","60","1","60","false"
"pedro-henrique-chabalgoity","Pedro Henrique Chabalgoity","BRA","Boys","42","https://www.itftennis.com/en/players/pedro-henrique-chabalgoity/800650301/bra/jt/s/itf-points-breakdown/","singles","J300 College Park","J300","2025-08-18","2026-08-17","30","1","30","false"
"pedro-henrique-chabalgoity","Pedro Henrique Chabalgoity","BRA","Boys","42","https://www.itftennis.com/en/players/pedro-henrique-chabalgoity/800650301/bra/jt/s/itf-points-breakdown/","singles","US Open Junior Tennis Championships","JGS","2025-08-31","2026-08-30","30","1","30","false"
"pedro-henrique-chabalgoity","Pedro Henrique Chabalgoity","BRA","Boys","42","https://www.itftennis.com/en/players/pedro-henrique-chabalgoity/800650301/bra/jt/s/itf-points-breakdown/","singles","J500 Milan","J500","2025-05-19","2026-05-18","0","1","0","false"
"pedro-henrique-chabalgoity","Pedro Henrique Chabalgoity","BRA","Boys","42","https://www.itftennis.com/en/players/pedro-henrique-chabalgoity/800650301/bra/jt/s/itf-points-breakdown/","singles","J500 Merida","J500","2025-11-24","2026-11-23","0","1","0","false"
"pedro-henrique-chabalgoity","Pedro Henrique Chabalgoity","BRA","Boys","42","https://www.itftennis.com/en/players/pedro-henrique-chabalgoity/800650301/bra/jt/s/itf-points-breakdown/","singles","J500 Fort Lauderdale","J500","2025-12-08","2026-12-07","0","1","0","false"
"pedro-henrique-chabalgoity","Pedro Henrique Chabalgoity","BRA","Boys","42","https://www.itftennis.com/en/players/pedro-henrique-chabalgoity/800650301/bra/jt/s/itf-points-breakdown/","singles","J500 Gaspar","J500","2026-03-16","2027-03-15","0","1","0","false"
"pedro-henrique-chabalgoity","Pedro Henrique Chabalgoity","BRA","Boys","42","https://www.itftennis.com/en/players/pedro-henrique-chabalgoity/800650301/bra/jt/s/itf-points-breakdown/","singles","J300 Charleroi-Marcinelle","J300","2025-05-26","2026-05-25","0","1","0","false"
"pedro-henrique-chabalgoity","Pedro Henrique Chabalgoity","BRA","Boys","42","https://www.itftennis.com/en/players/pedro-henrique-chabalgoity/800650301/bra/jt/s/itf-points-breakdown/","singles","J300 Barranquilla","J300","2026-01-26","2027-01-25","0","1","0","false"
"pedro-henrique-chabalgoity","Pedro Henrique Chabalgoity","BRA","Boys","42","https://www.itftennis.com/en/players/pedro-henrique-chabalgoity/800650301/bra/jt/s/itf-points-breakdown/","singles","Roland Garros Junior Championships","JGS","2025-06-01","2026-05-31","0","1","0","false"
"pedro-henrique-chabalgoity","Pedro Henrique Chabalgoity","BRA","Boys","42","https://www.itftennis.com/en/players/pedro-henrique-chabalgoity/800650301/bra/jt/s/itf-points-breakdown/","doubles","J500 Gaspar","J500","2026-03-16","2027-03-15","187","0.25","46.75","true"
"pedro-henrique-chabalgoity","Pedro Henrique Chabalgoity","BRA","Boys","42","https://www.itftennis.com/en/players/pedro-henrique-chabalgoity/800650301/bra/jt/s/itf-points-breakdown/","doubles","J300 Bradenton","J300","2025-12-01","2026-11-30","75","0.25","18.75","true"
"pedro-henrique-chabalgoity","Pedro Henrique Chabalgoity","BRA","Boys","42","https://www.itftennis.com/en/players/pedro-henrique-chabalgoity/800650301/bra/jt/s/itf-points-breakdown/","doubles","J300 Barranquilla","J300","2026-01-26","2027-01-25","75","0.25","18.75","true"
"pedro-henrique-chabalgoity","Pedro Henrique Chabalgoity","BRA","Boys","42","https://www.itftennis.com/en/players/pedro-henrique-chabalgoity/800650301/bra/jt/s/itf-points-breakdown/","doubles","J300 Santa Cruz (South America Regional Championships)","J300","2026-02-23","2027-02-22","75","0.25","18.75","true"
"pedro-henrique-chabalgoity","Pedro Henrique Chabalgoity","BRA","Boys","42","https://www.itftennis.com/en/players/pedro-henrique-chabalgoity/800650301/bra/jt/s/itf-points-breakdown/","doubles","J300 Porto Alegre","J300","2026-03-09","2027-03-08","75","0.25","18.75","true"
"pedro-henrique-chabalgoity","Pedro Henrique Chabalgoity","BRA","Boys","42","https://www.itftennis.com/en/players/pedro-henrique-chabalgoity/800650301/bra/jt/s/itf-points-breakdown/","doubles","J200 Gladbeck","J200","2025-06-17","2026-06-16","75","0.25","18.75","true"
"pedro-henrique-chabalgoity","Pedro Henrique Chabalgoity","BRA","Boys","42","https://www.itftennis.com/en/players/pedro-henrique-chabalgoity/800650301/bra/jt/s/itf-points-breakdown/","doubles","J500 Merida","J500","2025-11-24","2026-11-23","67","0.25","16.75","false"
"pedro-henrique-chabalgoity","Pedro Henrique Chabalgoity","BRA","Boys","42","https://www.itftennis.com/en/players/pedro-henrique-chabalgoity/800650301/bra/jt/s/itf-points-breakdown/","doubles","J300 College Park","J300","2025-08-18","2026-08-17","45","0.25","11.25","false"
"pedro-henrique-chabalgoity","Pedro Henrique Chabalgoity","BRA","Boys","42","https://www.itftennis.com/en/players/pedro-henrique-chabalgoity/800650301/bra/jt/s/itf-points-breakdown/","doubles","J500 Milan","J500","2025-05-19","2026-05-18","0","0.25","0","false"
"pedro-henrique-chabalgoity","Pedro Henrique Chabalgoity","BRA","Boys","42","https://www.itftennis.com/en/players/pedro-henrique-chabalgoity/800650301/bra/jt/s/itf-points-breakdown/","doubles","J500 Fort Lauderdale","J500","2025-12-08","2026-12-07","0","0.25","0","false"
"pedro-henrique-chabalgoity","Pedro Henrique Chabalgoity","BRA","Boys","42","https://www.itftennis.com/en/players/pedro-henrique-chabalgoity/800650301/bra/jt/s/itf-points-breakdown/","doubles","J300 Bamberg","J300","2025-06-10","2026-06-09","0","0.25","0","false"
"pedro-henrique-chabalgoity","Pedro Henrique Chabalgoity","BRA","Boys","42","https://www.itftennis.com/en/players/pedro-henrique-chabalgoity/800650301/bra/jt/s/itf-points-breakdown/","doubles","J300 Santa Croce Sull’Arno","J300","2026-05-11","2027-05-10","0","0.25","0","false"
"pedro-henrique-chabalgoity","Pedro Henrique Chabalgoity","BRA","Boys","42","https://www.itftennis.com/en/players/pedro-henrique-chabalgoity/800650301/bra/jt/s/itf-points-breakdown/","doubles","Roland Garros Junior Championships","JGS","2025-06-01","2026-05-31","0","0.25","0","false"
"pedro-henrique-chabalgoity","Pedro Henrique Chabalgoity","BRA","Boys","42","https://www.itftennis.com/en/players/pedro-henrique-chabalgoity/800650301/bra/jt/s/itf-points-breakdown/","doubles","US Open Junior Tennis Championships","JGS","2025-08-31","2026-08-30","0","0.25","0","false"
"kirill-filaretov","Kirill Filaretov","RUS","Boys","43","https://www.itftennis.com/en/players/kirill-filaretov/800572955/rus/jt/s/itf-points-breakdown/","singles","J200 Pretoria","J200","2025-09-08","2026-09-07","200","1","200","true"
"kirill-filaretov","Kirill Filaretov","RUS","Boys","43","https://www.itftennis.com/en/players/kirill-filaretov/800572955/rus/jt/s/itf-points-breakdown/","singles","J200 Fergana","J200","2025-10-06","2026-10-05","200","1","200","true"
"kirill-filaretov","Kirill Filaretov","RUS","Boys","43","https://www.itftennis.com/en/players/kirill-filaretov/800572955/rus/jt/s/itf-points-breakdown/","singles","J200 Pretoria","J200","2025-09-15","2026-09-14","140","1","140","true"
"kirill-filaretov","Kirill Filaretov","RUS","Boys","43","https://www.itftennis.com/en/players/kirill-filaretov/800572955/rus/jt/s/itf-points-breakdown/","singles","J300 Nonthaburi","J300","2026-03-02","2027-03-01","100","1","100","true"
"kirill-filaretov","Kirill Filaretov","RUS","Boys","43","https://www.itftennis.com/en/players/kirill-filaretov/800572955/rus/jt/s/itf-points-breakdown/","singles","J200 St. Poelten","J200","2026-05-05","2027-05-04","100","1","100","true"
"kirill-filaretov","Kirill Filaretov","RUS","Boys","43","https://www.itftennis.com/en/players/kirill-filaretov/800572955/rus/jt/s/itf-points-breakdown/","singles","J500 Cairo","J500","2026-04-06","2027-04-05","90","1","90","true"
"kirill-filaretov","Kirill Filaretov","RUS","Boys","43","https://www.itftennis.com/en/players/kirill-filaretov/800572955/rus/jt/s/itf-points-breakdown/","singles","J300 Cairo","J300","2026-03-30","2027-03-29","60","1","60","false"
"kirill-filaretov","Kirill Filaretov","RUS","Boys","43","https://www.itftennis.com/en/players/kirill-filaretov/800572955/rus/jt/s/itf-points-breakdown/","singles","J300 Plovdiv","J300","2026-04-28","2027-04-27","60","1","60","false"
"kirill-filaretov","Kirill Filaretov","RUS","Boys","43","https://www.itftennis.com/en/players/kirill-filaretov/800572955/rus/jt/s/itf-points-breakdown/","singles","J300 Santa Croce Sull’Arno","J300","2026-05-11","2027-05-10","60","1","60","false"
"kirill-filaretov","Kirill Filaretov","RUS","Boys","43","https://www.itftennis.com/en/players/kirill-filaretov/800572955/rus/jt/s/itf-points-breakdown/","singles","J200 Haskovo","J200","2026-04-21","2027-04-20","60","1","60","false"
"kirill-filaretov","Kirill Filaretov","RUS","Boys","43","https://www.itftennis.com/en/players/kirill-filaretov/800572955/rus/jt/s/itf-points-breakdown/","singles","J200 Belgrade","J200","2025-08-25","2026-08-24","36","1","36","false"
"kirill-filaretov","Kirill Filaretov","RUS","Boys","43","https://www.itftennis.com/en/players/kirill-filaretov/800572955/rus/jt/s/itf-points-breakdown/","singles","J200 Cairo","J200","2025-11-03","2026-11-02","36","1","36","false"
"kirill-filaretov","Kirill Filaretov","RUS","Boys","43","https://www.itftennis.com/en/players/kirill-filaretov/800572955/rus/jt/s/itf-points-breakdown/","singles","J200 Nonthaburi","J200","2026-02-23","2027-02-22","36","1","36","false"
"kirill-filaretov","Kirill Filaretov","RUS","Boys","43","https://www.itftennis.com/en/players/kirill-filaretov/800572955/rus/jt/s/itf-points-breakdown/","singles","J100 Poznan","J100","2025-07-30","2026-07-29","20","1","20","false"
"kirill-filaretov","Kirill Filaretov","RUS","Boys","43","https://www.itftennis.com/en/players/kirill-filaretov/800572955/rus/jt/s/itf-points-breakdown/","singles","J100 Pretoria","J100","2025-09-01","2026-08-31","20","1","20","false"
"kirill-filaretov","Kirill Filaretov","RUS","Boys","43","https://www.itftennis.com/en/players/kirill-filaretov/800572955/rus/jt/s/itf-points-breakdown/","singles","J100 Cairo","J100","2025-10-27","2026-10-26","20","1","20","false"
"kirill-filaretov","Kirill Filaretov","RUS","Boys","43","https://www.itftennis.com/en/players/kirill-filaretov/800572955/rus/jt/s/itf-points-breakdown/","singles","J200 Castricum","J200","2025-07-01","2026-06-30","18","1","18","false"
"kirill-filaretov","Kirill Filaretov","RUS","Boys","43","https://www.itftennis.com/en/players/kirill-filaretov/800572955/rus/jt/s/itf-points-breakdown/","singles","J300 Bamberg","J300","2025-06-10","2026-06-09","0","1","0","false"
"kirill-filaretov","Kirill Filaretov","RUS","Boys","43","https://www.itftennis.com/en/players/kirill-filaretov/800572955/rus/jt/s/itf-points-breakdown/","singles","J300 Bytom","J300","2025-07-22","2026-07-21","0","1","0","false"
"kirill-filaretov","Kirill Filaretov","RUS","Boys","43","https://www.itftennis.com/en/players/kirill-filaretov/800572955/rus/jt/s/itf-points-breakdown/","singles","J300 Pancevo","J300","2025-08-18","2026-08-17","0","1","0","false"
"kirill-filaretov","Kirill Filaretov","RUS","Boys","43","https://www.itftennis.com/en/players/kirill-filaretov/800572955/rus/jt/s/itf-points-breakdown/","singles","J300 Traralgon","J300","2026-01-16","2027-01-15","0","1","0","false"
"kirill-filaretov","Kirill Filaretov","RUS","Boys","43","https://www.itftennis.com/en/players/kirill-filaretov/800572955/rus/jt/s/itf-points-breakdown/","singles","J200 Cairo","J200","2025-11-10","2026-11-09","0","1","0","false"
"kirill-filaretov","Kirill Filaretov","RUS","Boys","43","https://www.itftennis.com/en/players/kirill-filaretov/800572955/rus/jt/s/itf-points-breakdown/","singles","Australian Open Junior Championships","JGS","2026-01-24","2027-01-23","0","1","0","false"
"kirill-filaretov","Kirill Filaretov","RUS","Boys","43","https://www.itftennis.com/en/players/kirill-filaretov/800572955/rus/jt/s/itf-points-breakdown/","doubles","Australian Open Junior Championships","JGS","2026-01-24","2027-01-23","367","0.25","91.75","true"
"kirill-filaretov","Kirill Filaretov","RUS","Boys","43","https://www.itftennis.com/en/players/kirill-filaretov/800572955/rus/jt/s/itf-points-breakdown/","doubles","J300 Nonthaburi","J300","2026-03-02","2027-03-01","157","0.25","39.25","true"
"kirill-filaretov","Kirill Filaretov","RUS","Boys","43","https://www.itftennis.com/en/players/kirill-filaretov/800572955/rus/jt/s/itf-points-breakdown/","doubles","J300 Plovdiv","J300","2026-04-28","2027-04-27","157","0.25","39.25","true"
"kirill-filaretov","Kirill Filaretov","RUS","Boys","43","https://www.itftennis.com/en/players/kirill-filaretov/800572955/rus/jt/s/itf-points-breakdown/","doubles","J300 Cairo","J300","2026-03-30","2027-03-29","105","0.25","26.25","true"
"kirill-filaretov","Kirill Filaretov","RUS","Boys","43","https://www.itftennis.com/en/players/kirill-filaretov/800572955/rus/jt/s/itf-points-breakdown/","doubles","J200 Belgrade","J200","2025-08-25","2026-08-24","105","0.25","26.25","true"
"kirill-filaretov","Kirill Filaretov","RUS","Boys","43","https://www.itftennis.com/en/players/kirill-filaretov/800572955/rus/jt/s/itf-points-breakdown/","doubles","J200 St. Poelten","J200","2026-05-05","2027-05-04","105","0.25","26.25","true"
"kirill-filaretov","Kirill Filaretov","RUS","Boys","43","https://www.itftennis.com/en/players/kirill-filaretov/800572955/rus/jt/s/itf-points-breakdown/","doubles","J300 Traralgon","J300","2026-01-16","2027-01-15","75","0.25","18.75","false"
"kirill-filaretov","Kirill Filaretov","RUS","Boys","43","https://www.itftennis.com/en/players/kirill-filaretov/800572955/rus/jt/s/itf-points-breakdown/","doubles","J300 Santa Croce Sull’Arno","J300","2026-05-11","2027-05-10","75","0.25","18.75","false"
"kirill-filaretov","Kirill Filaretov","RUS","Boys","43","https://www.itftennis.com/en/players/kirill-filaretov/800572955/rus/jt/s/itf-points-breakdown/","doubles","J200 Castricum","J200","2025-07-01","2026-06-30","45","0.25","11.25","false"
"kirill-filaretov","Kirill Filaretov","RUS","Boys","43","https://www.itftennis.com/en/players/kirill-filaretov/800572955/rus/jt/s/itf-points-breakdown/","doubles","J200 Pretoria","J200","2025-09-08","2026-09-07","45","0.25","11.25","false"
"kirill-filaretov","Kirill Filaretov","RUS","Boys","43","https://www.itftennis.com/en/players/kirill-filaretov/800572955/rus/jt/s/itf-points-breakdown/","doubles","J200 Pretoria","J200","2025-09-15","2026-09-14","45","0.25","11.25","false"
"kirill-filaretov","Kirill Filaretov","RUS","Boys","43","https://www.itftennis.com/en/players/kirill-filaretov/800572955/rus/jt/s/itf-points-breakdown/","doubles","J100 Pretoria","J100","2025-09-01","2026-08-31","45","0.25","11.25","false"
"kirill-filaretov","Kirill Filaretov","RUS","Boys","43","https://www.itftennis.com/en/players/kirill-filaretov/800572955/rus/jt/s/itf-points-breakdown/","doubles","J500 Cairo","J500","2026-04-06","2027-04-05","0","0.25","0","false"
"kirill-filaretov","Kirill Filaretov","RUS","Boys","43","https://www.itftennis.com/en/players/kirill-filaretov/800572955/rus/jt/s/itf-points-breakdown/","doubles","J300 Bytom","J300","2025-07-22","2026-07-21","0","0.25","0","false"
"kirill-filaretov","Kirill Filaretov","RUS","Boys","43","https://www.itftennis.com/en/players/kirill-filaretov/800572955/rus/jt/s/itf-points-breakdown/","doubles","J300 Pancevo","J300","2025-08-18","2026-08-17","0","0.25","0","false"
"kirill-filaretov","Kirill Filaretov","RUS","Boys","43","https://www.itftennis.com/en/players/kirill-filaretov/800572955/rus/jt/s/itf-points-breakdown/","doubles","J200 Cairo","J200","2025-11-03","2026-11-02","0","0.25","0","false"
"kirill-filaretov","Kirill Filaretov","RUS","Boys","43","https://www.itftennis.com/en/players/kirill-filaretov/800572955/rus/jt/s/itf-points-breakdown/","doubles","J200 Cairo","J200","2025-11-10","2026-11-09","0","0.25","0","false"
"leon-sloboda","Leon Sloboda","SVK","Boys","44","https://www.itftennis.com/en/players/leon-sloboda/800661936/svk/jt/s/itf-points-breakdown/","singles","J200 Szekesfehervar","J200","2025-10-22","2026-10-21","200","1","200","true"
"leon-sloboda","Leon Sloboda","SVK","Boys","44","https://www.itftennis.com/en/players/leon-sloboda/800661936/svk/jt/s/itf-points-breakdown/","singles","Australian Open Junior Championships","JGS","2026-01-24","2027-01-23","180","1","180","true"
"leon-sloboda","Leon Sloboda","SVK","Boys","44","https://www.itftennis.com/en/players/leon-sloboda/800661936/svk/jt/s/itf-points-breakdown/","singles","J500 Gaspar","J500","2026-03-16","2027-03-15","150","1","150","true"
"leon-sloboda","Leon Sloboda","SVK","Boys","44","https://www.itftennis.com/en/players/leon-sloboda/800661936/svk/jt/s/itf-points-breakdown/","singles","J300 Bytom","J300","2025-07-22","2026-07-21","140","1","140","true"
"leon-sloboda","Leon Sloboda","SVK","Boys","44","https://www.itftennis.com/en/players/leon-sloboda/800661936/svk/jt/s/itf-points-breakdown/","singles","J200 Pilsen","J200","2025-06-23","2026-06-22","140","1","140","true"
"leon-sloboda","Leon Sloboda","SVK","Boys","44","https://www.itftennis.com/en/players/leon-sloboda/800661936/svk/jt/s/itf-points-breakdown/","singles","J300 Asuncion","J300","2026-03-02","2027-03-01","100","1","100","true"
"leon-sloboda","Leon Sloboda","SVK","Boys","44","https://www.itftennis.com/en/players/leon-sloboda/800661936/svk/jt/s/itf-points-breakdown/","singles","J200 Castricum","J200","2025-07-01","2026-06-30","100","1","100","false"
"leon-sloboda","Leon Sloboda","SVK","Boys","44","https://www.itftennis.com/en/players/leon-sloboda/800661936/svk/jt/s/itf-points-breakdown/","singles","J300 Bamberg","J300","2025-06-10","2026-06-09","60","1","60","false"
"leon-sloboda","Leon Sloboda","SVK","Boys","44","https://www.itftennis.com/en/players/leon-sloboda/800661936/svk/jt/s/itf-points-breakdown/","singles","J300 Traralgon","J300","2026-01-16","2027-01-15","60","1","60","false"
"leon-sloboda","Leon Sloboda","SVK","Boys","44","https://www.itftennis.com/en/players/leon-sloboda/800661936/svk/jt/s/itf-points-breakdown/","singles","J500 Offenbach","J500","2026-05-04","2027-05-03","0","1","0","false"
"leon-sloboda","Leon Sloboda","SVK","Boys","44","https://www.itftennis.com/en/players/leon-sloboda/800661936/svk/jt/s/itf-points-breakdown/","singles","J300 Porto Alegre","J300","2026-03-09","2027-03-08","0","1","0","false"
"leon-sloboda","Leon Sloboda","SVK","Boys","44","https://www.itftennis.com/en/players/leon-sloboda/800661936/svk/jt/s/itf-points-breakdown/","singles","US Open Junior Tennis Championships","JGS","2025-08-31","2026-08-30","0","1","0","false"
"leon-sloboda","Leon Sloboda","SVK","Boys","44","https://www.itftennis.com/en/players/leon-sloboda/800661936/svk/jt/s/itf-points-breakdown/","doubles","J500 Gaspar","J500","2026-03-16","2027-03-15","375","0.25","93.75","true"
"leon-sloboda","Leon Sloboda","SVK","Boys","44","https://www.itftennis.com/en/players/leon-sloboda/800661936/svk/jt/s/itf-points-breakdown/","doubles","J300 Bamberg","J300","2025-06-10","2026-06-09","75","0.25","18.75","true"
"leon-sloboda","Leon Sloboda","SVK","Boys","44","https://www.itftennis.com/en/players/leon-sloboda/800661936/svk/jt/s/itf-points-breakdown/","doubles","J500 Offenbach","J500","2026-05-04","2027-05-03","67","0.25","16.75","true"
"leon-sloboda","Leon Sloboda","SVK","Boys","44","https://www.itftennis.com/en/players/leon-sloboda/800661936/svk/jt/s/itf-points-breakdown/","doubles","J300 Traralgon","J300","2026-01-16","2027-01-15","45","0.25","11.25","true"
"leon-sloboda","Leon Sloboda","SVK","Boys","44","https://www.itftennis.com/en/players/leon-sloboda/800661936/svk/jt/s/itf-points-breakdown/","doubles","J200 Pilsen","J200","2025-06-23","2026-06-22","45","0.25","11.25","true"
"leon-sloboda","Leon Sloboda","SVK","Boys","44","https://www.itftennis.com/en/players/leon-sloboda/800661936/svk/jt/s/itf-points-breakdown/","doubles","J200 Castricum","J200","2025-07-01","2026-06-30","45","0.25","11.25","true"
"leon-sloboda","Leon Sloboda","SVK","Boys","44","https://www.itftennis.com/en/players/leon-sloboda/800661936/svk/jt/s/itf-points-breakdown/","doubles","J300 Bytom","J300","2025-07-22","2026-07-21","0","0.25","0","false"
"leon-sloboda","Leon Sloboda","SVK","Boys","44","https://www.itftennis.com/en/players/leon-sloboda/800661936/svk/jt/s/itf-points-breakdown/","doubles","J300 Asuncion","J300","2026-03-02","2027-03-01","0","0.25","0","false"
"leon-sloboda","Leon Sloboda","SVK","Boys","44","https://www.itftennis.com/en/players/leon-sloboda/800661936/svk/jt/s/itf-points-breakdown/","doubles","J300 Porto Alegre","J300","2026-03-09","2027-03-08","0","0.25","0","false"
"leon-sloboda","Leon Sloboda","SVK","Boys","44","https://www.itftennis.com/en/players/leon-sloboda/800661936/svk/jt/s/itf-points-breakdown/","doubles","Australian Open Junior Championships","JGS","2026-01-24","2027-01-23","0","0.25","0","false"
"gavin-goode","Gavin Goode","USA","Boys","45","https://www.itftennis.com/en/players/gavin-goode/800754035/usa/jt/s/itf-points-breakdown/","singles","J300 Repentigny","J300","2025-08-24","2026-08-23","210","1","210","true"
"gavin-goode","Gavin Goode","USA","Boys","45","https://www.itftennis.com/en/players/gavin-goode/800754035/usa/jt/s/itf-points-breakdown/","singles","J300 Spring - Pan American ITF","J300","2025-10-06","2026-10-05","140","1","140","true"
"gavin-goode","Gavin Goode","USA","Boys","45","https://www.itftennis.com/en/players/gavin-goode/800754035/usa/jt/s/itf-points-breakdown/","singles","J300 San Diego (North American Regional Championships)","J300","2026-03-16","2027-03-15","140","1","140","true"
"gavin-goode","Gavin Goode","USA","Boys","45","https://www.itftennis.com/en/players/gavin-goode/800754035/usa/jt/s/itf-points-breakdown/","singles","J300 Tucson","J300","2026-03-09","2027-03-08","100","1","100","true"
"gavin-goode","Gavin Goode","USA","Boys","45","https://www.itftennis.com/en/players/gavin-goode/800754035/usa/jt/s/itf-points-breakdown/","singles","The Junior Championships, Wimbledon","JGS","2025-07-05","2026-07-04","90","1","90","true"
"gavin-goode","Gavin Goode","USA","Boys","45","https://www.itftennis.com/en/players/gavin-goode/800754035/usa/jt/s/itf-points-breakdown/","singles","US Open Junior Tennis Championships","JGS","2025-08-31","2026-08-30","90","1","90","true"
"gavin-goode","Gavin Goode","USA","Boys","45","https://www.itftennis.com/en/players/gavin-goode/800754035/usa/jt/s/itf-points-breakdown/","singles","Australian Open Junior Championships","JGS","2026-01-24","2027-01-23","90","1","90","false"
"gavin-goode","Gavin Goode","USA","Boys","45","https://www.itftennis.com/en/players/gavin-goode/800754035/usa/jt/s/itf-points-breakdown/","singles","J300 Bamberg","J300","2025-06-10","2026-06-09","60","1","60","false"
"gavin-goode","Gavin Goode","USA","Boys","45","https://www.itftennis.com/en/players/gavin-goode/800754035/usa/jt/s/itf-points-breakdown/","singles","J300 Traralgon","J300","2026-01-16","2027-01-15","60","1","60","false"
"gavin-goode","Gavin Goode","USA","Boys","45","https://www.itftennis.com/en/players/gavin-goode/800754035/usa/jt/s/itf-points-breakdown/","singles","J500 Merida","J500","2025-11-24","2026-11-23","45","1","45","false"
"gavin-goode","Gavin Goode","USA","Boys","45","https://www.itftennis.com/en/players/gavin-goode/800754035/usa/jt/s/itf-points-breakdown/","singles","J500 Fort Lauderdale","J500","2025-12-08","2026-12-07","45","1","45","false"
"gavin-goode","Gavin Goode","USA","Boys","45","https://www.itftennis.com/en/players/gavin-goode/800754035/usa/jt/s/itf-points-breakdown/","singles","J300 College Park","J300","2025-08-18","2026-08-17","30","1","30","false"
"gavin-goode","Gavin Goode","USA","Boys","45","https://www.itftennis.com/en/players/gavin-goode/800754035/usa/jt/s/itf-points-breakdown/","singles","J300 Roehampton","J300","2025-06-29","2026-06-28","0","1","0","false"
"gavin-goode","Gavin Goode","USA","Boys","45","https://www.itftennis.com/en/players/gavin-goode/800754035/usa/jt/s/itf-points-breakdown/","doubles","J300 College Park","J300","2025-08-18","2026-08-17","225","0.25","56.25","true"
"gavin-goode","Gavin Goode","USA","Boys","45","https://www.itftennis.com/en/players/gavin-goode/800754035/usa/jt/s/itf-points-breakdown/","doubles","J300 Spring - Pan American ITF","J300","2025-10-06","2026-10-05","225","0.25","56.25","true"
"gavin-goode","Gavin Goode","USA","Boys","45","https://www.itftennis.com/en/players/gavin-goode/800754035/usa/jt/s/itf-points-breakdown/","doubles","J300 Tucson","J300","2026-03-09","2027-03-08","225","0.25","56.25","true"
"gavin-goode","Gavin Goode","USA","Boys","45","https://www.itftennis.com/en/players/gavin-goode/800754035/usa/jt/s/itf-points-breakdown/","doubles","J500 Fort Lauderdale","J500","2025-12-08","2026-12-07","187","0.25","46.75","true"
"gavin-goode","Gavin Goode","USA","Boys","45","https://www.itftennis.com/en/players/gavin-goode/800754035/usa/jt/s/itf-points-breakdown/","doubles","J300 San Diego (North American Regional Championships)","J300","2026-03-16","2027-03-15","157","0.25","39.25","true"
"gavin-goode","Gavin Goode","USA","Boys","45","https://www.itftennis.com/en/players/gavin-goode/800754035/usa/jt/s/itf-points-breakdown/","doubles","Australian Open Junior Championships","JGS","2026-01-24","2027-01-23","135","0.25","33.75","true"
"gavin-goode","Gavin Goode","USA","Boys","45","https://www.itftennis.com/en/players/gavin-goode/800754035/usa/jt/s/itf-points-breakdown/","doubles","J500 Merida","J500","2025-11-24","2026-11-23","112","0.25","28","false"
"gavin-goode","Gavin Goode","USA","Boys","45","https://www.itftennis.com/en/players/gavin-goode/800754035/usa/jt/s/itf-points-breakdown/","doubles","J300 Traralgon","J300","2026-01-16","2027-01-15","105","0.25","26.25","false"
"gavin-goode","Gavin Goode","USA","Boys","45","https://www.itftennis.com/en/players/gavin-goode/800754035/usa/jt/s/itf-points-breakdown/","doubles","J300 Repentigny","J300","2025-08-24","2026-08-23","75","0.25","18.75","false"
"gavin-goode","Gavin Goode","USA","Boys","45","https://www.itftennis.com/en/players/gavin-goode/800754035/usa/jt/s/itf-points-breakdown/","doubles","J300 Roehampton","J300","2025-06-29","2026-06-28","0","0.25","0","false"
"gavin-goode","Gavin Goode","USA","Boys","45","https://www.itftennis.com/en/players/gavin-goode/800754035/usa/jt/s/itf-points-breakdown/","doubles","The Junior Championships, Wimbledon","JGS","2025-07-05","2026-07-04","0","0.25","0","false"
"gavin-goode","Gavin Goode","USA","Boys","45","https://www.itftennis.com/en/players/gavin-goode/800754035/usa/jt/s/itf-points-breakdown/","doubles","US Open Junior Tennis Championships","JGS","2025-08-31","2026-08-30","0","0.25","0","false"
"jack-secord","Jack Secord","USA","Boys","46","https://www.itftennis.com/en/players/jack-secord/800720203/usa/jt/s/itf-points-breakdown/","singles","The Junior Championships, Wimbledon","JGS","2025-07-05","2026-07-04","180","1","180","true"
"jack-secord","Jack Secord","USA","Boys","46","https://www.itftennis.com/en/players/jack-secord/800720203/usa/jt/s/itf-points-breakdown/","singles","J500 Gaspar","J500","2026-03-16","2027-03-15","150","1","150","true"
"jack-secord","Jack Secord","USA","Boys","46","https://www.itftennis.com/en/players/jack-secord/800720203/usa/jt/s/itf-points-breakdown/","singles","J200 Aldershot","J200","2026-04-20","2027-04-19","140","1","140","true"
"jack-secord","Jack Secord","USA","Boys","46","https://www.itftennis.com/en/players/jack-secord/800720203/usa/jt/s/itf-points-breakdown/","singles","J300 Asuncion","J300","2026-03-02","2027-03-01","100","1","100","true"
"jack-secord","Jack Secord","USA","Boys","46","https://www.itftennis.com/en/players/jack-secord/800720203/usa/jt/s/itf-points-breakdown/","singles","Roland Garros Junior Championships","JGS","2025-06-01","2026-05-31","90","1","90","true"
"jack-secord","Jack Secord","USA","Boys","46","https://www.itftennis.com/en/players/jack-secord/800720203/usa/jt/s/itf-points-breakdown/","singles","Australian Open Junior Championships","JGS","2026-01-24","2027-01-23","90","1","90","true"
"jack-secord","Jack Secord","USA","Boys","46","https://www.itftennis.com/en/players/jack-secord/800720203/usa/jt/s/itf-points-breakdown/","singles","J300 College Park","J300","2025-08-18","2026-08-17","60","1","60","false"
"jack-secord","Jack Secord","USA","Boys","46","https://www.itftennis.com/en/players/jack-secord/800720203/usa/jt/s/itf-points-breakdown/","singles","J300 Santa Croce Sull’Arno","J300","2026-05-11","2027-05-10","60","1","60","false"
"jack-secord","Jack Secord","USA","Boys","46","https://www.itftennis.com/en/players/jack-secord/800720203/usa/jt/s/itf-points-breakdown/","singles","J200 Woodbridge","J200","2026-04-07","2027-04-06","60","1","60","false"
"jack-secord","Jack Secord","USA","Boys","46","https://www.itftennis.com/en/players/jack-secord/800720203/usa/jt/s/itf-points-breakdown/","singles","J500 Milan","J500","2025-05-19","2026-05-18","45","1","45","false"
"jack-secord","Jack Secord","USA","Boys","46","https://www.itftennis.com/en/players/jack-secord/800720203/usa/jt/s/itf-points-breakdown/","singles","J300 Traralgon","J300","2026-01-16","2027-01-15","30","1","30","false"
"jack-secord","Jack Secord","USA","Boys","46","https://www.itftennis.com/en/players/jack-secord/800720203/usa/jt/s/itf-points-breakdown/","singles","J300 Roehampton","J300","2025-06-29","2026-06-28","0","1","0","false"
"jack-secord","Jack Secord","USA","Boys","46","https://www.itftennis.com/en/players/jack-secord/800720203/usa/jt/s/itf-points-breakdown/","singles","US Open Junior Tennis Championships","JGS","2025-08-31","2026-08-30","0","1","0","false"
"jack-secord","Jack Secord","USA","Boys","46","https://www.itftennis.com/en/players/jack-secord/800720203/usa/jt/s/itf-points-breakdown/","doubles","US Open Junior Tennis Championships","JGS","2025-08-31","2026-08-30","367","0.25","91.75","true"
"jack-secord","Jack Secord","USA","Boys","46","https://www.itftennis.com/en/players/jack-secord/800720203/usa/jt/s/itf-points-breakdown/","doubles","J500 Gaspar","J500","2026-03-16","2027-03-15","262","0.25","65.5","true"
"jack-secord","Jack Secord","USA","Boys","46","https://www.itftennis.com/en/players/jack-secord/800720203/usa/jt/s/itf-points-breakdown/","doubles","The Junior Championships, Wimbledon","JGS","2025-07-05","2026-07-04","225","0.25","56.25","true"
"jack-secord","Jack Secord","USA","Boys","46","https://www.itftennis.com/en/players/jack-secord/800720203/usa/jt/s/itf-points-breakdown/","doubles","J200 Woodbridge","J200","2026-04-07","2027-04-06","150","0.25","37.5","true"
"jack-secord","Jack Secord","USA","Boys","46","https://www.itftennis.com/en/players/jack-secord/800720203/usa/jt/s/itf-points-breakdown/","doubles","Roland Garros Junior Championships","JGS","2025-06-01","2026-05-31","135","0.25","33.75","true"
"jack-secord","Jack Secord","USA","Boys","46","https://www.itftennis.com/en/players/jack-secord/800720203/usa/jt/s/itf-points-breakdown/","doubles","J300 Roehampton","J300","2025-06-29","2026-06-28","75","0.25","18.75","true"
"jack-secord","Jack Secord","USA","Boys","46","https://www.itftennis.com/en/players/jack-secord/800720203/usa/jt/s/itf-points-breakdown/","doubles","J300 Asuncion","J300","2026-03-02","2027-03-01","75","0.25","18.75","false"
"jack-secord","Jack Secord","USA","Boys","46","https://www.itftennis.com/en/players/jack-secord/800720203/usa/jt/s/itf-points-breakdown/","doubles","J200 Aldershot","J200","2026-04-20","2027-04-19","45","0.25","11.25","false"
"jack-secord","Jack Secord","USA","Boys","46","https://www.itftennis.com/en/players/jack-secord/800720203/usa/jt/s/itf-points-breakdown/","doubles","J500 Milan","J500","2025-05-19","2026-05-18","0","0.25","0","false"
"jack-secord","Jack Secord","USA","Boys","46","https://www.itftennis.com/en/players/jack-secord/800720203/usa/jt/s/itf-points-breakdown/","doubles","J300 College Park","J300","2025-08-18","2026-08-17","0","0.25","0","false"
"jack-secord","Jack Secord","USA","Boys","46","https://www.itftennis.com/en/players/jack-secord/800720203/usa/jt/s/itf-points-breakdown/","doubles","J300 Traralgon","J300","2026-01-16","2027-01-15","0","0.25","0","false"
"jack-secord","Jack Secord","USA","Boys","46","https://www.itftennis.com/en/players/jack-secord/800720203/usa/jt/s/itf-points-breakdown/","doubles","J300 Santa Croce Sull’Arno","J300","2026-05-11","2027-05-10","0","0.25","0","false"
"jack-secord","Jack Secord","USA","Boys","46","https://www.itftennis.com/en/players/jack-secord/800720203/usa/jt/s/itf-points-breakdown/","doubles","Australian Open Junior Championships","JGS","2026-01-24","2027-01-23","0","0.25","0","false"
"tanishk-konduri","Tanishk Konduri","USA","Boys","47","https://www.itftennis.com/en/players/tanishk-konduri/800793512/usa/jt/s/itf-points-breakdown/","singles","J500 Fort Lauderdale","J500","2025-12-08","2026-12-07","250","1","250","true"
"tanishk-konduri","Tanishk Konduri","USA","Boys","47","https://www.itftennis.com/en/players/tanishk-konduri/800793512/usa/jt/s/itf-points-breakdown/","singles","J200 Corpus Christi","J200","2025-09-29","2026-09-28","140","1","140","true"
"tanishk-konduri","Tanishk Konduri","USA","Boys","47","https://www.itftennis.com/en/players/tanishk-konduri/800793512/usa/jt/s/itf-points-breakdown/","singles","J300 College Park","J300","2025-08-18","2026-08-17","100","1","100","true"
"tanishk-konduri","Tanishk Konduri","USA","Boys","47","https://www.itftennis.com/en/players/tanishk-konduri/800793512/usa/jt/s/itf-points-breakdown/","singles","J300 Spring - Pan American ITF","J300","2025-10-06","2026-10-05","100","1","100","true"
"tanishk-konduri","Tanishk Konduri","USA","Boys","47","https://www.itftennis.com/en/players/tanishk-konduri/800793512/usa/jt/s/itf-points-breakdown/","singles","J300 San Diego (North American Regional Championships)","J300","2026-03-16","2027-03-15","100","1","100","true"
"tanishk-konduri","Tanishk Konduri","USA","Boys","47","https://www.itftennis.com/en/players/tanishk-konduri/800793512/usa/jt/s/itf-points-breakdown/","singles","J200 Monterrey","J200","2025-06-30","2026-06-29","100","1","100","true"
"tanishk-konduri","Tanishk Konduri","USA","Boys","47","https://www.itftennis.com/en/players/tanishk-konduri/800793512/usa/jt/s/itf-points-breakdown/","singles","J100 Vancouver","J100","2025-07-07","2026-07-06","100","1","100","false"
"tanishk-konduri","Tanishk Konduri","USA","Boys","47","https://www.itftennis.com/en/players/tanishk-konduri/800793512/usa/jt/s/itf-points-breakdown/","singles","J300 Tucson","J300","2026-03-09","2027-03-08","60","1","60","false"
"tanishk-konduri","Tanishk Konduri","USA","Boys","47","https://www.itftennis.com/en/players/tanishk-konduri/800793512/usa/jt/s/itf-points-breakdown/","singles","J500 Merida","J500","2025-11-24","2026-11-23","45","1","45","false"
"tanishk-konduri","Tanishk Konduri","USA","Boys","47","https://www.itftennis.com/en/players/tanishk-konduri/800793512/usa/jt/s/itf-points-breakdown/","singles","J200 Veracruz","J200","2025-06-23","2026-06-22","36","1","36","false"
"tanishk-konduri","Tanishk Konduri","USA","Boys","47","https://www.itftennis.com/en/players/tanishk-konduri/800793512/usa/jt/s/itf-points-breakdown/","singles","J300 Traralgon","J300","2026-01-16","2027-01-15","30","1","30","false"
"tanishk-konduri","Tanishk Konduri","USA","Boys","47","https://www.itftennis.com/en/players/tanishk-konduri/800793512/usa/jt/s/itf-points-breakdown/","singles","J300 Bradenton","J300","2025-12-01","2026-11-30","0","1","0","false"
"tanishk-konduri","Tanishk Konduri","USA","Boys","47","https://www.itftennis.com/en/players/tanishk-konduri/800793512/usa/jt/s/itf-points-breakdown/","singles","US Open Junior Tennis Championships","JGS","2025-08-31","2026-08-30","0","1","0","false"
"tanishk-konduri","Tanishk Konduri","USA","Boys","47","https://www.itftennis.com/en/players/tanishk-konduri/800793512/usa/jt/s/itf-points-breakdown/","singles","Australian Open Junior Championships","JGS","2026-01-24","2027-01-23","0","1","0","false"
"tanishk-konduri","Tanishk Konduri","USA","Boys","47","https://www.itftennis.com/en/players/tanishk-konduri/800793512/usa/jt/s/itf-points-breakdown/","doubles","J500 Fort Lauderdale","J500","2025-12-08","2026-12-07","262","0.25","65.5","true"
"tanishk-konduri","Tanishk Konduri","USA","Boys","47","https://www.itftennis.com/en/players/tanishk-konduri/800793512/usa/jt/s/itf-points-breakdown/","doubles","J300 San Diego (North American Regional Championships)","J300","2026-03-16","2027-03-15","225","0.25","56.25","true"
"tanishk-konduri","Tanishk Konduri","USA","Boys","47","https://www.itftennis.com/en/players/tanishk-konduri/800793512/usa/jt/s/itf-points-breakdown/","doubles","Australian Open Junior Championships","JGS","2026-01-24","2027-01-23","225","0.25","56.25","true"
"tanishk-konduri","Tanishk Konduri","USA","Boys","47","https://www.itftennis.com/en/players/tanishk-konduri/800793512/usa/jt/s/itf-points-breakdown/","doubles","J200 Monterrey","J200","2025-06-30","2026-06-29","150","0.25","37.5","true"
"tanishk-konduri","Tanishk Konduri","USA","Boys","47","https://www.itftennis.com/en/players/tanishk-konduri/800793512/usa/jt/s/itf-points-breakdown/","doubles","J300 Tucson","J300","2026-03-09","2027-03-08","105","0.25","26.25","true"
"tanishk-konduri","Tanishk Konduri","USA","Boys","47","https://www.itftennis.com/en/players/tanishk-konduri/800793512/usa/jt/s/itf-points-breakdown/","doubles","J500 Merida","J500","2025-11-24","2026-11-23","67","0.25","16.75","true"
"tanishk-konduri","Tanishk Konduri","USA","Boys","47","https://www.itftennis.com/en/players/tanishk-konduri/800793512/usa/jt/s/itf-points-breakdown/","doubles","J300 Bradenton","J300","2025-12-01","2026-11-30","45","0.25","11.25","false"
"tanishk-konduri","Tanishk Konduri","USA","Boys","47","https://www.itftennis.com/en/players/tanishk-konduri/800793512/usa/jt/s/itf-points-breakdown/","doubles","J100 Vancouver","J100","2025-07-07","2026-07-06","45","0.25","11.25","false"
"tanishk-konduri","Tanishk Konduri","USA","Boys","47","https://www.itftennis.com/en/players/tanishk-konduri/800793512/usa/jt/s/itf-points-breakdown/","doubles","J300 College Park","J300","2025-08-18","2026-08-17","0","0.25","0","false"
"tanishk-konduri","Tanishk Konduri","USA","Boys","47","https://www.itftennis.com/en/players/tanishk-konduri/800793512/usa/jt/s/itf-points-breakdown/","doubles","J300 Spring - Pan American ITF","J300","2025-10-06","2026-10-05","0","0.25","0","false"
"tanishk-konduri","Tanishk Konduri","USA","Boys","47","https://www.itftennis.com/en/players/tanishk-konduri/800793512/usa/jt/s/itf-points-breakdown/","doubles","J300 Traralgon","J300","2026-01-16","2027-01-15","0","0.25","0","false"
"tanishk-konduri","Tanishk Konduri","USA","Boys","47","https://www.itftennis.com/en/players/tanishk-konduri/800793512/usa/jt/s/itf-points-breakdown/","doubles","J200 Veracruz","J200","2025-06-23","2026-06-22","0","0.25","0","false"
"tanishk-konduri","Tanishk Konduri","USA","Boys","47","https://www.itftennis.com/en/players/tanishk-konduri/800793512/usa/jt/s/itf-points-breakdown/","doubles","J200 Corpus Christi","J200","2025-09-29","2026-09-28","0","0.25","0","false"
"tanishk-konduri","Tanishk Konduri","USA","Boys","47","https://www.itftennis.com/en/players/tanishk-konduri/800793512/usa/jt/s/itf-points-breakdown/","doubles","US Open Junior Tennis Championships","JGS","2025-08-31","2026-08-30","0","0.25","0","false"
"juan-miguel-bolivar-idarraga","Juan Miguel Bolivar Idarraga","COL","Boys","48","https://www.itftennis.com/en/players/juan-miguel-bolivar-idarraga/800652195/col/jt/s/itf-points-breakdown/","singles","J200 Asuncion","J200","2026-03-30","2027-03-29","200","1","200","true"
"juan-miguel-bolivar-idarraga","Juan Miguel Bolivar Idarraga","COL","Boys","48","https://www.itftennis.com/en/players/juan-miguel-bolivar-idarraga/800652195/col/jt/s/itf-points-breakdown/","singles","J300 Bradenton","J300","2025-12-01","2026-11-30","140","1","140","true"
"juan-miguel-bolivar-idarraga","Juan Miguel Bolivar Idarraga","COL","Boys","48","https://www.itftennis.com/en/players/juan-miguel-bolivar-idarraga/800652195/col/jt/s/itf-points-breakdown/","singles","J200 Monterrey","J200","2025-06-30","2026-06-29","140","1","140","true"
"juan-miguel-bolivar-idarraga","Juan Miguel Bolivar Idarraga","COL","Boys","48","https://www.itftennis.com/en/players/juan-miguel-bolivar-idarraga/800652195/col/jt/s/itf-points-breakdown/","singles","J200 Lima","J200","2025-09-22","2026-09-21","140","1","140","true"
"juan-miguel-bolivar-idarraga","Juan Miguel Bolivar Idarraga","COL","Boys","48","https://www.itftennis.com/en/players/juan-miguel-bolivar-idarraga/800652195/col/jt/s/itf-points-breakdown/","singles","J300 Zapopan","J300","2025-11-17","2026-11-16","100","1","100","true"
"juan-miguel-bolivar-idarraga","Juan Miguel Bolivar Idarraga","COL","Boys","48","https://www.itftennis.com/en/players/juan-miguel-bolivar-idarraga/800652195/col/jt/s/itf-points-breakdown/","singles","J300 Santa Croce Sull’Arno","J300","2026-05-11","2027-05-10","100","1","100","true"
"juan-miguel-bolivar-idarraga","Juan Miguel Bolivar Idarraga","COL","Boys","48","https://www.itftennis.com/en/players/juan-miguel-bolivar-idarraga/800652195/col/jt/s/itf-points-breakdown/","singles","Australian Open Junior Championships","JGS","2026-01-24","2027-01-23","90","1","90","false"
"juan-miguel-bolivar-idarraga","Juan Miguel Bolivar Idarraga","COL","Boys","48","https://www.itftennis.com/en/players/juan-miguel-bolivar-idarraga/800652195/col/jt/s/itf-points-breakdown/","singles","J300 Asuncion (Junior Pan American Games)","J300","2025-08-11","2026-08-10","60","1","60","false"
"juan-miguel-bolivar-idarraga","Juan Miguel Bolivar Idarraga","COL","Boys","48","https://www.itftennis.com/en/players/juan-miguel-bolivar-idarraga/800652195/col/jt/s/itf-points-breakdown/","singles","J200 Bogota","J200","2025-07-14","2026-07-13","60","1","60","false"
"juan-miguel-bolivar-idarraga","Juan Miguel Bolivar Idarraga","COL","Boys","48","https://www.itftennis.com/en/players/juan-miguel-bolivar-idarraga/800652195/col/jt/s/itf-points-breakdown/","singles","J200 Santa Cruz","J200","2025-11-03","2026-11-02","60","1","60","false"
"juan-miguel-bolivar-idarraga","Juan Miguel Bolivar Idarraga","COL","Boys","48","https://www.itftennis.com/en/players/juan-miguel-bolivar-idarraga/800652195/col/jt/s/itf-points-breakdown/","singles","J500 Fort Lauderdale","J500","2025-12-08","2026-12-07","45","1","45","false"
"juan-miguel-bolivar-idarraga","Juan Miguel Bolivar Idarraga","COL","Boys","48","https://www.itftennis.com/en/players/juan-miguel-bolivar-idarraga/800652195/col/jt/s/itf-points-breakdown/","singles","J200 Salta","J200","2025-10-06","2026-10-05","36","1","36","false"
"juan-miguel-bolivar-idarraga","Juan Miguel Bolivar Idarraga","COL","Boys","48","https://www.itftennis.com/en/players/juan-miguel-bolivar-idarraga/800652195/col/jt/s/itf-points-breakdown/","singles","J200 Prato","J200","2026-05-05","2027-05-04","36","1","36","false"
"juan-miguel-bolivar-idarraga","Juan Miguel Bolivar Idarraga","COL","Boys","48","https://www.itftennis.com/en/players/juan-miguel-bolivar-idarraga/800652195/col/jt/s/itf-points-breakdown/","singles","J300 Traralgon","J300","2026-01-16","2027-01-15","30","1","30","false"
"juan-miguel-bolivar-idarraga","Juan Miguel Bolivar Idarraga","COL","Boys","48","https://www.itftennis.com/en/players/juan-miguel-bolivar-idarraga/800652195/col/jt/s/itf-points-breakdown/","singles","J500 Merida","J500","2025-11-24","2026-11-23","0","1","0","false"
"juan-miguel-bolivar-idarraga","Juan Miguel Bolivar Idarraga","COL","Boys","48","https://www.itftennis.com/en/players/juan-miguel-bolivar-idarraga/800652195/col/jt/s/itf-points-breakdown/","singles","J200 Veracruz","J200","2025-06-23","2026-06-22","0","1","0","false"
"juan-miguel-bolivar-idarraga","Juan Miguel Bolivar Idarraga","COL","Boys","48","https://www.itftennis.com/en/players/juan-miguel-bolivar-idarraga/800652195/col/jt/s/itf-points-breakdown/","singles","J200 Santiago","J200","2025-09-29","2026-09-28","0","1","0","false"
"juan-miguel-bolivar-idarraga","Juan Miguel Bolivar Idarraga","COL","Boys","48","https://www.itftennis.com/en/players/juan-miguel-bolivar-idarraga/800652195/col/jt/s/itf-points-breakdown/","singles","J100 Veracruz","J100","2025-06-16","2026-06-15","0","1","0","false"
"juan-miguel-bolivar-idarraga","Juan Miguel Bolivar Idarraga","COL","Boys","48","https://www.itftennis.com/en/players/juan-miguel-bolivar-idarraga/800652195/col/jt/s/itf-points-breakdown/","singles","J100 Medellin","J100","2025-07-07","2026-07-06","0","1","0","false"
"juan-miguel-bolivar-idarraga","Juan Miguel Bolivar Idarraga","COL","Boys","48","https://www.itftennis.com/en/players/juan-miguel-bolivar-idarraga/800652195/col/jt/s/itf-points-breakdown/","doubles","J300 Santa Croce Sull’Arno","J300","2026-05-11","2027-05-10","225","0.25","56.25","true"
"juan-miguel-bolivar-idarraga","Juan Miguel Bolivar Idarraga","COL","Boys","48","https://www.itftennis.com/en/players/juan-miguel-bolivar-idarraga/800652195/col/jt/s/itf-points-breakdown/","doubles","Australian Open Junior Championships","JGS","2026-01-24","2027-01-23","225","0.25","56.25","true"
"juan-miguel-bolivar-idarraga","Juan Miguel Bolivar Idarraga","COL","Boys","48","https://www.itftennis.com/en/players/juan-miguel-bolivar-idarraga/800652195/col/jt/s/itf-points-breakdown/","doubles","J200 Santiago","J200","2025-09-29","2026-09-28","150","0.25","37.5","true"
"juan-miguel-bolivar-idarraga","Juan Miguel Bolivar Idarraga","COL","Boys","48","https://www.itftennis.com/en/players/juan-miguel-bolivar-idarraga/800652195/col/jt/s/itf-points-breakdown/","doubles","J300 Zapopan","J300","2025-11-17","2026-11-16","75","0.25","18.75","true"
"juan-miguel-bolivar-idarraga","Juan Miguel Bolivar Idarraga","COL","Boys","48","https://www.itftennis.com/en/players/juan-miguel-bolivar-idarraga/800652195/col/jt/s/itf-points-breakdown/","doubles","J300 Bradenton","J300","2025-12-01","2026-11-30","75","0.25","18.75","true"
"juan-miguel-bolivar-idarraga","Juan Miguel Bolivar Idarraga","COL","Boys","48","https://www.itftennis.com/en/players/juan-miguel-bolivar-idarraga/800652195/col/jt/s/itf-points-breakdown/","doubles","J200 Bogota","J200","2025-07-14","2026-07-13","75","0.25","18.75","true"
"juan-miguel-bolivar-idarraga","Juan Miguel Bolivar Idarraga","COL","Boys","48","https://www.itftennis.com/en/players/juan-miguel-bolivar-idarraga/800652195/col/jt/s/itf-points-breakdown/","doubles","J200 Lima","J200","2025-09-22","2026-09-21","75","0.25","18.75","false"
"juan-miguel-bolivar-idarraga","Juan Miguel Bolivar Idarraga","COL","Boys","48","https://www.itftennis.com/en/players/juan-miguel-bolivar-idarraga/800652195/col/jt/s/itf-points-breakdown/","doubles","J500 Merida","J500","2025-11-24","2026-11-23","67","0.25","16.75","false"
"juan-miguel-bolivar-idarraga","Juan Miguel Bolivar Idarraga","COL","Boys","48","https://www.itftennis.com/en/players/juan-miguel-bolivar-idarraga/800652195/col/jt/s/itf-points-breakdown/","doubles","J500 Fort Lauderdale","J500","2025-12-08","2026-12-07","67","0.25","16.75","false"
"juan-miguel-bolivar-idarraga","Juan Miguel Bolivar Idarraga","COL","Boys","48","https://www.itftennis.com/en/players/juan-miguel-bolivar-idarraga/800652195/col/jt/s/itf-points-breakdown/","doubles","J200 Veracruz","J200","2025-06-23","2026-06-22","45","0.25","11.25","false"
"juan-miguel-bolivar-idarraga","Juan Miguel Bolivar Idarraga","COL","Boys","48","https://www.itftennis.com/en/players/juan-miguel-bolivar-idarraga/800652195/col/jt/s/itf-points-breakdown/","doubles","J200 Prato","J200","2026-05-05","2027-05-04","45","0.25","11.25","false"
"juan-miguel-bolivar-idarraga","Juan Miguel Bolivar Idarraga","COL","Boys","48","https://www.itftennis.com/en/players/juan-miguel-bolivar-idarraga/800652195/col/jt/s/itf-points-breakdown/","doubles","J100 Medellin","J100","2025-07-07","2026-07-06","27","0.25","6.75","false"
"juan-miguel-bolivar-idarraga","Juan Miguel Bolivar Idarraga","COL","Boys","48","https://www.itftennis.com/en/players/juan-miguel-bolivar-idarraga/800652195/col/jt/s/itf-points-breakdown/","doubles","J200 Monterrey","J200","2025-06-30","2026-06-29","0","0.25","0","false"
"juan-miguel-bolivar-idarraga","Juan Miguel Bolivar Idarraga","COL","Boys","48","https://www.itftennis.com/en/players/juan-miguel-bolivar-idarraga/800652195/col/jt/s/itf-points-breakdown/","doubles","J200 Salta","J200","2025-10-06","2026-10-05","0","0.25","0","false"
"juan-miguel-bolivar-idarraga","Juan Miguel Bolivar Idarraga","COL","Boys","48","https://www.itftennis.com/en/players/juan-miguel-bolivar-idarraga/800652195/col/jt/s/itf-points-breakdown/","doubles","J200 Santa Cruz","J200","2025-11-03","2026-11-02","0","0.25","0","false"
"juan-miguel-bolivar-idarraga","Juan Miguel Bolivar Idarraga","COL","Boys","48","https://www.itftennis.com/en/players/juan-miguel-bolivar-idarraga/800652195/col/jt/s/itf-points-breakdown/","doubles","J200 Asuncion","J200","2026-03-30","2027-03-29","0","0.25","0","false"
"juan-miguel-bolivar-idarraga","Juan Miguel Bolivar Idarraga","COL","Boys","48","https://www.itftennis.com/en/players/juan-miguel-bolivar-idarraga/800652195/col/jt/s/itf-points-breakdown/","doubles","J100 Veracruz","J100","2025-06-16","2026-06-15","0","0.25","0","false"
"rihards-neimanis","Rihards Neimanis","LAT","Boys","49","https://www.itftennis.com/en/players/rihards-neimanis/800589275/lat/jt/s/itf-points-breakdown/","singles","J500 Osaka","J500","2025-09-22","2026-09-21","150","1","150","true"
"rihards-neimanis","Rihards Neimanis","LAT","Boys","49","https://www.itftennis.com/en/players/rihards-neimanis/800589275/lat/jt/s/itf-points-breakdown/","singles","J500 Gaspar","J500","2026-03-16","2027-03-15","150","1","150","true"
"rihards-neimanis","Rihards Neimanis","LAT","Boys","49","https://www.itftennis.com/en/players/rihards-neimanis/800589275/lat/jt/s/itf-points-breakdown/","singles","J200 Castricum","J200","2025-07-01","2026-06-30","140","1","140","true"
"rihards-neimanis","Rihards Neimanis","LAT","Boys","49","https://www.itftennis.com/en/players/rihards-neimanis/800589275/lat/jt/s/itf-points-breakdown/","singles","J300 Porto Alegre","J300","2026-03-09","2027-03-08","100","1","100","true"
"rihards-neimanis","Rihards Neimanis","LAT","Boys","49","https://www.itftennis.com/en/players/rihards-neimanis/800589275/lat/jt/s/itf-points-breakdown/","singles","J300 Beaulieu-sur-Mer","J300","2026-04-13","2027-04-12","100","1","100","true"
"rihards-neimanis","Rihards Neimanis","LAT","Boys","49","https://www.itftennis.com/en/players/rihards-neimanis/800589275/lat/jt/s/itf-points-breakdown/","singles","J200 Miki","J200","2025-09-16","2026-09-15","100","1","100","true"
"rihards-neimanis","Rihards Neimanis","LAT","Boys","49","https://www.itftennis.com/en/players/rihards-neimanis/800589275/lat/jt/s/itf-points-breakdown/","singles","J500 Merida","J500","2025-11-24","2026-11-23","90","1","90","false"
"rihards-neimanis","Rihards Neimanis","LAT","Boys","49","https://www.itftennis.com/en/players/rihards-neimanis/800589275/lat/jt/s/itf-points-breakdown/","singles","J500 Offenbach","J500","2026-05-04","2027-05-03","90","1","90","false"
"rihards-neimanis","Rihards Neimanis","LAT","Boys","49","https://www.itftennis.com/en/players/rihards-neimanis/800589275/lat/jt/s/itf-points-breakdown/","singles","J300 Pancevo","J300","2025-08-18","2026-08-17","60","1","60","false"
"rihards-neimanis","Rihards Neimanis","LAT","Boys","49","https://www.itftennis.com/en/players/rihards-neimanis/800589275/lat/jt/s/itf-points-breakdown/","singles","J200 Pilsen","J200","2025-06-23","2026-06-22","36","1","36","false"
"rihards-neimanis","Rihards Neimanis","LAT","Boys","49","https://www.itftennis.com/en/players/rihards-neimanis/800589275/lat/jt/s/itf-points-breakdown/","singles","J200 Rutesheim","J200","2025-08-05","2026-08-04","36","1","36","false"
"rihards-neimanis","Rihards Neimanis","LAT","Boys","49","https://www.itftennis.com/en/players/rihards-neimanis/800589275/lat/jt/s/itf-points-breakdown/","singles","J300 Traralgon","J300","2026-01-16","2027-01-15","30","1","30","false"
"rihards-neimanis","Rihards Neimanis","LAT","Boys","49","https://www.itftennis.com/en/players/rihards-neimanis/800589275/lat/jt/s/itf-points-breakdown/","singles","J500 Milan","J500","2025-05-19","2026-05-18","0","1","0","false"
"rihards-neimanis","Rihards Neimanis","LAT","Boys","49","https://www.itftennis.com/en/players/rihards-neimanis/800589275/lat/jt/s/itf-points-breakdown/","singles","J300 Charleroi-Marcinelle","J300","2025-05-26","2026-05-25","0","1","0","false"
"rihards-neimanis","Rihards Neimanis","LAT","Boys","49","https://www.itftennis.com/en/players/rihards-neimanis/800589275/lat/jt/s/itf-points-breakdown/","singles","J300 Bytom","J300","2025-07-22","2026-07-21","0","1","0","false"
"rihards-neimanis","Rihards Neimanis","LAT","Boys","49","https://www.itftennis.com/en/players/rihards-neimanis/800589275/lat/jt/s/itf-points-breakdown/","singles","J300 Zapopan","J300","2025-11-17","2026-11-16","0","1","0","false"
"rihards-neimanis","Rihards Neimanis","LAT","Boys","49","https://www.itftennis.com/en/players/rihards-neimanis/800589275/lat/jt/s/itf-points-breakdown/","singles","J300 Santa Croce Sull’Arno","J300","2026-05-11","2027-05-10","0","1","0","false"
"rihards-neimanis","Rihards Neimanis","LAT","Boys","49","https://www.itftennis.com/en/players/rihards-neimanis/800589275/lat/jt/s/itf-points-breakdown/","singles","US Open Junior Tennis Championships","JGS","2025-08-31","2026-08-30","0","1","0","false"
"rihards-neimanis","Rihards Neimanis","LAT","Boys","49","https://www.itftennis.com/en/players/rihards-neimanis/800589275/lat/jt/s/itf-points-breakdown/","singles","Australian Open Junior Championships","JGS","2026-01-24","2027-01-23","0","1","0","false"
"rihards-neimanis","Rihards Neimanis","LAT","Boys","49","https://www.itftennis.com/en/players/rihards-neimanis/800589275/lat/jt/s/itf-points-breakdown/","doubles","J300 Bytom","J300","2025-07-22","2026-07-21","225","0.25","56.25","true"
"rihards-neimanis","Rihards Neimanis","LAT","Boys","49","https://www.itftennis.com/en/players/rihards-neimanis/800589275/lat/jt/s/itf-points-breakdown/","doubles","J300 Porto Alegre","J300","2026-03-09","2027-03-08","225","0.25","56.25","true"
"rihards-neimanis","Rihards Neimanis","LAT","Boys","49","https://www.itftennis.com/en/players/rihards-neimanis/800589275/lat/jt/s/itf-points-breakdown/","doubles","J200 Rutesheim","J200","2025-08-05","2026-08-04","150","0.25","37.5","true"
"rihards-neimanis","Rihards Neimanis","LAT","Boys","49","https://www.itftennis.com/en/players/rihards-neimanis/800589275/lat/jt/s/itf-points-breakdown/","doubles","J200 Miki","J200","2025-09-16","2026-09-15","150","0.25","37.5","true"
"rihards-neimanis","Rihards Neimanis","LAT","Boys","49","https://www.itftennis.com/en/players/rihards-neimanis/800589275/lat/jt/s/itf-points-breakdown/","doubles","J500 Osaka","J500","2025-09-22","2026-09-21","112","0.25","28","true"
"rihards-neimanis","Rihards Neimanis","LAT","Boys","49","https://www.itftennis.com/en/players/rihards-neimanis/800589275/lat/jt/s/itf-points-breakdown/","doubles","J500 Gaspar","J500","2026-03-16","2027-03-15","112","0.25","28","true"
"rihards-neimanis","Rihards Neimanis","LAT","Boys","49","https://www.itftennis.com/en/players/rihards-neimanis/800589275/lat/jt/s/itf-points-breakdown/","doubles","J200 Castricum","J200","2025-07-01","2026-06-30","105","0.25","26.25","false"
"rihards-neimanis","Rihards Neimanis","LAT","Boys","49","https://www.itftennis.com/en/players/rihards-neimanis/800589275/lat/jt/s/itf-points-breakdown/","doubles","J300 Pancevo","J300","2025-08-18","2026-08-17","75","0.25","18.75","false"
"rihards-neimanis","Rihards Neimanis","LAT","Boys","49","https://www.itftennis.com/en/players/rihards-neimanis/800589275/lat/jt/s/itf-points-breakdown/","doubles","J300 Traralgon","J300","2026-01-16","2027-01-15","75","0.25","18.75","false"
"rihards-neimanis","Rihards Neimanis","LAT","Boys","49","https://www.itftennis.com/en/players/rihards-neimanis/800589275/lat/jt/s/itf-points-breakdown/","doubles","J300 Beaulieu-sur-Mer","J300","2026-04-13","2027-04-12","75","0.25","18.75","false"
"rihards-neimanis","Rihards Neimanis","LAT","Boys","49","https://www.itftennis.com/en/players/rihards-neimanis/800589275/lat/jt/s/itf-points-breakdown/","doubles","J500 Offenbach","J500","2026-05-04","2027-05-03","67","0.25","16.75","false"
"rihards-neimanis","Rihards Neimanis","LAT","Boys","49","https://www.itftennis.com/en/players/rihards-neimanis/800589275/lat/jt/s/itf-points-breakdown/","doubles","J200 Pilsen","J200","2025-06-23","2026-06-22","45","0.25","11.25","false"
"rihards-neimanis","Rihards Neimanis","LAT","Boys","49","https://www.itftennis.com/en/players/rihards-neimanis/800589275/lat/jt/s/itf-points-breakdown/","doubles","J500 Milan","J500","2025-05-19","2026-05-18","0","0.25","0","false"
"rihards-neimanis","Rihards Neimanis","LAT","Boys","49","https://www.itftennis.com/en/players/rihards-neimanis/800589275/lat/jt/s/itf-points-breakdown/","doubles","J500 Merida","J500","2025-11-24","2026-11-23","0","0.25","0","false"
"rihards-neimanis","Rihards Neimanis","LAT","Boys","49","https://www.itftennis.com/en/players/rihards-neimanis/800589275/lat/jt/s/itf-points-breakdown/","doubles","J300 Zapopan","J300","2025-11-17","2026-11-16","0","0.25","0","false"
"rihards-neimanis","Rihards Neimanis","LAT","Boys","49","https://www.itftennis.com/en/players/rihards-neimanis/800589275/lat/jt/s/itf-points-breakdown/","doubles","J300 Santa Croce Sull’Arno","J300","2026-05-11","2027-05-10","0","0.25","0","false"
"rihards-neimanis","Rihards Neimanis","LAT","Boys","49","https://www.itftennis.com/en/players/rihards-neimanis/800589275/lat/jt/s/itf-points-breakdown/","doubles","Australian Open Junior Championships","JGS","2026-01-24","2027-01-23","0","0.25","0","false"
"benjamin-azar","Benjamin Azar","CAN","Boys","50","https://www.itftennis.com/en/players/benjamin-azar/800672226/can/jt/s/itf-points-breakdown/","singles","J300 Lima","J300","2026-02-09","2027-02-08","210","1","210","true"
"benjamin-azar","Benjamin Azar","CAN","Boys","50","https://www.itftennis.com/en/players/benjamin-azar/800672226/can/jt/s/itf-points-breakdown/","singles","J200 Montreal","J200","2025-09-08","2026-09-07","200","1","200","true"
"benjamin-azar","Benjamin Azar","CAN","Boys","50","https://www.itftennis.com/en/players/benjamin-azar/800672226/can/jt/s/itf-points-breakdown/","singles","J500 Cairo","J500","2026-04-06","2027-04-05","150","1","150","true"
"benjamin-azar","Benjamin Azar","CAN","Boys","50","https://www.itftennis.com/en/players/benjamin-azar/800672226/can/jt/s/itf-points-breakdown/","singles","J300 Plovdiv","J300","2026-04-28","2027-04-27","100","1","100","true"
"benjamin-azar","Benjamin Azar","CAN","Boys","50","https://www.itftennis.com/en/players/benjamin-azar/800672226/can/jt/s/itf-points-breakdown/","singles","J300 Spring - Pan American ITF","J300","2025-10-06","2026-10-05","60","1","60","true"
"benjamin-azar","Benjamin Azar","CAN","Boys","50","https://www.itftennis.com/en/players/benjamin-azar/800672226/can/jt/s/itf-points-breakdown/","singles","J300 Zapopan","J300","2025-11-17","2026-11-16","60","1","60","true"
"benjamin-azar","Benjamin Azar","CAN","Boys","50","https://www.itftennis.com/en/players/benjamin-azar/800672226/can/jt/s/itf-points-breakdown/","singles","J300 Salinas","J300","2026-02-02","2027-02-01","60","1","60","false"
"benjamin-azar","Benjamin Azar","CAN","Boys","50","https://www.itftennis.com/en/players/benjamin-azar/800672226/can/jt/s/itf-points-breakdown/","singles","J200 Haskovo","J200","2026-04-21","2027-04-20","60","1","60","false"
"benjamin-azar","Benjamin Azar","CAN","Boys","50","https://www.itftennis.com/en/players/benjamin-azar/800672226/can/jt/s/itf-points-breakdown/","singles","J100 Bruchkoebel","J100","2025-06-24","2026-06-23","60","1","60","false"
"benjamin-azar","Benjamin Azar","CAN","Boys","50","https://www.itftennis.com/en/players/benjamin-azar/800672226/can/jt/s/itf-points-breakdown/","singles","J200 Corpus Christi","J200","2025-09-29","2026-09-28","36","1","36","false"
"benjamin-azar","Benjamin Azar","CAN","Boys","50","https://www.itftennis.com/en/players/benjamin-azar/800672226/can/jt/s/itf-points-breakdown/","singles","J200 Punta Cana","J200","2026-02-16","2027-02-15","36","1","36","false"
"benjamin-azar","Benjamin Azar","CAN","Boys","50","https://www.itftennis.com/en/players/benjamin-azar/800672226/can/jt/s/itf-points-breakdown/","singles","J200 Cap d'Ail","J200","2026-03-30","2027-03-29","36","1","36","false"
"benjamin-azar","Benjamin Azar","CAN","Boys","50","https://www.itftennis.com/en/players/benjamin-azar/800672226/can/jt/s/itf-points-breakdown/","singles","J100 Verbier","J100","2025-06-30","2026-06-29","36","1","36","false"
"benjamin-azar","Benjamin Azar","CAN","Boys","50","https://www.itftennis.com/en/players/benjamin-azar/800672226/can/jt/s/itf-points-breakdown/","singles","J300 Repentigny","J300","2025-08-24","2026-08-23","30","1","30","false"
"benjamin-azar","Benjamin Azar","CAN","Boys","50","https://www.itftennis.com/en/players/benjamin-azar/800672226/can/jt/s/itf-points-breakdown/","singles","J300 Bradenton","J300","2025-12-01","2026-11-30","30","1","30","false"
"benjamin-azar","Benjamin Azar","CAN","Boys","50","https://www.itftennis.com/en/players/benjamin-azar/800672226/can/jt/s/itf-points-breakdown/","singles","J100 The Hague","J100","2025-06-18","2026-06-17","20","1","20","false"
"benjamin-azar","Benjamin Azar","CAN","Boys","50","https://www.itftennis.com/en/players/benjamin-azar/800672226/can/jt/s/itf-points-breakdown/","singles","J500 Merida","J500","2025-11-24","2026-11-23","0","1","0","false"
"benjamin-azar","Benjamin Azar","CAN","Boys","50","https://www.itftennis.com/en/players/benjamin-azar/800672226/can/jt/s/itf-points-breakdown/","singles","J300 San Jose","J300","2026-01-19","2027-01-18","0","1","0","false"
"benjamin-azar","Benjamin Azar","CAN","Boys","50","https://www.itftennis.com/en/players/benjamin-azar/800672226/can/jt/s/itf-points-breakdown/","singles","J300 Barranquilla","J300","2026-01-26","2027-01-25","0","1","0","false"
"benjamin-azar","Benjamin Azar","CAN","Boys","50","https://www.itftennis.com/en/players/benjamin-azar/800672226/can/jt/s/itf-points-breakdown/","singles","J300 Beaulieu-sur-Mer","J300","2026-04-13","2027-04-12","0","1","0","false"
"benjamin-azar","Benjamin Azar","CAN","Boys","50","https://www.itftennis.com/en/players/benjamin-azar/800672226/can/jt/s/itf-points-breakdown/","singles","J300 Santa Croce Sull’Arno","J300","2026-05-11","2027-05-10","0","1","0","false"
"benjamin-azar","Benjamin Azar","CAN","Boys","50","https://www.itftennis.com/en/players/benjamin-azar/800672226/can/jt/s/itf-points-breakdown/","doubles","J300 Lima","J300","2026-02-09","2027-02-08","225","0.25","56.25","true"
"benjamin-azar","Benjamin Azar","CAN","Boys","50","https://www.itftennis.com/en/players/benjamin-azar/800672226/can/jt/s/itf-points-breakdown/","doubles","J500 Cairo","J500","2026-04-06","2027-04-05","112","0.25","28","true"
"benjamin-azar","Benjamin Azar","CAN","Boys","50","https://www.itftennis.com/en/players/benjamin-azar/800672226/can/jt/s/itf-points-breakdown/","doubles","J300 Santa Croce Sull’Arno","J300","2026-05-11","2027-05-10","105","0.25","26.25","true"
"benjamin-azar","Benjamin Azar","CAN","Boys","50","https://www.itftennis.com/en/players/benjamin-azar/800672226/can/jt/s/itf-points-breakdown/","doubles","J200 Haskovo","J200","2026-04-21","2027-04-20","105","0.25","26.25","true"
"benjamin-azar","Benjamin Azar","CAN","Boys","50","https://www.itftennis.com/en/players/benjamin-azar/800672226/can/jt/s/itf-points-breakdown/","doubles","J300 Barranquilla","J300","2026-01-26","2027-01-25","75","0.25","18.75","true"
"benjamin-azar","Benjamin Azar","CAN","Boys","50","https://www.itftennis.com/en/players/benjamin-azar/800672226/can/jt/s/itf-points-breakdown/","doubles","J300 Beaulieu-sur-Mer","J300","2026-04-13","2027-04-12","75","0.25","18.75","true"
"benjamin-azar","Benjamin Azar","CAN","Boys","50","https://www.itftennis.com/en/players/benjamin-azar/800672226/can/jt/s/itf-points-breakdown/","doubles","J300 Plovdiv","J300","2026-04-28","2027-04-27","75","0.25","18.75","false"
"benjamin-azar","Benjamin Azar","CAN","Boys","50","https://www.itftennis.com/en/players/benjamin-azar/800672226/can/jt/s/itf-points-breakdown/","doubles","J200 Corpus Christi","J200","2025-09-29","2026-09-28","75","0.25","18.75","false"
"benjamin-azar","Benjamin Azar","CAN","Boys","50","https://www.itftennis.com/en/players/benjamin-azar/800672226/can/jt/s/itf-points-breakdown/","doubles","J200 Punta Cana","J200","2026-02-16","2027-02-15","75","0.25","18.75","false"
"benjamin-azar","Benjamin Azar","CAN","Boys","50","https://www.itftennis.com/en/players/benjamin-azar/800672226/can/jt/s/itf-points-breakdown/","doubles","J200 Cap d'Ail","J200","2026-03-30","2027-03-29","75","0.25","18.75","false"
"benjamin-azar","Benjamin Azar","CAN","Boys","50","https://www.itftennis.com/en/players/benjamin-azar/800672226/can/jt/s/itf-points-breakdown/","doubles","J100 Verbier","J100","2025-06-30","2026-06-29","75","0.25","18.75","false"
"benjamin-azar","Benjamin Azar","CAN","Boys","50","https://www.itftennis.com/en/players/benjamin-azar/800672226/can/jt/s/itf-points-breakdown/","doubles","J500 Merida","J500","2025-11-24","2026-11-23","67","0.25","16.75","false"
"benjamin-azar","Benjamin Azar","CAN","Boys","50","https://www.itftennis.com/en/players/benjamin-azar/800672226/can/jt/s/itf-points-breakdown/","doubles","J300 Repentigny","J300","2025-08-24","2026-08-23","45","0.25","11.25","false"
"benjamin-azar","Benjamin Azar","CAN","Boys","50","https://www.itftennis.com/en/players/benjamin-azar/800672226/can/jt/s/itf-points-breakdown/","doubles","J200 Montreal","J200","2025-09-08","2026-09-07","45","0.25","11.25","false"
"benjamin-azar","Benjamin Azar","CAN","Boys","50","https://www.itftennis.com/en/players/benjamin-azar/800672226/can/jt/s/itf-points-breakdown/","doubles","J300 Spring - Pan American ITF","J300","2025-10-06","2026-10-05","0","0.25","0","false"
"benjamin-azar","Benjamin Azar","CAN","Boys","50","https://www.itftennis.com/en/players/benjamin-azar/800672226/can/jt/s/itf-points-breakdown/","doubles","J300 Zapopan","J300","2025-11-17","2026-11-16","0","0.25","0","false"
"benjamin-azar","Benjamin Azar","CAN","Boys","50","https://www.itftennis.com/en/players/benjamin-azar/800672226/can/jt/s/itf-points-breakdown/","doubles","J300 Bradenton","J300","2025-12-01","2026-11-30","0","0.25","0","false"
"benjamin-azar","Benjamin Azar","CAN","Boys","50","https://www.itftennis.com/en/players/benjamin-azar/800672226/can/jt/s/itf-points-breakdown/","doubles","J300 San Jose","J300","2026-01-19","2027-01-18","0","0.25","0","false"
"benjamin-azar","Benjamin Azar","CAN","Boys","50","https://www.itftennis.com/en/players/benjamin-azar/800672226/can/jt/s/itf-points-breakdown/","doubles","J300 Salinas","J300","2026-02-02","2027-02-01","0","0.25","0","false"
"benjamin-azar","Benjamin Azar","CAN","Boys","50","https://www.itftennis.com/en/players/benjamin-azar/800672226/can/jt/s/itf-points-breakdown/","doubles","J100 The Hague","J100","2025-06-18","2026-06-17","0","0.25","0","false"
"benjamin-azar","Benjamin Azar","CAN","Boys","50","https://www.itftennis.com/en/players/benjamin-azar/800672226/can/jt/s/itf-points-breakdown/","doubles","J100 Bruchkoebel","J100","2025-06-24","2026-06-23","0","0.25","0","false"
"ksenia-efremova","Ksenia Efremova","FRA","Girls","1","https://www.itftennis.com/en/players/ksenia-efremova/800591535/fra/jt/s/itf-points-breakdown/","singles","Australian Open Junior Championships","JGS","2026-01-24","2027-01-23","1000","1","1000","true"
"ksenia-efremova","Ksenia Efremova","FRA","Girls","1","https://www.itftennis.com/en/players/ksenia-efremova/800591535/fra/jt/s/itf-points-breakdown/","singles","J500 Osaka","J500","2025-09-22","2026-09-21","500","1","500","true"
"ksenia-efremova","Ksenia Efremova","FRA","Girls","1","https://www.itftennis.com/en/players/ksenia-efremova/800591535/fra/jt/s/itf-points-breakdown/","singles","J300 Charleroi-Marcinelle","J300","2025-05-26","2026-05-25","300","1","300","true"
"ksenia-efremova","Ksenia Efremova","FRA","Girls","1","https://www.itftennis.com/en/players/ksenia-efremova/800591535/fra/jt/s/itf-points-breakdown/","singles","J300 Repentigny","J300","2025-08-24","2026-08-23","300","1","300","true"
"ksenia-efremova","Ksenia Efremova","FRA","Girls","1","https://www.itftennis.com/en/players/ksenia-efremova/800591535/fra/jt/s/itf-points-breakdown/","singles","US Open Junior Tennis Championships","JGS","2025-08-31","2026-08-30","300","1","300","true"
"ksenia-efremova","Ksenia Efremova","FRA","Girls","1","https://www.itftennis.com/en/players/ksenia-efremova/800591535/fra/jt/s/itf-points-breakdown/","singles","J300 Traralgon","J300","2026-01-16","2027-01-15","210","1","210","true"
"ksenia-efremova","Ksenia Efremova","FRA","Girls","1","https://www.itftennis.com/en/players/ksenia-efremova/800591535/fra/jt/s/itf-points-breakdown/","singles","J200 Hong Kong","J200","2025-09-30","2026-09-29","200","1","200","false"
"ksenia-efremova","Ksenia Efremova","FRA","Girls","1","https://www.itftennis.com/en/players/ksenia-efremova/800591535/fra/jt/s/itf-points-breakdown/","singles","J300 Roehampton","J300","2025-06-29","2026-06-28","100","1","100","false"
"ksenia-efremova","Ksenia Efremova","FRA","Girls","1","https://www.itftennis.com/en/players/ksenia-efremova/800591535/fra/jt/s/itf-points-breakdown/","singles","Roland Garros Junior Championships","JGS","2025-06-01","2026-05-31","90","1","90","false"
"ksenia-efremova","Ksenia Efremova","FRA","Girls","1","https://www.itftennis.com/en/players/ksenia-efremova/800591535/fra/jt/s/itf-points-breakdown/","singles","The Junior Championships, Wimbledon","JGS","2025-07-05","2026-07-04","90","1","90","false"
"ksenia-efremova","Ksenia Efremova","FRA","Girls","1","https://www.itftennis.com/en/players/ksenia-efremova/800591535/fra/jt/s/itf-points-breakdown/","singles","J300 College Park","J300","2025-08-18","2026-08-17","60","1","60","false"
"ksenia-efremova","Ksenia Efremova","FRA","Girls","1","https://www.itftennis.com/en/players/ksenia-efremova/800591535/fra/jt/s/itf-points-breakdown/","doubles","J500 Osaka","J500","2025-09-22","2026-09-21","375","0.25","93.75","true"
"ksenia-efremova","Ksenia Efremova","FRA","Girls","1","https://www.itftennis.com/en/players/ksenia-efremova/800591535/fra/jt/s/itf-points-breakdown/","doubles","J300 Repentigny","J300","2025-08-24","2026-08-23","157","0.25","39.25","true"
"ksenia-efremova","Ksenia Efremova","FRA","Girls","1","https://www.itftennis.com/en/players/ksenia-efremova/800591535/fra/jt/s/itf-points-breakdown/","doubles","J200 Hong Kong","J200","2025-09-30","2026-09-29","150","0.25","37.5","true"
"ksenia-efremova","Ksenia Efremova","FRA","Girls","1","https://www.itftennis.com/en/players/ksenia-efremova/800591535/fra/jt/s/itf-points-breakdown/","doubles","J300 College Park","J300","2025-08-18","2026-08-17","105","0.25","26.25","true"
"ksenia-efremova","Ksenia Efremova","FRA","Girls","1","https://www.itftennis.com/en/players/ksenia-efremova/800591535/fra/jt/s/itf-points-breakdown/","doubles","J300 Roehampton","J300","2025-06-29","2026-06-28","45","0.25","11.25","true"
"ksenia-efremova","Ksenia Efremova","FRA","Girls","1","https://www.itftennis.com/en/players/ksenia-efremova/800591535/fra/jt/s/itf-points-breakdown/","doubles","J300 Charleroi-Marcinelle","J300","2025-05-26","2026-05-25","0","0.25","0","true"
"ksenia-efremova","Ksenia Efremova","FRA","Girls","1","https://www.itftennis.com/en/players/ksenia-efremova/800591535/fra/jt/s/itf-points-breakdown/","doubles","J300 Traralgon","J300","2026-01-16","2027-01-15","0","0.25","0","false"
"ksenia-efremova","Ksenia Efremova","FRA","Girls","1","https://www.itftennis.com/en/players/ksenia-efremova/800591535/fra/jt/s/itf-points-breakdown/","doubles","Roland Garros Junior Championships","JGS","2025-06-01","2026-05-31","0","0.25","0","false"
"ksenia-efremova","Ksenia Efremova","FRA","Girls","1","https://www.itftennis.com/en/players/ksenia-efremova/800591535/fra/jt/s/itf-points-breakdown/","doubles","The Junior Championships, Wimbledon","JGS","2025-07-05","2026-07-04","0","0.25","0","false"
"ksenia-efremova","Ksenia Efremova","FRA","Girls","1","https://www.itftennis.com/en/players/ksenia-efremova/800591535/fra/jt/s/itf-points-breakdown/","doubles","US Open Junior Tennis Championships","JGS","2025-08-31","2026-08-30","0","0.25","0","false"
"hannah-klugman","Hannah Klugman","GBR","Girls","2","https://www.itftennis.com/en/players/hannah-klugman/800631038/gbr/jt/s/itf-points-breakdown/","singles","Roland Garros Junior Championships","JGS","2025-06-01","2026-05-31","700","1","700","true"
"hannah-klugman","Hannah Klugman","GBR","Girls","2","https://www.itftennis.com/en/players/hannah-klugman/800631038/gbr/jt/s/itf-points-breakdown/","singles","2025 ITF World Tennis Tour Junior Finals","JM","2025-10-22","2026-10-21","490","1","490","true"
"hannah-klugman","Hannah Klugman","GBR","Girls","2","https://www.itftennis.com/en/players/hannah-klugman/800631038/gbr/jt/s/itf-points-breakdown/","singles","US Open Junior Tennis Championships","JGS","2025-08-31","2026-08-30","490","1","490","true"
"hannah-klugman","Hannah Klugman","GBR","Girls","2","https://www.itftennis.com/en/players/hannah-klugman/800631038/gbr/jt/s/itf-points-breakdown/","singles","The Junior Championships, Wimbledon","JGS","2025-07-05","2026-07-04","300","1","300","true"
"hannah-klugman","Hannah Klugman","GBR","Girls","2","https://www.itftennis.com/en/players/hannah-klugman/800631038/gbr/jt/s/itf-points-breakdown/","singles","J500 Milan","J500","2025-05-19","2026-05-18","250","1","250","true"
"hannah-klugman","Hannah Klugman","GBR","Girls","2","https://www.itftennis.com/en/players/hannah-klugman/800631038/gbr/jt/s/itf-points-breakdown/","doubles","The Junior Championships, Wimbledon","JGS","2025-07-05","2026-07-04","135","0.25","33.75","true"
"hannah-klugman","Hannah Klugman","GBR","Girls","2","https://www.itftennis.com/en/players/hannah-klugman/800631038/gbr/jt/s/itf-points-breakdown/","doubles","US Open Junior Tennis Championships","JGS","2025-08-31","2026-08-30","135","0.25","33.75","true"
"hannah-klugman","Hannah Klugman","GBR","Girls","2","https://www.itftennis.com/en/players/hannah-klugman/800631038/gbr/jt/s/itf-points-breakdown/","doubles","J500 Milan","J500","2025-05-19","2026-05-18","112","0.25","28","true"
"hannah-klugman","Hannah Klugman","GBR","Girls","2","https://www.itftennis.com/en/players/hannah-klugman/800631038/gbr/jt/s/itf-points-breakdown/","doubles","Roland Garros Junior Championships","JGS","2025-06-01","2026-05-31","0","0.25","0","true"
"mia-pohankova","Mia Pohankova","SVK","Girls","3","https://www.itftennis.com/en/players/mia-pohankova/800627475/svk/jt/s/itf-points-breakdown/","singles","The Junior Championships, Wimbledon","JGS","2025-07-05","2026-07-04","1000","1","1000","true"
"mia-pohankova","Mia Pohankova","SVK","Girls","3","https://www.itftennis.com/en/players/mia-pohankova/800627475/svk/jt/s/itf-points-breakdown/","singles","2025 ITF World Tennis Tour Junior Finals","JM","2025-10-22","2026-10-21","550","1","550","true"
"mia-pohankova","Mia Pohankova","SVK","Girls","3","https://www.itftennis.com/en/players/mia-pohankova/800627475/svk/jt/s/itf-points-breakdown/","singles","US Open Junior Tennis Championships","JGS","2025-08-31","2026-08-30","300","1","300","true"
"mia-pohankova","Mia Pohankova","SVK","Girls","3","https://www.itftennis.com/en/players/mia-pohankova/800627475/svk/jt/s/itf-points-breakdown/","singles","Roland Garros Junior Championships","JGS","2025-06-01","2026-05-31","180","1","180","true"
"mia-pohankova","Mia Pohankova","SVK","Girls","3","https://www.itftennis.com/en/players/mia-pohankova/800627475/svk/jt/s/itf-points-breakdown/","singles","J500 Milan","J500","2025-05-19","2026-05-18","90","1","90","true"
"mia-pohankova","Mia Pohankova","SVK","Girls","3","https://www.itftennis.com/en/players/mia-pohankova/800627475/svk/jt/s/itf-points-breakdown/","singles","J300 Roehampton","J300","2025-06-29","2026-06-28","0","1","0","true"
"mia-pohankova","Mia Pohankova","SVK","Girls","3","https://www.itftennis.com/en/players/mia-pohankova/800627475/svk/jt/s/itf-points-breakdown/","doubles","Roland Garros Junior Championships","JGS","2025-06-01","2026-05-31","367","0.25","91.75","true"
"mia-pohankova","Mia Pohankova","SVK","Girls","3","https://www.itftennis.com/en/players/mia-pohankova/800627475/svk/jt/s/itf-points-breakdown/","doubles","The Junior Championships, Wimbledon","JGS","2025-07-05","2026-07-04","135","0.25","33.75","true"
"mia-pohankova","Mia Pohankova","SVK","Girls","3","https://www.itftennis.com/en/players/mia-pohankova/800627475/svk/jt/s/itf-points-breakdown/","doubles","US Open Junior Tennis Championships","JGS","2025-08-31","2026-08-30","135","0.25","33.75","true"
"mia-pohankova","Mia Pohankova","SVK","Girls","3","https://www.itftennis.com/en/players/mia-pohankova/800627475/svk/jt/s/itf-points-breakdown/","doubles","J500 Milan","J500","2025-05-19","2026-05-18","0","0.25","0","true"
"mia-pohankova","Mia Pohankova","SVK","Girls","3","https://www.itftennis.com/en/players/mia-pohankova/800627475/svk/jt/s/itf-points-breakdown/","doubles","J300 Roehampton","J300","2025-06-29","2026-06-28","0","0.25","0","true"
"alena-kovackova","Alena Kovackova","CZE","Girls","4","https://www.itftennis.com/en/players/alena-kovackova/800572951/cze/jt/s/itf-points-breakdown/","singles","J500 Merida","J500","2025-11-24","2026-11-23","500","1","500","true"
"alena-kovackova","Alena Kovackova","CZE","Girls","4","https://www.itftennis.com/en/players/alena-kovackova/800572951/cze/jt/s/itf-points-breakdown/","singles","2025 ITF World Tennis Tour Junior Finals","JM","2025-10-22","2026-10-21","420","1","420","true"
"alena-kovackova","Alena Kovackova","CZE","Girls","4","https://www.itftennis.com/en/players/alena-kovackova/800572951/cze/jt/s/itf-points-breakdown/","singles","Roland Garros Junior Championships","JGS","2025-06-01","2026-05-31","180","1","180","true"
"alena-kovackova","Alena Kovackova","CZE","Girls","4","https://www.itftennis.com/en/players/alena-kovackova/800572951/cze/jt/s/itf-points-breakdown/","singles","Australian Open Junior Championships","JGS","2026-01-24","2027-01-23","180","1","180","true"
"alena-kovackova","Alena Kovackova","CZE","Girls","4","https://www.itftennis.com/en/players/alena-kovackova/800572951/cze/jt/s/itf-points-breakdown/","singles","J300 Zapopan","J300","2025-11-17","2026-11-16","100","1","100","true"
"alena-kovackova","Alena Kovackova","CZE","Girls","4","https://www.itftennis.com/en/players/alena-kovackova/800572951/cze/jt/s/itf-points-breakdown/","singles","J300 Traralgon","J300","2026-01-16","2027-01-15","100","1","100","true"
"alena-kovackova","Alena Kovackova","CZE","Girls","4","https://www.itftennis.com/en/players/alena-kovackova/800572951/cze/jt/s/itf-points-breakdown/","singles","The Junior Championships, Wimbledon","JGS","2025-07-05","2026-07-04","90","1","90","false"
"alena-kovackova","Alena Kovackova","CZE","Girls","4","https://www.itftennis.com/en/players/alena-kovackova/800572951/cze/jt/s/itf-points-breakdown/","singles","J500 Milan","J500","2025-05-19","2026-05-18","45","1","45","false"
"alena-kovackova","Alena Kovackova","CZE","Girls","4","https://www.itftennis.com/en/players/alena-kovackova/800572951/cze/jt/s/itf-points-breakdown/","singles","J300 Roehampton","J300","2025-06-29","2026-06-28","0","1","0","false"
"alena-kovackova","Alena Kovackova","CZE","Girls","4","https://www.itftennis.com/en/players/alena-kovackova/800572951/cze/jt/s/itf-points-breakdown/","singles","US Open Junior Tennis Championships","JGS","2025-08-31","2026-08-30","0","1","0","false"
"alena-kovackova","Alena Kovackova","CZE","Girls","4","https://www.itftennis.com/en/players/alena-kovackova/800572951/cze/jt/s/itf-points-breakdown/","doubles","US Open Junior Tennis Championships","JGS","2025-08-31","2026-08-30","750","0.25","187.5","true"
"alena-kovackova","Alena Kovackova","CZE","Girls","4","https://www.itftennis.com/en/players/alena-kovackova/800572951/cze/jt/s/itf-points-breakdown/","doubles","Australian Open Junior Championships","JGS","2026-01-24","2027-01-23","750","0.25","187.5","true"
"alena-kovackova","Alena Kovackova","CZE","Girls","4","https://www.itftennis.com/en/players/alena-kovackova/800572951/cze/jt/s/itf-points-breakdown/","doubles","Roland Garros Junior Championships","JGS","2025-06-01","2026-05-31","525","0.25","131.25","true"
"alena-kovackova","Alena Kovackova","CZE","Girls","4","https://www.itftennis.com/en/players/alena-kovackova/800572951/cze/jt/s/itf-points-breakdown/","doubles","J500 Milan","J500","2025-05-19","2026-05-18","375","0.25","93.75","true"
"alena-kovackova","Alena Kovackova","CZE","Girls","4","https://www.itftennis.com/en/players/alena-kovackova/800572951/cze/jt/s/itf-points-breakdown/","doubles","The Junior Championships, Wimbledon","JGS","2025-07-05","2026-07-04","367","0.25","91.75","true"
"alena-kovackova","Alena Kovackova","CZE","Girls","4","https://www.itftennis.com/en/players/alena-kovackova/800572951/cze/jt/s/itf-points-breakdown/","doubles","J500 Merida","J500","2025-11-24","2026-11-23","262","0.25","65.5","true"
"alena-kovackova","Alena Kovackova","CZE","Girls","4","https://www.itftennis.com/en/players/alena-kovackova/800572951/cze/jt/s/itf-points-breakdown/","doubles","J300 Roehampton","J300","2025-06-29","2026-06-28","225","0.25","56.25","false"
"alena-kovackova","Alena Kovackova","CZE","Girls","4","https://www.itftennis.com/en/players/alena-kovackova/800572951/cze/jt/s/itf-points-breakdown/","doubles","J300 Zapopan","J300","2025-11-17","2026-11-16","225","0.25","56.25","false"
"victoria-luiza-barros","Victoria Luiza Barros","BRA","Girls","5","https://www.itftennis.com/en/players/victoria-luiza-barros/800655335/bra/jt/s/itf-points-breakdown/","singles","J500 Offenbach","J500","2026-05-04","2027-05-03","500","1","500","true"
"victoria-luiza-barros","Victoria Luiza Barros","BRA","Girls","5","https://www.itftennis.com/en/players/victoria-luiza-barros/800655335/bra/jt/s/itf-points-breakdown/","singles","J500 Merida","J500","2025-11-24","2026-11-23","350","1","350","true"
"victoria-luiza-barros","Victoria Luiza Barros","BRA","Girls","5","https://www.itftennis.com/en/players/victoria-luiza-barros/800655335/bra/jt/s/itf-points-breakdown/","singles","J500 Gaspar","J500","2026-03-16","2027-03-15","350","1","350","true"
"victoria-luiza-barros","Victoria Luiza Barros","BRA","Girls","5","https://www.itftennis.com/en/players/victoria-luiza-barros/800655335/bra/jt/s/itf-points-breakdown/","singles","J300 Bamberg","J300","2025-06-10","2026-06-09","300","1","300","true"
"victoria-luiza-barros","Victoria Luiza Barros","BRA","Girls","5","https://www.itftennis.com/en/players/victoria-luiza-barros/800655335/bra/jt/s/itf-points-breakdown/","singles","J500 Fort Lauderdale","J500","2025-12-08","2026-12-07","250","1","250","true"
"victoria-luiza-barros","Victoria Luiza Barros","BRA","Girls","5","https://www.itftennis.com/en/players/victoria-luiza-barros/800655335/bra/jt/s/itf-points-breakdown/","singles","Roland Garros Junior Championships","JGS","2025-06-01","2026-05-31","180","1","180","true"
"victoria-luiza-barros","Victoria Luiza Barros","BRA","Girls","5","https://www.itftennis.com/en/players/victoria-luiza-barros/800655335/bra/jt/s/itf-points-breakdown/","singles","Australian Open Junior Championships","JGS","2026-01-24","2027-01-23","90","1","90","false"
"victoria-luiza-barros","Victoria Luiza Barros","BRA","Girls","5","https://www.itftennis.com/en/players/victoria-luiza-barros/800655335/bra/jt/s/itf-points-breakdown/","singles","J300 Roehampton","J300","2025-06-29","2026-06-28","60","1","60","false"
"victoria-luiza-barros","Victoria Luiza Barros","BRA","Girls","5","https://www.itftennis.com/en/players/victoria-luiza-barros/800655335/bra/jt/s/itf-points-breakdown/","singles","J500 Milan","J500","2025-05-19","2026-05-18","45","1","45","false"
"victoria-luiza-barros","Victoria Luiza Barros","BRA","Girls","5","https://www.itftennis.com/en/players/victoria-luiza-barros/800655335/bra/jt/s/itf-points-breakdown/","singles","J300 Traralgon","J300","2026-01-16","2027-01-15","0","1","0","false"
"victoria-luiza-barros","Victoria Luiza Barros","BRA","Girls","5","https://www.itftennis.com/en/players/victoria-luiza-barros/800655335/bra/jt/s/itf-points-breakdown/","singles","The Junior Championships, Wimbledon","JGS","2025-07-05","2026-07-04","0","1","0","false"
"victoria-luiza-barros","Victoria Luiza Barros","BRA","Girls","5","https://www.itftennis.com/en/players/victoria-luiza-barros/800655335/bra/jt/s/itf-points-breakdown/","singles","US Open Junior Tennis Championships","JGS","2025-08-31","2026-08-30","0","1","0","false"
"victoria-luiza-barros","Victoria Luiza Barros","BRA","Girls","5","https://www.itftennis.com/en/players/victoria-luiza-barros/800655335/bra/jt/s/itf-points-breakdown/","doubles","US Open Junior Tennis Championships","JGS","2025-08-31","2026-08-30","225","0.25","56.25","true"
"victoria-luiza-barros","Victoria Luiza Barros","BRA","Girls","5","https://www.itftennis.com/en/players/victoria-luiza-barros/800655335/bra/jt/s/itf-points-breakdown/","doubles","J500 Merida","J500","2025-11-24","2026-11-23","187","0.25","46.75","true"
"victoria-luiza-barros","Victoria Luiza Barros","BRA","Girls","5","https://www.itftennis.com/en/players/victoria-luiza-barros/800655335/bra/jt/s/itf-points-breakdown/","doubles","J500 Gaspar","J500","2026-03-16","2027-03-15","187","0.25","46.75","true"
"victoria-luiza-barros","Victoria Luiza Barros","BRA","Girls","5","https://www.itftennis.com/en/players/victoria-luiza-barros/800655335/bra/jt/s/itf-points-breakdown/","doubles","J500 Offenbach","J500","2026-05-04","2027-05-03","187","0.25","46.75","true"
"victoria-luiza-barros","Victoria Luiza Barros","BRA","Girls","5","https://www.itftennis.com/en/players/victoria-luiza-barros/800655335/bra/jt/s/itf-points-breakdown/","doubles","Roland Garros Junior Championships","JGS","2025-06-01","2026-05-31","135","0.25","33.75","true"
"victoria-luiza-barros","Victoria Luiza Barros","BRA","Girls","5","https://www.itftennis.com/en/players/victoria-luiza-barros/800655335/bra/jt/s/itf-points-breakdown/","doubles","The Junior Championships, Wimbledon","JGS","2025-07-05","2026-07-04","135","0.25","33.75","true"
"victoria-luiza-barros","Victoria Luiza Barros","BRA","Girls","5","https://www.itftennis.com/en/players/victoria-luiza-barros/800655335/bra/jt/s/itf-points-breakdown/","doubles","J300 Traralgon","J300","2026-01-16","2027-01-15","75","0.25","18.75","false"
"victoria-luiza-barros","Victoria Luiza Barros","BRA","Girls","5","https://www.itftennis.com/en/players/victoria-luiza-barros/800655335/bra/jt/s/itf-points-breakdown/","doubles","J500 Milan","J500","2025-05-19","2026-05-18","0","0.25","0","false"
"julieta-pareja","Julieta Pareja","USA","Girls","6","https://www.itftennis.com/en/players/julieta-pareja/800692835/usa/jt/s/itf-points-breakdown/","singles","The Junior Championships, Wimbledon","JGS","2025-07-05","2026-07-04","700","1","700","true"
"julieta-pareja","Julieta Pareja","USA","Girls","6","https://www.itftennis.com/en/players/julieta-pareja/800692835/usa/jt/s/itf-points-breakdown/","singles","J500 Milan","J500","2025-05-19","2026-05-18","350","1","350","true"
"julieta-pareja","Julieta Pareja","USA","Girls","6","https://www.itftennis.com/en/players/julieta-pareja/800692835/usa/jt/s/itf-points-breakdown/","singles","J300 Roehampton","J300","2025-06-29","2026-06-28","300","1","300","true"
"julieta-pareja","Julieta Pareja","USA","Girls","6","https://www.itftennis.com/en/players/julieta-pareja/800692835/usa/jt/s/itf-points-breakdown/","singles","Roland Garros Junior Championships","JGS","2025-06-01","2026-05-31","300","1","300","true"
"julieta-pareja","Julieta Pareja","USA","Girls","6","https://www.itftennis.com/en/players/julieta-pareja/800692835/usa/jt/s/itf-points-breakdown/","singles","US Open Junior Tennis Championships","JGS","2025-08-31","2026-08-30","180","1","180","true"
"julieta-pareja","Julieta Pareja","USA","Girls","6","https://www.itftennis.com/en/players/julieta-pareja/800692835/usa/jt/s/itf-points-breakdown/","doubles","The Junior Championships, Wimbledon","JGS","2025-07-05","2026-07-04","525","0.25","131.25","true"
"julieta-pareja","Julieta Pareja","USA","Girls","6","https://www.itftennis.com/en/players/julieta-pareja/800692835/usa/jt/s/itf-points-breakdown/","doubles","Roland Garros Junior Championships","JGS","2025-06-01","2026-05-31","225","0.25","56.25","true"
"julieta-pareja","Julieta Pareja","USA","Girls","6","https://www.itftennis.com/en/players/julieta-pareja/800692835/usa/jt/s/itf-points-breakdown/","doubles","J300 Roehampton","J300","2025-06-29","2026-06-28","157","0.25","39.25","true"
"julieta-pareja","Julieta Pareja","USA","Girls","6","https://www.itftennis.com/en/players/julieta-pareja/800692835/usa/jt/s/itf-points-breakdown/","doubles","J500 Milan","J500","2025-05-19","2026-05-18","112","0.25","28","true"
"jana-kovackova","Jana Kovackova","CZE","Girls","7","https://www.itftennis.com/en/players/jana-kovackova/800661515/cze/jt/s/itf-points-breakdown/","singles","J300 Zapopan","J300","2025-11-17","2026-11-16","300","1","300","true"
"jana-kovackova","Jana Kovackova","CZE","Girls","7","https://www.itftennis.com/en/players/jana-kovackova/800661515/cze/jt/s/itf-points-breakdown/","singles","2025 ITF World Tennis Tour Junior Finals","JM","2025-10-22","2026-10-21","260","1","260","true"
"jana-kovackova","Jana Kovackova","CZE","Girls","7","https://www.itftennis.com/en/players/jana-kovackova/800661515/cze/jt/s/itf-points-breakdown/","singles","J500 Merida","J500","2025-11-24","2026-11-23","250","1","250","true"
"jana-kovackova","Jana Kovackova","CZE","Girls","7","https://www.itftennis.com/en/players/jana-kovackova/800661515/cze/jt/s/itf-points-breakdown/","singles","US Open Junior Tennis Championships","JGS","2025-08-31","2026-08-30","180","1","180","true"
"jana-kovackova","Jana Kovackova","CZE","Girls","7","https://www.itftennis.com/en/players/jana-kovackova/800661515/cze/jt/s/itf-points-breakdown/","singles","J300 Roehampton","J300","2025-06-29","2026-06-28","140","1","140","true"
"jana-kovackova","Jana Kovackova","CZE","Girls","7","https://www.itftennis.com/en/players/jana-kovackova/800661515/cze/jt/s/itf-points-breakdown/","singles","Roland Garros Junior Championships","JGS","2025-06-01","2026-05-31","90","1","90","true"
"jana-kovackova","Jana Kovackova","CZE","Girls","7","https://www.itftennis.com/en/players/jana-kovackova/800661515/cze/jt/s/itf-points-breakdown/","singles","The Junior Championships, Wimbledon","JGS","2025-07-05","2026-07-04","90","1","90","false"
"jana-kovackova","Jana Kovackova","CZE","Girls","7","https://www.itftennis.com/en/players/jana-kovackova/800661515/cze/jt/s/itf-points-breakdown/","singles","Australian Open Junior Championships","JGS","2026-01-24","2027-01-23","90","1","90","false"
"jana-kovackova","Jana Kovackova","CZE","Girls","7","https://www.itftennis.com/en/players/jana-kovackova/800661515/cze/jt/s/itf-points-breakdown/","singles","J500 Milan","J500","2025-05-19","2026-05-18","0","1","0","false"
"jana-kovackova","Jana Kovackova","CZE","Girls","7","https://www.itftennis.com/en/players/jana-kovackova/800661515/cze/jt/s/itf-points-breakdown/","doubles","US Open Junior Tennis Championships","JGS","2025-08-31","2026-08-30","750","0.25","187.5","true"
"jana-kovackova","Jana Kovackova","CZE","Girls","7","https://www.itftennis.com/en/players/jana-kovackova/800661515/cze/jt/s/itf-points-breakdown/","doubles","Australian Open Junior Championships","JGS","2026-01-24","2027-01-23","750","0.25","187.5","true"
"jana-kovackova","Jana Kovackova","CZE","Girls","7","https://www.itftennis.com/en/players/jana-kovackova/800661515/cze/jt/s/itf-points-breakdown/","doubles","Roland Garros Junior Championships","JGS","2025-06-01","2026-05-31","525","0.25","131.25","true"
"jana-kovackova","Jana Kovackova","CZE","Girls","7","https://www.itftennis.com/en/players/jana-kovackova/800661515/cze/jt/s/itf-points-breakdown/","doubles","J500 Milan","J500","2025-05-19","2026-05-18","375","0.25","93.75","true"
"jana-kovackova","Jana Kovackova","CZE","Girls","7","https://www.itftennis.com/en/players/jana-kovackova/800661515/cze/jt/s/itf-points-breakdown/","doubles","The Junior Championships, Wimbledon","JGS","2025-07-05","2026-07-04","367","0.25","91.75","true"
"jana-kovackova","Jana Kovackova","CZE","Girls","7","https://www.itftennis.com/en/players/jana-kovackova/800661515/cze/jt/s/itf-points-breakdown/","doubles","J500 Merida","J500","2025-11-24","2026-11-23","262","0.25","65.5","true"
"jana-kovackova","Jana Kovackova","CZE","Girls","7","https://www.itftennis.com/en/players/jana-kovackova/800661515/cze/jt/s/itf-points-breakdown/","doubles","J300 Roehampton","J300","2025-06-29","2026-06-28","225","0.25","56.25","false"
"jana-kovackova","Jana Kovackova","CZE","Girls","7","https://www.itftennis.com/en/players/jana-kovackova/800661515/cze/jt/s/itf-points-breakdown/","doubles","J300 Zapopan","J300","2025-11-17","2026-11-16","225","0.25","56.25","false"
"xinran-sun","Xinran Sun","CHN","Girls","8","https://www.itftennis.com/en/players/xinran-sun/800677732/chn/jt/s/itf-points-breakdown/","singles","J500 Fort Lauderdale","J500","2025-12-08","2026-12-07","500","1","500","true"
"xinran-sun","Xinran Sun","CHN","Girls","8","https://www.itftennis.com/en/players/xinran-sun/800677732/chn/jt/s/itf-points-breakdown/","singles","J300 Traralgon","J300","2026-01-16","2027-01-15","300","1","300","true"
"xinran-sun","Xinran Sun","CHN","Girls","8","https://www.itftennis.com/en/players/xinran-sun/800677732/chn/jt/s/itf-points-breakdown/","singles","J300 Plovdiv","J300","2026-04-28","2027-04-27","300","1","300","true"
"xinran-sun","Xinran Sun","CHN","Girls","8","https://www.itftennis.com/en/players/xinran-sun/800677732/chn/jt/s/itf-points-breakdown/","singles","Australian Open Junior Championships","JGS","2026-01-24","2027-01-23","300","1","300","true"
"xinran-sun","Xinran Sun","CHN","Girls","8","https://www.itftennis.com/en/players/xinran-sun/800677732/chn/jt/s/itf-points-breakdown/","singles","US Open Junior Tennis Championships","JGS","2025-08-31","2026-08-30","180","1","180","true"
"xinran-sun","Xinran Sun","CHN","Girls","8","https://www.itftennis.com/en/players/xinran-sun/800677732/chn/jt/s/itf-points-breakdown/","singles","J500 Osaka","J500","2025-09-22","2026-09-21","150","1","150","true"
"xinran-sun","Xinran Sun","CHN","Girls","8","https://www.itftennis.com/en/players/xinran-sun/800677732/chn/jt/s/itf-points-breakdown/","singles","J300 College Park","J300","2025-08-18","2026-08-17","140","1","140","false"
"xinran-sun","Xinran Sun","CHN","Girls","8","https://www.itftennis.com/en/players/xinran-sun/800677732/chn/jt/s/itf-points-breakdown/","singles","J300 Beijing","J300","2025-09-16","2026-09-15","100","1","100","false"
"xinran-sun","Xinran Sun","CHN","Girls","8","https://www.itftennis.com/en/players/xinran-sun/800677732/chn/jt/s/itf-points-breakdown/","singles","J300 Bradenton","J300","2025-12-01","2026-11-30","100","1","100","false"
"xinran-sun","Xinran Sun","CHN","Girls","8","https://www.itftennis.com/en/players/xinran-sun/800677732/chn/jt/s/itf-points-breakdown/","singles","Roland Garros Junior Championships","JGS","2025-06-01","2026-05-31","0","1","0","false"
"xinran-sun","Xinran Sun","CHN","Girls","8","https://www.itftennis.com/en/players/xinran-sun/800677732/chn/jt/s/itf-points-breakdown/","singles","The Junior Championships, Wimbledon","JGS","2025-07-05","2026-07-04","0","1","0","false"
"xinran-sun","Xinran Sun","CHN","Girls","8","https://www.itftennis.com/en/players/xinran-sun/800677732/chn/jt/s/itf-points-breakdown/","doubles","J300 Beijing","J300","2025-09-16","2026-09-15","225","0.25","56.25","true"
"xinran-sun","Xinran Sun","CHN","Girls","8","https://www.itftennis.com/en/players/xinran-sun/800677732/chn/jt/s/itf-points-breakdown/","doubles","J300 Bradenton","J300","2025-12-01","2026-11-30","225","0.25","56.25","true"
"xinran-sun","Xinran Sun","CHN","Girls","8","https://www.itftennis.com/en/players/xinran-sun/800677732/chn/jt/s/itf-points-breakdown/","doubles","J300 College Park","J300","2025-08-18","2026-08-17","157","0.25","39.25","true"
"xinran-sun","Xinran Sun","CHN","Girls","8","https://www.itftennis.com/en/players/xinran-sun/800677732/chn/jt/s/itf-points-breakdown/","doubles","The Junior Championships, Wimbledon","JGS","2025-07-05","2026-07-04","135","0.25","33.75","true"
"xinran-sun","Xinran Sun","CHN","Girls","8","https://www.itftennis.com/en/players/xinran-sun/800677732/chn/jt/s/itf-points-breakdown/","doubles","J300 Traralgon","J300","2026-01-16","2027-01-15","105","0.25","26.25","true"
"xinran-sun","Xinran Sun","CHN","Girls","8","https://www.itftennis.com/en/players/xinran-sun/800677732/chn/jt/s/itf-points-breakdown/","doubles","J300 Plovdiv","J300","2026-04-28","2027-04-27","105","0.25","26.25","true"
"xinran-sun","Xinran Sun","CHN","Girls","8","https://www.itftennis.com/en/players/xinran-sun/800677732/chn/jt/s/itf-points-breakdown/","doubles","J500 Osaka","J500","2025-09-22","2026-09-21","67","0.25","16.75","false"
"xinran-sun","Xinran Sun","CHN","Girls","8","https://www.itftennis.com/en/players/xinran-sun/800677732/chn/jt/s/itf-points-breakdown/","doubles","J500 Fort Lauderdale","J500","2025-12-08","2026-12-07","0","0.25","0","false"
"xinran-sun","Xinran Sun","CHN","Girls","8","https://www.itftennis.com/en/players/xinran-sun/800677732/chn/jt/s/itf-points-breakdown/","doubles","Roland Garros Junior Championships","JGS","2025-06-01","2026-05-31","0","0.25","0","false"
"xinran-sun","Xinran Sun","CHN","Girls","8","https://www.itftennis.com/en/players/xinran-sun/800677732/chn/jt/s/itf-points-breakdown/","doubles","US Open Junior Tennis Championships","JGS","2025-08-31","2026-08-30","0","0.25","0","false"
"xinran-sun","Xinran Sun","CHN","Girls","8","https://www.itftennis.com/en/players/xinran-sun/800677732/chn/jt/s/itf-points-breakdown/","doubles","Australian Open Junior Championships","JGS","2026-01-24","2027-01-23","0","0.25","0","false"
"kristina-penickova","Kristina Penickova","USA","Girls","9","https://www.itftennis.com/en/players/kristina-penickova/800719373/usa/jt/s/itf-points-breakdown/","singles","2025 ITF World Tennis Tour Junior Finals","JM","2025-10-22","2026-10-21","700","1","700","true"
"kristina-penickova","Kristina Penickova","USA","Girls","9","https://www.itftennis.com/en/players/kristina-penickova/800719373/usa/jt/s/itf-points-breakdown/","singles","J500 Osaka","J500","2025-09-22","2026-09-21","250","1","250","true"
"kristina-penickova","Kristina Penickova","USA","Girls","9","https://www.itftennis.com/en/players/kristina-penickova/800719373/usa/jt/s/itf-points-breakdown/","singles","J200 Chuncheon","J200","2025-09-30","2026-09-29","200","1","200","true"
"kristina-penickova","Kristina Penickova","USA","Girls","9","https://www.itftennis.com/en/players/kristina-penickova/800719373/usa/jt/s/itf-points-breakdown/","singles","US Open Junior Tennis Championships","JGS","2025-08-31","2026-08-30","180","1","180","true"
"kristina-penickova","Kristina Penickova","USA","Girls","9","https://www.itftennis.com/en/players/kristina-penickova/800719373/usa/jt/s/itf-points-breakdown/","singles","The Junior Championships, Wimbledon","JGS","2025-07-05","2026-07-04","90","1","90","true"
"kristina-penickova","Kristina Penickova","USA","Girls","9","https://www.itftennis.com/en/players/kristina-penickova/800719373/usa/jt/s/itf-points-breakdown/","singles","J300 Roehampton","J300","2025-06-29","2026-06-28","60","1","60","true"
"kristina-penickova","Kristina Penickova","USA","Girls","9","https://www.itftennis.com/en/players/kristina-penickova/800719373/usa/jt/s/itf-points-breakdown/","singles","Roland Garros Junior Championships","JGS","2025-06-01","2026-05-31","0","1","0","false"
"kristina-penickova","Kristina Penickova","USA","Girls","9","https://www.itftennis.com/en/players/kristina-penickova/800719373/usa/jt/s/itf-points-breakdown/","doubles","The Junior Championships, Wimbledon","JGS","2025-07-05","2026-07-04","750","0.25","187.5","true"
"kristina-penickova","Kristina Penickova","USA","Girls","9","https://www.itftennis.com/en/players/kristina-penickova/800719373/usa/jt/s/itf-points-breakdown/","doubles","J500 Osaka","J500","2025-09-22","2026-09-21","375","0.25","93.75","true"
"kristina-penickova","Kristina Penickova","USA","Girls","9","https://www.itftennis.com/en/players/kristina-penickova/800719373/usa/jt/s/itf-points-breakdown/","doubles","Roland Garros Junior Championships","JGS","2025-06-01","2026-05-31","367","0.25","91.75","true"
"kristina-penickova","Kristina Penickova","USA","Girls","9","https://www.itftennis.com/en/players/kristina-penickova/800719373/usa/jt/s/itf-points-breakdown/","doubles","US Open Junior Tennis Championships","JGS","2025-08-31","2026-08-30","135","0.25","33.75","true"
"kristina-penickova","Kristina Penickova","USA","Girls","9","https://www.itftennis.com/en/players/kristina-penickova/800719373/usa/jt/s/itf-points-breakdown/","doubles","J300 Roehampton","J300","2025-06-29","2026-06-28","75","0.25","18.75","true"
"julia-stusek","Julia Stusek","GER","Girls","10","https://www.itftennis.com/en/players/julia-stusek/800579453/ger/jt/s/itf-points-breakdown/","singles","2025 ITF World Tennis Tour Junior Finals","JM","2025-10-22","2026-10-21","360","1","360","true"
"julia-stusek","Julia Stusek","GER","Girls","10","https://www.itftennis.com/en/players/julia-stusek/800579453/ger/jt/s/itf-points-breakdown/","singles","Roland Garros Junior Championships","JGS","2025-06-01","2026-05-31","300","1","300","true"
"julia-stusek","Julia Stusek","GER","Girls","10","https://www.itftennis.com/en/players/julia-stusek/800579453/ger/jt/s/itf-points-breakdown/","singles","US Open Junior Tennis Championships","JGS","2025-08-31","2026-08-30","300","1","300","true"
"julia-stusek","Julia Stusek","GER","Girls","10","https://www.itftennis.com/en/players/julia-stusek/800579453/ger/jt/s/itf-points-breakdown/","singles","J300 Bytom","J300","2025-07-22","2026-07-21","210","1","210","true"
"julia-stusek","Julia Stusek","GER","Girls","10","https://www.itftennis.com/en/players/julia-stusek/800579453/ger/jt/s/itf-points-breakdown/","singles","J200 Rutesheim","J200","2025-08-05","2026-08-04","200","1","200","true"
"julia-stusek","Julia Stusek","GER","Girls","10","https://www.itftennis.com/en/players/julia-stusek/800579453/ger/jt/s/itf-points-breakdown/","singles","J500 Milan","J500","2025-05-19","2026-05-18","90","1","90","true"
"julia-stusek","Julia Stusek","GER","Girls","10","https://www.itftennis.com/en/players/julia-stusek/800579453/ger/jt/s/itf-points-breakdown/","singles","The Junior Championships, Wimbledon","JGS","2025-07-05","2026-07-04","90","1","90","false"
"julia-stusek","Julia Stusek","GER","Girls","10","https://www.itftennis.com/en/players/julia-stusek/800579453/ger/jt/s/itf-points-breakdown/","singles","J300 Roehampton","J300","2025-06-29","2026-06-28","0","1","0","false"
"julia-stusek","Julia Stusek","GER","Girls","10","https://www.itftennis.com/en/players/julia-stusek/800579453/ger/jt/s/itf-points-breakdown/","doubles","The Junior Championships, Wimbledon","JGS","2025-07-05","2026-07-04","367","0.25","91.75","true"
"julia-stusek","Julia Stusek","GER","Girls","10","https://www.itftennis.com/en/players/julia-stusek/800579453/ger/jt/s/itf-points-breakdown/","doubles","J500 Milan","J500","2025-05-19","2026-05-18","262","0.25","65.5","true"
"julia-stusek","Julia Stusek","GER","Girls","10","https://www.itftennis.com/en/players/julia-stusek/800579453/ger/jt/s/itf-points-breakdown/","doubles","J300 Bytom","J300","2025-07-22","2026-07-21","225","0.25","56.25","true"
"julia-stusek","Julia Stusek","GER","Girls","10","https://www.itftennis.com/en/players/julia-stusek/800579453/ger/jt/s/itf-points-breakdown/","doubles","US Open Junior Tennis Championships","JGS","2025-08-31","2026-08-30","225","0.25","56.25","true"
"julia-stusek","Julia Stusek","GER","Girls","10","https://www.itftennis.com/en/players/julia-stusek/800579453/ger/jt/s/itf-points-breakdown/","doubles","J300 Roehampton","J300","2025-06-29","2026-06-28","45","0.25","11.25","true"
"julia-stusek","Julia Stusek","GER","Girls","10","https://www.itftennis.com/en/players/julia-stusek/800579453/ger/jt/s/itf-points-breakdown/","doubles","Roland Garros Junior Championships","JGS","2025-06-01","2026-05-31","0","0.25","0","true"
"nauhany-vitoria-leme-da-silva","Nauhany Vitoria Leme Da Silva","BRA","Girls","11","https://www.itftennis.com/en/players/nauhany-vitoria-leme-da-silva/800695060/bra/jt/s/itf-points-breakdown/","singles","J500 Gaspar","J500","2026-03-16","2027-03-15","500","1","500","true"
"nauhany-vitoria-leme-da-silva","Nauhany Vitoria Leme Da Silva","BRA","Girls","11","https://www.itftennis.com/en/players/nauhany-vitoria-leme-da-silva/800695060/bra/jt/s/itf-points-breakdown/","singles","J300 Santa Cruz (South America Regional Championships)","J300","2026-02-23","2027-02-22","300","1","300","true"
"nauhany-vitoria-leme-da-silva","Nauhany Vitoria Leme Da Silva","BRA","Girls","11","https://www.itftennis.com/en/players/nauhany-vitoria-leme-da-silva/800695060/bra/jt/s/itf-points-breakdown/","singles","J300 Porto Alegre","J300","2026-03-09","2027-03-08","300","1","300","true"
"nauhany-vitoria-leme-da-silva","Nauhany Vitoria Leme Da Silva","BRA","Girls","11","https://www.itftennis.com/en/players/nauhany-vitoria-leme-da-silva/800695060/bra/jt/s/itf-points-breakdown/","singles","The Junior Championships, Wimbledon","JGS","2025-07-05","2026-07-04","180","1","180","true"
"nauhany-vitoria-leme-da-silva","Nauhany Vitoria Leme Da Silva","BRA","Girls","11","https://www.itftennis.com/en/players/nauhany-vitoria-leme-da-silva/800695060/bra/jt/s/itf-points-breakdown/","singles","J500 Milan","J500","2025-05-19","2026-05-18","90","1","90","true"
"nauhany-vitoria-leme-da-silva","Nauhany Vitoria Leme Da Silva","BRA","Girls","11","https://www.itftennis.com/en/players/nauhany-vitoria-leme-da-silva/800695060/bra/jt/s/itf-points-breakdown/","singles","Roland Garros Junior Championships","JGS","2025-06-01","2026-05-31","90","1","90","true"
"nauhany-vitoria-leme-da-silva","Nauhany Vitoria Leme Da Silva","BRA","Girls","11","https://www.itftennis.com/en/players/nauhany-vitoria-leme-da-silva/800695060/bra/jt/s/itf-points-breakdown/","singles","J300 Repentigny","J300","2025-08-24","2026-08-23","60","1","60","false"
"nauhany-vitoria-leme-da-silva","Nauhany Vitoria Leme Da Silva","BRA","Girls","11","https://www.itftennis.com/en/players/nauhany-vitoria-leme-da-silva/800695060/bra/jt/s/itf-points-breakdown/","singles","J300 Roehampton","J300","2025-06-29","2026-06-28","30","1","30","false"
"nauhany-vitoria-leme-da-silva","Nauhany Vitoria Leme Da Silva","BRA","Girls","11","https://www.itftennis.com/en/players/nauhany-vitoria-leme-da-silva/800695060/bra/jt/s/itf-points-breakdown/","singles","US Open Junior Tennis Championships","JGS","2025-08-31","2026-08-30","0","1","0","false"
"nauhany-vitoria-leme-da-silva","Nauhany Vitoria Leme Da Silva","BRA","Girls","11","https://www.itftennis.com/en/players/nauhany-vitoria-leme-da-silva/800695060/bra/jt/s/itf-points-breakdown/","doubles","J500 Gaspar","J500","2026-03-16","2027-03-15","262","0.25","65.5","true"
"nauhany-vitoria-leme-da-silva","Nauhany Vitoria Leme Da Silva","BRA","Girls","11","https://www.itftennis.com/en/players/nauhany-vitoria-leme-da-silva/800695060/bra/jt/s/itf-points-breakdown/","doubles","J300 Santa Cruz (South America Regional Championships)","J300","2026-02-23","2027-02-22","225","0.25","56.25","true"
"nauhany-vitoria-leme-da-silva","Nauhany Vitoria Leme Da Silva","BRA","Girls","11","https://www.itftennis.com/en/players/nauhany-vitoria-leme-da-silva/800695060/bra/jt/s/itf-points-breakdown/","doubles","J300 Porto Alegre","J300","2026-03-09","2027-03-08","225","0.25","56.25","true"
"nauhany-vitoria-leme-da-silva","Nauhany Vitoria Leme Da Silva","BRA","Girls","11","https://www.itftennis.com/en/players/nauhany-vitoria-leme-da-silva/800695060/bra/jt/s/itf-points-breakdown/","doubles","J500 Milan","J500","2025-05-19","2026-05-18","112","0.25","28","true"
"nauhany-vitoria-leme-da-silva","Nauhany Vitoria Leme Da Silva","BRA","Girls","11","https://www.itftennis.com/en/players/nauhany-vitoria-leme-da-silva/800695060/bra/jt/s/itf-points-breakdown/","doubles","J300 Roehampton","J300","2025-06-29","2026-06-28","45","0.25","11.25","true"
"nauhany-vitoria-leme-da-silva","Nauhany Vitoria Leme Da Silva","BRA","Girls","11","https://www.itftennis.com/en/players/nauhany-vitoria-leme-da-silva/800695060/bra/jt/s/itf-points-breakdown/","doubles","J300 Repentigny","J300","2025-08-24","2026-08-23","0","0.25","0","true"
"nauhany-vitoria-leme-da-silva","Nauhany Vitoria Leme Da Silva","BRA","Girls","11","https://www.itftennis.com/en/players/nauhany-vitoria-leme-da-silva/800695060/bra/jt/s/itf-points-breakdown/","doubles","Roland Garros Junior Championships","JGS","2025-06-01","2026-05-31","0","0.25","0","false"
"nauhany-vitoria-leme-da-silva","Nauhany Vitoria Leme Da Silva","BRA","Girls","11","https://www.itftennis.com/en/players/nauhany-vitoria-leme-da-silva/800695060/bra/jt/s/itf-points-breakdown/","doubles","The Junior Championships, Wimbledon","JGS","2025-07-05","2026-07-04","0","0.25","0","false"
"lilli-tagger","Lilli Tagger","AUT","Girls","12","https://www.itftennis.com/en/players/lilli-tagger/800564568/aut/jt/s/itf-points-breakdown/","singles","Roland Garros Junior Championships","JGS","2025-06-01","2026-05-31","1000","1","1000","true"
"lilli-tagger","Lilli Tagger","AUT","Girls","12","https://www.itftennis.com/en/players/lilli-tagger/800564568/aut/jt/s/itf-points-breakdown/","singles","The Junior Championships, Wimbledon","JGS","2025-07-05","2026-07-04","300","1","300","true"
"lilli-tagger","Lilli Tagger","AUT","Girls","12","https://www.itftennis.com/en/players/lilli-tagger/800564568/aut/jt/s/itf-points-breakdown/","singles","J500 Milan","J500","2025-05-19","2026-05-18","150","1","150","true"
"lilli-tagger","Lilli Tagger","AUT","Girls","12","https://www.itftennis.com/en/players/lilli-tagger/800564568/aut/jt/s/itf-points-breakdown/","singles","J300 Roehampton","J300","2025-06-29","2026-06-28","100","1","100","true"
"lilli-tagger","Lilli Tagger","AUT","Girls","12","https://www.itftennis.com/en/players/lilli-tagger/800564568/aut/jt/s/itf-points-breakdown/","doubles","Roland Garros Junior Championships","JGS","2025-06-01","2026-05-31","367","0.25","91.75","true"
"lilli-tagger","Lilli Tagger","AUT","Girls","12","https://www.itftennis.com/en/players/lilli-tagger/800564568/aut/jt/s/itf-points-breakdown/","doubles","J500 Milan","J500","2025-05-19","2026-05-18","112","0.25","28","true"
"lilli-tagger","Lilli Tagger","AUT","Girls","12","https://www.itftennis.com/en/players/lilli-tagger/800564568/aut/jt/s/itf-points-breakdown/","doubles","J300 Roehampton","J300","2025-06-29","2026-06-28","0","0.25","0","true"
"sol-ailin-larraya-guidi","Sol Ailin Larraya Guidi","ARG","Girls","13","https://www.itftennis.com/en/players/sol-ailin-larraya-guidi/800659876/arg/jt/s/itf-points-breakdown/","singles","J300 Asuncion","J300","2026-03-02","2027-03-01","300","1","300","true"
"sol-ailin-larraya-guidi","Sol Ailin Larraya Guidi","ARG","Girls","13","https://www.itftennis.com/en/players/sol-ailin-larraya-guidi/800659876/arg/jt/s/itf-points-breakdown/","singles","J500 Gaspar","J500","2026-03-16","2027-03-15","250","1","250","true"
"sol-ailin-larraya-guidi","Sol Ailin Larraya Guidi","ARG","Girls","13","https://www.itftennis.com/en/players/sol-ailin-larraya-guidi/800659876/arg/jt/s/itf-points-breakdown/","singles","J300 Asuncion (Junior Pan American Games)","J300","2025-08-11","2026-08-10","210","1","210","true"
"sol-ailin-larraya-guidi","Sol Ailin Larraya Guidi","ARG","Girls","13","https://www.itftennis.com/en/players/sol-ailin-larraya-guidi/800659876/arg/jt/s/itf-points-breakdown/","singles","J300 Santa Cruz (South America Regional Championships)","J300","2026-02-23","2027-02-22","210","1","210","true"
"sol-ailin-larraya-guidi","Sol Ailin Larraya Guidi","ARG","Girls","13","https://www.itftennis.com/en/players/sol-ailin-larraya-guidi/800659876/arg/jt/s/itf-points-breakdown/","singles","J200 La Paz","J200","2025-11-10","2026-11-09","200","1","200","true"
"sol-ailin-larraya-guidi","Sol Ailin Larraya Guidi","ARG","Girls","13","https://www.itftennis.com/en/players/sol-ailin-larraya-guidi/800659876/arg/jt/s/itf-points-breakdown/","singles","J300 Bradenton","J300","2025-12-01","2026-11-30","140","1","140","true"
"sol-ailin-larraya-guidi","Sol Ailin Larraya Guidi","ARG","Girls","13","https://www.itftennis.com/en/players/sol-ailin-larraya-guidi/800659876/arg/jt/s/itf-points-breakdown/","singles","J300 Porto Alegre","J300","2026-03-09","2027-03-08","140","1","140","false"
"sol-ailin-larraya-guidi","Sol Ailin Larraya Guidi","ARG","Girls","13","https://www.itftennis.com/en/players/sol-ailin-larraya-guidi/800659876/arg/jt/s/itf-points-breakdown/","singles","J200 Santiago","J200","2025-09-29","2026-09-28","100","1","100","false"
"sol-ailin-larraya-guidi","Sol Ailin Larraya Guidi","ARG","Girls","13","https://www.itftennis.com/en/players/sol-ailin-larraya-guidi/800659876/arg/jt/s/itf-points-breakdown/","singles","J500 Merida","J500","2025-11-24","2026-11-23","90","1","90","false"
"sol-ailin-larraya-guidi","Sol Ailin Larraya Guidi","ARG","Girls","13","https://www.itftennis.com/en/players/sol-ailin-larraya-guidi/800659876/arg/jt/s/itf-points-breakdown/","singles","J500 Fort Lauderdale","J500","2025-12-08","2026-12-07","90","1","90","false"
"sol-ailin-larraya-guidi","Sol Ailin Larraya Guidi","ARG","Girls","13","https://www.itftennis.com/en/players/sol-ailin-larraya-guidi/800659876/arg/jt/s/itf-points-breakdown/","singles","J200 Santa Cruz","J200","2025-11-03","2026-11-02","60","1","60","false"
"sol-ailin-larraya-guidi","Sol Ailin Larraya Guidi","ARG","Girls","13","https://www.itftennis.com/en/players/sol-ailin-larraya-guidi/800659876/arg/jt/s/itf-points-breakdown/","singles","J200 Salta","J200","2025-10-06","2026-10-05","36","1","36","false"
"sol-ailin-larraya-guidi","Sol Ailin Larraya Guidi","ARG","Girls","13","https://www.itftennis.com/en/players/sol-ailin-larraya-guidi/800659876/arg/jt/s/itf-points-breakdown/","singles","J500 Milan","J500","2025-05-19","2026-05-18","0","1","0","false"
"sol-ailin-larraya-guidi","Sol Ailin Larraya Guidi","ARG","Girls","13","https://www.itftennis.com/en/players/sol-ailin-larraya-guidi/800659876/arg/jt/s/itf-points-breakdown/","singles","J300 Roehampton","J300","2025-06-29","2026-06-28","0","1","0","false"
"sol-ailin-larraya-guidi","Sol Ailin Larraya Guidi","ARG","Girls","13","https://www.itftennis.com/en/players/sol-ailin-larraya-guidi/800659876/arg/jt/s/itf-points-breakdown/","singles","J300 Traralgon","J300","2026-01-16","2027-01-15","0","1","0","false"
"sol-ailin-larraya-guidi","Sol Ailin Larraya Guidi","ARG","Girls","13","https://www.itftennis.com/en/players/sol-ailin-larraya-guidi/800659876/arg/jt/s/itf-points-breakdown/","singles","J300 Santa Croce Sull’Arno","J300","2026-05-11","2027-05-10","0","1","0","false"
"sol-ailin-larraya-guidi","Sol Ailin Larraya Guidi","ARG","Girls","13","https://www.itftennis.com/en/players/sol-ailin-larraya-guidi/800659876/arg/jt/s/itf-points-breakdown/","singles","Roland Garros Junior Championships","JGS","2025-06-01","2026-05-31","0","1","0","false"
"sol-ailin-larraya-guidi","Sol Ailin Larraya Guidi","ARG","Girls","13","https://www.itftennis.com/en/players/sol-ailin-larraya-guidi/800659876/arg/jt/s/itf-points-breakdown/","singles","The Junior Championships, Wimbledon","JGS","2025-07-05","2026-07-04","0","1","0","false"
"sol-ailin-larraya-guidi","Sol Ailin Larraya Guidi","ARG","Girls","13","https://www.itftennis.com/en/players/sol-ailin-larraya-guidi/800659876/arg/jt/s/itf-points-breakdown/","singles","US Open Junior Tennis Championships","JGS","2025-08-31","2026-08-30","0","1","0","false"
"sol-ailin-larraya-guidi","Sol Ailin Larraya Guidi","ARG","Girls","13","https://www.itftennis.com/en/players/sol-ailin-larraya-guidi/800659876/arg/jt/s/itf-points-breakdown/","singles","Australian Open Junior Championships","JGS","2026-01-24","2027-01-23","0","1","0","false"
"sol-ailin-larraya-guidi","Sol Ailin Larraya Guidi","ARG","Girls","13","https://www.itftennis.com/en/players/sol-ailin-larraya-guidi/800659876/arg/jt/s/itf-points-breakdown/","doubles","J500 Gaspar","J500","2026-03-16","2027-03-15","262","0.25","65.5","true"
"sol-ailin-larraya-guidi","Sol Ailin Larraya Guidi","ARG","Girls","13","https://www.itftennis.com/en/players/sol-ailin-larraya-guidi/800659876/arg/jt/s/itf-points-breakdown/","doubles","J300 Asuncion (Junior Pan American Games)","J300","2025-08-11","2026-08-10","225","0.25","56.25","true"
"sol-ailin-larraya-guidi","Sol Ailin Larraya Guidi","ARG","Girls","13","https://www.itftennis.com/en/players/sol-ailin-larraya-guidi/800659876/arg/jt/s/itf-points-breakdown/","doubles","J300 Santa Cruz (South America Regional Championships)","J300","2026-02-23","2027-02-22","225","0.25","56.25","true"
"sol-ailin-larraya-guidi","Sol Ailin Larraya Guidi","ARG","Girls","13","https://www.itftennis.com/en/players/sol-ailin-larraya-guidi/800659876/arg/jt/s/itf-points-breakdown/","doubles","J300 Porto Alegre","J300","2026-03-09","2027-03-08","225","0.25","56.25","true"
"sol-ailin-larraya-guidi","Sol Ailin Larraya Guidi","ARG","Girls","13","https://www.itftennis.com/en/players/sol-ailin-larraya-guidi/800659876/arg/jt/s/itf-points-breakdown/","doubles","J300 Bradenton","J300","2025-12-01","2026-11-30","157","0.25","39.25","true"
"sol-ailin-larraya-guidi","Sol Ailin Larraya Guidi","ARG","Girls","13","https://www.itftennis.com/en/players/sol-ailin-larraya-guidi/800659876/arg/jt/s/itf-points-breakdown/","doubles","J200 Santiago","J200","2025-09-29","2026-09-28","150","0.25","37.5","true"
"sol-ailin-larraya-guidi","Sol Ailin Larraya Guidi","ARG","Girls","13","https://www.itftennis.com/en/players/sol-ailin-larraya-guidi/800659876/arg/jt/s/itf-points-breakdown/","doubles","J200 Salta","J200","2025-10-06","2026-10-05","150","0.25","37.5","false"
"sol-ailin-larraya-guidi","Sol Ailin Larraya Guidi","ARG","Girls","13","https://www.itftennis.com/en/players/sol-ailin-larraya-guidi/800659876/arg/jt/s/itf-points-breakdown/","doubles","J200 La Paz","J200","2025-11-10","2026-11-09","150","0.25","37.5","false"
"sol-ailin-larraya-guidi","Sol Ailin Larraya Guidi","ARG","Girls","13","https://www.itftennis.com/en/players/sol-ailin-larraya-guidi/800659876/arg/jt/s/itf-points-breakdown/","doubles","J500 Milan","J500","2025-05-19","2026-05-18","112","0.25","28","false"
"sol-ailin-larraya-guidi","Sol Ailin Larraya Guidi","ARG","Girls","13","https://www.itftennis.com/en/players/sol-ailin-larraya-guidi/800659876/arg/jt/s/itf-points-breakdown/","doubles","J300 Asuncion","J300","2026-03-02","2027-03-01","105","0.25","26.25","false"
"sol-ailin-larraya-guidi","Sol Ailin Larraya Guidi","ARG","Girls","13","https://www.itftennis.com/en/players/sol-ailin-larraya-guidi/800659876/arg/jt/s/itf-points-breakdown/","doubles","J300 Santa Croce Sull’Arno","J300","2026-05-11","2027-05-10","105","0.25","26.25","false"
"sol-ailin-larraya-guidi","Sol Ailin Larraya Guidi","ARG","Girls","13","https://www.itftennis.com/en/players/sol-ailin-larraya-guidi/800659876/arg/jt/s/itf-points-breakdown/","doubles","J200 Santa Cruz","J200","2025-11-03","2026-11-02","105","0.25","26.25","false"
"sol-ailin-larraya-guidi","Sol Ailin Larraya Guidi","ARG","Girls","13","https://www.itftennis.com/en/players/sol-ailin-larraya-guidi/800659876/arg/jt/s/itf-points-breakdown/","doubles","J500 Fort Lauderdale","J500","2025-12-08","2026-12-07","67","0.25","16.75","false"
"sol-ailin-larraya-guidi","Sol Ailin Larraya Guidi","ARG","Girls","13","https://www.itftennis.com/en/players/sol-ailin-larraya-guidi/800659876/arg/jt/s/itf-points-breakdown/","doubles","J500 Merida","J500","2025-11-24","2026-11-23","0","0.25","0","false"
"sol-ailin-larraya-guidi","Sol Ailin Larraya Guidi","ARG","Girls","13","https://www.itftennis.com/en/players/sol-ailin-larraya-guidi/800659876/arg/jt/s/itf-points-breakdown/","doubles","J300 Roehampton","J300","2025-06-29","2026-06-28","0","0.25","0","false"
"sol-ailin-larraya-guidi","Sol Ailin Larraya Guidi","ARG","Girls","13","https://www.itftennis.com/en/players/sol-ailin-larraya-guidi/800659876/arg/jt/s/itf-points-breakdown/","doubles","J300 Traralgon","J300","2026-01-16","2027-01-15","0","0.25","0","false"
"sol-ailin-larraya-guidi","Sol Ailin Larraya Guidi","ARG","Girls","13","https://www.itftennis.com/en/players/sol-ailin-larraya-guidi/800659876/arg/jt/s/itf-points-breakdown/","doubles","Roland Garros Junior Championships","JGS","2025-06-01","2026-05-31","0","0.25","0","false"
"sol-ailin-larraya-guidi","Sol Ailin Larraya Guidi","ARG","Girls","13","https://www.itftennis.com/en/players/sol-ailin-larraya-guidi/800659876/arg/jt/s/itf-points-breakdown/","doubles","The Junior Championships, Wimbledon","JGS","2025-07-05","2026-07-04","0","0.25","0","false"
"sol-ailin-larraya-guidi","Sol Ailin Larraya Guidi","ARG","Girls","13","https://www.itftennis.com/en/players/sol-ailin-larraya-guidi/800659876/arg/jt/s/itf-points-breakdown/","doubles","US Open Junior Tennis Championships","JGS","2025-08-31","2026-08-30","0","0.25","0","false"
"sol-ailin-larraya-guidi","Sol Ailin Larraya Guidi","ARG","Girls","13","https://www.itftennis.com/en/players/sol-ailin-larraya-guidi/800659876/arg/jt/s/itf-points-breakdown/","doubles","Australian Open Junior Championships","JGS","2026-01-24","2027-01-23","0","0.25","0","false"
"anastasija-cvetkovic","Anastasija Cvetkovic","SRB","Girls","14","https://www.itftennis.com/en/players/anastasija-cvetkovic/800598140/srb/jt/s/itf-points-breakdown/","singles","J500 Offenbach","J500","2026-05-04","2027-05-03","350","1","350","true"
"anastasija-cvetkovic","Anastasija Cvetkovic","SRB","Girls","14","https://www.itftennis.com/en/players/anastasija-cvetkovic/800598140/srb/jt/s/itf-points-breakdown/","singles","J500 Fort Lauderdale","J500","2025-12-08","2026-12-07","250","1","250","true"
"anastasija-cvetkovic","Anastasija Cvetkovic","SRB","Girls","14","https://www.itftennis.com/en/players/anastasija-cvetkovic/800598140/srb/jt/s/itf-points-breakdown/","singles","J300 Bradenton","J300","2025-12-01","2026-11-30","210","1","210","true"
"anastasija-cvetkovic","Anastasija Cvetkovic","SRB","Girls","14","https://www.itftennis.com/en/players/anastasija-cvetkovic/800598140/srb/jt/s/itf-points-breakdown/","singles","J300 Plovdiv","J300","2026-04-28","2027-04-27","210","1","210","true"
"anastasija-cvetkovic","Anastasija Cvetkovic","SRB","Girls","14","https://www.itftennis.com/en/players/anastasija-cvetkovic/800598140/srb/jt/s/itf-points-breakdown/","singles","J500 Merida","J500","2025-11-24","2026-11-23","150","1","150","true"
"anastasija-cvetkovic","Anastasija Cvetkovic","SRB","Girls","14","https://www.itftennis.com/en/players/anastasija-cvetkovic/800598140/srb/jt/s/itf-points-breakdown/","singles","J300 College Park","J300","2025-08-18","2026-08-17","140","1","140","true"
"anastasija-cvetkovic","Anastasija Cvetkovic","SRB","Girls","14","https://www.itftennis.com/en/players/anastasija-cvetkovic/800598140/srb/jt/s/itf-points-breakdown/","singles","J300 Santa Croce Sull’Arno","J300","2026-05-11","2027-05-10","100","1","100","false"
"anastasija-cvetkovic","Anastasija Cvetkovic","SRB","Girls","14","https://www.itftennis.com/en/players/anastasija-cvetkovic/800598140/srb/jt/s/itf-points-breakdown/","singles","The Junior Championships, Wimbledon","JGS","2025-07-05","2026-07-04","90","1","90","false"
"anastasija-cvetkovic","Anastasija Cvetkovic","SRB","Girls","14","https://www.itftennis.com/en/players/anastasija-cvetkovic/800598140/srb/jt/s/itf-points-breakdown/","singles","Tennis Europe Summer Cups (G18)","GC","2025-08-04","2026-08-03","75","1","75","false"
"anastasija-cvetkovic","Anastasija Cvetkovic","SRB","Girls","14","https://www.itftennis.com/en/players/anastasija-cvetkovic/800598140/srb/jt/s/itf-points-breakdown/","singles","J300 Traralgon","J300","2026-01-16","2027-01-15","60","1","60","false"
"anastasija-cvetkovic","Anastasija Cvetkovic","SRB","Girls","14","https://www.itftennis.com/en/players/anastasija-cvetkovic/800598140/srb/jt/s/itf-points-breakdown/","singles","J300 Oberpullendorf (Europe Regional Championships)","J300","2025-09-15","2026-09-14","30","1","30","false"
"anastasija-cvetkovic","Anastasija Cvetkovic","SRB","Girls","14","https://www.itftennis.com/en/players/anastasija-cvetkovic/800598140/srb/jt/s/itf-points-breakdown/","singles","Roland Garros Junior Championships","JGS","2025-06-01","2026-05-31","20","1","20","false"
"anastasija-cvetkovic","Anastasija Cvetkovic","SRB","Girls","14","https://www.itftennis.com/en/players/anastasija-cvetkovic/800598140/srb/jt/s/itf-points-breakdown/","singles","J500 Milan","J500","2025-05-19","2026-05-18","0","1","0","false"
"anastasija-cvetkovic","Anastasija Cvetkovic","SRB","Girls","14","https://www.itftennis.com/en/players/anastasija-cvetkovic/800598140/srb/jt/s/itf-points-breakdown/","singles","US Open Junior Tennis Championships","JGS","2025-08-31","2026-08-30","0","1","0","false"
"anastasija-cvetkovic","Anastasija Cvetkovic","SRB","Girls","14","https://www.itftennis.com/en/players/anastasija-cvetkovic/800598140/srb/jt/s/itf-points-breakdown/","singles","Australian Open Junior Championships","JGS","2026-01-24","2027-01-23","0","1","0","false"
"anastasija-cvetkovic","Anastasija Cvetkovic","SRB","Girls","14","https://www.itftennis.com/en/players/anastasija-cvetkovic/800598140/srb/jt/s/itf-points-breakdown/","doubles","J500 Fort Lauderdale","J500","2025-12-08","2026-12-07","375","0.25","93.75","true"
"anastasija-cvetkovic","Anastasija Cvetkovic","SRB","Girls","14","https://www.itftennis.com/en/players/anastasija-cvetkovic/800598140/srb/jt/s/itf-points-breakdown/","doubles","Australian Open Junior Championships","JGS","2026-01-24","2027-01-23","225","0.25","56.25","true"
"anastasija-cvetkovic","Anastasija Cvetkovic","SRB","Girls","14","https://www.itftennis.com/en/players/anastasija-cvetkovic/800598140/srb/jt/s/itf-points-breakdown/","doubles","J500 Merida","J500","2025-11-24","2026-11-23","187","0.25","46.75","true"
"anastasija-cvetkovic","Anastasija Cvetkovic","SRB","Girls","14","https://www.itftennis.com/en/players/anastasija-cvetkovic/800598140/srb/jt/s/itf-points-breakdown/","doubles","J300 Bradenton","J300","2025-12-01","2026-11-30","157","0.25","39.25","true"
"anastasija-cvetkovic","Anastasija Cvetkovic","SRB","Girls","14","https://www.itftennis.com/en/players/anastasija-cvetkovic/800598140/srb/jt/s/itf-points-breakdown/","doubles","J300 Santa Croce Sull’Arno","J300","2026-05-11","2027-05-10","157","0.25","39.25","true"
"anastasija-cvetkovic","Anastasija Cvetkovic","SRB","Girls","14","https://www.itftennis.com/en/players/anastasija-cvetkovic/800598140/srb/jt/s/itf-points-breakdown/","doubles","Roland Garros Junior Championships","JGS","2025-06-01","2026-05-31","135","0.25","33.75","true"
"anastasija-cvetkovic","Anastasija Cvetkovic","SRB","Girls","14","https://www.itftennis.com/en/players/anastasija-cvetkovic/800598140/srb/jt/s/itf-points-breakdown/","doubles","J300 College Park","J300","2025-08-18","2026-08-17","105","0.25","26.25","false"
"anastasija-cvetkovic","Anastasija Cvetkovic","SRB","Girls","14","https://www.itftennis.com/en/players/anastasija-cvetkovic/800598140/srb/jt/s/itf-points-breakdown/","doubles","J300 Plovdiv","J300","2026-04-28","2027-04-27","105","0.25","26.25","false"
"anastasija-cvetkovic","Anastasija Cvetkovic","SRB","Girls","14","https://www.itftennis.com/en/players/anastasija-cvetkovic/800598140/srb/jt/s/itf-points-breakdown/","doubles","J300 Traralgon","J300","2026-01-16","2027-01-15","75","0.25","18.75","false"
"anastasija-cvetkovic","Anastasija Cvetkovic","SRB","Girls","14","https://www.itftennis.com/en/players/anastasija-cvetkovic/800598140/srb/jt/s/itf-points-breakdown/","doubles","J500 Offenbach","J500","2026-05-04","2027-05-03","67","0.25","16.75","false"
"anastasija-cvetkovic","Anastasija Cvetkovic","SRB","Girls","14","https://www.itftennis.com/en/players/anastasija-cvetkovic/800598140/srb/jt/s/itf-points-breakdown/","doubles","J500 Milan","J500","2025-05-19","2026-05-18","0","0.25","0","false"
"anastasija-cvetkovic","Anastasija Cvetkovic","SRB","Girls","14","https://www.itftennis.com/en/players/anastasija-cvetkovic/800598140/srb/jt/s/itf-points-breakdown/","doubles","J300 Oberpullendorf (Europe Regional Championships)","J300","2025-09-15","2026-09-14","0","0.25","0","false"
"anastasija-cvetkovic","Anastasija Cvetkovic","SRB","Girls","14","https://www.itftennis.com/en/players/anastasija-cvetkovic/800598140/srb/jt/s/itf-points-breakdown/","doubles","Tennis Europe Summer Cups (G18)","GC","2025-08-04","2026-08-03","0","0.25","0","false"
"anastasija-cvetkovic","Anastasija Cvetkovic","SRB","Girls","14","https://www.itftennis.com/en/players/anastasija-cvetkovic/800598140/srb/jt/s/itf-points-breakdown/","doubles","The Junior Championships, Wimbledon","JGS","2025-07-05","2026-07-04","0","0.25","0","false"
"anastasija-cvetkovic","Anastasija Cvetkovic","SRB","Girls","14","https://www.itftennis.com/en/players/anastasija-cvetkovic/800598140/srb/jt/s/itf-points-breakdown/","doubles","US Open Junior Tennis Championships","JGS","2025-08-31","2026-08-30","0","0.25","0","false"
"kanon-sawashiro","Kanon Sawashiro","JPN","Girls","15","https://www.itftennis.com/en/players/kanon-sawashiro/800666095/jpn/jt/s/itf-points-breakdown/","singles","J300 Wanju (Closed Asia Regional Championship)","J300","2025-10-06","2026-10-05","300","1","300","true"
"kanon-sawashiro","Kanon Sawashiro","JPN","Girls","15","https://www.itftennis.com/en/players/kanon-sawashiro/800666095/jpn/jt/s/itf-points-breakdown/","singles","Australian Open Junior Championships","JGS","2026-01-24","2027-01-23","300","1","300","true"
"kanon-sawashiro","Kanon Sawashiro","JPN","Girls","15","https://www.itftennis.com/en/players/kanon-sawashiro/800666095/jpn/jt/s/itf-points-breakdown/","singles","The Junior Championships, Wimbledon","JGS","2025-07-05","2026-07-04","180","1","180","true"
"kanon-sawashiro","Kanon Sawashiro","JPN","Girls","15","https://www.itftennis.com/en/players/kanon-sawashiro/800666095/jpn/jt/s/itf-points-breakdown/","singles","US Open Junior Tennis Championships","JGS","2025-08-31","2026-08-30","180","1","180","true"
"kanon-sawashiro","Kanon Sawashiro","JPN","Girls","15","https://www.itftennis.com/en/players/kanon-sawashiro/800666095/jpn/jt/s/itf-points-breakdown/","singles","J500 Osaka","J500","2025-09-22","2026-09-21","150","1","150","true"
"kanon-sawashiro","Kanon Sawashiro","JPN","Girls","15","https://www.itftennis.com/en/players/kanon-sawashiro/800666095/jpn/jt/s/itf-points-breakdown/","singles","J300 Charleroi-Marcinelle","J300","2025-05-26","2026-05-25","140","1","140","true"
"kanon-sawashiro","Kanon Sawashiro","JPN","Girls","15","https://www.itftennis.com/en/players/kanon-sawashiro/800666095/jpn/jt/s/itf-points-breakdown/","singles","J300 Traralgon","J300","2026-01-16","2027-01-15","140","1","140","false"
"kanon-sawashiro","Kanon Sawashiro","JPN","Girls","15","https://www.itftennis.com/en/players/kanon-sawashiro/800666095/jpn/jt/s/itf-points-breakdown/","singles","J300 Repentigny","J300","2025-08-24","2026-08-23","60","1","60","false"
"kanon-sawashiro","Kanon Sawashiro","JPN","Girls","15","https://www.itftennis.com/en/players/kanon-sawashiro/800666095/jpn/jt/s/itf-points-breakdown/","singles","J300 Bradenton","J300","2025-12-01","2026-11-30","60","1","60","false"
"kanon-sawashiro","Kanon Sawashiro","JPN","Girls","15","https://www.itftennis.com/en/players/kanon-sawashiro/800666095/jpn/jt/s/itf-points-breakdown/","singles","J200 Chuncheon","J200","2025-09-30","2026-09-29","60","1","60","false"
"kanon-sawashiro","Kanon Sawashiro","JPN","Girls","15","https://www.itftennis.com/en/players/kanon-sawashiro/800666095/jpn/jt/s/itf-points-breakdown/","singles","J500 Fort Lauderdale","J500","2025-12-08","2026-12-07","45","1","45","false"
"kanon-sawashiro","Kanon Sawashiro","JPN","Girls","15","https://www.itftennis.com/en/players/kanon-sawashiro/800666095/jpn/jt/s/itf-points-breakdown/","singles","J500 Milan","J500","2025-05-19","2026-05-18","0","1","0","false"
"kanon-sawashiro","Kanon Sawashiro","JPN","Girls","15","https://www.itftennis.com/en/players/kanon-sawashiro/800666095/jpn/jt/s/itf-points-breakdown/","singles","J500 Merida","J500","2025-11-24","2026-11-23","0","1","0","false"
"kanon-sawashiro","Kanon Sawashiro","JPN","Girls","15","https://www.itftennis.com/en/players/kanon-sawashiro/800666095/jpn/jt/s/itf-points-breakdown/","singles","J300 Roehampton","J300","2025-06-29","2026-06-28","0","1","0","false"
"kanon-sawashiro","Kanon Sawashiro","JPN","Girls","15","https://www.itftennis.com/en/players/kanon-sawashiro/800666095/jpn/jt/s/itf-points-breakdown/","singles","J300 College Park","J300","2025-08-18","2026-08-17","0","1","0","false"
"kanon-sawashiro","Kanon Sawashiro","JPN","Girls","15","https://www.itftennis.com/en/players/kanon-sawashiro/800666095/jpn/jt/s/itf-points-breakdown/","doubles","J300 Bradenton","J300","2025-12-01","2026-11-30","225","0.25","56.25","true"
"kanon-sawashiro","Kanon Sawashiro","JPN","Girls","15","https://www.itftennis.com/en/players/kanon-sawashiro/800666095/jpn/jt/s/itf-points-breakdown/","doubles","US Open Junior Tennis Championships","JGS","2025-08-31","2026-08-30","225","0.25","56.25","true"
"kanon-sawashiro","Kanon Sawashiro","JPN","Girls","15","https://www.itftennis.com/en/players/kanon-sawashiro/800666095/jpn/jt/s/itf-points-breakdown/","doubles","J200 Chuncheon","J200","2025-09-30","2026-09-29","150","0.25","37.5","true"
"kanon-sawashiro","Kanon Sawashiro","JPN","Girls","15","https://www.itftennis.com/en/players/kanon-sawashiro/800666095/jpn/jt/s/itf-points-breakdown/","doubles","J500 Merida","J500","2025-11-24","2026-11-23","112","0.25","28","true"
"kanon-sawashiro","Kanon Sawashiro","JPN","Girls","15","https://www.itftennis.com/en/players/kanon-sawashiro/800666095/jpn/jt/s/itf-points-breakdown/","doubles","J300 Wanju (Closed Asia Regional Championship)","J300","2025-10-06","2026-10-05","105","0.25","26.25","true"
"kanon-sawashiro","Kanon Sawashiro","JPN","Girls","15","https://www.itftennis.com/en/players/kanon-sawashiro/800666095/jpn/jt/s/itf-points-breakdown/","doubles","J300 Charleroi-Marcinelle","J300","2025-05-26","2026-05-25","75","0.25","18.75","true"
"kanon-sawashiro","Kanon Sawashiro","JPN","Girls","15","https://www.itftennis.com/en/players/kanon-sawashiro/800666095/jpn/jt/s/itf-points-breakdown/","doubles","J300 College Park","J300","2025-08-18","2026-08-17","75","0.25","18.75","false"
"kanon-sawashiro","Kanon Sawashiro","JPN","Girls","15","https://www.itftennis.com/en/players/kanon-sawashiro/800666095/jpn/jt/s/itf-points-breakdown/","doubles","J300 Repentigny","J300","2025-08-24","2026-08-23","75","0.25","18.75","false"
"kanon-sawashiro","Kanon Sawashiro","JPN","Girls","15","https://www.itftennis.com/en/players/kanon-sawashiro/800666095/jpn/jt/s/itf-points-breakdown/","doubles","J300 Traralgon","J300","2026-01-16","2027-01-15","45","0.25","11.25","false"
"kanon-sawashiro","Kanon Sawashiro","JPN","Girls","15","https://www.itftennis.com/en/players/kanon-sawashiro/800666095/jpn/jt/s/itf-points-breakdown/","doubles","J500 Milan","J500","2025-05-19","2026-05-18","0","0.25","0","false"
"kanon-sawashiro","Kanon Sawashiro","JPN","Girls","15","https://www.itftennis.com/en/players/kanon-sawashiro/800666095/jpn/jt/s/itf-points-breakdown/","doubles","J500 Osaka","J500","2025-09-22","2026-09-21","0","0.25","0","false"
"kanon-sawashiro","Kanon Sawashiro","JPN","Girls","15","https://www.itftennis.com/en/players/kanon-sawashiro/800666095/jpn/jt/s/itf-points-breakdown/","doubles","J500 Fort Lauderdale","J500","2025-12-08","2026-12-07","0","0.25","0","false"
"kanon-sawashiro","Kanon Sawashiro","JPN","Girls","15","https://www.itftennis.com/en/players/kanon-sawashiro/800666095/jpn/jt/s/itf-points-breakdown/","doubles","The Junior Championships, Wimbledon","JGS","2025-07-05","2026-07-04","0","0.25","0","false"
"kanon-sawashiro","Kanon Sawashiro","JPN","Girls","15","https://www.itftennis.com/en/players/kanon-sawashiro/800666095/jpn/jt/s/itf-points-breakdown/","doubles","Australian Open Junior Championships","JGS","2026-01-24","2027-01-23","0","0.25","0","false"
"charo-esquiva-banuls","Charo Esquiva Banuls","ESP","Girls","16","https://www.itftennis.com/en/players/charo-esquiva-banuls/800672253/esp/jt/s/itf-points-breakdown/","singles","US Open Junior Tennis Championships","JGS","2025-08-31","2026-08-30","300","1","300","true"
"charo-esquiva-banuls","Charo Esquiva Banuls","ESP","Girls","16","https://www.itftennis.com/en/players/charo-esquiva-banuls/800672253/esp/jt/s/itf-points-breakdown/","singles","2025 ITF World Tennis Tour Junior Finals","JM","2025-10-22","2026-10-21","260","1","260","true"
"charo-esquiva-banuls","Charo Esquiva Banuls","ESP","Girls","16","https://www.itftennis.com/en/players/charo-esquiva-banuls/800672253/esp/jt/s/itf-points-breakdown/","singles","J300 Oberpullendorf (Europe Regional Championships)","J300","2025-09-15","2026-09-14","210","1","210","true"
"charo-esquiva-banuls","Charo Esquiva Banuls","ESP","Girls","16","https://www.itftennis.com/en/players/charo-esquiva-banuls/800672253/esp/jt/s/itf-points-breakdown/","singles","Roland Garros Junior Championships","JGS","2025-06-01","2026-05-31","180","1","180","true"
"charo-esquiva-banuls","Charo Esquiva Banuls","ESP","Girls","16","https://www.itftennis.com/en/players/charo-esquiva-banuls/800672253/esp/jt/s/itf-points-breakdown/","singles","The Junior Championships, Wimbledon","JGS","2025-07-05","2026-07-04","180","1","180","true"
"charo-esquiva-banuls","Charo Esquiva Banuls","ESP","Girls","16","https://www.itftennis.com/en/players/charo-esquiva-banuls/800672253/esp/jt/s/itf-points-breakdown/","singles","Tennis Europe Summer Cups (G18)","GC","2025-08-04","2026-08-03","95","1","95","true"
"charo-esquiva-banuls","Charo Esquiva Banuls","ESP","Girls","16","https://www.itftennis.com/en/players/charo-esquiva-banuls/800672253/esp/jt/s/itf-points-breakdown/","singles","J500 Milan","J500","2025-05-19","2026-05-18","45","1","45","false"
"charo-esquiva-banuls","Charo Esquiva Banuls","ESP","Girls","16","https://www.itftennis.com/en/players/charo-esquiva-banuls/800672253/esp/jt/s/itf-points-breakdown/","singles","J300 Roehampton","J300","2025-06-29","2026-06-28","0","1","0","false"
"charo-esquiva-banuls","Charo Esquiva Banuls","ESP","Girls","16","https://www.itftennis.com/en/players/charo-esquiva-banuls/800672253/esp/jt/s/itf-points-breakdown/","doubles","Roland Garros Junior Championships","JGS","2025-06-01","2026-05-31","225","0.25","56.25","true"
"charo-esquiva-banuls","Charo Esquiva Banuls","ESP","Girls","16","https://www.itftennis.com/en/players/charo-esquiva-banuls/800672253/esp/jt/s/itf-points-breakdown/","doubles","The Junior Championships, Wimbledon","JGS","2025-07-05","2026-07-04","225","0.25","56.25","true"
"charo-esquiva-banuls","Charo Esquiva Banuls","ESP","Girls","16","https://www.itftennis.com/en/players/charo-esquiva-banuls/800672253/esp/jt/s/itf-points-breakdown/","doubles","US Open Junior Tennis Championships","JGS","2025-08-31","2026-08-30","225","0.25","56.25","true"
"charo-esquiva-banuls","Charo Esquiva Banuls","ESP","Girls","16","https://www.itftennis.com/en/players/charo-esquiva-banuls/800672253/esp/jt/s/itf-points-breakdown/","doubles","J500 Milan","J500","2025-05-19","2026-05-18","187","0.25","46.75","true"
"charo-esquiva-banuls","Charo Esquiva Banuls","ESP","Girls","16","https://www.itftennis.com/en/players/charo-esquiva-banuls/800672253/esp/jt/s/itf-points-breakdown/","doubles","J300 Oberpullendorf (Europe Regional Championships)","J300","2025-09-15","2026-09-14","75","0.25","18.75","true"
"charo-esquiva-banuls","Charo Esquiva Banuls","ESP","Girls","16","https://www.itftennis.com/en/players/charo-esquiva-banuls/800672253/esp/jt/s/itf-points-breakdown/","doubles","J300 Roehampton","J300","2025-06-29","2026-06-28","0","0.25","0","true"
"charo-esquiva-banuls","Charo Esquiva Banuls","ESP","Girls","16","https://www.itftennis.com/en/players/charo-esquiva-banuls/800672253/esp/jt/s/itf-points-breakdown/","doubles","Tennis Europe Summer Cups (G18)","GC","2025-08-04","2026-08-03","0","0.25","0","false"
"ida-wobker","Ida Wobker","GER","Girls","17","https://www.itftennis.com/en/players/ida-wobker/800671481/ger/jt/s/itf-points-breakdown/","singles","J500 Cairo","J500","2026-04-06","2027-04-05","500","1","500","true"
"ida-wobker","Ida Wobker","GER","Girls","17","https://www.itftennis.com/en/players/ida-wobker/800671481/ger/jt/s/itf-points-breakdown/","singles","J200 Mugla","J200","2025-09-29","2026-09-28","200","1","200","true"
"ida-wobker","Ida Wobker","GER","Girls","17","https://www.itftennis.com/en/players/ida-wobker/800671481/ger/jt/s/itf-points-breakdown/","singles","J300 Charleroi-Marcinelle","J300","2025-05-26","2026-05-25","140","1","140","true"
"ida-wobker","Ida Wobker","GER","Girls","17","https://www.itftennis.com/en/players/ida-wobker/800671481/ger/jt/s/itf-points-breakdown/","singles","J300 Bamberg","J300","2025-06-10","2026-06-09","140","1","140","true"
"ida-wobker","Ida Wobker","GER","Girls","17","https://www.itftennis.com/en/players/ida-wobker/800671481/ger/jt/s/itf-points-breakdown/","singles","J200 Oslo","J200","2025-11-24","2026-11-23","140","1","140","true"
"ida-wobker","Ida Wobker","GER","Girls","17","https://www.itftennis.com/en/players/ida-wobker/800671481/ger/jt/s/itf-points-breakdown/","singles","J300 Bytom","J300","2025-07-22","2026-07-21","100","1","100","true"
"ida-wobker","Ida Wobker","GER","Girls","17","https://www.itftennis.com/en/players/ida-wobker/800671481/ger/jt/s/itf-points-breakdown/","singles","J200 Cap d'Ail","J200","2026-03-30","2027-03-29","100","1","100","false"
"ida-wobker","Ida Wobker","GER","Girls","17","https://www.itftennis.com/en/players/ida-wobker/800671481/ger/jt/s/itf-points-breakdown/","singles","J200 Szekesfehervar","J200","2025-10-22","2026-10-21","60","1","60","false"
"ida-wobker","Ida Wobker","GER","Girls","17","https://www.itftennis.com/en/players/ida-wobker/800671481/ger/jt/s/itf-points-breakdown/","singles","J300 Casablanca","J300","2026-02-09","2027-02-08","0","1","0","false"
"ida-wobker","Ida Wobker","GER","Girls","17","https://www.itftennis.com/en/players/ida-wobker/800671481/ger/jt/s/itf-points-breakdown/","doubles","J300 Charleroi-Marcinelle","J300","2025-05-26","2026-05-25","225","0.25","56.25","true"
"ida-wobker","Ida Wobker","GER","Girls","17","https://www.itftennis.com/en/players/ida-wobker/800671481/ger/jt/s/itf-points-breakdown/","doubles","J300 Casablanca","J300","2026-02-09","2027-02-08","157","0.25","39.25","true"
"ida-wobker","Ida Wobker","GER","Girls","17","https://www.itftennis.com/en/players/ida-wobker/800671481/ger/jt/s/itf-points-breakdown/","doubles","J200 Cap d'Ail","J200","2026-03-30","2027-03-29","150","0.25","37.5","true"
"ida-wobker","Ida Wobker","GER","Girls","17","https://www.itftennis.com/en/players/ida-wobker/800671481/ger/jt/s/itf-points-breakdown/","doubles","J500 Cairo","J500","2026-04-06","2027-04-05","112","0.25","28","true"
"ida-wobker","Ida Wobker","GER","Girls","17","https://www.itftennis.com/en/players/ida-wobker/800671481/ger/jt/s/itf-points-breakdown/","doubles","J200 Szekesfehervar","J200","2025-10-22","2026-10-21","105","0.25","26.25","true"
"ida-wobker","Ida Wobker","GER","Girls","17","https://www.itftennis.com/en/players/ida-wobker/800671481/ger/jt/s/itf-points-breakdown/","doubles","J300 Bamberg","J300","2025-06-10","2026-06-09","75","0.25","18.75","true"
"ida-wobker","Ida Wobker","GER","Girls","17","https://www.itftennis.com/en/players/ida-wobker/800671481/ger/jt/s/itf-points-breakdown/","doubles","J200 Oslo","J200","2025-11-24","2026-11-23","45","0.25","11.25","false"
"paola-pinera-celorio","Paola Pinera Celorio","ESP","Girls","18","https://www.itftennis.com/en/players/paola-pinera-celorio/800656554/esp/jt/s/itf-points-breakdown/","singles","J500 Offenbach","J500","2026-05-04","2027-05-03","250","1","250","true"
"paola-pinera-celorio","Paola Pinera Celorio","ESP","Girls","18","https://www.itftennis.com/en/players/paola-pinera-celorio/800656554/esp/jt/s/itf-points-breakdown/","singles","J300 Villena","J300","2026-03-16","2027-03-15","210","1","210","true"
"paola-pinera-celorio","Paola Pinera Celorio","ESP","Girls","18","https://www.itftennis.com/en/players/paola-pinera-celorio/800656554/esp/jt/s/itf-points-breakdown/","singles","J300 Beaulieu-sur-Mer","J300","2026-04-13","2027-04-12","210","1","210","true"
"paola-pinera-celorio","Paola Pinera Celorio","ESP","Girls","18","https://www.itftennis.com/en/players/paola-pinera-celorio/800656554/esp/jt/s/itf-points-breakdown/","singles","J200 Hammamet","J200","2026-01-13","2027-01-12","200","1","200","true"
"paola-pinera-celorio","Paola Pinera Celorio","ESP","Girls","18","https://www.itftennis.com/en/players/paola-pinera-celorio/800656554/esp/jt/s/itf-points-breakdown/","singles","J300 Vrsar","J300","2026-03-23","2027-03-22","140","1","140","true"
"paola-pinera-celorio","Paola Pinera Celorio","ESP","Girls","18","https://www.itftennis.com/en/players/paola-pinera-celorio/800656554/esp/jt/s/itf-points-breakdown/","singles","J200 Castricum","J200","2025-07-01","2026-06-30","140","1","140","true"
"paola-pinera-celorio","Paola Pinera Celorio","ESP","Girls","18","https://www.itftennis.com/en/players/paola-pinera-celorio/800656554/esp/jt/s/itf-points-breakdown/","singles","J200 Cairo","J200","2025-11-10","2026-11-09","140","1","140","false"
"paola-pinera-celorio","Paola Pinera Celorio","ESP","Girls","18","https://www.itftennis.com/en/players/paola-pinera-celorio/800656554/esp/jt/s/itf-points-breakdown/","singles","J200 Marsa","J200","2026-01-20","2027-01-19","140","1","140","false"
"paola-pinera-celorio","Paola Pinera Celorio","ESP","Girls","18","https://www.itftennis.com/en/players/paola-pinera-celorio/800656554/esp/jt/s/itf-points-breakdown/","singles","J200 Belgrade","J200","2025-08-25","2026-08-24","100","1","100","false"
"paola-pinera-celorio","Paola Pinera Celorio","ESP","Girls","18","https://www.itftennis.com/en/players/paola-pinera-celorio/800656554/esp/jt/s/itf-points-breakdown/","singles","J300 Bytom","J300","2025-07-22","2026-07-21","60","1","60","false"
"paola-pinera-celorio","Paola Pinera Celorio","ESP","Girls","18","https://www.itftennis.com/en/players/paola-pinera-celorio/800656554/esp/jt/s/itf-points-breakdown/","singles","J200 Rakovnik","J200","2025-09-01","2026-08-31","60","1","60","false"
"paola-pinera-celorio","Paola Pinera Celorio","ESP","Girls","18","https://www.itftennis.com/en/players/paola-pinera-celorio/800656554/esp/jt/s/itf-points-breakdown/","singles","J200 Cairo","J200","2025-11-03","2026-11-02","60","1","60","false"
"paola-pinera-celorio","Paola Pinera Celorio","ESP","Girls","18","https://www.itftennis.com/en/players/paola-pinera-celorio/800656554/esp/jt/s/itf-points-breakdown/","singles","J60 Holte","J60","2025-06-10","2026-06-09","36","1","36","false"
"paola-pinera-celorio","Paola Pinera Celorio","ESP","Girls","18","https://www.itftennis.com/en/players/paola-pinera-celorio/800656554/esp/jt/s/itf-points-breakdown/","singles","J300 Pancevo","J300","2025-08-18","2026-08-17","0","1","0","false"
"paola-pinera-celorio","Paola Pinera Celorio","ESP","Girls","18","https://www.itftennis.com/en/players/paola-pinera-celorio/800656554/esp/jt/s/itf-points-breakdown/","singles","J300 Sanxenxo","J300","2025-09-23","2026-09-22","0","1","0","false"
"paola-pinera-celorio","Paola Pinera Celorio","ESP","Girls","18","https://www.itftennis.com/en/players/paola-pinera-celorio/800656554/esp/jt/s/itf-points-breakdown/","singles","J200 Vigo","J200","2025-09-30","2026-09-29","0","1","0","false"
"paola-pinera-celorio","Paola Pinera Celorio","ESP","Girls","18","https://www.itftennis.com/en/players/paola-pinera-celorio/800656554/esp/jt/s/itf-points-breakdown/","doubles","J300 Vrsar","J300","2026-03-23","2027-03-22","225","0.25","56.25","true"
"paola-pinera-celorio","Paola Pinera Celorio","ESP","Girls","18","https://www.itftennis.com/en/players/paola-pinera-celorio/800656554/esp/jt/s/itf-points-breakdown/","doubles","J300 Beaulieu-sur-Mer","J300","2026-04-13","2027-04-12","225","0.25","56.25","true"
"paola-pinera-celorio","Paola Pinera Celorio","ESP","Girls","18","https://www.itftennis.com/en/players/paola-pinera-celorio/800656554/esp/jt/s/itf-points-breakdown/","doubles","J500 Offenbach","J500","2026-05-04","2027-05-03","187","0.25","46.75","true"
"paola-pinera-celorio","Paola Pinera Celorio","ESP","Girls","18","https://www.itftennis.com/en/players/paola-pinera-celorio/800656554/esp/jt/s/itf-points-breakdown/","doubles","J200 Rakovnik","J200","2025-09-01","2026-08-31","150","0.25","37.5","true"
"paola-pinera-celorio","Paola Pinera Celorio","ESP","Girls","18","https://www.itftennis.com/en/players/paola-pinera-celorio/800656554/esp/jt/s/itf-points-breakdown/","doubles","J200 Vigo","J200","2025-09-30","2026-09-29","150","0.25","37.5","true"
"paola-pinera-celorio","Paola Pinera Celorio","ESP","Girls","18","https://www.itftennis.com/en/players/paola-pinera-celorio/800656554/esp/jt/s/itf-points-breakdown/","doubles","J300 Sanxenxo","J300","2025-09-23","2026-09-22","105","0.25","26.25","true"
"paola-pinera-celorio","Paola Pinera Celorio","ESP","Girls","18","https://www.itftennis.com/en/players/paola-pinera-celorio/800656554/esp/jt/s/itf-points-breakdown/","doubles","J300 Pancevo","J300","2025-08-18","2026-08-17","75","0.25","18.75","false"
"paola-pinera-celorio","Paola Pinera Celorio","ESP","Girls","18","https://www.itftennis.com/en/players/paola-pinera-celorio/800656554/esp/jt/s/itf-points-breakdown/","doubles","J200 Cairo","J200","2025-11-10","2026-11-09","75","0.25","18.75","false"
"paola-pinera-celorio","Paola Pinera Celorio","ESP","Girls","18","https://www.itftennis.com/en/players/paola-pinera-celorio/800656554/esp/jt/s/itf-points-breakdown/","doubles","J200 Cairo","J200","2025-11-03","2026-11-02","45","0.25","11.25","false"
"paola-pinera-celorio","Paola Pinera Celorio","ESP","Girls","18","https://www.itftennis.com/en/players/paola-pinera-celorio/800656554/esp/jt/s/itf-points-breakdown/","doubles","J200 Hammamet","J200","2026-01-13","2027-01-12","45","0.25","11.25","false"
"paola-pinera-celorio","Paola Pinera Celorio","ESP","Girls","18","https://www.itftennis.com/en/players/paola-pinera-celorio/800656554/esp/jt/s/itf-points-breakdown/","doubles","J300 Bytom","J300","2025-07-22","2026-07-21","0","0.25","0","false"
"paola-pinera-celorio","Paola Pinera Celorio","ESP","Girls","18","https://www.itftennis.com/en/players/paola-pinera-celorio/800656554/esp/jt/s/itf-points-breakdown/","doubles","J300 Villena","J300","2026-03-16","2027-03-15","0","0.25","0","false"
"paola-pinera-celorio","Paola Pinera Celorio","ESP","Girls","18","https://www.itftennis.com/en/players/paola-pinera-celorio/800656554/esp/jt/s/itf-points-breakdown/","doubles","J200 Castricum","J200","2025-07-01","2026-06-30","0","0.25","0","false"
"paola-pinera-celorio","Paola Pinera Celorio","ESP","Girls","18","https://www.itftennis.com/en/players/paola-pinera-celorio/800656554/esp/jt/s/itf-points-breakdown/","doubles","J200 Belgrade","J200","2025-08-25","2026-08-24","0","0.25","0","false"
"mariella-thamm","Mariella Thamm","GER","Girls","19","https://www.itftennis.com/en/players/mariella-thamm/800601474/ger/jt/s/itf-points-breakdown/","singles","J300 Villena","J300","2026-03-16","2027-03-15","300","1","300","true"
"mariella-thamm","Mariella Thamm","GER","Girls","19","https://www.itftennis.com/en/players/mariella-thamm/800601474/ger/jt/s/itf-points-breakdown/","singles","J200 Belgrade","J200","2025-08-25","2026-08-24","200","1","200","true"
"mariella-thamm","Mariella Thamm","GER","Girls","19","https://www.itftennis.com/en/players/mariella-thamm/800601474/ger/jt/s/itf-points-breakdown/","singles","J200 Oberhaching","J200","2026-02-02","2027-02-01","200","1","200","true"
"mariella-thamm","Mariella Thamm","GER","Girls","19","https://www.itftennis.com/en/players/mariella-thamm/800601474/ger/jt/s/itf-points-breakdown/","singles","J200 Valencia","J200","2026-03-02","2027-03-01","200","1","200","true"
"mariella-thamm","Mariella Thamm","GER","Girls","19","https://www.itftennis.com/en/players/mariella-thamm/800601474/ger/jt/s/itf-points-breakdown/","singles","J200 Benicarlo","J200","2026-03-10","2027-03-09","140","1","140","true"
"mariella-thamm","Mariella Thamm","GER","Girls","19","https://www.itftennis.com/en/players/mariella-thamm/800601474/ger/jt/s/itf-points-breakdown/","singles","J300 Pancevo","J300","2025-08-18","2026-08-17","100","1","100","true"
"mariella-thamm","Mariella Thamm","GER","Girls","19","https://www.itftennis.com/en/players/mariella-thamm/800601474/ger/jt/s/itf-points-breakdown/","singles","Roland Garros Junior Championships","JGS","2025-06-01","2026-05-31","90","1","90","false"
"mariella-thamm","Mariella Thamm","GER","Girls","19","https://www.itftennis.com/en/players/mariella-thamm/800601474/ger/jt/s/itf-points-breakdown/","singles","Australian Open Junior Championships","JGS","2026-01-24","2027-01-23","90","1","90","false"
"mariella-thamm","Mariella Thamm","GER","Girls","19","https://www.itftennis.com/en/players/mariella-thamm/800601474/ger/jt/s/itf-points-breakdown/","singles","J300 Traralgon","J300","2026-01-16","2027-01-15","60","1","60","false"
"mariella-thamm","Mariella Thamm","GER","Girls","19","https://www.itftennis.com/en/players/mariella-thamm/800601474/ger/jt/s/itf-points-breakdown/","singles","J500 Milan","J500","2025-05-19","2026-05-18","45","1","45","false"
"mariella-thamm","Mariella Thamm","GER","Girls","19","https://www.itftennis.com/en/players/mariella-thamm/800601474/ger/jt/s/itf-points-breakdown/","singles","J500 Offenbach","J500","2026-05-04","2027-05-03","45","1","45","false"
"mariella-thamm","Mariella Thamm","GER","Girls","19","https://www.itftennis.com/en/players/mariella-thamm/800601474/ger/jt/s/itf-points-breakdown/","doubles","J500 Offenbach","J500","2026-05-04","2027-05-03","375","0.25","93.75","true"
"mariella-thamm","Mariella Thamm","GER","Girls","19","https://www.itftennis.com/en/players/mariella-thamm/800601474/ger/jt/s/itf-points-breakdown/","doubles","J200 Oberhaching","J200","2026-02-02","2027-02-01","150","0.25","37.5","true"
"mariella-thamm","Mariella Thamm","GER","Girls","19","https://www.itftennis.com/en/players/mariella-thamm/800601474/ger/jt/s/itf-points-breakdown/","doubles","Roland Garros Junior Championships","JGS","2025-06-01","2026-05-31","135","0.25","33.75","true"
"mariella-thamm","Mariella Thamm","GER","Girls","19","https://www.itftennis.com/en/players/mariella-thamm/800601474/ger/jt/s/itf-points-breakdown/","doubles","Australian Open Junior Championships","JGS","2026-01-24","2027-01-23","135","0.25","33.75","true"
"mariella-thamm","Mariella Thamm","GER","Girls","19","https://www.itftennis.com/en/players/mariella-thamm/800601474/ger/jt/s/itf-points-breakdown/","doubles","J200 Belgrade","J200","2025-08-25","2026-08-24","105","0.25","26.25","true"
"mariella-thamm","Mariella Thamm","GER","Girls","19","https://www.itftennis.com/en/players/mariella-thamm/800601474/ger/jt/s/itf-points-breakdown/","doubles","J200 Benicarlo","J200","2026-03-10","2027-03-09","75","0.25","18.75","true"
"mariella-thamm","Mariella Thamm","GER","Girls","19","https://www.itftennis.com/en/players/mariella-thamm/800601474/ger/jt/s/itf-points-breakdown/","doubles","J500 Milan","J500","2025-05-19","2026-05-18","67","0.25","16.75","false"
"mariella-thamm","Mariella Thamm","GER","Girls","19","https://www.itftennis.com/en/players/mariella-thamm/800601474/ger/jt/s/itf-points-breakdown/","doubles","J200 Valencia","J200","2026-03-02","2027-03-01","45","0.25","11.25","false"
"mariella-thamm","Mariella Thamm","GER","Girls","19","https://www.itftennis.com/en/players/mariella-thamm/800601474/ger/jt/s/itf-points-breakdown/","doubles","J300 Pancevo","J300","2025-08-18","2026-08-17","0","0.25","0","false"
"mariella-thamm","Mariella Thamm","GER","Girls","19","https://www.itftennis.com/en/players/mariella-thamm/800601474/ger/jt/s/itf-points-breakdown/","doubles","J300 Traralgon","J300","2026-01-16","2027-01-15","0","0.25","0","false"
"mariella-thamm","Mariella Thamm","GER","Girls","19","https://www.itftennis.com/en/players/mariella-thamm/800601474/ger/jt/s/itf-points-breakdown/","doubles","J300 Villena","J300","2026-03-16","2027-03-15","0","0.25","0","false"
"mariia-makarova","Mariia Makarova","RUS","Girls","20","https://www.itftennis.com/en/players/mariia-makarova/800644962/rus/jt/s/itf-points-breakdown/","singles","J300 Sanxenxo","J300","2025-09-23","2026-09-22","300","1","300","true"
"mariia-makarova","Mariia Makarova","RUS","Girls","20","https://www.itftennis.com/en/players/mariia-makarova/800644962/rus/jt/s/itf-points-breakdown/","singles","Australian Open Junior Championships","JGS","2026-01-24","2027-01-23","300","1","300","true"
"mariia-makarova","Mariia Makarova","RUS","Girls","20","https://www.itftennis.com/en/players/mariia-makarova/800644962/rus/jt/s/itf-points-breakdown/","singles","J200 Cairo","J200","2025-11-03","2026-11-02","200","1","200","true"
"mariia-makarova","Mariia Makarova","RUS","Girls","20","https://www.itftennis.com/en/players/mariia-makarova/800644962/rus/jt/s/itf-points-breakdown/","singles","J200 Cairo","J200","2025-11-10","2026-11-09","200","1","200","true"
"mariia-makarova","Mariia Makarova","RUS","Girls","20","https://www.itftennis.com/en/players/mariia-makarova/800644962/rus/jt/s/itf-points-breakdown/","singles","J300 Traralgon","J300","2026-01-16","2027-01-15","60","1","60","true"
"mariia-makarova","Mariia Makarova","RUS","Girls","20","https://www.itftennis.com/en/players/mariia-makarova/800644962/rus/jt/s/itf-points-breakdown/","singles","J200 Vigo","J200","2025-09-30","2026-09-29","60","1","60","true"
"mariia-makarova","Mariia Makarova","RUS","Girls","20","https://www.itftennis.com/en/players/mariia-makarova/800644962/rus/jt/s/itf-points-breakdown/","singles","J500 Milan","J500","2025-05-19","2026-05-18","45","1","45","false"
"mariia-makarova","Mariia Makarova","RUS","Girls","20","https://www.itftennis.com/en/players/mariia-makarova/800644962/rus/jt/s/itf-points-breakdown/","doubles","Australian Open Junior Championships","JGS","2026-01-24","2027-01-23","367","0.25","91.75","true"
"mariia-makarova","Mariia Makarova","RUS","Girls","20","https://www.itftennis.com/en/players/mariia-makarova/800644962/rus/jt/s/itf-points-breakdown/","doubles","J300 Traralgon","J300","2026-01-16","2027-01-15","225","0.25","56.25","true"
"mariia-makarova","Mariia Makarova","RUS","Girls","20","https://www.itftennis.com/en/players/mariia-makarova/800644962/rus/jt/s/itf-points-breakdown/","doubles","J200 Cairo","J200","2025-11-10","2026-11-09","150","0.25","37.5","true"
"mariia-makarova","Mariia Makarova","RUS","Girls","20","https://www.itftennis.com/en/players/mariia-makarova/800644962/rus/jt/s/itf-points-breakdown/","doubles","J300 Sanxenxo","J300","2025-09-23","2026-09-22","105","0.25","26.25","true"
"mariia-makarova","Mariia Makarova","RUS","Girls","20","https://www.itftennis.com/en/players/mariia-makarova/800644962/rus/jt/s/itf-points-breakdown/","doubles","J200 Cairo","J200","2025-11-03","2026-11-02","75","0.25","18.75","true"
"mariia-makarova","Mariia Makarova","RUS","Girls","20","https://www.itftennis.com/en/players/mariia-makarova/800644962/rus/jt/s/itf-points-breakdown/","doubles","J200 Vigo","J200","2025-09-30","2026-09-29","0","0.25","0","true"
"janae-preston","Janae Preston","USA","Girls","21","https://www.itftennis.com/en/players/janae-preston/800758791/usa/jt/s/itf-points-breakdown/","singles","J300 San Jose","J300","2026-01-19","2027-01-18","300","1","300","true"
"janae-preston","Janae Preston","USA","Girls","21","https://www.itftennis.com/en/players/janae-preston/800758791/usa/jt/s/itf-points-breakdown/","singles","J300 Salinas","J300","2026-02-02","2027-02-01","300","1","300","true"
"janae-preston","Janae Preston","USA","Girls","21","https://www.itftennis.com/en/players/janae-preston/800758791/usa/jt/s/itf-points-breakdown/","singles","J300 Lima","J300","2026-02-09","2027-02-08","300","1","300","true"
"janae-preston","Janae Preston","USA","Girls","21","https://www.itftennis.com/en/players/janae-preston/800758791/usa/jt/s/itf-points-breakdown/","singles","J300 Spring - Pan American ITF","J300","2025-10-06","2026-10-05","100","1","100","true"
"janae-preston","Janae Preston","USA","Girls","21","https://www.itftennis.com/en/players/janae-preston/800758791/usa/jt/s/itf-points-breakdown/","singles","J100 Guatemala","J100","2025-06-02","2026-06-01","100","1","100","true"
"janae-preston","Janae Preston","USA","Girls","21","https://www.itftennis.com/en/players/janae-preston/800758791/usa/jt/s/itf-points-breakdown/","singles","J500 Merida","J500","2025-11-24","2026-11-23","90","1","90","true"
"janae-preston","Janae Preston","USA","Girls","21","https://www.itftennis.com/en/players/janae-preston/800758791/usa/jt/s/itf-points-breakdown/","singles","US Open Junior Tennis Championships","JGS","2025-08-31","2026-08-30","90","1","90","false"
"janae-preston","Janae Preston","USA","Girls","21","https://www.itftennis.com/en/players/janae-preston/800758791/usa/jt/s/itf-points-breakdown/","singles","J300 College Park","J300","2025-08-18","2026-08-17","60","1","60","false"
"janae-preston","Janae Preston","USA","Girls","21","https://www.itftennis.com/en/players/janae-preston/800758791/usa/jt/s/itf-points-breakdown/","singles","J100 Guatemala","J100","2025-06-09","2026-06-08","60","1","60","false"
"janae-preston","Janae Preston","USA","Girls","21","https://www.itftennis.com/en/players/janae-preston/800758791/usa/jt/s/itf-points-breakdown/","singles","J500 Fort Lauderdale","J500","2025-12-08","2026-12-07","45","1","45","false"
"janae-preston","Janae Preston","USA","Girls","21","https://www.itftennis.com/en/players/janae-preston/800758791/usa/jt/s/itf-points-breakdown/","doubles","J300 Lima","J300","2026-02-09","2027-02-08","157","0.25","39.25","true"
"janae-preston","Janae Preston","USA","Girls","21","https://www.itftennis.com/en/players/janae-preston/800758791/usa/jt/s/itf-points-breakdown/","doubles","J300 Spring - Pan American ITF","J300","2025-10-06","2026-10-05","105","0.25","26.25","true"
"janae-preston","Janae Preston","USA","Girls","21","https://www.itftennis.com/en/players/janae-preston/800758791/usa/jt/s/itf-points-breakdown/","doubles","J300 Salinas","J300","2026-02-02","2027-02-01","105","0.25","26.25","true"
"janae-preston","Janae Preston","USA","Girls","21","https://www.itftennis.com/en/players/janae-preston/800758791/usa/jt/s/itf-points-breakdown/","doubles","J500 Merida","J500","2025-11-24","2026-11-23","67","0.25","16.75","true"
"janae-preston","Janae Preston","USA","Girls","21","https://www.itftennis.com/en/players/janae-preston/800758791/usa/jt/s/itf-points-breakdown/","doubles","J100 Guatemala","J100","2025-06-02","2026-06-01","45","0.25","11.25","true"
"janae-preston","Janae Preston","USA","Girls","21","https://www.itftennis.com/en/players/janae-preston/800758791/usa/jt/s/itf-points-breakdown/","doubles","J100 Guatemala","J100","2025-06-09","2026-06-08","45","0.25","11.25","true"
"janae-preston","Janae Preston","USA","Girls","21","https://www.itftennis.com/en/players/janae-preston/800758791/usa/jt/s/itf-points-breakdown/","doubles","J500 Fort Lauderdale","J500","2025-12-08","2026-12-07","0","0.25","0","false"
"janae-preston","Janae Preston","USA","Girls","21","https://www.itftennis.com/en/players/janae-preston/800758791/usa/jt/s/itf-points-breakdown/","doubles","J300 College Park","J300","2025-08-18","2026-08-17","0","0.25","0","false"
"janae-preston","Janae Preston","USA","Girls","21","https://www.itftennis.com/en/players/janae-preston/800758791/usa/jt/s/itf-points-breakdown/","doubles","J300 San Jose","J300","2026-01-19","2027-01-18","0","0.25","0","false"
"giulia-safina-popa","Giulia Safina Popa","ROU","Girls","22","https://www.itftennis.com/en/players/giulia-safina-popa/800640357/rou/jt/s/itf-points-breakdown/","singles","J300 Bytom","J300","2025-07-22","2026-07-21","300","1","300","true"
"giulia-safina-popa","Giulia Safina Popa","ROU","Girls","22","https://www.itftennis.com/en/players/giulia-safina-popa/800640357/rou/jt/s/itf-points-breakdown/","singles","J300 Vrsar","J300","2026-03-23","2027-03-22","300","1","300","true"
"giulia-safina-popa","Giulia Safina Popa","ROU","Girls","22","https://www.itftennis.com/en/players/giulia-safina-popa/800640357/rou/jt/s/itf-points-breakdown/","singles","J200 Szekesfehervar","J200","2025-10-22","2026-10-21","200","1","200","true"
"giulia-safina-popa","Giulia Safina Popa","ROU","Girls","22","https://www.itftennis.com/en/players/giulia-safina-popa/800640357/rou/jt/s/itf-points-breakdown/","singles","J500 Cairo","J500","2026-04-06","2027-04-05","150","1","150","true"
"giulia-safina-popa","Giulia Safina Popa","ROU","Girls","22","https://www.itftennis.com/en/players/giulia-safina-popa/800640357/rou/jt/s/itf-points-breakdown/","singles","J300 Cairo","J300","2026-03-30","2027-03-29","140","1","140","true"
"giulia-safina-popa","Giulia Safina Popa","ROU","Girls","22","https://www.itftennis.com/en/players/giulia-safina-popa/800640357/rou/jt/s/itf-points-breakdown/","singles","J500 Offenbach","J500","2026-05-04","2027-05-03","90","1","90","true"
"giulia-safina-popa","Giulia Safina Popa","ROU","Girls","22","https://www.itftennis.com/en/players/giulia-safina-popa/800640357/rou/jt/s/itf-points-breakdown/","singles","Roland Garros Junior Championships","JGS","2025-06-01","2026-05-31","90","1","90","false"
"giulia-safina-popa","Giulia Safina Popa","ROU","Girls","22","https://www.itftennis.com/en/players/giulia-safina-popa/800640357/rou/jt/s/itf-points-breakdown/","singles","J300 Bamberg","J300","2025-06-10","2026-06-09","60","1","60","false"
"giulia-safina-popa","Giulia Safina Popa","ROU","Girls","22","https://www.itftennis.com/en/players/giulia-safina-popa/800640357/rou/jt/s/itf-points-breakdown/","singles","J500 Milan","J500","2025-05-19","2026-05-18","45","1","45","false"
"giulia-safina-popa","Giulia Safina Popa","ROU","Girls","22","https://www.itftennis.com/en/players/giulia-safina-popa/800640357/rou/jt/s/itf-points-breakdown/","singles","J200 Kosice","J200","2026-01-06","2027-01-05","36","1","36","false"
"giulia-safina-popa","Giulia Safina Popa","ROU","Girls","22","https://www.itftennis.com/en/players/giulia-safina-popa/800640357/rou/jt/s/itf-points-breakdown/","singles","J100 Zapopan","J100","2025-11-10","2026-11-09","10","1","10","false"
"giulia-safina-popa","Giulia Safina Popa","ROU","Girls","22","https://www.itftennis.com/en/players/giulia-safina-popa/800640357/rou/jt/s/itf-points-breakdown/","singles","J500 Merida","J500","2025-11-24","2026-11-23","0","1","0","false"
"giulia-safina-popa","Giulia Safina Popa","ROU","Girls","22","https://www.itftennis.com/en/players/giulia-safina-popa/800640357/rou/jt/s/itf-points-breakdown/","singles","J300 Roehampton","J300","2025-06-29","2026-06-28","0","1","0","false"
"giulia-safina-popa","Giulia Safina Popa","ROU","Girls","22","https://www.itftennis.com/en/players/giulia-safina-popa/800640357/rou/jt/s/itf-points-breakdown/","singles","J300 Zapopan","J300","2025-11-17","2026-11-16","0","1","0","false"
"giulia-safina-popa","Giulia Safina Popa","ROU","Girls","22","https://www.itftennis.com/en/players/giulia-safina-popa/800640357/rou/jt/s/itf-points-breakdown/","singles","The Junior Championships, Wimbledon","JGS","2025-07-05","2026-07-04","0","1","0","false"
"giulia-safina-popa","Giulia Safina Popa","ROU","Girls","22","https://www.itftennis.com/en/players/giulia-safina-popa/800640357/rou/jt/s/itf-points-breakdown/","doubles","J500 Merida","J500","2025-11-24","2026-11-23","187","0.25","46.75","true"
"giulia-safina-popa","Giulia Safina Popa","ROU","Girls","22","https://www.itftennis.com/en/players/giulia-safina-popa/800640357/rou/jt/s/itf-points-breakdown/","doubles","J200 Szekesfehervar","J200","2025-10-22","2026-10-21","105","0.25","26.25","true"
"giulia-safina-popa","Giulia Safina Popa","ROU","Girls","22","https://www.itftennis.com/en/players/giulia-safina-popa/800640357/rou/jt/s/itf-points-breakdown/","doubles","J300 Bamberg","J300","2025-06-10","2026-06-09","75","0.25","18.75","true"
"giulia-safina-popa","Giulia Safina Popa","ROU","Girls","22","https://www.itftennis.com/en/players/giulia-safina-popa/800640357/rou/jt/s/itf-points-breakdown/","doubles","J300 Zapopan","J300","2025-11-17","2026-11-16","75","0.25","18.75","true"
"giulia-safina-popa","Giulia Safina Popa","ROU","Girls","22","https://www.itftennis.com/en/players/giulia-safina-popa/800640357/rou/jt/s/itf-points-breakdown/","doubles","J300 Vrsar","J300","2026-03-23","2027-03-22","75","0.25","18.75","true"
"giulia-safina-popa","Giulia Safina Popa","ROU","Girls","22","https://www.itftennis.com/en/players/giulia-safina-popa/800640357/rou/jt/s/itf-points-breakdown/","doubles","J300 Roehampton","J300","2025-06-29","2026-06-28","45","0.25","11.25","true"
"giulia-safina-popa","Giulia Safina Popa","ROU","Girls","22","https://www.itftennis.com/en/players/giulia-safina-popa/800640357/rou/jt/s/itf-points-breakdown/","doubles","J500 Milan","J500","2025-05-19","2026-05-18","0","0.25","0","false"
"giulia-safina-popa","Giulia Safina Popa","ROU","Girls","22","https://www.itftennis.com/en/players/giulia-safina-popa/800640357/rou/jt/s/itf-points-breakdown/","doubles","J500 Cairo","J500","2026-04-06","2027-04-05","0","0.25","0","false"
"giulia-safina-popa","Giulia Safina Popa","ROU","Girls","22","https://www.itftennis.com/en/players/giulia-safina-popa/800640357/rou/jt/s/itf-points-breakdown/","doubles","J300 Bytom","J300","2025-07-22","2026-07-21","0","0.25","0","false"
"giulia-safina-popa","Giulia Safina Popa","ROU","Girls","22","https://www.itftennis.com/en/players/giulia-safina-popa/800640357/rou/jt/s/itf-points-breakdown/","doubles","J300 Cairo","J300","2026-03-30","2027-03-29","0","0.25","0","false"
"giulia-safina-popa","Giulia Safina Popa","ROU","Girls","22","https://www.itftennis.com/en/players/giulia-safina-popa/800640357/rou/jt/s/itf-points-breakdown/","doubles","J200 Kosice","J200","2026-01-06","2027-01-05","0","0.25","0","false"
"giulia-safina-popa","Giulia Safina Popa","ROU","Girls","22","https://www.itftennis.com/en/players/giulia-safina-popa/800640357/rou/jt/s/itf-points-breakdown/","doubles","Roland Garros Junior Championships","JGS","2025-06-01","2026-05-31","0","0.25","0","false"
"giulia-safina-popa","Giulia Safina Popa","ROU","Girls","22","https://www.itftennis.com/en/players/giulia-safina-popa/800640357/rou/jt/s/itf-points-breakdown/","doubles","The Junior Championships, Wimbledon","JGS","2025-07-05","2026-07-04","0","0.25","0","false"
"anna-pushkareva","Anna Pushkareva","RUS","Girls","23","https://www.itftennis.com/en/players/anna-pushkareva/800636696/rus/jt/s/itf-points-breakdown/","singles","J500 Osaka","J500","2025-09-22","2026-09-21","350","1","350","true"
"anna-pushkareva","Anna Pushkareva","RUS","Girls","23","https://www.itftennis.com/en/players/anna-pushkareva/800636696/rus/jt/s/itf-points-breakdown/","singles","J200 Castricum","J200","2025-07-01","2026-06-30","200","1","200","true"
"anna-pushkareva","Anna Pushkareva","RUS","Girls","23","https://www.itftennis.com/en/players/anna-pushkareva/800636696/rus/jt/s/itf-points-breakdown/","singles","Australian Open Junior Championships","JGS","2026-01-24","2027-01-23","180","1","180","true"
"anna-pushkareva","Anna Pushkareva","RUS","Girls","23","https://www.itftennis.com/en/players/anna-pushkareva/800636696/rus/jt/s/itf-points-breakdown/","singles","J500 Offenbach","J500","2026-05-04","2027-05-03","150","1","150","true"
"anna-pushkareva","Anna Pushkareva","RUS","Girls","23","https://www.itftennis.com/en/players/anna-pushkareva/800636696/rus/jt/s/itf-points-breakdown/","singles","J300 Beijing","J300","2025-09-16","2026-09-15","140","1","140","true"
"anna-pushkareva","Anna Pushkareva","RUS","Girls","23","https://www.itftennis.com/en/players/anna-pushkareva/800636696/rus/jt/s/itf-points-breakdown/","singles","J200 Kuala Lumpur","J200","2026-04-14","2027-04-13","60","1","60","true"
"anna-pushkareva","Anna Pushkareva","RUS","Girls","23","https://www.itftennis.com/en/players/anna-pushkareva/800636696/rus/jt/s/itf-points-breakdown/","singles","J100 Neunkirchen","J100","2025-07-07","2026-07-06","60","1","60","false"
"anna-pushkareva","Anna Pushkareva","RUS","Girls","23","https://www.itftennis.com/en/players/anna-pushkareva/800636696/rus/jt/s/itf-points-breakdown/","singles","J200 Belgrade","J200","2025-08-25","2026-08-24","36","1","36","false"
"anna-pushkareva","Anna Pushkareva","RUS","Girls","23","https://www.itftennis.com/en/players/anna-pushkareva/800636696/rus/jt/s/itf-points-breakdown/","singles","J100 Moenchengladbach","J100","2025-07-14","2026-07-13","20","1","20","false"
"anna-pushkareva","Anna Pushkareva","RUS","Girls","23","https://www.itftennis.com/en/players/anna-pushkareva/800636696/rus/jt/s/itf-points-breakdown/","singles","J500 Milan","J500","2025-05-19","2026-05-18","0","1","0","false"
"anna-pushkareva","Anna Pushkareva","RUS","Girls","23","https://www.itftennis.com/en/players/anna-pushkareva/800636696/rus/jt/s/itf-points-breakdown/","singles","J300 Charleroi-Marcinelle","J300","2025-05-26","2026-05-25","0","1","0","false"
"anna-pushkareva","Anna Pushkareva","RUS","Girls","23","https://www.itftennis.com/en/players/anna-pushkareva/800636696/rus/jt/s/itf-points-breakdown/","singles","J300 Pancevo","J300","2025-08-18","2026-08-17","0","1","0","false"
"anna-pushkareva","Anna Pushkareva","RUS","Girls","23","https://www.itftennis.com/en/players/anna-pushkareva/800636696/rus/jt/s/itf-points-breakdown/","singles","J300 Traralgon","J300","2026-01-16","2027-01-15","0","1","0","false"
"anna-pushkareva","Anna Pushkareva","RUS","Girls","23","https://www.itftennis.com/en/players/anna-pushkareva/800636696/rus/jt/s/itf-points-breakdown/","singles","J300 Kuching","J300","2026-04-07","2027-04-06","0","1","0","false"
"anna-pushkareva","Anna Pushkareva","RUS","Girls","23","https://www.itftennis.com/en/players/anna-pushkareva/800636696/rus/jt/s/itf-points-breakdown/","doubles","J500 Offenbach","J500","2026-05-04","2027-05-03","187","0.25","46.75","true"
"anna-pushkareva","Anna Pushkareva","RUS","Girls","23","https://www.itftennis.com/en/players/anna-pushkareva/800636696/rus/jt/s/itf-points-breakdown/","doubles","J300 Charleroi-Marcinelle","J300","2025-05-26","2026-05-25","157","0.25","39.25","true"
"anna-pushkareva","Anna Pushkareva","RUS","Girls","23","https://www.itftennis.com/en/players/anna-pushkareva/800636696/rus/jt/s/itf-points-breakdown/","doubles","J300 Pancevo","J300","2025-08-18","2026-08-17","157","0.25","39.25","true"
"anna-pushkareva","Anna Pushkareva","RUS","Girls","23","https://www.itftennis.com/en/players/anna-pushkareva/800636696/rus/jt/s/itf-points-breakdown/","doubles","J200 Belgrade","J200","2025-08-25","2026-08-24","150","0.25","37.5","true"
"anna-pushkareva","Anna Pushkareva","RUS","Girls","23","https://www.itftennis.com/en/players/anna-pushkareva/800636696/rus/jt/s/itf-points-breakdown/","doubles","Australian Open Junior Championships","JGS","2026-01-24","2027-01-23","135","0.25","33.75","true"
"anna-pushkareva","Anna Pushkareva","RUS","Girls","23","https://www.itftennis.com/en/players/anna-pushkareva/800636696/rus/jt/s/itf-points-breakdown/","doubles","J300 Kuching","J300","2026-04-07","2027-04-06","105","0.25","26.25","true"
"anna-pushkareva","Anna Pushkareva","RUS","Girls","23","https://www.itftennis.com/en/players/anna-pushkareva/800636696/rus/jt/s/itf-points-breakdown/","doubles","J300 Beijing","J300","2025-09-16","2026-09-15","75","0.25","18.75","false"
"anna-pushkareva","Anna Pushkareva","RUS","Girls","23","https://www.itftennis.com/en/players/anna-pushkareva/800636696/rus/jt/s/itf-points-breakdown/","doubles","J500 Milan","J500","2025-05-19","2026-05-18","67","0.25","16.75","false"
"anna-pushkareva","Anna Pushkareva","RUS","Girls","23","https://www.itftennis.com/en/players/anna-pushkareva/800636696/rus/jt/s/itf-points-breakdown/","doubles","J500 Osaka","J500","2025-09-22","2026-09-21","67","0.25","16.75","false"
"anna-pushkareva","Anna Pushkareva","RUS","Girls","23","https://www.itftennis.com/en/players/anna-pushkareva/800636696/rus/jt/s/itf-points-breakdown/","doubles","J300 Traralgon","J300","2026-01-16","2027-01-15","45","0.25","11.25","false"
"anna-pushkareva","Anna Pushkareva","RUS","Girls","23","https://www.itftennis.com/en/players/anna-pushkareva/800636696/rus/jt/s/itf-points-breakdown/","doubles","J100 Moenchengladbach","J100","2025-07-14","2026-07-13","27","0.25","6.75","false"
"thea-frodin","Thea Frodin","USA","Girls","24","https://www.itftennis.com/en/players/thea-frodin/800702416/usa/jt/s/itf-points-breakdown/","singles","Australian Open Junior Championships","JGS","2026-01-24","2027-01-23","490","1","490","true"
"thea-frodin","Thea Frodin","USA","Girls","24","https://www.itftennis.com/en/players/thea-frodin/800702416/usa/jt/s/itf-points-breakdown/","singles","J500 Milan","J500","2025-05-19","2026-05-18","90","1","90","true"
"thea-frodin","Thea Frodin","USA","Girls","24","https://www.itftennis.com/en/players/thea-frodin/800702416/usa/jt/s/itf-points-breakdown/","singles","Roland Garros Junior Championships","JGS","2025-06-01","2026-05-31","90","1","90","true"
"thea-frodin","Thea Frodin","USA","Girls","24","https://www.itftennis.com/en/players/thea-frodin/800702416/usa/jt/s/itf-points-breakdown/","singles","US Open Junior Tennis Championships","JGS","2025-08-31","2026-08-30","90","1","90","true"
"thea-frodin","Thea Frodin","USA","Girls","24","https://www.itftennis.com/en/players/thea-frodin/800702416/usa/jt/s/itf-points-breakdown/","singles","J300 Roehampton","J300","2025-06-29","2026-06-28","60","1","60","true"
"thea-frodin","Thea Frodin","USA","Girls","24","https://www.itftennis.com/en/players/thea-frodin/800702416/usa/jt/s/itf-points-breakdown/","singles","J500 Merida","J500","2025-11-24","2026-11-23","45","1","45","true"
"thea-frodin","Thea Frodin","USA","Girls","24","https://www.itftennis.com/en/players/thea-frodin/800702416/usa/jt/s/itf-points-breakdown/","singles","J500 Fort Lauderdale","J500","2025-12-08","2026-12-07","45","1","45","false"
"thea-frodin","Thea Frodin","USA","Girls","24","https://www.itftennis.com/en/players/thea-frodin/800702416/usa/jt/s/itf-points-breakdown/","singles","J300 Traralgon","J300","2026-01-16","2027-01-15","0","1","0","false"
"thea-frodin","Thea Frodin","USA","Girls","24","https://www.itftennis.com/en/players/thea-frodin/800702416/usa/jt/s/itf-points-breakdown/","singles","The Junior Championships, Wimbledon","JGS","2025-07-05","2026-07-04","0","1","0","false"
"thea-frodin","Thea Frodin","USA","Girls","24","https://www.itftennis.com/en/players/thea-frodin/800702416/usa/jt/s/itf-points-breakdown/","doubles","The Junior Championships, Wimbledon","JGS","2025-07-05","2026-07-04","525","0.25","131.25","true"
"thea-frodin","Thea Frodin","USA","Girls","24","https://www.itftennis.com/en/players/thea-frodin/800702416/usa/jt/s/itf-points-breakdown/","doubles","J500 Merida","J500","2025-11-24","2026-11-23","375","0.25","93.75","true"
"thea-frodin","Thea Frodin","USA","Girls","24","https://www.itftennis.com/en/players/thea-frodin/800702416/usa/jt/s/itf-points-breakdown/","doubles","US Open Junior Tennis Championships","JGS","2025-08-31","2026-08-30","225","0.25","56.25","true"
"thea-frodin","Thea Frodin","USA","Girls","24","https://www.itftennis.com/en/players/thea-frodin/800702416/usa/jt/s/itf-points-breakdown/","doubles","Australian Open Junior Championships","JGS","2026-01-24","2027-01-23","225","0.25","56.25","true"
"thea-frodin","Thea Frodin","USA","Girls","24","https://www.itftennis.com/en/players/thea-frodin/800702416/usa/jt/s/itf-points-breakdown/","doubles","J500 Milan","J500","2025-05-19","2026-05-18","187","0.25","46.75","true"
"thea-frodin","Thea Frodin","USA","Girls","24","https://www.itftennis.com/en/players/thea-frodin/800702416/usa/jt/s/itf-points-breakdown/","doubles","J500 Fort Lauderdale","J500","2025-12-08","2026-12-07","187","0.25","46.75","true"
"thea-frodin","Thea Frodin","USA","Girls","24","https://www.itftennis.com/en/players/thea-frodin/800702416/usa/jt/s/itf-points-breakdown/","doubles","J300 Roehampton","J300","2025-06-29","2026-06-28","157","0.25","39.25","false"
"thea-frodin","Thea Frodin","USA","Girls","24","https://www.itftennis.com/en/players/thea-frodin/800702416/usa/jt/s/itf-points-breakdown/","doubles","J300 Traralgon","J300","2026-01-16","2027-01-15","45","0.25","11.25","false"
"thea-frodin","Thea Frodin","USA","Girls","24","https://www.itftennis.com/en/players/thea-frodin/800702416/usa/jt/s/itf-points-breakdown/","doubles","Roland Garros Junior Championships","JGS","2025-06-01","2026-05-31","0","0.25","0","false"
"yushan-shao","Yushan Shao","CHN","Girls","25","https://www.itftennis.com/en/players/yushan-shao/800731351/chn/jt/s/itf-points-breakdown/","singles","Australian Open Junior Championships","JGS","2026-01-24","2027-01-23","300","1","300","true"
"yushan-shao","Yushan Shao","CHN","Girls","25","https://www.itftennis.com/en/players/yushan-shao/800731351/chn/jt/s/itf-points-breakdown/","singles","J300 Beijing","J300","2025-09-16","2026-09-15","210","1","210","true"
"yushan-shao","Yushan Shao","CHN","Girls","25","https://www.itftennis.com/en/players/yushan-shao/800731351/chn/jt/s/itf-points-breakdown/","singles","US Open Junior Tennis Championships","JGS","2025-08-31","2026-08-30","180","1","180","true"
"yushan-shao","Yushan Shao","CHN","Girls","25","https://www.itftennis.com/en/players/yushan-shao/800731351/chn/jt/s/itf-points-breakdown/","singles","J300 Repentigny","J300","2025-08-24","2026-08-23","140","1","140","true"
"yushan-shao","Yushan Shao","CHN","Girls","25","https://www.itftennis.com/en/players/yushan-shao/800731351/chn/jt/s/itf-points-breakdown/","singles","J300 Nonthaburi","J300","2026-03-02","2027-03-01","140","1","140","true"
"yushan-shao","Yushan Shao","CHN","Girls","25","https://www.itftennis.com/en/players/yushan-shao/800731351/chn/jt/s/itf-points-breakdown/","singles","J300 Bamberg","J300","2025-06-10","2026-06-09","100","1","100","true"
"yushan-shao","Yushan Shao","CHN","Girls","25","https://www.itftennis.com/en/players/yushan-shao/800731351/chn/jt/s/itf-points-breakdown/","singles","J300 College Park","J300","2025-08-18","2026-08-17","100","1","100","false"
"yushan-shao","Yushan Shao","CHN","Girls","25","https://www.itftennis.com/en/players/yushan-shao/800731351/chn/jt/s/itf-points-breakdown/","singles","The Junior Championships, Wimbledon","JGS","2025-07-05","2026-07-04","90","1","90","false"
"yushan-shao","Yushan Shao","CHN","Girls","25","https://www.itftennis.com/en/players/yushan-shao/800731351/chn/jt/s/itf-points-breakdown/","singles","J300 Traralgon","J300","2026-01-16","2027-01-15","60","1","60","false"
"yushan-shao","Yushan Shao","CHN","Girls","25","https://www.itftennis.com/en/players/yushan-shao/800731351/chn/jt/s/itf-points-breakdown/","singles","Roland Garros Junior Championships","JGS","2025-06-01","2026-05-31","20","1","20","false"
"yushan-shao","Yushan Shao","CHN","Girls","25","https://www.itftennis.com/en/players/yushan-shao/800731351/chn/jt/s/itf-points-breakdown/","singles","J300 Charleroi-Marcinelle","J300","2025-05-26","2026-05-25","0","1","0","false"
"yushan-shao","Yushan Shao","CHN","Girls","25","https://www.itftennis.com/en/players/yushan-shao/800731351/chn/jt/s/itf-points-breakdown/","singles","J300 Roehampton","J300","2025-06-29","2026-06-28","0","1","0","false"
"yushan-shao","Yushan Shao","CHN","Girls","25","https://www.itftennis.com/en/players/yushan-shao/800731351/chn/jt/s/itf-points-breakdown/","doubles","J300 Beijing","J300","2025-09-16","2026-09-15","225","0.25","56.25","true"
"yushan-shao","Yushan Shao","CHN","Girls","25","https://www.itftennis.com/en/players/yushan-shao/800731351/chn/jt/s/itf-points-breakdown/","doubles","J300 College Park","J300","2025-08-18","2026-08-17","157","0.25","39.25","true"
"yushan-shao","Yushan Shao","CHN","Girls","25","https://www.itftennis.com/en/players/yushan-shao/800731351/chn/jt/s/itf-points-breakdown/","doubles","The Junior Championships, Wimbledon","JGS","2025-07-05","2026-07-04","135","0.25","33.75","true"
"yushan-shao","Yushan Shao","CHN","Girls","25","https://www.itftennis.com/en/players/yushan-shao/800731351/chn/jt/s/itf-points-breakdown/","doubles","J300 Traralgon","J300","2026-01-16","2027-01-15","105","0.25","26.25","true"
"yushan-shao","Yushan Shao","CHN","Girls","25","https://www.itftennis.com/en/players/yushan-shao/800731351/chn/jt/s/itf-points-breakdown/","doubles","J300 Bamberg","J300","2025-06-10","2026-06-09","75","0.25","18.75","true"
"yushan-shao","Yushan Shao","CHN","Girls","25","https://www.itftennis.com/en/players/yushan-shao/800731351/chn/jt/s/itf-points-breakdown/","doubles","J300 Charleroi-Marcinelle","J300","2025-05-26","2026-05-25","0","0.25","0","true"
"yushan-shao","Yushan Shao","CHN","Girls","25","https://www.itftennis.com/en/players/yushan-shao/800731351/chn/jt/s/itf-points-breakdown/","doubles","J300 Roehampton","J300","2025-06-29","2026-06-28","0","0.25","0","false"
"yushan-shao","Yushan Shao","CHN","Girls","25","https://www.itftennis.com/en/players/yushan-shao/800731351/chn/jt/s/itf-points-breakdown/","doubles","J300 Nonthaburi","J300","2026-03-02","2027-03-01","0","0.25","0","false"
"yushan-shao","Yushan Shao","CHN","Girls","25","https://www.itftennis.com/en/players/yushan-shao/800731351/chn/jt/s/itf-points-breakdown/","doubles","US Open Junior Tennis Championships","JGS","2025-08-31","2026-08-30","0","0.25","0","false"
"yushan-shao","Yushan Shao","CHN","Girls","25","https://www.itftennis.com/en/players/yushan-shao/800731351/chn/jt/s/itf-points-breakdown/","doubles","Australian Open Junior Championships","JGS","2026-01-24","2027-01-23","0","0.25","0","false"
"alexandra-malova","Alexandra Malova","RUS","Girls","26","https://www.itftennis.com/en/players/alexandra-malova/800635479/rus/jt/s/itf-points-breakdown/","singles","J500 Cairo","J500","2026-04-06","2027-04-05","250","1","250","true"
"alexandra-malova","Alexandra Malova","RUS","Girls","26","https://www.itftennis.com/en/players/alexandra-malova/800635479/rus/jt/s/itf-points-breakdown/","singles","J200 Pretoria","J200","2025-09-15","2026-09-14","200","1","200","true"
"alexandra-malova","Alexandra Malova","RUS","Girls","26","https://www.itftennis.com/en/players/alexandra-malova/800635479/rus/jt/s/itf-points-breakdown/","singles","J200 Fergana","J200","2025-10-06","2026-10-05","200","1","200","true"
"alexandra-malova","Alexandra Malova","RUS","Girls","26","https://www.itftennis.com/en/players/alexandra-malova/800635479/rus/jt/s/itf-points-breakdown/","singles","J200 Pretoria","J200","2025-09-08","2026-09-07","140","1","140","true"
"alexandra-malova","Alexandra Malova","RUS","Girls","26","https://www.itftennis.com/en/players/alexandra-malova/800635479/rus/jt/s/itf-points-breakdown/","singles","J200 Cairo","J200","2025-11-03","2026-11-02","140","1","140","true"
"alexandra-malova","Alexandra Malova","RUS","Girls","26","https://www.itftennis.com/en/players/alexandra-malova/800635479/rus/jt/s/itf-points-breakdown/","singles","J300 Cairo","J300","2026-03-30","2027-03-29","100","1","100","true"
"alexandra-malova","Alexandra Malova","RUS","Girls","26","https://www.itftennis.com/en/players/alexandra-malova/800635479/rus/jt/s/itf-points-breakdown/","singles","J100 Almaty","J100","2025-06-23","2026-06-22","100","1","100","false"
"alexandra-malova","Alexandra Malova","RUS","Girls","26","https://www.itftennis.com/en/players/alexandra-malova/800635479/rus/jt/s/itf-points-breakdown/","singles","J100 Fergana","J100","2025-08-18","2026-08-17","100","1","100","false"
"alexandra-malova","Alexandra Malova","RUS","Girls","26","https://www.itftennis.com/en/players/alexandra-malova/800635479/rus/jt/s/itf-points-breakdown/","singles","Australian Open Junior Championships","JGS","2026-01-24","2027-01-23","90","1","90","false"
"alexandra-malova","Alexandra Malova","RUS","Girls","26","https://www.itftennis.com/en/players/alexandra-malova/800635479/rus/jt/s/itf-points-breakdown/","singles","J100 Namangan","J100","2025-08-11","2026-08-10","60","1","60","false"
"alexandra-malova","Alexandra Malova","RUS","Girls","26","https://www.itftennis.com/en/players/alexandra-malova/800635479/rus/jt/s/itf-points-breakdown/","singles","J100 Fergana","J100","2025-09-29","2026-09-28","60","1","60","false"
"alexandra-malova","Alexandra Malova","RUS","Girls","26","https://www.itftennis.com/en/players/alexandra-malova/800635479/rus/jt/s/itf-points-breakdown/","singles","J100 Almaty","J100","2025-06-16","2026-06-15","20","1","20","false"
"alexandra-malova","Alexandra Malova","RUS","Girls","26","https://www.itftennis.com/en/players/alexandra-malova/800635479/rus/jt/s/itf-points-breakdown/","singles","J100 Cairo","J100","2025-10-27","2026-10-26","20","1","20","false"
"alexandra-malova","Alexandra Malova","RUS","Girls","26","https://www.itftennis.com/en/players/alexandra-malova/800635479/rus/jt/s/itf-points-breakdown/","singles","J60 Podgorica","J60","2025-05-19","2026-05-18","5","1","5","false"
"alexandra-malova","Alexandra Malova","RUS","Girls","26","https://www.itftennis.com/en/players/alexandra-malova/800635479/rus/jt/s/itf-points-breakdown/","singles","J300 Traralgon","J300","2026-01-16","2027-01-15","0","1","0","false"
"alexandra-malova","Alexandra Malova","RUS","Girls","26","https://www.itftennis.com/en/players/alexandra-malova/800635479/rus/jt/s/itf-points-breakdown/","doubles","Australian Open Junior Championships","JGS","2026-01-24","2027-01-23","367","0.25","91.75","true"
"alexandra-malova","Alexandra Malova","RUS","Girls","26","https://www.itftennis.com/en/players/alexandra-malova/800635479/rus/jt/s/itf-points-breakdown/","doubles","J500 Cairo","J500","2026-04-06","2027-04-05","112","0.25","28","true"
"alexandra-malova","Alexandra Malova","RUS","Girls","26","https://www.itftennis.com/en/players/alexandra-malova/800635479/rus/jt/s/itf-points-breakdown/","doubles","J200 Fergana","J200","2025-10-06","2026-10-05","105","0.25","26.25","true"
"alexandra-malova","Alexandra Malova","RUS","Girls","26","https://www.itftennis.com/en/players/alexandra-malova/800635479/rus/jt/s/itf-points-breakdown/","doubles","J300 Traralgon","J300","2026-01-16","2027-01-15","75","0.25","18.75","true"
"alexandra-malova","Alexandra Malova","RUS","Girls","26","https://www.itftennis.com/en/players/alexandra-malova/800635479/rus/jt/s/itf-points-breakdown/","doubles","J300 Cairo","J300","2026-03-30","2027-03-29","75","0.25","18.75","true"
"alexandra-malova","Alexandra Malova","RUS","Girls","26","https://www.itftennis.com/en/players/alexandra-malova/800635479/rus/jt/s/itf-points-breakdown/","doubles","J200 Pretoria","J200","2025-09-15","2026-09-14","75","0.25","18.75","true"
"alexandra-malova","Alexandra Malova","RUS","Girls","26","https://www.itftennis.com/en/players/alexandra-malova/800635479/rus/jt/s/itf-points-breakdown/","doubles","J200 Pretoria","J200","2025-09-08","2026-09-07","45","0.25","11.25","false"
"alexandra-malova","Alexandra Malova","RUS","Girls","26","https://www.itftennis.com/en/players/alexandra-malova/800635479/rus/jt/s/itf-points-breakdown/","doubles","J200 Cairo","J200","2025-11-03","2026-11-02","45","0.25","11.25","false"
"alexandra-malova","Alexandra Malova","RUS","Girls","26","https://www.itftennis.com/en/players/alexandra-malova/800635479/rus/jt/s/itf-points-breakdown/","doubles","J100 Almaty","J100","2025-06-23","2026-06-22","27","0.25","6.75","false"
"alexandra-malova","Alexandra Malova","RUS","Girls","26","https://www.itftennis.com/en/players/alexandra-malova/800635479/rus/jt/s/itf-points-breakdown/","doubles","J100 Almaty","J100","2025-06-16","2026-06-15","0","0.25","0","false"
"maaya-rajeshwaran-revathi","Maaya Rajeshwaran Revathi","IND","Girls","27","https://www.itftennis.com/en/players/maaya-rajeshwaran-revathi/800632131/ind/jt/s/itf-points-breakdown/","singles","J300 Beaulieu-sur-Mer","J300","2026-04-13","2027-04-12","300","1","300","true"
"maaya-rajeshwaran-revathi","Maaya Rajeshwaran Revathi","IND","Girls","27","https://www.itftennis.com/en/players/maaya-rajeshwaran-revathi/800632131/ind/jt/s/itf-points-breakdown/","singles","J200 Gladbeck","J200","2025-06-17","2026-06-16","200","1","200","true"
"maaya-rajeshwaran-revathi","Maaya Rajeshwaran Revathi","IND","Girls","27","https://www.itftennis.com/en/players/maaya-rajeshwaran-revathi/800632131/ind/jt/s/itf-points-breakdown/","singles","J300 Villena","J300","2026-03-16","2027-03-15","140","1","140","true"
"maaya-rajeshwaran-revathi","Maaya Rajeshwaran Revathi","IND","Girls","27","https://www.itftennis.com/en/players/maaya-rajeshwaran-revathi/800632131/ind/jt/s/itf-points-breakdown/","singles","J300 Cairo","J300","2026-03-30","2027-03-29","140","1","140","true"
"maaya-rajeshwaran-revathi","Maaya Rajeshwaran Revathi","IND","Girls","27","https://www.itftennis.com/en/players/maaya-rajeshwaran-revathi/800632131/ind/jt/s/itf-points-breakdown/","singles","J300 Zapopan","J300","2025-11-17","2026-11-16","100","1","100","true"
"maaya-rajeshwaran-revathi","Maaya Rajeshwaran Revathi","IND","Girls","27","https://www.itftennis.com/en/players/maaya-rajeshwaran-revathi/800632131/ind/jt/s/itf-points-breakdown/","singles","J300 Bradenton","J300","2025-12-01","2026-11-30","100","1","100","true"
"maaya-rajeshwaran-revathi","Maaya Rajeshwaran Revathi","IND","Girls","27","https://www.itftennis.com/en/players/maaya-rajeshwaran-revathi/800632131/ind/jt/s/itf-points-breakdown/","singles","J300 Plovdiv","J300","2026-04-28","2027-04-27","100","1","100","false"
"maaya-rajeshwaran-revathi","Maaya Rajeshwaran Revathi","IND","Girls","27","https://www.itftennis.com/en/players/maaya-rajeshwaran-revathi/800632131/ind/jt/s/itf-points-breakdown/","singles","J500 Cairo","J500","2026-04-06","2027-04-05","90","1","90","false"
"maaya-rajeshwaran-revathi","Maaya Rajeshwaran Revathi","IND","Girls","27","https://www.itftennis.com/en/players/maaya-rajeshwaran-revathi/800632131/ind/jt/s/itf-points-breakdown/","singles","US Open Junior Tennis Championships","JGS","2025-08-31","2026-08-30","90","1","90","false"
"maaya-rajeshwaran-revathi","Maaya Rajeshwaran Revathi","IND","Girls","27","https://www.itftennis.com/en/players/maaya-rajeshwaran-revathi/800632131/ind/jt/s/itf-points-breakdown/","singles","J300 Traralgon","J300","2026-01-16","2027-01-15","30","1","30","false"
"maaya-rajeshwaran-revathi","Maaya Rajeshwaran Revathi","IND","Girls","27","https://www.itftennis.com/en/players/maaya-rajeshwaran-revathi/800632131/ind/jt/s/itf-points-breakdown/","singles","The Junior Championships, Wimbledon","JGS","2025-07-05","2026-07-04","20","1","20","false"
"maaya-rajeshwaran-revathi","Maaya Rajeshwaran Revathi","IND","Girls","27","https://www.itftennis.com/en/players/maaya-rajeshwaran-revathi/800632131/ind/jt/s/itf-points-breakdown/","singles","J500 Merida","J500","2025-11-24","2026-11-23","0","1","0","false"
"maaya-rajeshwaran-revathi","Maaya Rajeshwaran Revathi","IND","Girls","27","https://www.itftennis.com/en/players/maaya-rajeshwaran-revathi/800632131/ind/jt/s/itf-points-breakdown/","singles","J500 Fort Lauderdale","J500","2025-12-08","2026-12-07","0","1","0","false"
"maaya-rajeshwaran-revathi","Maaya Rajeshwaran Revathi","IND","Girls","27","https://www.itftennis.com/en/players/maaya-rajeshwaran-revathi/800632131/ind/jt/s/itf-points-breakdown/","singles","J300 Roehampton","J300","2025-06-29","2026-06-28","0","1","0","false"
"maaya-rajeshwaran-revathi","Maaya Rajeshwaran Revathi","IND","Girls","27","https://www.itftennis.com/en/players/maaya-rajeshwaran-revathi/800632131/ind/jt/s/itf-points-breakdown/","singles","J300 College Park","J300","2025-08-18","2026-08-17","0","1","0","false"
"maaya-rajeshwaran-revathi","Maaya Rajeshwaran Revathi","IND","Girls","27","https://www.itftennis.com/en/players/maaya-rajeshwaran-revathi/800632131/ind/jt/s/itf-points-breakdown/","singles","J200 Benicarlo","J200","2026-03-10","2027-03-09","0","1","0","false"
"maaya-rajeshwaran-revathi","Maaya Rajeshwaran Revathi","IND","Girls","27","https://www.itftennis.com/en/players/maaya-rajeshwaran-revathi/800632131/ind/jt/s/itf-points-breakdown/","singles","Roland Garros Junior Championships","JGS","2025-06-01","2026-05-31","0","1","0","false"
"maaya-rajeshwaran-revathi","Maaya Rajeshwaran Revathi","IND","Girls","27","https://www.itftennis.com/en/players/maaya-rajeshwaran-revathi/800632131/ind/jt/s/itf-points-breakdown/","singles","Australian Open Junior Championships","JGS","2026-01-24","2027-01-23","0","1","0","false"
"maaya-rajeshwaran-revathi","Maaya Rajeshwaran Revathi","IND","Girls","27","https://www.itftennis.com/en/players/maaya-rajeshwaran-revathi/800632131/ind/jt/s/itf-points-breakdown/","doubles","J500 Fort Lauderdale","J500","2025-12-08","2026-12-07","375","0.25","93.75","true"
"maaya-rajeshwaran-revathi","Maaya Rajeshwaran Revathi","IND","Girls","27","https://www.itftennis.com/en/players/maaya-rajeshwaran-revathi/800632131/ind/jt/s/itf-points-breakdown/","doubles","J300 Traralgon","J300","2026-01-16","2027-01-15","157","0.25","39.25","true"
"maaya-rajeshwaran-revathi","Maaya Rajeshwaran Revathi","IND","Girls","27","https://www.itftennis.com/en/players/maaya-rajeshwaran-revathi/800632131/ind/jt/s/itf-points-breakdown/","doubles","Australian Open Junior Championships","JGS","2026-01-24","2027-01-23","135","0.25","33.75","true"
"maaya-rajeshwaran-revathi","Maaya Rajeshwaran Revathi","IND","Girls","27","https://www.itftennis.com/en/players/maaya-rajeshwaran-revathi/800632131/ind/jt/s/itf-points-breakdown/","doubles","J300 Zapopan","J300","2025-11-17","2026-11-16","105","0.25","26.25","true"
"maaya-rajeshwaran-revathi","Maaya Rajeshwaran Revathi","IND","Girls","27","https://www.itftennis.com/en/players/maaya-rajeshwaran-revathi/800632131/ind/jt/s/itf-points-breakdown/","doubles","J200 Gladbeck","J200","2025-06-17","2026-06-16","105","0.25","26.25","true"
"maaya-rajeshwaran-revathi","Maaya Rajeshwaran Revathi","IND","Girls","27","https://www.itftennis.com/en/players/maaya-rajeshwaran-revathi/800632131/ind/jt/s/itf-points-breakdown/","doubles","J300 College Park","J300","2025-08-18","2026-08-17","75","0.25","18.75","true"
"maaya-rajeshwaran-revathi","Maaya Rajeshwaran Revathi","IND","Girls","27","https://www.itftennis.com/en/players/maaya-rajeshwaran-revathi/800632131/ind/jt/s/itf-points-breakdown/","doubles","J300 Bradenton","J300","2025-12-01","2026-11-30","75","0.25","18.75","false"
"maaya-rajeshwaran-revathi","Maaya Rajeshwaran Revathi","IND","Girls","27","https://www.itftennis.com/en/players/maaya-rajeshwaran-revathi/800632131/ind/jt/s/itf-points-breakdown/","doubles","J300 Plovdiv","J300","2026-04-28","2027-04-27","75","0.25","18.75","false"
"maaya-rajeshwaran-revathi","Maaya Rajeshwaran Revathi","IND","Girls","27","https://www.itftennis.com/en/players/maaya-rajeshwaran-revathi/800632131/ind/jt/s/itf-points-breakdown/","doubles","J200 Benicarlo","J200","2026-03-10","2027-03-09","75","0.25","18.75","false"
"maaya-rajeshwaran-revathi","Maaya Rajeshwaran Revathi","IND","Girls","27","https://www.itftennis.com/en/players/maaya-rajeshwaran-revathi/800632131/ind/jt/s/itf-points-breakdown/","doubles","J500 Cairo","J500","2026-04-06","2027-04-05","67","0.25","16.75","false"
"maaya-rajeshwaran-revathi","Maaya Rajeshwaran Revathi","IND","Girls","27","https://www.itftennis.com/en/players/maaya-rajeshwaran-revathi/800632131/ind/jt/s/itf-points-breakdown/","doubles","J300 Roehampton","J300","2025-06-29","2026-06-28","45","0.25","11.25","false"
"maaya-rajeshwaran-revathi","Maaya Rajeshwaran Revathi","IND","Girls","27","https://www.itftennis.com/en/players/maaya-rajeshwaran-revathi/800632131/ind/jt/s/itf-points-breakdown/","doubles","J300 Villena","J300","2026-03-16","2027-03-15","0","0.25","0","false"
"maaya-rajeshwaran-revathi","Maaya Rajeshwaran Revathi","IND","Girls","27","https://www.itftennis.com/en/players/maaya-rajeshwaran-revathi/800632131/ind/jt/s/itf-points-breakdown/","doubles","J300 Beaulieu-sur-Mer","J300","2026-04-13","2027-04-12","0","0.25","0","false"
"maaya-rajeshwaran-revathi","Maaya Rajeshwaran Revathi","IND","Girls","27","https://www.itftennis.com/en/players/maaya-rajeshwaran-revathi/800632131/ind/jt/s/itf-points-breakdown/","doubles","US Open Junior Tennis Championships","JGS","2025-08-31","2026-08-30","0","0.25","0","false"
"felitsata-dorofeeva-rybas","Felitsata Dorofeeva-Rybas","RUS","Girls","28","https://www.itftennis.com/en/players/felitsata-dorofeeva-rybas/800721825/rus/jt/s/itf-points-breakdown/","singles","J500 Cairo","J500","2026-04-06","2027-04-05","350","1","350","true"
"felitsata-dorofeeva-rybas","Felitsata Dorofeeva-Rybas","RUS","Girls","28","https://www.itftennis.com/en/players/felitsata-dorofeeva-rybas/800721825/rus/jt/s/itf-points-breakdown/","singles","J300 Pancevo","J300","2025-08-18","2026-08-17","140","1","140","true"
"felitsata-dorofeeva-rybas","Felitsata Dorofeeva-Rybas","RUS","Girls","28","https://www.itftennis.com/en/players/felitsata-dorofeeva-rybas/800721825/rus/jt/s/itf-points-breakdown/","singles","J200 Rakovnik","J200","2025-09-01","2026-08-31","140","1","140","true"
"felitsata-dorofeeva-rybas","Felitsata Dorofeeva-Rybas","RUS","Girls","28","https://www.itftennis.com/en/players/felitsata-dorofeeva-rybas/800721825/rus/jt/s/itf-points-breakdown/","singles","J200 Nonthaburi","J200","2026-02-23","2027-02-22","140","1","140","true"
"felitsata-dorofeeva-rybas","Felitsata Dorofeeva-Rybas","RUS","Girls","28","https://www.itftennis.com/en/players/felitsata-dorofeeva-rybas/800721825/rus/jt/s/itf-points-breakdown/","singles","J300 Nonthaburi","J300","2026-03-02","2027-03-01","100","1","100","true"
"felitsata-dorofeeva-rybas","Felitsata Dorofeeva-Rybas","RUS","Girls","28","https://www.itftennis.com/en/players/felitsata-dorofeeva-rybas/800721825/rus/jt/s/itf-points-breakdown/","singles","J200 Rutesheim","J200","2025-08-05","2026-08-04","100","1","100","true"
"felitsata-dorofeeva-rybas","Felitsata Dorofeeva-Rybas","RUS","Girls","28","https://www.itftennis.com/en/players/felitsata-dorofeeva-rybas/800721825/rus/jt/s/itf-points-breakdown/","singles","J300 Charleroi-Marcinelle","J300","2025-05-26","2026-05-25","60","1","60","false"
"felitsata-dorofeeva-rybas","Felitsata Dorofeeva-Rybas","RUS","Girls","28","https://www.itftennis.com/en/players/felitsata-dorofeeva-rybas/800721825/rus/jt/s/itf-points-breakdown/","singles","J300 Traralgon","J300","2026-01-16","2027-01-15","30","1","30","false"
"felitsata-dorofeeva-rybas","Felitsata Dorofeeva-Rybas","RUS","Girls","28","https://www.itftennis.com/en/players/felitsata-dorofeeva-rybas/800721825/rus/jt/s/itf-points-breakdown/","singles","J500 Offenbach","J500","2026-05-04","2027-05-03","0","1","0","false"
"felitsata-dorofeeva-rybas","Felitsata Dorofeeva-Rybas","RUS","Girls","28","https://www.itftennis.com/en/players/felitsata-dorofeeva-rybas/800721825/rus/jt/s/itf-points-breakdown/","singles","J300 Cairo","J300","2026-03-30","2027-03-29","0","1","0","false"
"felitsata-dorofeeva-rybas","Felitsata Dorofeeva-Rybas","RUS","Girls","28","https://www.itftennis.com/en/players/felitsata-dorofeeva-rybas/800721825/rus/jt/s/itf-points-breakdown/","singles","J200 Targu Jiu","J200","2025-05-19","2026-05-18","0","1","0","false"
"felitsata-dorofeeva-rybas","Felitsata Dorofeeva-Rybas","RUS","Girls","28","https://www.itftennis.com/en/players/felitsata-dorofeeva-rybas/800721825/rus/jt/s/itf-points-breakdown/","singles","J200 Belgrade","J200","2025-08-25","2026-08-24","0","1","0","false"
"felitsata-dorofeeva-rybas","Felitsata Dorofeeva-Rybas","RUS","Girls","28","https://www.itftennis.com/en/players/felitsata-dorofeeva-rybas/800721825/rus/jt/s/itf-points-breakdown/","singles","Australian Open Junior Championships","JGS","2026-01-24","2027-01-23","0","1","0","false"
"felitsata-dorofeeva-rybas","Felitsata Dorofeeva-Rybas","RUS","Girls","28","https://www.itftennis.com/en/players/felitsata-dorofeeva-rybas/800721825/rus/jt/s/itf-points-breakdown/","doubles","J500 Cairo","J500","2026-04-06","2027-04-05","187","0.25","46.75","true"
"felitsata-dorofeeva-rybas","Felitsata Dorofeeva-Rybas","RUS","Girls","28","https://www.itftennis.com/en/players/felitsata-dorofeeva-rybas/800721825/rus/jt/s/itf-points-breakdown/","doubles","J500 Offenbach","J500","2026-05-04","2027-05-03","187","0.25","46.75","true"
"felitsata-dorofeeva-rybas","Felitsata Dorofeeva-Rybas","RUS","Girls","28","https://www.itftennis.com/en/players/felitsata-dorofeeva-rybas/800721825/rus/jt/s/itf-points-breakdown/","doubles","J300 Charleroi-Marcinelle","J300","2025-05-26","2026-05-25","157","0.25","39.25","true"
"felitsata-dorofeeva-rybas","Felitsata Dorofeeva-Rybas","RUS","Girls","28","https://www.itftennis.com/en/players/felitsata-dorofeeva-rybas/800721825/rus/jt/s/itf-points-breakdown/","doubles","J200 Belgrade","J200","2025-08-25","2026-08-24","150","0.25","37.5","true"
"felitsata-dorofeeva-rybas","Felitsata Dorofeeva-Rybas","RUS","Girls","28","https://www.itftennis.com/en/players/felitsata-dorofeeva-rybas/800721825/rus/jt/s/itf-points-breakdown/","doubles","J200 Rakovnik","J200","2025-09-01","2026-08-31","150","0.25","37.5","true"
"felitsata-dorofeeva-rybas","Felitsata Dorofeeva-Rybas","RUS","Girls","28","https://www.itftennis.com/en/players/felitsata-dorofeeva-rybas/800721825/rus/jt/s/itf-points-breakdown/","doubles","J200 Nonthaburi","J200","2026-02-23","2027-02-22","150","0.25","37.5","true"
"felitsata-dorofeeva-rybas","Felitsata Dorofeeva-Rybas","RUS","Girls","28","https://www.itftennis.com/en/players/felitsata-dorofeeva-rybas/800721825/rus/jt/s/itf-points-breakdown/","doubles","Australian Open Junior Championships","JGS","2026-01-24","2027-01-23","135","0.25","33.75","false"
"felitsata-dorofeeva-rybas","Felitsata Dorofeeva-Rybas","RUS","Girls","28","https://www.itftennis.com/en/players/felitsata-dorofeeva-rybas/800721825/rus/jt/s/itf-points-breakdown/","doubles","J300 Cairo","J300","2026-03-30","2027-03-29","105","0.25","26.25","false"
"felitsata-dorofeeva-rybas","Felitsata Dorofeeva-Rybas","RUS","Girls","28","https://www.itftennis.com/en/players/felitsata-dorofeeva-rybas/800721825/rus/jt/s/itf-points-breakdown/","doubles","J300 Nonthaburi","J300","2026-03-02","2027-03-01","75","0.25","18.75","false"
"felitsata-dorofeeva-rybas","Felitsata Dorofeeva-Rybas","RUS","Girls","28","https://www.itftennis.com/en/players/felitsata-dorofeeva-rybas/800721825/rus/jt/s/itf-points-breakdown/","doubles","J200 Targu Jiu","J200","2025-05-19","2026-05-18","75","0.25","18.75","false"
"felitsata-dorofeeva-rybas","Felitsata Dorofeeva-Rybas","RUS","Girls","28","https://www.itftennis.com/en/players/felitsata-dorofeeva-rybas/800721825/rus/jt/s/itf-points-breakdown/","doubles","J300 Traralgon","J300","2026-01-16","2027-01-15","45","0.25","11.25","false"
"felitsata-dorofeeva-rybas","Felitsata Dorofeeva-Rybas","RUS","Girls","28","https://www.itftennis.com/en/players/felitsata-dorofeeva-rybas/800721825/rus/jt/s/itf-points-breakdown/","doubles","J300 Pancevo","J300","2025-08-18","2026-08-17","0","0.25","0","false"
"felitsata-dorofeeva-rybas","Felitsata Dorofeeva-Rybas","RUS","Girls","28","https://www.itftennis.com/en/players/felitsata-dorofeeva-rybas/800721825/rus/jt/s/itf-points-breakdown/","doubles","J200 Rutesheim","J200","2025-08-05","2026-08-04","0","0.25","0","false"
"jordyn-hazelitt","Jordyn Hazelitt","USA","Girls","29","https://www.itftennis.com/en/players/jordyn-hazelitt/800646432/usa/jt/s/itf-points-breakdown/","singles","J300 San Diego (North American Regional Championships)","J300","2026-03-16","2027-03-15","300","1","300","true"
"jordyn-hazelitt","Jordyn Hazelitt","USA","Girls","29","https://www.itftennis.com/en/players/jordyn-hazelitt/800646432/usa/jt/s/itf-points-breakdown/","singles","J300 Barranquilla","J300","2026-01-26","2027-01-25","210","1","210","true"
"jordyn-hazelitt","Jordyn Hazelitt","USA","Girls","29","https://www.itftennis.com/en/players/jordyn-hazelitt/800646432/usa/jt/s/itf-points-breakdown/","singles","J200 Corpus Christi","J200","2025-09-29","2026-09-28","200","1","200","true"
"jordyn-hazelitt","Jordyn Hazelitt","USA","Girls","29","https://www.itftennis.com/en/players/jordyn-hazelitt/800646432/usa/jt/s/itf-points-breakdown/","singles","J200 Veracruz","J200","2025-06-23","2026-06-22","140","1","140","true"
"jordyn-hazelitt","Jordyn Hazelitt","USA","Girls","29","https://www.itftennis.com/en/players/jordyn-hazelitt/800646432/usa/jt/s/itf-points-breakdown/","singles","J300 Spring - Pan American ITF","J300","2025-10-06","2026-10-05","60","1","60","true"
"jordyn-hazelitt","Jordyn Hazelitt","USA","Girls","29","https://www.itftennis.com/en/players/jordyn-hazelitt/800646432/usa/jt/s/itf-points-breakdown/","singles","J300 San Jose","J300","2026-01-19","2027-01-18","60","1","60","true"
"jordyn-hazelitt","Jordyn Hazelitt","USA","Girls","29","https://www.itftennis.com/en/players/jordyn-hazelitt/800646432/usa/jt/s/itf-points-breakdown/","singles","J100 Cali","J100","2025-07-21","2026-07-20","60","1","60","false"
"jordyn-hazelitt","Jordyn Hazelitt","USA","Girls","29","https://www.itftennis.com/en/players/jordyn-hazelitt/800646432/usa/jt/s/itf-points-breakdown/","singles","J200 Cairo","J200","2025-11-10","2026-11-09","36","1","36","false"
"jordyn-hazelitt","Jordyn Hazelitt","USA","Girls","29","https://www.itftennis.com/en/players/jordyn-hazelitt/800646432/usa/jt/s/itf-points-breakdown/","singles","J300 College Park","J300","2025-08-18","2026-08-17","30","1","30","false"
"jordyn-hazelitt","Jordyn Hazelitt","USA","Girls","29","https://www.itftennis.com/en/players/jordyn-hazelitt/800646432/usa/jt/s/itf-points-breakdown/","singles","J100 Veracruz","J100","2025-06-16","2026-06-15","10","1","10","false"
"jordyn-hazelitt","Jordyn Hazelitt","USA","Girls","29","https://www.itftennis.com/en/players/jordyn-hazelitt/800646432/usa/jt/s/itf-points-breakdown/","singles","J500 Merida","J500","2025-11-24","2026-11-23","0","1","0","false"
"jordyn-hazelitt","Jordyn Hazelitt","USA","Girls","29","https://www.itftennis.com/en/players/jordyn-hazelitt/800646432/usa/jt/s/itf-points-breakdown/","singles","J500 Fort Lauderdale","J500","2025-12-08","2026-12-07","0","1","0","false"
"jordyn-hazelitt","Jordyn Hazelitt","USA","Girls","29","https://www.itftennis.com/en/players/jordyn-hazelitt/800646432/usa/jt/s/itf-points-breakdown/","singles","J300 Salinas","J300","2026-02-02","2027-02-01","0","1","0","false"
"jordyn-hazelitt","Jordyn Hazelitt","USA","Girls","29","https://www.itftennis.com/en/players/jordyn-hazelitt/800646432/usa/jt/s/itf-points-breakdown/","singles","J200 Cairo","J200","2025-11-03","2026-11-02","0","1","0","false"
"jordyn-hazelitt","Jordyn Hazelitt","USA","Girls","29","https://www.itftennis.com/en/players/jordyn-hazelitt/800646432/usa/jt/s/itf-points-breakdown/","singles","US Open Junior Tennis Championships","JGS","2025-08-31","2026-08-30","0","1","0","false"
"jordyn-hazelitt","Jordyn Hazelitt","USA","Girls","29","https://www.itftennis.com/en/players/jordyn-hazelitt/800646432/usa/jt/s/itf-points-breakdown/","doubles","J300 San Jose","J300","2026-01-19","2027-01-18","225","0.25","56.25","true"
"jordyn-hazelitt","Jordyn Hazelitt","USA","Girls","29","https://www.itftennis.com/en/players/jordyn-hazelitt/800646432/usa/jt/s/itf-points-breakdown/","doubles","J300 Barranquilla","J300","2026-01-26","2027-01-25","225","0.25","56.25","true"
"jordyn-hazelitt","Jordyn Hazelitt","USA","Girls","29","https://www.itftennis.com/en/players/jordyn-hazelitt/800646432/usa/jt/s/itf-points-breakdown/","doubles","J300 San Diego (North American Regional Championships)","J300","2026-03-16","2027-03-15","225","0.25","56.25","true"
"jordyn-hazelitt","Jordyn Hazelitt","USA","Girls","29","https://www.itftennis.com/en/players/jordyn-hazelitt/800646432/usa/jt/s/itf-points-breakdown/","doubles","J500 Merida","J500","2025-11-24","2026-11-23","112","0.25","28","true"
"jordyn-hazelitt","Jordyn Hazelitt","USA","Girls","29","https://www.itftennis.com/en/players/jordyn-hazelitt/800646432/usa/jt/s/itf-points-breakdown/","doubles","J200 Cairo","J200","2025-11-10","2026-11-09","105","0.25","26.25","true"
"jordyn-hazelitt","Jordyn Hazelitt","USA","Girls","29","https://www.itftennis.com/en/players/jordyn-hazelitt/800646432/usa/jt/s/itf-points-breakdown/","doubles","J300 College Park","J300","2025-08-18","2026-08-17","75","0.25","18.75","true"
"jordyn-hazelitt","Jordyn Hazelitt","USA","Girls","29","https://www.itftennis.com/en/players/jordyn-hazelitt/800646432/usa/jt/s/itf-points-breakdown/","doubles","J300 Spring - Pan American ITF","J300","2025-10-06","2026-10-05","75","0.25","18.75","false"
"jordyn-hazelitt","Jordyn Hazelitt","USA","Girls","29","https://www.itftennis.com/en/players/jordyn-hazelitt/800646432/usa/jt/s/itf-points-breakdown/","doubles","J300 Salinas","J300","2026-02-02","2027-02-01","75","0.25","18.75","false"
"jordyn-hazelitt","Jordyn Hazelitt","USA","Girls","29","https://www.itftennis.com/en/players/jordyn-hazelitt/800646432/usa/jt/s/itf-points-breakdown/","doubles","J200 Corpus Christi","J200","2025-09-29","2026-09-28","75","0.25","18.75","false"
"jordyn-hazelitt","Jordyn Hazelitt","USA","Girls","29","https://www.itftennis.com/en/players/jordyn-hazelitt/800646432/usa/jt/s/itf-points-breakdown/","doubles","J100 Cali","J100","2025-07-21","2026-07-20","45","0.25","11.25","false"
"jordyn-hazelitt","Jordyn Hazelitt","USA","Girls","29","https://www.itftennis.com/en/players/jordyn-hazelitt/800646432/usa/jt/s/itf-points-breakdown/","doubles","J100 Veracruz","J100","2025-06-16","2026-06-15","27","0.25","6.75","false"
"jordyn-hazelitt","Jordyn Hazelitt","USA","Girls","29","https://www.itftennis.com/en/players/jordyn-hazelitt/800646432/usa/jt/s/itf-points-breakdown/","doubles","J500 Fort Lauderdale","J500","2025-12-08","2026-12-07","0","0.25","0","false"
"jordyn-hazelitt","Jordyn Hazelitt","USA","Girls","29","https://www.itftennis.com/en/players/jordyn-hazelitt/800646432/usa/jt/s/itf-points-breakdown/","doubles","J200 Veracruz","J200","2025-06-23","2026-06-22","0","0.25","0","false"
"jordyn-hazelitt","Jordyn Hazelitt","USA","Girls","29","https://www.itftennis.com/en/players/jordyn-hazelitt/800646432/usa/jt/s/itf-points-breakdown/","doubles","J200 Cairo","J200","2025-11-03","2026-11-02","0","0.25","0","false"
"polina-skliar","Polina Skliar","UKR","Girls","30","https://www.itftennis.com/en/players/polina-skliar/800667265/ukr/jt/s/itf-points-breakdown/","singles","J500 Offenbach","J500","2026-05-04","2027-05-03","250","1","250","true"
"polina-skliar","Polina Skliar","UKR","Girls","30","https://www.itftennis.com/en/players/polina-skliar/800667265/ukr/jt/s/itf-points-breakdown/","singles","J200 Benicarlo","J200","2026-03-10","2027-03-09","200","1","200","true"
"polina-skliar","Polina Skliar","UKR","Girls","30","https://www.itftennis.com/en/players/polina-skliar/800667265/ukr/jt/s/itf-points-breakdown/","singles","J200 Haskovo","J200","2026-04-21","2027-04-20","200","1","200","true"
"polina-skliar","Polina Skliar","UKR","Girls","30","https://www.itftennis.com/en/players/polina-skliar/800667265/ukr/jt/s/itf-points-breakdown/","singles","J300 Cairo","J300","2026-03-30","2027-03-29","100","1","100","true"
"polina-skliar","Polina Skliar","UKR","Girls","30","https://www.itftennis.com/en/players/polina-skliar/800667265/ukr/jt/s/itf-points-breakdown/","singles","J100 Stabekk","J100","2025-11-17","2026-11-16","100","1","100","true"
"polina-skliar","Polina Skliar","UKR","Girls","30","https://www.itftennis.com/en/players/polina-skliar/800667265/ukr/jt/s/itf-points-breakdown/","singles","J500 Cairo","J500","2026-04-06","2027-04-05","90","1","90","true"
"polina-skliar","Polina Skliar","UKR","Girls","30","https://www.itftennis.com/en/players/polina-skliar/800667265/ukr/jt/s/itf-points-breakdown/","singles","Australian Open Junior Championships","JGS","2026-01-24","2027-01-23","90","1","90","false"
"polina-skliar","Polina Skliar","UKR","Girls","30","https://www.itftennis.com/en/players/polina-skliar/800667265/ukr/jt/s/itf-points-breakdown/","singles","J300 Bamberg","J300","2025-06-10","2026-06-09","60","1","60","false"
"polina-skliar","Polina Skliar","UKR","Girls","30","https://www.itftennis.com/en/players/polina-skliar/800667265/ukr/jt/s/itf-points-breakdown/","singles","J200 Siauliai","J200","2026-02-17","2027-02-16","60","1","60","false"
"polina-skliar","Polina Skliar","UKR","Girls","30","https://www.itftennis.com/en/players/polina-skliar/800667265/ukr/jt/s/itf-points-breakdown/","singles","J200 Oslo","J200","2025-11-24","2026-11-23","36","1","36","false"
"polina-skliar","Polina Skliar","UKR","Girls","30","https://www.itftennis.com/en/players/polina-skliar/800667265/ukr/jt/s/itf-points-breakdown/","singles","J300 Charleroi-Marcinelle","J300","2025-05-26","2026-05-25","0","1","0","false"
"polina-skliar","Polina Skliar","UKR","Girls","30","https://www.itftennis.com/en/players/polina-skliar/800667265/ukr/jt/s/itf-points-breakdown/","singles","J300 Traralgon","J300","2026-01-16","2027-01-15","0","1","0","false"
"polina-skliar","Polina Skliar","UKR","Girls","30","https://www.itftennis.com/en/players/polina-skliar/800667265/ukr/jt/s/itf-points-breakdown/","singles","J300 Villena","J300","2026-03-16","2027-03-15","0","1","0","false"
"polina-skliar","Polina Skliar","UKR","Girls","30","https://www.itftennis.com/en/players/polina-skliar/800667265/ukr/jt/s/itf-points-breakdown/","doubles","J500 Offenbach","J500","2026-05-04","2027-05-03","375","0.25","93.75","true"
"polina-skliar","Polina Skliar","UKR","Girls","30","https://www.itftennis.com/en/players/polina-skliar/800667265/ukr/jt/s/itf-points-breakdown/","doubles","J500 Cairo","J500","2026-04-06","2027-04-05","262","0.25","65.5","true"
"polina-skliar","Polina Skliar","UKR","Girls","30","https://www.itftennis.com/en/players/polina-skliar/800667265/ukr/jt/s/itf-points-breakdown/","doubles","J300 Bamberg","J300","2025-06-10","2026-06-09","105","0.25","26.25","true"
"polina-skliar","Polina Skliar","UKR","Girls","30","https://www.itftennis.com/en/players/polina-skliar/800667265/ukr/jt/s/itf-points-breakdown/","doubles","J300 Charleroi-Marcinelle","J300","2025-05-26","2026-05-25","75","0.25","18.75","true"
"polina-skliar","Polina Skliar","UKR","Girls","30","https://www.itftennis.com/en/players/polina-skliar/800667265/ukr/jt/s/itf-points-breakdown/","doubles","J300 Cairo","J300","2026-03-30","2027-03-29","75","0.25","18.75","true"
"polina-skliar","Polina Skliar","UKR","Girls","30","https://www.itftennis.com/en/players/polina-skliar/800667265/ukr/jt/s/itf-points-breakdown/","doubles","J200 Benicarlo","J200","2026-03-10","2027-03-09","75","0.25","18.75","true"
"polina-skliar","Polina Skliar","UKR","Girls","30","https://www.itftennis.com/en/players/polina-skliar/800667265/ukr/jt/s/itf-points-breakdown/","doubles","J200 Haskovo","J200","2026-04-21","2027-04-20","75","0.25","18.75","false"
"polina-skliar","Polina Skliar","UKR","Girls","30","https://www.itftennis.com/en/players/polina-skliar/800667265/ukr/jt/s/itf-points-breakdown/","doubles","J100 Stabekk","J100","2025-11-17","2026-11-16","75","0.25","18.75","false"
"polina-skliar","Polina Skliar","UKR","Girls","30","https://www.itftennis.com/en/players/polina-skliar/800667265/ukr/jt/s/itf-points-breakdown/","doubles","J300 Villena","J300","2026-03-16","2027-03-15","0","0.25","0","false"
"polina-skliar","Polina Skliar","UKR","Girls","30","https://www.itftennis.com/en/players/polina-skliar/800667265/ukr/jt/s/itf-points-breakdown/","doubles","J200 Oslo","J200","2025-11-24","2026-11-23","0","0.25","0","false"
"polina-skliar","Polina Skliar","UKR","Girls","30","https://www.itftennis.com/en/players/polina-skliar/800667265/ukr/jt/s/itf-points-breakdown/","doubles","J200 Siauliai","J200","2026-02-17","2027-02-16","0","0.25","0","false"
"polina-skliar","Polina Skliar","UKR","Girls","30","https://www.itftennis.com/en/players/polina-skliar/800667265/ukr/jt/s/itf-points-breakdown/","doubles","Australian Open Junior Championships","JGS","2026-01-24","2027-01-23","0","0.25","0","false"
"welles-newman","Welles Newman","USA","Girls","31","https://www.itftennis.com/en/players/welles-newman/800705703/usa/jt/s/itf-points-breakdown/","singles","J300 Porto Alegre","J300","2026-03-09","2027-03-08","210","1","210","true"
"welles-newman","Welles Newman","USA","Girls","31","https://www.itftennis.com/en/players/welles-newman/800705703/usa/jt/s/itf-points-breakdown/","singles","J200 Bogota","J200","2025-07-14","2026-07-13","200","1","200","true"
"welles-newman","Welles Newman","USA","Girls","31","https://www.itftennis.com/en/players/welles-newman/800705703/usa/jt/s/itf-points-breakdown/","singles","US Open Junior Tennis Championships","JGS","2025-08-31","2026-08-30","180","1","180","true"
"welles-newman","Welles Newman","USA","Girls","31","https://www.itftennis.com/en/players/welles-newman/800705703/usa/jt/s/itf-points-breakdown/","singles","J300 Barranquilla","J300","2026-01-26","2027-01-25","140","1","140","true"
"welles-newman","Welles Newman","USA","Girls","31","https://www.itftennis.com/en/players/welles-newman/800705703/usa/jt/s/itf-points-breakdown/","singles","J300 San Jose","J300","2026-01-19","2027-01-18","100","1","100","true"
"welles-newman","Welles Newman","USA","Girls","31","https://www.itftennis.com/en/players/welles-newman/800705703/usa/jt/s/itf-points-breakdown/","singles","J100 Londrina","J100","2025-06-30","2026-06-29","100","1","100","true"
"welles-newman","Welles Newman","USA","Girls","31","https://www.itftennis.com/en/players/welles-newman/800705703/usa/jt/s/itf-points-breakdown/","singles","J100 Medellin","J100","2025-07-07","2026-07-06","100","1","100","false"
"welles-newman","Welles Newman","USA","Girls","31","https://www.itftennis.com/en/players/welles-newman/800705703/usa/jt/s/itf-points-breakdown/","singles","J500 Fort Lauderdale","J500","2025-12-08","2026-12-07","90","1","90","false"
"welles-newman","Welles Newman","USA","Girls","31","https://www.itftennis.com/en/players/welles-newman/800705703/usa/jt/s/itf-points-breakdown/","singles","J300 Asuncion","J300","2026-03-02","2027-03-01","60","1","60","false"
"welles-newman","Welles Newman","USA","Girls","31","https://www.itftennis.com/en/players/welles-newman/800705703/usa/jt/s/itf-points-breakdown/","singles","J500 Milan","J500","2025-05-19","2026-05-18","0","1","0","false"
"welles-newman","Welles Newman","USA","Girls","31","https://www.itftennis.com/en/players/welles-newman/800705703/usa/jt/s/itf-points-breakdown/","singles","J500 Gaspar","J500","2026-03-16","2027-03-15","0","1","0","false"
"welles-newman","Welles Newman","USA","Girls","31","https://www.itftennis.com/en/players/welles-newman/800705703/usa/jt/s/itf-points-breakdown/","doubles","J300 San Jose","J300","2026-01-19","2027-01-18","225","0.25","56.25","true"
"welles-newman","Welles Newman","USA","Girls","31","https://www.itftennis.com/en/players/welles-newman/800705703/usa/jt/s/itf-points-breakdown/","doubles","J300 Barranquilla","J300","2026-01-26","2027-01-25","225","0.25","56.25","true"
"welles-newman","Welles Newman","USA","Girls","31","https://www.itftennis.com/en/players/welles-newman/800705703/usa/jt/s/itf-points-breakdown/","doubles","J500 Fort Lauderdale","J500","2025-12-08","2026-12-07","187","0.25","46.75","true"
"welles-newman","Welles Newman","USA","Girls","31","https://www.itftennis.com/en/players/welles-newman/800705703/usa/jt/s/itf-points-breakdown/","doubles","J200 Bogota","J200","2025-07-14","2026-07-13","150","0.25","37.5","true"
"welles-newman","Welles Newman","USA","Girls","31","https://www.itftennis.com/en/players/welles-newman/800705703/usa/jt/s/itf-points-breakdown/","doubles","J500 Gaspar","J500","2026-03-16","2027-03-15","112","0.25","28","true"
"welles-newman","Welles Newman","USA","Girls","31","https://www.itftennis.com/en/players/welles-newman/800705703/usa/jt/s/itf-points-breakdown/","doubles","J300 Porto Alegre","J300","2026-03-09","2027-03-08","75","0.25","18.75","true"
"welles-newman","Welles Newman","USA","Girls","31","https://www.itftennis.com/en/players/welles-newman/800705703/usa/jt/s/itf-points-breakdown/","doubles","J100 Londrina","J100","2025-06-30","2026-06-29","75","0.25","18.75","false"
"welles-newman","Welles Newman","USA","Girls","31","https://www.itftennis.com/en/players/welles-newman/800705703/usa/jt/s/itf-points-breakdown/","doubles","J500 Milan","J500","2025-05-19","2026-05-18","67","0.25","16.75","false"
"welles-newman","Welles Newman","USA","Girls","31","https://www.itftennis.com/en/players/welles-newman/800705703/usa/jt/s/itf-points-breakdown/","doubles","J100 Medellin","J100","2025-07-07","2026-07-06","45","0.25","11.25","false"
"welles-newman","Welles Newman","USA","Girls","31","https://www.itftennis.com/en/players/welles-newman/800705703/usa/jt/s/itf-points-breakdown/","doubles","J300 Asuncion","J300","2026-03-02","2027-03-01","0","0.25","0","false"
"welles-newman","Welles Newman","USA","Girls","31","https://www.itftennis.com/en/players/welles-newman/800705703/usa/jt/s/itf-points-breakdown/","doubles","US Open Junior Tennis Championships","JGS","2025-08-31","2026-08-30","0","0.25","0","false"
"rada-zolotareva","Rada Zolotareva","RUS","Girls","32","https://www.itftennis.com/en/players/rada-zolotareva/800587900/rus/jt/s/itf-points-breakdown/","singles","Australian Open Junior Championships","JGS","2026-01-24","2027-01-23","490","1","490","true"
"rada-zolotareva","Rada Zolotareva","RUS","Girls","32","https://www.itftennis.com/en/players/rada-zolotareva/800587900/rus/jt/s/itf-points-breakdown/","singles","J300 Pancevo","J300","2025-08-18","2026-08-17","300","1","300","true"
"rada-zolotareva","Rada Zolotareva","RUS","Girls","32","https://www.itftennis.com/en/players/rada-zolotareva/800587900/rus/jt/s/itf-points-breakdown/","singles","J300 Traralgon","J300","2026-01-16","2027-01-15","140","1","140","true"
"rada-zolotareva","Rada Zolotareva","RUS","Girls","32","https://www.itftennis.com/en/players/rada-zolotareva/800587900/rus/jt/s/itf-points-breakdown/","singles","Roland Garros Junior Championships","JGS","2025-06-01","2026-05-31","0","1","0","true"
"rada-zolotareva","Rada Zolotareva","RUS","Girls","32","https://www.itftennis.com/en/players/rada-zolotareva/800587900/rus/jt/s/itf-points-breakdown/","doubles","Australian Open Junior Championships","JGS","2026-01-24","2027-01-23","367","0.25","91.75","true"
"rada-zolotareva","Rada Zolotareva","RUS","Girls","32","https://www.itftennis.com/en/players/rada-zolotareva/800587900/rus/jt/s/itf-points-breakdown/","doubles","J300 Pancevo","J300","2025-08-18","2026-08-17","225","0.25","56.25","true"
"rada-zolotareva","Rada Zolotareva","RUS","Girls","32","https://www.itftennis.com/en/players/rada-zolotareva/800587900/rus/jt/s/itf-points-breakdown/","doubles","J300 Traralgon","J300","2026-01-16","2027-01-15","225","0.25","56.25","true"
"rada-zolotareva","Rada Zolotareva","RUS","Girls","32","https://www.itftennis.com/en/players/rada-zolotareva/800587900/rus/jt/s/itf-points-breakdown/","doubles","Roland Garros Junior Championships","JGS","2025-06-01","2026-05-31","135","0.25","33.75","true"
"anastasia-lizunova","Anastasia Lizunova","RUS","Girls","33","https://www.itftennis.com/en/players/anastasia-lizunova/800589857/rus/jt/s/itf-points-breakdown/","singles","J300 Beijing","J300","2025-09-16","2026-09-15","300","1","300","true"
"anastasia-lizunova","Anastasia Lizunova","RUS","Girls","33","https://www.itftennis.com/en/players/anastasia-lizunova/800589857/rus/jt/s/itf-points-breakdown/","singles","J300 Kuching","J300","2026-04-07","2027-04-06","300","1","300","true"
"anastasia-lizunova","Anastasia Lizunova","RUS","Girls","33","https://www.itftennis.com/en/players/anastasia-lizunova/800589857/rus/jt/s/itf-points-breakdown/","singles","J200 Belgrade","J200","2025-08-25","2026-08-24","140","1","140","true"
"anastasia-lizunova","Anastasia Lizunova","RUS","Girls","33","https://www.itftennis.com/en/players/anastasia-lizunova/800589857/rus/jt/s/itf-points-breakdown/","singles","J200 Fergana","J200","2025-10-06","2026-10-05","100","1","100","true"
"anastasia-lizunova","Anastasia Lizunova","RUS","Girls","33","https://www.itftennis.com/en/players/anastasia-lizunova/800589857/rus/jt/s/itf-points-breakdown/","singles","J500 Osaka","J500","2025-09-22","2026-09-21","90","1","90","true"
"anastasia-lizunova","Anastasia Lizunova","RUS","Girls","33","https://www.itftennis.com/en/players/anastasia-lizunova/800589857/rus/jt/s/itf-points-breakdown/","singles","Australian Open Junior Championships","JGS","2026-01-24","2027-01-23","90","1","90","true"
"anastasia-lizunova","Anastasia Lizunova","RUS","Girls","33","https://www.itftennis.com/en/players/anastasia-lizunova/800589857/rus/jt/s/itf-points-breakdown/","singles","J200 Castricum","J200","2025-07-01","2026-06-30","36","1","36","false"
"anastasia-lizunova","Anastasia Lizunova","RUS","Girls","33","https://www.itftennis.com/en/players/anastasia-lizunova/800589857/rus/jt/s/itf-points-breakdown/","singles","J500 Milan","J500","2025-05-19","2026-05-18","0","1","0","false"
"anastasia-lizunova","Anastasia Lizunova","RUS","Girls","33","https://www.itftennis.com/en/players/anastasia-lizunova/800589857/rus/jt/s/itf-points-breakdown/","singles","J300 Pancevo","J300","2025-08-18","2026-08-17","0","1","0","false"
"anastasia-lizunova","Anastasia Lizunova","RUS","Girls","33","https://www.itftennis.com/en/players/anastasia-lizunova/800589857/rus/jt/s/itf-points-breakdown/","singles","J300 Traralgon","J300","2026-01-16","2027-01-15","0","1","0","false"
"anastasia-lizunova","Anastasia Lizunova","RUS","Girls","33","https://www.itftennis.com/en/players/anastasia-lizunova/800589857/rus/jt/s/itf-points-breakdown/","singles","Roland Garros Junior Championships","JGS","2025-06-01","2026-05-31","0","1","0","false"
"anastasia-lizunova","Anastasia Lizunova","RUS","Girls","33","https://www.itftennis.com/en/players/anastasia-lizunova/800589857/rus/jt/s/itf-points-breakdown/","doubles","J300 Pancevo","J300","2025-08-18","2026-08-17","157","0.25","39.25","true"
"anastasia-lizunova","Anastasia Lizunova","RUS","Girls","33","https://www.itftennis.com/en/players/anastasia-lizunova/800589857/rus/jt/s/itf-points-breakdown/","doubles","J300 Beijing","J300","2025-09-16","2026-09-15","105","0.25","26.25","true"
"anastasia-lizunova","Anastasia Lizunova","RUS","Girls","33","https://www.itftennis.com/en/players/anastasia-lizunova/800589857/rus/jt/s/itf-points-breakdown/","doubles","J300 Kuching","J300","2026-04-07","2027-04-06","105","0.25","26.25","true"
"anastasia-lizunova","Anastasia Lizunova","RUS","Girls","33","https://www.itftennis.com/en/players/anastasia-lizunova/800589857/rus/jt/s/itf-points-breakdown/","doubles","J200 Belgrade","J200","2025-08-25","2026-08-24","75","0.25","18.75","true"
"anastasia-lizunova","Anastasia Lizunova","RUS","Girls","33","https://www.itftennis.com/en/players/anastasia-lizunova/800589857/rus/jt/s/itf-points-breakdown/","doubles","J500 Osaka","J500","2025-09-22","2026-09-21","67","0.25","16.75","true"
"anastasia-lizunova","Anastasia Lizunova","RUS","Girls","33","https://www.itftennis.com/en/players/anastasia-lizunova/800589857/rus/jt/s/itf-points-breakdown/","doubles","J200 Fergana","J200","2025-10-06","2026-10-05","45","0.25","11.25","true"
"anastasia-lizunova","Anastasia Lizunova","RUS","Girls","33","https://www.itftennis.com/en/players/anastasia-lizunova/800589857/rus/jt/s/itf-points-breakdown/","doubles","J500 Milan","J500","2025-05-19","2026-05-18","0","0.25","0","false"
"anastasia-lizunova","Anastasia Lizunova","RUS","Girls","33","https://www.itftennis.com/en/players/anastasia-lizunova/800589857/rus/jt/s/itf-points-breakdown/","doubles","J300 Traralgon","J300","2026-01-16","2027-01-15","0","0.25","0","false"
"anastasia-lizunova","Anastasia Lizunova","RUS","Girls","33","https://www.itftennis.com/en/players/anastasia-lizunova/800589857/rus/jt/s/itf-points-breakdown/","doubles","J200 Castricum","J200","2025-07-01","2026-06-30","0","0.25","0","false"
"anastasia-lizunova","Anastasia Lizunova","RUS","Girls","33","https://www.itftennis.com/en/players/anastasia-lizunova/800589857/rus/jt/s/itf-points-breakdown/","doubles","Australian Open Junior Championships","JGS","2026-01-24","2027-01-23","0","0.25","0","false"
"ruien-zhang","Ruien Zhang","CHN","Girls","34","https://www.itftennis.com/en/players/ruien-zhang/800631529/chn/jt/s/itf-points-breakdown/","singles","2025 ITF World Tennis Tour Junior Finals","JM","2025-10-22","2026-10-21","320","1","320","true"
"ruien-zhang","Ruien Zhang","CHN","Girls","34","https://www.itftennis.com/en/players/ruien-zhang/800631529/chn/jt/s/itf-points-breakdown/","singles","Roland Garros Junior Championships","JGS","2025-06-01","2026-05-31","180","1","180","true"
"ruien-zhang","Ruien Zhang","CHN","Girls","34","https://www.itftennis.com/en/players/ruien-zhang/800631529/chn/jt/s/itf-points-breakdown/","singles","Australian Open Junior Championships","JGS","2026-01-24","2027-01-23","180","1","180","true"
"ruien-zhang","Ruien Zhang","CHN","Girls","34","https://www.itftennis.com/en/players/ruien-zhang/800631529/chn/jt/s/itf-points-breakdown/","singles","J500 Fort Lauderdale","J500","2025-12-08","2026-12-07","90","1","90","true"
"ruien-zhang","Ruien Zhang","CHN","Girls","34","https://www.itftennis.com/en/players/ruien-zhang/800631529/chn/jt/s/itf-points-breakdown/","singles","The Junior Championships, Wimbledon","JGS","2025-07-05","2026-07-04","90","1","90","true"
"ruien-zhang","Ruien Zhang","CHN","Girls","34","https://www.itftennis.com/en/players/ruien-zhang/800631529/chn/jt/s/itf-points-breakdown/","singles","J300 Roehampton","J300","2025-06-29","2026-06-28","60","1","60","true"
"ruien-zhang","Ruien Zhang","CHN","Girls","34","https://www.itftennis.com/en/players/ruien-zhang/800631529/chn/jt/s/itf-points-breakdown/","singles","J500 Merida","J500","2025-11-24","2026-11-23","45","1","45","false"
"ruien-zhang","Ruien Zhang","CHN","Girls","34","https://www.itftennis.com/en/players/ruien-zhang/800631529/chn/jt/s/itf-points-breakdown/","singles","J500 Milan","J500","2025-05-19","2026-05-18","0","1","0","false"
"ruien-zhang","Ruien Zhang","CHN","Girls","34","https://www.itftennis.com/en/players/ruien-zhang/800631529/chn/jt/s/itf-points-breakdown/","singles","J300 College Park","J300","2025-08-18","2026-08-17","0","1","0","false"
"ruien-zhang","Ruien Zhang","CHN","Girls","34","https://www.itftennis.com/en/players/ruien-zhang/800631529/chn/jt/s/itf-points-breakdown/","singles","US Open Junior Tennis Championships","JGS","2025-08-31","2026-08-30","0","1","0","false"
"ruien-zhang","Ruien Zhang","CHN","Girls","34","https://www.itftennis.com/en/players/ruien-zhang/800631529/chn/jt/s/itf-points-breakdown/","doubles","US Open Junior Tennis Championships","JGS","2025-08-31","2026-08-30","367","0.25","91.75","true"
"ruien-zhang","Ruien Zhang","CHN","Girls","34","https://www.itftennis.com/en/players/ruien-zhang/800631529/chn/jt/s/itf-points-breakdown/","doubles","J300 College Park","J300","2025-08-18","2026-08-17","225","0.25","56.25","true"
"ruien-zhang","Ruien Zhang","CHN","Girls","34","https://www.itftennis.com/en/players/ruien-zhang/800631529/chn/jt/s/itf-points-breakdown/","doubles","Australian Open Junior Championships","JGS","2026-01-24","2027-01-23","135","0.25","33.75","true"
"ruien-zhang","Ruien Zhang","CHN","Girls","34","https://www.itftennis.com/en/players/ruien-zhang/800631529/chn/jt/s/itf-points-breakdown/","doubles","J500 Milan","J500","2025-05-19","2026-05-18","67","0.25","16.75","true"
"ruien-zhang","Ruien Zhang","CHN","Girls","34","https://www.itftennis.com/en/players/ruien-zhang/800631529/chn/jt/s/itf-points-breakdown/","doubles","J300 Roehampton","J300","2025-06-29","2026-06-28","45","0.25","11.25","true"
"ruien-zhang","Ruien Zhang","CHN","Girls","34","https://www.itftennis.com/en/players/ruien-zhang/800631529/chn/jt/s/itf-points-breakdown/","doubles","J500 Merida","J500","2025-11-24","2026-11-23","0","0.25","0","true"
"ruien-zhang","Ruien Zhang","CHN","Girls","34","https://www.itftennis.com/en/players/ruien-zhang/800631529/chn/jt/s/itf-points-breakdown/","doubles","J500 Fort Lauderdale","J500","2025-12-08","2026-12-07","0","0.25","0","false"
"ruien-zhang","Ruien Zhang","CHN","Girls","34","https://www.itftennis.com/en/players/ruien-zhang/800631529/chn/jt/s/itf-points-breakdown/","doubles","Roland Garros Junior Championships","JGS","2025-06-01","2026-05-31","0","0.25","0","false"
"ruien-zhang","Ruien Zhang","CHN","Girls","34","https://www.itftennis.com/en/players/ruien-zhang/800631529/chn/jt/s/itf-points-breakdown/","doubles","The Junior Championships, Wimbledon","JGS","2025-07-05","2026-07-04","0","0.25","0","false"
"renee-alame","Renee Alame","AUS","Girls","35","https://www.itftennis.com/en/players/renee-alame/800701055/aus/jt/s/itf-points-breakdown/","singles","J500 Osaka","J500","2025-09-22","2026-09-21","250","1","250","true"
"renee-alame","Renee Alame","AUS","Girls","35","https://www.itftennis.com/en/players/renee-alame/800701055/aus/jt/s/itf-points-breakdown/","singles","J300 Zapopan","J300","2025-11-17","2026-11-16","140","1","140","true"
"renee-alame","Renee Alame","AUS","Girls","35","https://www.itftennis.com/en/players/renee-alame/800701055/aus/jt/s/itf-points-breakdown/","singles","J300 Nonthaburi","J300","2026-03-02","2027-03-01","140","1","140","true"
"renee-alame","Renee Alame","AUS","Girls","35","https://www.itftennis.com/en/players/renee-alame/800701055/aus/jt/s/itf-points-breakdown/","singles","J300 Santa Croce Sull’Arno","J300","2026-05-11","2027-05-10","140","1","140","true"
"renee-alame","Renee Alame","AUS","Girls","35","https://www.itftennis.com/en/players/renee-alame/800701055/aus/jt/s/itf-points-breakdown/","singles","J200 Miki","J200","2025-09-16","2026-09-15","140","1","140","true"
"renee-alame","Renee Alame","AUS","Girls","35","https://www.itftennis.com/en/players/renee-alame/800701055/aus/jt/s/itf-points-breakdown/","singles","J300 Bamberg","J300","2025-06-10","2026-06-09","100","1","100","true"
"renee-alame","Renee Alame","AUS","Girls","35","https://www.itftennis.com/en/players/renee-alame/800701055/aus/jt/s/itf-points-breakdown/","singles","US Open Junior Tennis Championships","JGS","2025-08-31","2026-08-30","90","1","90","false"
"renee-alame","Renee Alame","AUS","Girls","35","https://www.itftennis.com/en/players/renee-alame/800701055/aus/jt/s/itf-points-breakdown/","singles","Australian Open Junior Championships","JGS","2026-01-24","2027-01-23","90","1","90","false"
"renee-alame","Renee Alame","AUS","Girls","35","https://www.itftennis.com/en/players/renee-alame/800701055/aus/jt/s/itf-points-breakdown/","singles","J300 College Park","J300","2025-08-18","2026-08-17","60","1","60","false"
"renee-alame","Renee Alame","AUS","Girls","35","https://www.itftennis.com/en/players/renee-alame/800701055/aus/jt/s/itf-points-breakdown/","singles","J300 Roehampton","J300","2025-06-29","2026-06-28","30","1","30","false"
"renee-alame","Renee Alame","AUS","Girls","35","https://www.itftennis.com/en/players/renee-alame/800701055/aus/jt/s/itf-points-breakdown/","singles","The Junior Championships, Wimbledon","JGS","2025-07-05","2026-07-04","20","1","20","false"
"renee-alame","Renee Alame","AUS","Girls","35","https://www.itftennis.com/en/players/renee-alame/800701055/aus/jt/s/itf-points-breakdown/","singles","J500 Merida","J500","2025-11-24","2026-11-23","0","1","0","false"
"renee-alame","Renee Alame","AUS","Girls","35","https://www.itftennis.com/en/players/renee-alame/800701055/aus/jt/s/itf-points-breakdown/","singles","J300 Charleroi-Marcinelle","J300","2025-05-26","2026-05-25","0","1","0","false"
"renee-alame","Renee Alame","AUS","Girls","35","https://www.itftennis.com/en/players/renee-alame/800701055/aus/jt/s/itf-points-breakdown/","singles","J300 Repentigny","J300","2025-08-24","2026-08-23","0","1","0","false"
"renee-alame","Renee Alame","AUS","Girls","35","https://www.itftennis.com/en/players/renee-alame/800701055/aus/jt/s/itf-points-breakdown/","singles","J300 Traralgon","J300","2026-01-16","2027-01-15","0","1","0","false"
"renee-alame","Renee Alame","AUS","Girls","35","https://www.itftennis.com/en/players/renee-alame/800701055/aus/jt/s/itf-points-breakdown/","singles","J200 Nonthaburi","J200","2026-02-23","2027-02-22","0","1","0","false"
"renee-alame","Renee Alame","AUS","Girls","35","https://www.itftennis.com/en/players/renee-alame/800701055/aus/jt/s/itf-points-breakdown/","singles","Roland Garros Junior Championships","JGS","2025-06-01","2026-05-31","0","1","0","false"
"renee-alame","Renee Alame","AUS","Girls","35","https://www.itftennis.com/en/players/renee-alame/800701055/aus/jt/s/itf-points-breakdown/","doubles","J500 Osaka","J500","2025-09-22","2026-09-21","262","0.25","65.5","true"
"renee-alame","Renee Alame","AUS","Girls","35","https://www.itftennis.com/en/players/renee-alame/800701055/aus/jt/s/itf-points-breakdown/","doubles","J300 Traralgon","J300","2026-01-16","2027-01-15","157","0.25","39.25","true"
"renee-alame","Renee Alame","AUS","Girls","35","https://www.itftennis.com/en/players/renee-alame/800701055/aus/jt/s/itf-points-breakdown/","doubles","Australian Open Junior Championships","JGS","2026-01-24","2027-01-23","135","0.25","33.75","true"
"renee-alame","Renee Alame","AUS","Girls","35","https://www.itftennis.com/en/players/renee-alame/800701055/aus/jt/s/itf-points-breakdown/","doubles","J300 Roehampton","J300","2025-06-29","2026-06-28","105","0.25","26.25","true"
"renee-alame","Renee Alame","AUS","Girls","35","https://www.itftennis.com/en/players/renee-alame/800701055/aus/jt/s/itf-points-breakdown/","doubles","J300 Repentigny","J300","2025-08-24","2026-08-23","105","0.25","26.25","true"
"renee-alame","Renee Alame","AUS","Girls","35","https://www.itftennis.com/en/players/renee-alame/800701055/aus/jt/s/itf-points-breakdown/","doubles","J300 Zapopan","J300","2025-11-17","2026-11-16","105","0.25","26.25","true"
"renee-alame","Renee Alame","AUS","Girls","35","https://www.itftennis.com/en/players/renee-alame/800701055/aus/jt/s/itf-points-breakdown/","doubles","J300 Nonthaburi","J300","2026-03-02","2027-03-01","105","0.25","26.25","false"
"renee-alame","Renee Alame","AUS","Girls","35","https://www.itftennis.com/en/players/renee-alame/800701055/aus/jt/s/itf-points-breakdown/","doubles","J200 Nonthaburi","J200","2026-02-23","2027-02-22","105","0.25","26.25","false"
"renee-alame","Renee Alame","AUS","Girls","35","https://www.itftennis.com/en/players/renee-alame/800701055/aus/jt/s/itf-points-breakdown/","doubles","J200 Miki","J200","2025-09-16","2026-09-15","45","0.25","11.25","false"
"renee-alame","Renee Alame","AUS","Girls","35","https://www.itftennis.com/en/players/renee-alame/800701055/aus/jt/s/itf-points-breakdown/","doubles","J300 Charleroi-Marcinelle","J300","2025-05-26","2026-05-25","0","0.25","0","false"
"renee-alame","Renee Alame","AUS","Girls","35","https://www.itftennis.com/en/players/renee-alame/800701055/aus/jt/s/itf-points-breakdown/","doubles","J300 Bamberg","J300","2025-06-10","2026-06-09","0","0.25","0","false"
"renee-alame","Renee Alame","AUS","Girls","35","https://www.itftennis.com/en/players/renee-alame/800701055/aus/jt/s/itf-points-breakdown/","doubles","J300 College Park","J300","2025-08-18","2026-08-17","0","0.25","0","false"
"renee-alame","Renee Alame","AUS","Girls","35","https://www.itftennis.com/en/players/renee-alame/800701055/aus/jt/s/itf-points-breakdown/","doubles","J300 Santa Croce Sull’Arno","J300","2026-05-11","2027-05-10","0","0.25","0","false"
"renee-alame","Renee Alame","AUS","Girls","35","https://www.itftennis.com/en/players/renee-alame/800701055/aus/jt/s/itf-points-breakdown/","doubles","The Junior Championships, Wimbledon","JGS","2025-07-05","2026-07-04","0","0.25","0","false"
"renee-alame","Renee Alame","AUS","Girls","35","https://www.itftennis.com/en/players/renee-alame/800701055/aus/jt/s/itf-points-breakdown/","doubles","US Open Junior Tennis Championships","JGS","2025-08-31","2026-08-30","0","0.25","0","false"
"sofie-hettlerova","Sofie Hettlerova","CZE","Girls","36","https://www.itftennis.com/en/players/sofie-hettlerova/800604444/cze/jt/s/itf-points-breakdown/","singles","J200 Lima","J200","2025-09-22","2026-09-21","200","1","200","true"
"sofie-hettlerova","Sofie Hettlerova","CZE","Girls","36","https://www.itftennis.com/en/players/sofie-hettlerova/800604444/cze/jt/s/itf-points-breakdown/","singles","J200 Santiago","J200","2025-09-29","2026-09-28","200","1","200","true"
"sofie-hettlerova","Sofie Hettlerova","CZE","Girls","36","https://www.itftennis.com/en/players/sofie-hettlerova/800604444/cze/jt/s/itf-points-breakdown/","singles","J500 Merida","J500","2025-11-24","2026-11-23","150","1","150","true"
"sofie-hettlerova","Sofie Hettlerova","CZE","Girls","36","https://www.itftennis.com/en/players/sofie-hettlerova/800604444/cze/jt/s/itf-points-breakdown/","singles","J200 Targu Jiu","J200","2025-05-19","2026-05-18","140","1","140","true"
"sofie-hettlerova","Sofie Hettlerova","CZE","Girls","36","https://www.itftennis.com/en/players/sofie-hettlerova/800604444/cze/jt/s/itf-points-breakdown/","singles","J200 Pilsen","J200","2025-06-23","2026-06-22","140","1","140","true"
"sofie-hettlerova","Sofie Hettlerova","CZE","Girls","36","https://www.itftennis.com/en/players/sofie-hettlerova/800604444/cze/jt/s/itf-points-breakdown/","singles","J300 Pancevo","J300","2025-08-18","2026-08-17","100","1","100","true"
"sofie-hettlerova","Sofie Hettlerova","CZE","Girls","36","https://www.itftennis.com/en/players/sofie-hettlerova/800604444/cze/jt/s/itf-points-breakdown/","singles","J300 Zapopan","J300","2025-11-17","2026-11-16","100","1","100","false"
"sofie-hettlerova","Sofie Hettlerova","CZE","Girls","36","https://www.itftennis.com/en/players/sofie-hettlerova/800604444/cze/jt/s/itf-points-breakdown/","singles","J200 Gladbeck","J200","2025-06-17","2026-06-16","60","1","60","false"
"sofie-hettlerova","Sofie Hettlerova","CZE","Girls","36","https://www.itftennis.com/en/players/sofie-hettlerova/800604444/cze/jt/s/itf-points-breakdown/","singles","J200 Basel","J200","2025-07-29","2026-07-28","60","1","60","false"
"sofie-hettlerova","Sofie Hettlerova","CZE","Girls","36","https://www.itftennis.com/en/players/sofie-hettlerova/800604444/cze/jt/s/itf-points-breakdown/","singles","J300 Traralgon","J300","2026-01-16","2027-01-15","30","1","30","false"
"sofie-hettlerova","Sofie Hettlerova","CZE","Girls","36","https://www.itftennis.com/en/players/sofie-hettlerova/800604444/cze/jt/s/itf-points-breakdown/","singles","J500 Gaspar","J500","2026-03-16","2027-03-15","0","1","0","false"
"sofie-hettlerova","Sofie Hettlerova","CZE","Girls","36","https://www.itftennis.com/en/players/sofie-hettlerova/800604444/cze/jt/s/itf-points-breakdown/","singles","J300 Bamberg","J300","2025-06-10","2026-06-09","0","1","0","false"
"sofie-hettlerova","Sofie Hettlerova","CZE","Girls","36","https://www.itftennis.com/en/players/sofie-hettlerova/800604444/cze/jt/s/itf-points-breakdown/","singles","J300 Porto Alegre","J300","2026-03-09","2027-03-08","0","1","0","false"
"sofie-hettlerova","Sofie Hettlerova","CZE","Girls","36","https://www.itftennis.com/en/players/sofie-hettlerova/800604444/cze/jt/s/itf-points-breakdown/","singles","Australian Open Junior Championships","JGS","2026-01-24","2027-01-23","0","1","0","false"
"sofie-hettlerova","Sofie Hettlerova","CZE","Girls","36","https://www.itftennis.com/en/players/sofie-hettlerova/800604444/cze/jt/s/itf-points-breakdown/","doubles","J300 Zapopan","J300","2025-11-17","2026-11-16","157","0.25","39.25","true"
"sofie-hettlerova","Sofie Hettlerova","CZE","Girls","36","https://www.itftennis.com/en/players/sofie-hettlerova/800604444/cze/jt/s/itf-points-breakdown/","doubles","J200 Santiago","J200","2025-09-29","2026-09-28","150","0.25","37.5","true"
"sofie-hettlerova","Sofie Hettlerova","CZE","Girls","36","https://www.itftennis.com/en/players/sofie-hettlerova/800604444/cze/jt/s/itf-points-breakdown/","doubles","Australian Open Junior Championships","JGS","2026-01-24","2027-01-23","135","0.25","33.75","true"
"sofie-hettlerova","Sofie Hettlerova","CZE","Girls","36","https://www.itftennis.com/en/players/sofie-hettlerova/800604444/cze/jt/s/itf-points-breakdown/","doubles","J300 Porto Alegre","J300","2026-03-09","2027-03-08","105","0.25","26.25","true"
"sofie-hettlerova","Sofie Hettlerova","CZE","Girls","36","https://www.itftennis.com/en/players/sofie-hettlerova/800604444/cze/jt/s/itf-points-breakdown/","doubles","J200 Targu Jiu","J200","2025-05-19","2026-05-18","105","0.25","26.25","true"
"sofie-hettlerova","Sofie Hettlerova","CZE","Girls","36","https://www.itftennis.com/en/players/sofie-hettlerova/800604444/cze/jt/s/itf-points-breakdown/","doubles","J200 Pilsen","J200","2025-06-23","2026-06-22","105","0.25","26.25","true"
"sofie-hettlerova","Sofie Hettlerova","CZE","Girls","36","https://www.itftennis.com/en/players/sofie-hettlerova/800604444/cze/jt/s/itf-points-breakdown/","doubles","J200 Basel","J200","2025-07-29","2026-07-28","75","0.25","18.75","false"
"sofie-hettlerova","Sofie Hettlerova","CZE","Girls","36","https://www.itftennis.com/en/players/sofie-hettlerova/800604444/cze/jt/s/itf-points-breakdown/","doubles","J200 Lima","J200","2025-09-22","2026-09-21","75","0.25","18.75","false"
"sofie-hettlerova","Sofie Hettlerova","CZE","Girls","36","https://www.itftennis.com/en/players/sofie-hettlerova/800604444/cze/jt/s/itf-points-breakdown/","doubles","J500 Merida","J500","2025-11-24","2026-11-23","0","0.25","0","false"
"sofie-hettlerova","Sofie Hettlerova","CZE","Girls","36","https://www.itftennis.com/en/players/sofie-hettlerova/800604444/cze/jt/s/itf-points-breakdown/","doubles","J500 Gaspar","J500","2026-03-16","2027-03-15","0","0.25","0","false"
"sofie-hettlerova","Sofie Hettlerova","CZE","Girls","36","https://www.itftennis.com/en/players/sofie-hettlerova/800604444/cze/jt/s/itf-points-breakdown/","doubles","J300 Traralgon","J300","2026-01-16","2027-01-15","0","0.25","0","false"
"sofie-hettlerova","Sofie Hettlerova","CZE","Girls","36","https://www.itftennis.com/en/players/sofie-hettlerova/800604444/cze/jt/s/itf-points-breakdown/","doubles","J200 Gladbeck","J200","2025-06-17","2026-06-16","0","0.25","0","false"
"denisa-zoldakova","Denisa Zoldakova","CZE","Girls","37","https://www.itftennis.com/en/players/denisa-zoldakova/800638346/cze/jt/s/itf-points-breakdown/","singles","J200 Vigo","J200","2025-09-30","2026-09-29","200","1","200","true"
"denisa-zoldakova","Denisa Zoldakova","CZE","Girls","37","https://www.itftennis.com/en/players/denisa-zoldakova/800638346/cze/jt/s/itf-points-breakdown/","singles","J200 Oslo","J200","2025-11-24","2026-11-23","200","1","200","true"
"denisa-zoldakova","Denisa Zoldakova","CZE","Girls","37","https://www.itftennis.com/en/players/denisa-zoldakova/800638346/cze/jt/s/itf-points-breakdown/","singles","Australian Open Junior Championships","JGS","2026-01-24","2027-01-23","180","1","180","true"
"denisa-zoldakova","Denisa Zoldakova","CZE","Girls","37","https://www.itftennis.com/en/players/denisa-zoldakova/800638346/cze/jt/s/itf-points-breakdown/","singles","J300 Sanxenxo","J300","2025-09-23","2026-09-22","100","1","100","true"
"denisa-zoldakova","Denisa Zoldakova","CZE","Girls","37","https://www.itftennis.com/en/players/denisa-zoldakova/800638346/cze/jt/s/itf-points-breakdown/","singles","J200 Rakovnik","J200","2025-09-01","2026-08-31","100","1","100","true"
"denisa-zoldakova","Denisa Zoldakova","CZE","Girls","37","https://www.itftennis.com/en/players/denisa-zoldakova/800638346/cze/jt/s/itf-points-breakdown/","singles","J300 Bytom","J300","2025-07-22","2026-07-21","60","1","60","true"
"denisa-zoldakova","Denisa Zoldakova","CZE","Girls","37","https://www.itftennis.com/en/players/denisa-zoldakova/800638346/cze/jt/s/itf-points-breakdown/","singles","J200 Gladbeck","J200","2025-06-17","2026-06-16","60","1","60","false"
"denisa-zoldakova","Denisa Zoldakova","CZE","Girls","37","https://www.itftennis.com/en/players/denisa-zoldakova/800638346/cze/jt/s/itf-points-breakdown/","singles","J200 Belgrade","J200","2025-08-25","2026-08-24","60","1","60","false"
"denisa-zoldakova","Denisa Zoldakova","CZE","Girls","37","https://www.itftennis.com/en/players/denisa-zoldakova/800638346/cze/jt/s/itf-points-breakdown/","singles","J300 Traralgon","J300","2026-01-16","2027-01-15","30","1","30","false"
"denisa-zoldakova","Denisa Zoldakova","CZE","Girls","37","https://www.itftennis.com/en/players/denisa-zoldakova/800638346/cze/jt/s/itf-points-breakdown/","singles","J300 Bamberg","J300","2025-06-10","2026-06-09","0","1","0","false"
"denisa-zoldakova","Denisa Zoldakova","CZE","Girls","37","https://www.itftennis.com/en/players/denisa-zoldakova/800638346/cze/jt/s/itf-points-breakdown/","singles","J300 Pancevo","J300","2025-08-18","2026-08-17","0","1","0","false"
"denisa-zoldakova","Denisa Zoldakova","CZE","Girls","37","https://www.itftennis.com/en/players/denisa-zoldakova/800638346/cze/jt/s/itf-points-breakdown/","singles","Tennis Europe Summer Cups (G18)","GC","2025-08-04","2026-08-03","0","1","0","false"
"denisa-zoldakova","Denisa Zoldakova","CZE","Girls","37","https://www.itftennis.com/en/players/denisa-zoldakova/800638346/cze/jt/s/itf-points-breakdown/","singles","The Junior Championships, Wimbledon","JGS","2025-07-05","2026-07-04","0","1","0","false"
"denisa-zoldakova","Denisa Zoldakova","CZE","Girls","37","https://www.itftennis.com/en/players/denisa-zoldakova/800638346/cze/jt/s/itf-points-breakdown/","doubles","Australian Open Junior Championships","JGS","2026-01-24","2027-01-23","525","0.25","131.25","true"
"denisa-zoldakova","Denisa Zoldakova","CZE","Girls","37","https://www.itftennis.com/en/players/denisa-zoldakova/800638346/cze/jt/s/itf-points-breakdown/","doubles","J300 Sanxenxo","J300","2025-09-23","2026-09-22","157","0.25","39.25","true"
"denisa-zoldakova","Denisa Zoldakova","CZE","Girls","37","https://www.itftennis.com/en/players/denisa-zoldakova/800638346/cze/jt/s/itf-points-breakdown/","doubles","J200 Oslo","J200","2025-11-24","2026-11-23","150","0.25","37.5","true"
"denisa-zoldakova","Denisa Zoldakova","CZE","Girls","37","https://www.itftennis.com/en/players/denisa-zoldakova/800638346/cze/jt/s/itf-points-breakdown/","doubles","J300 Bamberg","J300","2025-06-10","2026-06-09","105","0.25","26.25","true"
"denisa-zoldakova","Denisa Zoldakova","CZE","Girls","37","https://www.itftennis.com/en/players/denisa-zoldakova/800638346/cze/jt/s/itf-points-breakdown/","doubles","J300 Pancevo","J300","2025-08-18","2026-08-17","75","0.25","18.75","true"
"denisa-zoldakova","Denisa Zoldakova","CZE","Girls","37","https://www.itftennis.com/en/players/denisa-zoldakova/800638346/cze/jt/s/itf-points-breakdown/","doubles","J300 Traralgon","J300","2026-01-16","2027-01-15","75","0.25","18.75","true"
"denisa-zoldakova","Denisa Zoldakova","CZE","Girls","37","https://www.itftennis.com/en/players/denisa-zoldakova/800638346/cze/jt/s/itf-points-breakdown/","doubles","J200 Vigo","J200","2025-09-30","2026-09-29","75","0.25","18.75","false"
"denisa-zoldakova","Denisa Zoldakova","CZE","Girls","37","https://www.itftennis.com/en/players/denisa-zoldakova/800638346/cze/jt/s/itf-points-breakdown/","doubles","Tennis Europe Summer Cups (G18)","GC","2025-08-04","2026-08-03","75","0.25","18.75","false"
"denisa-zoldakova","Denisa Zoldakova","CZE","Girls","37","https://www.itftennis.com/en/players/denisa-zoldakova/800638346/cze/jt/s/itf-points-breakdown/","doubles","J200 Belgrade","J200","2025-08-25","2026-08-24","45","0.25","11.25","false"
"denisa-zoldakova","Denisa Zoldakova","CZE","Girls","37","https://www.itftennis.com/en/players/denisa-zoldakova/800638346/cze/jt/s/itf-points-breakdown/","doubles","J200 Rakovnik","J200","2025-09-01","2026-08-31","45","0.25","11.25","false"
"denisa-zoldakova","Denisa Zoldakova","CZE","Girls","37","https://www.itftennis.com/en/players/denisa-zoldakova/800638346/cze/jt/s/itf-points-breakdown/","doubles","J300 Bytom","J300","2025-07-22","2026-07-21","0","0.25","0","false"
"denisa-zoldakova","Denisa Zoldakova","CZE","Girls","37","https://www.itftennis.com/en/players/denisa-zoldakova/800638346/cze/jt/s/itf-points-breakdown/","doubles","J200 Gladbeck","J200","2025-06-17","2026-06-16","0","0.25","0","false"
"maia-ilinca-burcescu","Maia Ilinca Burcescu","ROU","Girls","38","https://www.itftennis.com/en/players/maia-ilinca-burcescu/800636281/rou/jt/s/itf-points-breakdown/","singles","J300 Zapopan","J300","2025-11-17","2026-11-16","210","1","210","true"
"maia-ilinca-burcescu","Maia Ilinca Burcescu","ROU","Girls","38","https://www.itftennis.com/en/players/maia-ilinca-burcescu/800636281/rou/jt/s/itf-points-breakdown/","singles","J500 Gaspar","J500","2026-03-16","2027-03-15","150","1","150","true"
"maia-ilinca-burcescu","Maia Ilinca Burcescu","ROU","Girls","38","https://www.itftennis.com/en/players/maia-ilinca-burcescu/800636281/rou/jt/s/itf-points-breakdown/","singles","J300 Asuncion","J300","2026-03-02","2027-03-01","140","1","140","true"
"maia-ilinca-burcescu","Maia Ilinca Burcescu","ROU","Girls","38","https://www.itftennis.com/en/players/maia-ilinca-burcescu/800636281/rou/jt/s/itf-points-breakdown/","singles","J300 Traralgon","J300","2026-01-16","2027-01-15","100","1","100","true"
"maia-ilinca-burcescu","Maia Ilinca Burcescu","ROU","Girls","38","https://www.itftennis.com/en/players/maia-ilinca-burcescu/800636281/rou/jt/s/itf-points-breakdown/","singles","J300 Porto Alegre","J300","2026-03-09","2027-03-08","100","1","100","true"
"maia-ilinca-burcescu","Maia Ilinca Burcescu","ROU","Girls","38","https://www.itftennis.com/en/players/maia-ilinca-burcescu/800636281/rou/jt/s/itf-points-breakdown/","singles","Roland Garros Junior Championships","JGS","2025-06-01","2026-05-31","90","1","90","true"
"maia-ilinca-burcescu","Maia Ilinca Burcescu","ROU","Girls","38","https://www.itftennis.com/en/players/maia-ilinca-burcescu/800636281/rou/jt/s/itf-points-breakdown/","singles","US Open Junior Tennis Championships","JGS","2025-08-31","2026-08-30","90","1","90","false"
"maia-ilinca-burcescu","Maia Ilinca Burcescu","ROU","Girls","38","https://www.itftennis.com/en/players/maia-ilinca-burcescu/800636281/rou/jt/s/itf-points-breakdown/","singles","Australian Open Junior Championships","JGS","2026-01-24","2027-01-23","90","1","90","false"
"maia-ilinca-burcescu","Maia Ilinca Burcescu","ROU","Girls","38","https://www.itftennis.com/en/players/maia-ilinca-burcescu/800636281/rou/jt/s/itf-points-breakdown/","singles","J500 Milan","J500","2025-05-19","2026-05-18","45","1","45","false"
"maia-ilinca-burcescu","Maia Ilinca Burcescu","ROU","Girls","38","https://www.itftennis.com/en/players/maia-ilinca-burcescu/800636281/rou/jt/s/itf-points-breakdown/","singles","The Junior Championships, Wimbledon","JGS","2025-07-05","2026-07-04","30","1","30","false"
"maia-ilinca-burcescu","Maia Ilinca Burcescu","ROU","Girls","38","https://www.itftennis.com/en/players/maia-ilinca-burcescu/800636281/rou/jt/s/itf-points-breakdown/","singles","J500 Merida","J500","2025-11-24","2026-11-23","0","1","0","false"
"maia-ilinca-burcescu","Maia Ilinca Burcescu","ROU","Girls","38","https://www.itftennis.com/en/players/maia-ilinca-burcescu/800636281/rou/jt/s/itf-points-breakdown/","singles","J300 Roehampton","J300","2025-06-29","2026-06-28","0","1","0","false"
"maia-ilinca-burcescu","Maia Ilinca Burcescu","ROU","Girls","38","https://www.itftennis.com/en/players/maia-ilinca-burcescu/800636281/rou/jt/s/itf-points-breakdown/","doubles","J500 Gaspar","J500","2026-03-16","2027-03-15","375","0.25","93.75","true"
"maia-ilinca-burcescu","Maia Ilinca Burcescu","ROU","Girls","38","https://www.itftennis.com/en/players/maia-ilinca-burcescu/800636281/rou/jt/s/itf-points-breakdown/","doubles","J300 Asuncion","J300","2026-03-02","2027-03-01","225","0.25","56.25","true"
"maia-ilinca-burcescu","Maia Ilinca Burcescu","ROU","Girls","38","https://www.itftennis.com/en/players/maia-ilinca-burcescu/800636281/rou/jt/s/itf-points-breakdown/","doubles","Roland Garros Junior Championships","JGS","2025-06-01","2026-05-31","225","0.25","56.25","true"
"maia-ilinca-burcescu","Maia Ilinca Burcescu","ROU","Girls","38","https://www.itftennis.com/en/players/maia-ilinca-burcescu/800636281/rou/jt/s/itf-points-breakdown/","doubles","J500 Merida","J500","2025-11-24","2026-11-23","187","0.25","46.75","true"
"maia-ilinca-burcescu","Maia Ilinca Burcescu","ROU","Girls","38","https://www.itftennis.com/en/players/maia-ilinca-burcescu/800636281/rou/jt/s/itf-points-breakdown/","doubles","Australian Open Junior Championships","JGS","2026-01-24","2027-01-23","135","0.25","33.75","true"
"maia-ilinca-burcescu","Maia Ilinca Burcescu","ROU","Girls","38","https://www.itftennis.com/en/players/maia-ilinca-burcescu/800636281/rou/jt/s/itf-points-breakdown/","doubles","J300 Porto Alegre","J300","2026-03-09","2027-03-08","105","0.25","26.25","true"
"maia-ilinca-burcescu","Maia Ilinca Burcescu","ROU","Girls","38","https://www.itftennis.com/en/players/maia-ilinca-burcescu/800636281/rou/jt/s/itf-points-breakdown/","doubles","J300 Zapopan","J300","2025-11-17","2026-11-16","75","0.25","18.75","false"
"maia-ilinca-burcescu","Maia Ilinca Burcescu","ROU","Girls","38","https://www.itftennis.com/en/players/maia-ilinca-burcescu/800636281/rou/jt/s/itf-points-breakdown/","doubles","J500 Milan","J500","2025-05-19","2026-05-18","67","0.25","16.75","false"
"maia-ilinca-burcescu","Maia Ilinca Burcescu","ROU","Girls","38","https://www.itftennis.com/en/players/maia-ilinca-burcescu/800636281/rou/jt/s/itf-points-breakdown/","doubles","J300 Roehampton","J300","2025-06-29","2026-06-28","0","0.25","0","false"
"maia-ilinca-burcescu","Maia Ilinca Burcescu","ROU","Girls","38","https://www.itftennis.com/en/players/maia-ilinca-burcescu/800636281/rou/jt/s/itf-points-breakdown/","doubles","J300 Traralgon","J300","2026-01-16","2027-01-15","0","0.25","0","false"
"maia-ilinca-burcescu","Maia Ilinca Burcescu","ROU","Girls","38","https://www.itftennis.com/en/players/maia-ilinca-burcescu/800636281/rou/jt/s/itf-points-breakdown/","doubles","The Junior Championships, Wimbledon","JGS","2025-07-05","2026-07-04","0","0.25","0","false"
"maia-ilinca-burcescu","Maia Ilinca Burcescu","ROU","Girls","38","https://www.itftennis.com/en/players/maia-ilinca-burcescu/800636281/rou/jt/s/itf-points-breakdown/","doubles","US Open Junior Tennis Championships","JGS","2025-08-31","2026-08-30","0","0.25","0","false"
"yihan-qu","Yihan Qu","CHN","Girls","39","https://www.itftennis.com/en/players/yihan-qu/800726989/chn/jt/s/itf-points-breakdown/","singles","J300 Repentigny","J300","2025-08-24","2026-08-23","210","1","210","true"
"yihan-qu","Yihan Qu","CHN","Girls","39","https://www.itftennis.com/en/players/yihan-qu/800726989/chn/jt/s/itf-points-breakdown/","singles","J300 Nonthaburi","J300","2026-03-02","2027-03-01","210","1","210","true"
"yihan-qu","Yihan Qu","CHN","Girls","39","https://www.itftennis.com/en/players/yihan-qu/800726989/chn/jt/s/itf-points-breakdown/","singles","Australian Open Junior Championships","JGS","2026-01-24","2027-01-23","180","1","180","true"
"yihan-qu","Yihan Qu","CHN","Girls","39","https://www.itftennis.com/en/players/yihan-qu/800726989/chn/jt/s/itf-points-breakdown/","singles","J300 Astana","J300","2025-09-08","2026-09-07","140","1","140","true"
"yihan-qu","Yihan Qu","CHN","Girls","39","https://www.itftennis.com/en/players/yihan-qu/800726989/chn/jt/s/itf-points-breakdown/","singles","J300 Roehampton","J300","2025-06-29","2026-06-28","60","1","60","true"
"yihan-qu","Yihan Qu","CHN","Girls","39","https://www.itftennis.com/en/players/yihan-qu/800726989/chn/jt/s/itf-points-breakdown/","singles","J200 Nonthaburi","J200","2026-02-23","2027-02-22","60","1","60","true"
"yihan-qu","Yihan Qu","CHN","Girls","39","https://www.itftennis.com/en/players/yihan-qu/800726989/chn/jt/s/itf-points-breakdown/","singles","J200 Gladbeck","J200","2025-06-17","2026-06-16","36","1","36","false"
"yihan-qu","Yihan Qu","CHN","Girls","39","https://www.itftennis.com/en/players/yihan-qu/800726989/chn/jt/s/itf-points-breakdown/","singles","J300 Traralgon","J300","2026-01-16","2027-01-15","30","1","30","false"
"yihan-qu","Yihan Qu","CHN","Girls","39","https://www.itftennis.com/en/players/yihan-qu/800726989/chn/jt/s/itf-points-breakdown/","singles","The Junior Championships, Wimbledon","JGS","2025-07-05","2026-07-04","30","1","30","false"
"yihan-qu","Yihan Qu","CHN","Girls","39","https://www.itftennis.com/en/players/yihan-qu/800726989/chn/jt/s/itf-points-breakdown/","singles","Roland Garros Junior Championships","JGS","2025-06-01","2026-05-31","20","1","20","false"
"yihan-qu","Yihan Qu","CHN","Girls","39","https://www.itftennis.com/en/players/yihan-qu/800726989/chn/jt/s/itf-points-breakdown/","singles","J300 Bamberg","J300","2025-06-10","2026-06-09","0","1","0","false"
"yihan-qu","Yihan Qu","CHN","Girls","39","https://www.itftennis.com/en/players/yihan-qu/800726989/chn/jt/s/itf-points-breakdown/","singles","J300 College Park","J300","2025-08-18","2026-08-17","0","1","0","false"
"yihan-qu","Yihan Qu","CHN","Girls","39","https://www.itftennis.com/en/players/yihan-qu/800726989/chn/jt/s/itf-points-breakdown/","singles","US Open Junior Tennis Championships","JGS","2025-08-31","2026-08-30","0","1","0","false"
"yihan-qu","Yihan Qu","CHN","Girls","39","https://www.itftennis.com/en/players/yihan-qu/800726989/chn/jt/s/itf-points-breakdown/","doubles","The Junior Championships, Wimbledon","JGS","2025-07-05","2026-07-04","225","0.25","56.25","true"
"yihan-qu","Yihan Qu","CHN","Girls","39","https://www.itftennis.com/en/players/yihan-qu/800726989/chn/jt/s/itf-points-breakdown/","doubles","US Open Junior Tennis Championships","JGS","2025-08-31","2026-08-30","225","0.25","56.25","true"
"yihan-qu","Yihan Qu","CHN","Girls","39","https://www.itftennis.com/en/players/yihan-qu/800726989/chn/jt/s/itf-points-breakdown/","doubles","J300 Bamberg","J300","2025-06-10","2026-06-09","157","0.25","39.25","true"
"yihan-qu","Yihan Qu","CHN","Girls","39","https://www.itftennis.com/en/players/yihan-qu/800726989/chn/jt/s/itf-points-breakdown/","doubles","Australian Open Junior Championships","JGS","2026-01-24","2027-01-23","135","0.25","33.75","true"
"yihan-qu","Yihan Qu","CHN","Girls","39","https://www.itftennis.com/en/players/yihan-qu/800726989/chn/jt/s/itf-points-breakdown/","doubles","J300 Astana","J300","2025-09-08","2026-09-07","105","0.25","26.25","true"
"yihan-qu","Yihan Qu","CHN","Girls","39","https://www.itftennis.com/en/players/yihan-qu/800726989/chn/jt/s/itf-points-breakdown/","doubles","J300 Traralgon","J300","2026-01-16","2027-01-15","105","0.25","26.25","true"
"yihan-qu","Yihan Qu","CHN","Girls","39","https://www.itftennis.com/en/players/yihan-qu/800726989/chn/jt/s/itf-points-breakdown/","doubles","J300 Nonthaburi","J300","2026-03-02","2027-03-01","105","0.25","26.25","false"
"yihan-qu","Yihan Qu","CHN","Girls","39","https://www.itftennis.com/en/players/yihan-qu/800726989/chn/jt/s/itf-points-breakdown/","doubles","J300 Roehampton","J300","2025-06-29","2026-06-28","75","0.25","18.75","false"
"yihan-qu","Yihan Qu","CHN","Girls","39","https://www.itftennis.com/en/players/yihan-qu/800726989/chn/jt/s/itf-points-breakdown/","doubles","J300 Repentigny","J300","2025-08-24","2026-08-23","75","0.25","18.75","false"
"yihan-qu","Yihan Qu","CHN","Girls","39","https://www.itftennis.com/en/players/yihan-qu/800726989/chn/jt/s/itf-points-breakdown/","doubles","J200 Nonthaburi","J200","2026-02-23","2027-02-22","45","0.25","11.25","false"
"yihan-qu","Yihan Qu","CHN","Girls","39","https://www.itftennis.com/en/players/yihan-qu/800726989/chn/jt/s/itf-points-breakdown/","doubles","J300 College Park","J300","2025-08-18","2026-08-17","0","0.25","0","false"
"yihan-qu","Yihan Qu","CHN","Girls","39","https://www.itftennis.com/en/players/yihan-qu/800726989/chn/jt/s/itf-points-breakdown/","doubles","J200 Gladbeck","J200","2025-06-17","2026-06-16","0","0.25","0","false"
"yihan-qu","Yihan Qu","CHN","Girls","39","https://www.itftennis.com/en/players/yihan-qu/800726989/chn/jt/s/itf-points-breakdown/","doubles","Roland Garros Junior Championships","JGS","2025-06-01","2026-05-31","0","0.25","0","false"
"yu-jun-lin","Yu Jun Lin","CHN","Girls","40","https://www.itftennis.com/en/players/yu-jun-lin/800739107/chn/jt/s/itf-points-breakdown/","singles","J300 Nonthaburi","J300","2026-03-02","2027-03-01","300","1","300","true"
"yu-jun-lin","Yu Jun Lin","CHN","Girls","40","https://www.itftennis.com/en/players/yu-jun-lin/800739107/chn/jt/s/itf-points-breakdown/","singles","J300 Santa Croce Sull’Arno","J300","2026-05-11","2027-05-10","210","1","210","true"
"yu-jun-lin","Yu Jun Lin","CHN","Girls","40","https://www.itftennis.com/en/players/yu-jun-lin/800739107/chn/jt/s/itf-points-breakdown/","singles","J200 Nanjing","J200","2025-09-09","2026-09-08","200","1","200","true"
"yu-jun-lin","Yu Jun Lin","CHN","Girls","40","https://www.itftennis.com/en/players/yu-jun-lin/800739107/chn/jt/s/itf-points-breakdown/","singles","J300 Pancevo","J300","2025-08-18","2026-08-17","100","1","100","true"
"yu-jun-lin","Yu Jun Lin","CHN","Girls","40","https://www.itftennis.com/en/players/yu-jun-lin/800739107/chn/jt/s/itf-points-breakdown/","singles","J200 Belgrade","J200","2025-08-25","2026-08-24","100","1","100","true"
"yu-jun-lin","Yu Jun Lin","CHN","Girls","40","https://www.itftennis.com/en/players/yu-jun-lin/800739107/chn/jt/s/itf-points-breakdown/","singles","J500 Fort Lauderdale","J500","2025-12-08","2026-12-07","90","1","90","true"
"yu-jun-lin","Yu Jun Lin","CHN","Girls","40","https://www.itftennis.com/en/players/yu-jun-lin/800739107/chn/jt/s/itf-points-breakdown/","singles","J300 Beijing","J300","2025-09-16","2026-09-15","60","1","60","false"
"yu-jun-lin","Yu Jun Lin","CHN","Girls","40","https://www.itftennis.com/en/players/yu-jun-lin/800739107/chn/jt/s/itf-points-breakdown/","singles","J500 Osaka","J500","2025-09-22","2026-09-21","45","1","45","false"
"yu-jun-lin","Yu Jun Lin","CHN","Girls","40","https://www.itftennis.com/en/players/yu-jun-lin/800739107/chn/jt/s/itf-points-breakdown/","singles","J200 Nonthaburi","J200","2026-02-23","2027-02-22","36","1","36","false"
"yu-jun-lin","Yu Jun Lin","CHN","Girls","40","https://www.itftennis.com/en/players/yu-jun-lin/800739107/chn/jt/s/itf-points-breakdown/","singles","J300 Wanju (Closed Asia Regional Championship)","J300","2025-10-06","2026-10-05","30","1","30","false"
"yu-jun-lin","Yu Jun Lin","CHN","Girls","40","https://www.itftennis.com/en/players/yu-jun-lin/800739107/chn/jt/s/itf-points-breakdown/","singles","Australian Open Junior Championships","JGS","2026-01-24","2027-01-23","30","1","30","false"
"yu-jun-lin","Yu Jun Lin","CHN","Girls","40","https://www.itftennis.com/en/players/yu-jun-lin/800739107/chn/jt/s/itf-points-breakdown/","singles","J100 Huzhou","J100","2025-06-03","2026-06-02","10","1","10","false"
"yu-jun-lin","Yu Jun Lin","CHN","Girls","40","https://www.itftennis.com/en/players/yu-jun-lin/800739107/chn/jt/s/itf-points-breakdown/","singles","J300 Bradenton","J300","2025-12-01","2026-11-30","0","1","0","false"
"yu-jun-lin","Yu Jun Lin","CHN","Girls","40","https://www.itftennis.com/en/players/yu-jun-lin/800739107/chn/jt/s/itf-points-breakdown/","singles","J300 Traralgon","J300","2026-01-16","2027-01-15","0","1","0","false"
"yu-jun-lin","Yu Jun Lin","CHN","Girls","40","https://www.itftennis.com/en/players/yu-jun-lin/800739107/chn/jt/s/itf-points-breakdown/","doubles","J300 Bradenton","J300","2025-12-01","2026-11-30","75","0.25","18.75","true"
"yu-jun-lin","Yu Jun Lin","CHN","Girls","40","https://www.itftennis.com/en/players/yu-jun-lin/800739107/chn/jt/s/itf-points-breakdown/","doubles","J300 Nonthaburi","J300","2026-03-02","2027-03-01","75","0.25","18.75","true"
"yu-jun-lin","Yu Jun Lin","CHN","Girls","40","https://www.itftennis.com/en/players/yu-jun-lin/800739107/chn/jt/s/itf-points-breakdown/","doubles","J500 Osaka","J500","2025-09-22","2026-09-21","67","0.25","16.75","true"
"yu-jun-lin","Yu Jun Lin","CHN","Girls","40","https://www.itftennis.com/en/players/yu-jun-lin/800739107/chn/jt/s/itf-points-breakdown/","doubles","J500 Fort Lauderdale","J500","2025-12-08","2026-12-07","67","0.25","16.75","true"
"yu-jun-lin","Yu Jun Lin","CHN","Girls","40","https://www.itftennis.com/en/players/yu-jun-lin/800739107/chn/jt/s/itf-points-breakdown/","doubles","J300 Beijing","J300","2025-09-16","2026-09-15","45","0.25","11.25","true"
"yu-jun-lin","Yu Jun Lin","CHN","Girls","40","https://www.itftennis.com/en/players/yu-jun-lin/800739107/chn/jt/s/itf-points-breakdown/","doubles","J300 Wanju (Closed Asia Regional Championship)","J300","2025-10-06","2026-10-05","45","0.25","11.25","true"
"yu-jun-lin","Yu Jun Lin","CHN","Girls","40","https://www.itftennis.com/en/players/yu-jun-lin/800739107/chn/jt/s/itf-points-breakdown/","doubles","J100 Huzhou","J100","2025-06-03","2026-06-02","45","0.25","11.25","false"
"yu-jun-lin","Yu Jun Lin","CHN","Girls","40","https://www.itftennis.com/en/players/yu-jun-lin/800739107/chn/jt/s/itf-points-breakdown/","doubles","J300 Pancevo","J300","2025-08-18","2026-08-17","0","0.25","0","false"
"yu-jun-lin","Yu Jun Lin","CHN","Girls","40","https://www.itftennis.com/en/players/yu-jun-lin/800739107/chn/jt/s/itf-points-breakdown/","doubles","J300 Traralgon","J300","2026-01-16","2027-01-15","0","0.25","0","false"
"yu-jun-lin","Yu Jun Lin","CHN","Girls","40","https://www.itftennis.com/en/players/yu-jun-lin/800739107/chn/jt/s/itf-points-breakdown/","doubles","J300 Santa Croce Sull’Arno","J300","2026-05-11","2027-05-10","0","0.25","0","false"
"yu-jun-lin","Yu Jun Lin","CHN","Girls","40","https://www.itftennis.com/en/players/yu-jun-lin/800739107/chn/jt/s/itf-points-breakdown/","doubles","J200 Belgrade","J200","2025-08-25","2026-08-24","0","0.25","0","false"
"yu-jun-lin","Yu Jun Lin","CHN","Girls","40","https://www.itftennis.com/en/players/yu-jun-lin/800739107/chn/jt/s/itf-points-breakdown/","doubles","J200 Nanjing","J200","2025-09-09","2026-09-08","0","0.25","0","false"
"yu-jun-lin","Yu Jun Lin","CHN","Girls","40","https://www.itftennis.com/en/players/yu-jun-lin/800739107/chn/jt/s/itf-points-breakdown/","doubles","J200 Nonthaburi","J200","2026-02-23","2027-02-22","0","0.25","0","false"
"yu-jun-lin","Yu Jun Lin","CHN","Girls","40","https://www.itftennis.com/en/players/yu-jun-lin/800739107/chn/jt/s/itf-points-breakdown/","doubles","Australian Open Junior Championships","JGS","2026-01-24","2027-01-23","0","0.25","0","false"
"nadia-lagaev","Nadia Lagaev","CAN","Girls","41","https://www.itftennis.com/en/players/nadia-lagaev/800638930/can/jt/s/itf-points-breakdown/","singles","J200 Montreal","J200","2025-09-08","2026-09-07","200","1","200","true"
"nadia-lagaev","Nadia Lagaev","CAN","Girls","41","https://www.itftennis.com/en/players/nadia-lagaev/800638930/can/jt/s/itf-points-breakdown/","singles","J200 Woodbridge","J200","2026-04-07","2027-04-06","200","1","200","true"
"nadia-lagaev","Nadia Lagaev","CAN","Girls","41","https://www.itftennis.com/en/players/nadia-lagaev/800638930/can/jt/s/itf-points-breakdown/","singles","Australian Open Junior Championships","JGS","2026-01-24","2027-01-23","180","1","180","true"
"nadia-lagaev","Nadia Lagaev","CAN","Girls","41","https://www.itftennis.com/en/players/nadia-lagaev/800638930/can/jt/s/itf-points-breakdown/","singles","J300 San Diego (North American Regional Championships)","J300","2026-03-16","2027-03-15","140","1","140","true"
"nadia-lagaev","Nadia Lagaev","CAN","Girls","41","https://www.itftennis.com/en/players/nadia-lagaev/800638930/can/jt/s/itf-points-breakdown/","singles","J300 Repentigny","J300","2025-08-24","2026-08-23","100","1","100","true"
"nadia-lagaev","Nadia Lagaev","CAN","Girls","41","https://www.itftennis.com/en/players/nadia-lagaev/800638930/can/jt/s/itf-points-breakdown/","singles","J500 Fort Lauderdale","J500","2025-12-08","2026-12-07","90","1","90","true"
"nadia-lagaev","Nadia Lagaev","CAN","Girls","41","https://www.itftennis.com/en/players/nadia-lagaev/800638930/can/jt/s/itf-points-breakdown/","singles","US Open Junior Tennis Championships","JGS","2025-08-31","2026-08-30","90","1","90","false"
"nadia-lagaev","Nadia Lagaev","CAN","Girls","41","https://www.itftennis.com/en/players/nadia-lagaev/800638930/can/jt/s/itf-points-breakdown/","singles","J200 Hanover","J200","2026-05-11","2027-05-10","60","1","60","false"
"nadia-lagaev","Nadia Lagaev","CAN","Girls","41","https://www.itftennis.com/en/players/nadia-lagaev/800638930/can/jt/s/itf-points-breakdown/","singles","J500 Milan","J500","2025-05-19","2026-05-18","0","1","0","false"
"nadia-lagaev","Nadia Lagaev","CAN","Girls","41","https://www.itftennis.com/en/players/nadia-lagaev/800638930/can/jt/s/itf-points-breakdown/","singles","J300 Roehampton","J300","2025-06-29","2026-06-28","0","1","0","false"
"nadia-lagaev","Nadia Lagaev","CAN","Girls","41","https://www.itftennis.com/en/players/nadia-lagaev/800638930/can/jt/s/itf-points-breakdown/","singles","J300 Bradenton","J300","2025-12-01","2026-11-30","0","1","0","false"
"nadia-lagaev","Nadia Lagaev","CAN","Girls","41","https://www.itftennis.com/en/players/nadia-lagaev/800638930/can/jt/s/itf-points-breakdown/","singles","J300 Traralgon","J300","2026-01-16","2027-01-15","0","1","0","false"
"nadia-lagaev","Nadia Lagaev","CAN","Girls","41","https://www.itftennis.com/en/players/nadia-lagaev/800638930/can/jt/s/itf-points-breakdown/","singles","Roland Garros Junior Championships","JGS","2025-06-01","2026-05-31","0","1","0","false"
"nadia-lagaev","Nadia Lagaev","CAN","Girls","41","https://www.itftennis.com/en/players/nadia-lagaev/800638930/can/jt/s/itf-points-breakdown/","singles","The Junior Championships, Wimbledon","JGS","2025-07-05","2026-07-04","0","1","0","false"
"nadia-lagaev","Nadia Lagaev","CAN","Girls","41","https://www.itftennis.com/en/players/nadia-lagaev/800638930/can/jt/s/itf-points-breakdown/","doubles","J200 Montreal","J200","2025-09-08","2026-09-07","150","0.25","37.5","true"
"nadia-lagaev","Nadia Lagaev","CAN","Girls","41","https://www.itftennis.com/en/players/nadia-lagaev/800638930/can/jt/s/itf-points-breakdown/","doubles","US Open Junior Tennis Championships","JGS","2025-08-31","2026-08-30","135","0.25","33.75","true"
"nadia-lagaev","Nadia Lagaev","CAN","Girls","41","https://www.itftennis.com/en/players/nadia-lagaev/800638930/can/jt/s/itf-points-breakdown/","doubles","Australian Open Junior Championships","JGS","2026-01-24","2027-01-23","135","0.25","33.75","true"
"nadia-lagaev","Nadia Lagaev","CAN","Girls","41","https://www.itftennis.com/en/players/nadia-lagaev/800638930/can/jt/s/itf-points-breakdown/","doubles","J300 San Diego (North American Regional Championships)","J300","2026-03-16","2027-03-15","105","0.25","26.25","true"
"nadia-lagaev","Nadia Lagaev","CAN","Girls","41","https://www.itftennis.com/en/players/nadia-lagaev/800638930/can/jt/s/itf-points-breakdown/","doubles","J200 Hanover","J200","2026-05-11","2027-05-10","105","0.25","26.25","true"
"nadia-lagaev","Nadia Lagaev","CAN","Girls","41","https://www.itftennis.com/en/players/nadia-lagaev/800638930/can/jt/s/itf-points-breakdown/","doubles","J300 Repentigny","J300","2025-08-24","2026-08-23","75","0.25","18.75","true"
"nadia-lagaev","Nadia Lagaev","CAN","Girls","41","https://www.itftennis.com/en/players/nadia-lagaev/800638930/can/jt/s/itf-points-breakdown/","doubles","J200 Woodbridge","J200","2026-04-07","2027-04-06","75","0.25","18.75","false"
"nadia-lagaev","Nadia Lagaev","CAN","Girls","41","https://www.itftennis.com/en/players/nadia-lagaev/800638930/can/jt/s/itf-points-breakdown/","doubles","J300 Roehampton","J300","2025-06-29","2026-06-28","45","0.25","11.25","false"
"nadia-lagaev","Nadia Lagaev","CAN","Girls","41","https://www.itftennis.com/en/players/nadia-lagaev/800638930/can/jt/s/itf-points-breakdown/","doubles","J300 Bradenton","J300","2025-12-01","2026-11-30","45","0.25","11.25","false"
"nadia-lagaev","Nadia Lagaev","CAN","Girls","41","https://www.itftennis.com/en/players/nadia-lagaev/800638930/can/jt/s/itf-points-breakdown/","doubles","J500 Milan","J500","2025-05-19","2026-05-18","0","0.25","0","false"
"nadia-lagaev","Nadia Lagaev","CAN","Girls","41","https://www.itftennis.com/en/players/nadia-lagaev/800638930/can/jt/s/itf-points-breakdown/","doubles","J500 Fort Lauderdale","J500","2025-12-08","2026-12-07","0","0.25","0","false"
"nadia-lagaev","Nadia Lagaev","CAN","Girls","41","https://www.itftennis.com/en/players/nadia-lagaev/800638930/can/jt/s/itf-points-breakdown/","doubles","J300 Traralgon","J300","2026-01-16","2027-01-15","0","0.25","0","false"
"nadia-lagaev","Nadia Lagaev","CAN","Girls","41","https://www.itftennis.com/en/players/nadia-lagaev/800638930/can/jt/s/itf-points-breakdown/","doubles","Roland Garros Junior Championships","JGS","2025-06-01","2026-05-31","0","0.25","0","false"
"nadia-lagaev","Nadia Lagaev","CAN","Girls","41","https://www.itftennis.com/en/players/nadia-lagaev/800638930/can/jt/s/itf-points-breakdown/","doubles","The Junior Championships, Wimbledon","JGS","2025-07-05","2026-07-04","0","0.25","0","false"
"antonina-sushkova","Antonina Sushkova","UKR","Girls","42","https://www.itftennis.com/en/players/antonina-sushkova/800597362/ukr/jt/s/itf-points-breakdown/","singles","J200 Miki","J200","2025-09-16","2026-09-15","200","1","200","true"
"antonina-sushkova","Antonina Sushkova","UKR","Girls","42","https://www.itftennis.com/en/players/antonina-sushkova/800597362/ukr/jt/s/itf-points-breakdown/","singles","J200 Istres","J200","2026-04-06","2027-04-05","200","1","200","true"
"antonina-sushkova","Antonina Sushkova","UKR","Girls","42","https://www.itftennis.com/en/players/antonina-sushkova/800597362/ukr/jt/s/itf-points-breakdown/","singles","Australian Open Junior Championships","JGS","2026-01-24","2027-01-23","180","1","180","true"
"antonina-sushkova","Antonina Sushkova","UKR","Girls","42","https://www.itftennis.com/en/players/antonina-sushkova/800597362/ukr/jt/s/itf-points-breakdown/","singles","J300 Bradenton","J300","2025-12-01","2026-11-30","140","1","140","true"
"antonina-sushkova","Antonina Sushkova","UKR","Girls","42","https://www.itftennis.com/en/players/antonina-sushkova/800597362/ukr/jt/s/itf-points-breakdown/","singles","J200 Rakovnik","J200","2025-09-01","2026-08-31","100","1","100","true"
"antonina-sushkova","Antonina Sushkova","UKR","Girls","42","https://www.itftennis.com/en/players/antonina-sushkova/800597362/ukr/jt/s/itf-points-breakdown/","singles","J500 Osaka","J500","2025-09-22","2026-09-21","90","1","90","true"
"antonina-sushkova","Antonina Sushkova","UKR","Girls","42","https://www.itftennis.com/en/players/antonina-sushkova/800597362/ukr/jt/s/itf-points-breakdown/","singles","J500 Gaspar","J500","2026-03-16","2027-03-15","90","1","90","false"
"antonina-sushkova","Antonina Sushkova","UKR","Girls","42","https://www.itftennis.com/en/players/antonina-sushkova/800597362/ukr/jt/s/itf-points-breakdown/","singles","J300 Bytom","J300","2025-07-22","2026-07-21","60","1","60","false"
"antonina-sushkova","Antonina Sushkova","UKR","Girls","42","https://www.itftennis.com/en/players/antonina-sushkova/800597362/ukr/jt/s/itf-points-breakdown/","singles","J500 Fort Lauderdale","J500","2025-12-08","2026-12-07","45","1","45","false"
"antonina-sushkova","Antonina Sushkova","UKR","Girls","42","https://www.itftennis.com/en/players/antonina-sushkova/800597362/ukr/jt/s/itf-points-breakdown/","singles","J200 Castricum","J200","2025-07-01","2026-06-30","36","1","36","false"
"antonina-sushkova","Antonina Sushkova","UKR","Girls","42","https://www.itftennis.com/en/players/antonina-sushkova/800597362/ukr/jt/s/itf-points-breakdown/","singles","J300 Traralgon","J300","2026-01-16","2027-01-15","30","1","30","false"
"antonina-sushkova","Antonina Sushkova","UKR","Girls","42","https://www.itftennis.com/en/players/antonina-sushkova/800597362/ukr/jt/s/itf-points-breakdown/","singles","J300 Bamberg","J300","2025-06-10","2026-06-09","0","1","0","false"
"antonina-sushkova","Antonina Sushkova","UKR","Girls","42","https://www.itftennis.com/en/players/antonina-sushkova/800597362/ukr/jt/s/itf-points-breakdown/","singles","J300 Porto Alegre","J300","2026-03-09","2027-03-08","0","1","0","false"
"antonina-sushkova","Antonina Sushkova","UKR","Girls","42","https://www.itftennis.com/en/players/antonina-sushkova/800597362/ukr/jt/s/itf-points-breakdown/","singles","J300 Beaulieu-sur-Mer","J300","2026-04-13","2027-04-12","0","1","0","false"
"antonina-sushkova","Antonina Sushkova","UKR","Girls","42","https://www.itftennis.com/en/players/antonina-sushkova/800597362/ukr/jt/s/itf-points-breakdown/","doubles","J200 Istres","J200","2026-04-06","2027-04-05","150","0.25","37.5","true"
"antonina-sushkova","Antonina Sushkova","UKR","Girls","42","https://www.itftennis.com/en/players/antonina-sushkova/800597362/ukr/jt/s/itf-points-breakdown/","doubles","Australian Open Junior Championships","JGS","2026-01-24","2027-01-23","135","0.25","33.75","true"
"antonina-sushkova","Antonina Sushkova","UKR","Girls","42","https://www.itftennis.com/en/players/antonina-sushkova/800597362/ukr/jt/s/itf-points-breakdown/","doubles","J500 Gaspar","J500","2026-03-16","2027-03-15","112","0.25","28","true"
"antonina-sushkova","Antonina Sushkova","UKR","Girls","42","https://www.itftennis.com/en/players/antonina-sushkova/800597362/ukr/jt/s/itf-points-breakdown/","doubles","J200 Miki","J200","2025-09-16","2026-09-15","105","0.25","26.25","true"
"antonina-sushkova","Antonina Sushkova","UKR","Girls","42","https://www.itftennis.com/en/players/antonina-sushkova/800597362/ukr/jt/s/itf-points-breakdown/","doubles","J300 Porto Alegre","J300","2026-03-09","2027-03-08","75","0.25","18.75","true"
"antonina-sushkova","Antonina Sushkova","UKR","Girls","42","https://www.itftennis.com/en/players/antonina-sushkova/800597362/ukr/jt/s/itf-points-breakdown/","doubles","J200 Castricum","J200","2025-07-01","2026-06-30","75","0.25","18.75","true"
"antonina-sushkova","Antonina Sushkova","UKR","Girls","42","https://www.itftennis.com/en/players/antonina-sushkova/800597362/ukr/jt/s/itf-points-breakdown/","doubles","J200 Rakovnik","J200","2025-09-01","2026-08-31","75","0.25","18.75","false"
"antonina-sushkova","Antonina Sushkova","UKR","Girls","42","https://www.itftennis.com/en/players/antonina-sushkova/800597362/ukr/jt/s/itf-points-breakdown/","doubles","J500 Osaka","J500","2025-09-22","2026-09-21","67","0.25","16.75","false"
"antonina-sushkova","Antonina Sushkova","UKR","Girls","42","https://www.itftennis.com/en/players/antonina-sushkova/800597362/ukr/jt/s/itf-points-breakdown/","doubles","J300 Bamberg","J300","2025-06-10","2026-06-09","45","0.25","11.25","false"
"antonina-sushkova","Antonina Sushkova","UKR","Girls","42","https://www.itftennis.com/en/players/antonina-sushkova/800597362/ukr/jt/s/itf-points-breakdown/","doubles","J300 Bradenton","J300","2025-12-01","2026-11-30","45","0.25","11.25","false"
"antonina-sushkova","Antonina Sushkova","UKR","Girls","42","https://www.itftennis.com/en/players/antonina-sushkova/800597362/ukr/jt/s/itf-points-breakdown/","doubles","J500 Fort Lauderdale","J500","2025-12-08","2026-12-07","0","0.25","0","false"
"antonina-sushkova","Antonina Sushkova","UKR","Girls","42","https://www.itftennis.com/en/players/antonina-sushkova/800597362/ukr/jt/s/itf-points-breakdown/","doubles","J300 Bytom","J300","2025-07-22","2026-07-21","0","0.25","0","false"
"antonina-sushkova","Antonina Sushkova","UKR","Girls","42","https://www.itftennis.com/en/players/antonina-sushkova/800597362/ukr/jt/s/itf-points-breakdown/","doubles","J300 Traralgon","J300","2026-01-16","2027-01-15","0","0.25","0","false"
"antonina-sushkova","Antonina Sushkova","UKR","Girls","42","https://www.itftennis.com/en/players/antonina-sushkova/800597362/ukr/jt/s/itf-points-breakdown/","doubles","J300 Beaulieu-sur-Mer","J300","2026-04-13","2027-04-12","0","0.25","0","false"
"adelina-lacinova","Adelina Lacinova","LAT","Girls","43","https://www.itftennis.com/en/players/adelina-lacinova/800592997/lat/jt/s/itf-points-breakdown/","singles","J300 Casablanca","J300","2026-02-09","2027-02-08","300","1","300","true"
"adelina-lacinova","Adelina Lacinova","LAT","Girls","43","https://www.itftennis.com/en/players/adelina-lacinova/800592997/lat/jt/s/itf-points-breakdown/","singles","J300 Beaulieu-sur-Mer","J300","2026-04-13","2027-04-12","140","1","140","true"
"adelina-lacinova","Adelina Lacinova","LAT","Girls","43","https://www.itftennis.com/en/players/adelina-lacinova/800592997/lat/jt/s/itf-points-breakdown/","singles","J200 Hammamet","J200","2026-01-13","2027-01-12","140","1","140","true"
"adelina-lacinova","Adelina Lacinova","LAT","Girls","43","https://www.itftennis.com/en/players/adelina-lacinova/800592997/lat/jt/s/itf-points-breakdown/","singles","J200 Oberhaching","J200","2026-02-02","2027-02-01","140","1","140","true"
"adelina-lacinova","Adelina Lacinova","LAT","Girls","43","https://www.itftennis.com/en/players/adelina-lacinova/800592997/lat/jt/s/itf-points-breakdown/","singles","J200 Cap d'Ail","J200","2026-03-30","2027-03-29","100","1","100","true"
"adelina-lacinova","Adelina Lacinova","LAT","Girls","43","https://www.itftennis.com/en/players/adelina-lacinova/800592997/lat/jt/s/itf-points-breakdown/","singles","J100 Cairo","J100","2025-10-27","2026-10-26","100","1","100","true"
"adelina-lacinova","Adelina Lacinova","LAT","Girls","43","https://www.itftennis.com/en/players/adelina-lacinova/800592997/lat/jt/s/itf-points-breakdown/","singles","J300 Astana","J300","2025-09-08","2026-09-07","60","1","60","false"
"adelina-lacinova","Adelina Lacinova","LAT","Girls","43","https://www.itftennis.com/en/players/adelina-lacinova/800592997/lat/jt/s/itf-points-breakdown/","singles","J300 Oberpullendorf (Europe Regional Championships)","J300","2025-09-15","2026-09-14","60","1","60","false"
"adelina-lacinova","Adelina Lacinova","LAT","Girls","43","https://www.itftennis.com/en/players/adelina-lacinova/800592997/lat/jt/s/itf-points-breakdown/","singles","J200 Cairo","J200","2025-11-03","2026-11-02","60","1","60","false"
"adelina-lacinova","Adelina Lacinova","LAT","Girls","43","https://www.itftennis.com/en/players/adelina-lacinova/800592997/lat/jt/s/itf-points-breakdown/","singles","J200 Cairo","J200","2025-11-10","2026-11-09","60","1","60","false"
"adelina-lacinova","Adelina Lacinova","LAT","Girls","43","https://www.itftennis.com/en/players/adelina-lacinova/800592997/lat/jt/s/itf-points-breakdown/","singles","J200 Astana","J200","2025-09-01","2026-08-31","36","1","36","false"
"adelina-lacinova","Adelina Lacinova","LAT","Girls","43","https://www.itftennis.com/en/players/adelina-lacinova/800592997/lat/jt/s/itf-points-breakdown/","singles","J200 Mugla","J200","2025-09-29","2026-09-28","0","1","0","false"
"adelina-lacinova","Adelina Lacinova","LAT","Girls","43","https://www.itftennis.com/en/players/adelina-lacinova/800592997/lat/jt/s/itf-points-breakdown/","singles","J200 Marsa","J200","2026-01-20","2027-01-19","0","1","0","false"
"adelina-lacinova","Adelina Lacinova","LAT","Girls","43","https://www.itftennis.com/en/players/adelina-lacinova/800592997/lat/jt/s/itf-points-breakdown/","doubles","J300 Casablanca","J300","2026-02-09","2027-02-08","225","0.25","56.25","true"
"adelina-lacinova","Adelina Lacinova","LAT","Girls","43","https://www.itftennis.com/en/players/adelina-lacinova/800592997/lat/jt/s/itf-points-breakdown/","doubles","J300 Oberpullendorf (Europe Regional Championships)","J300","2025-09-15","2026-09-14","105","0.25","26.25","true"
"adelina-lacinova","Adelina Lacinova","LAT","Girls","43","https://www.itftennis.com/en/players/adelina-lacinova/800592997/lat/jt/s/itf-points-breakdown/","doubles","J300 Astana","J300","2025-09-08","2026-09-07","75","0.25","18.75","true"
"adelina-lacinova","Adelina Lacinova","LAT","Girls","43","https://www.itftennis.com/en/players/adelina-lacinova/800592997/lat/jt/s/itf-points-breakdown/","doubles","J300 Beaulieu-sur-Mer","J300","2026-04-13","2027-04-12","75","0.25","18.75","true"
"adelina-lacinova","Adelina Lacinova","LAT","Girls","43","https://www.itftennis.com/en/players/adelina-lacinova/800592997/lat/jt/s/itf-points-breakdown/","doubles","J200 Cap d'Ail","J200","2026-03-30","2027-03-29","75","0.25","18.75","true"
"adelina-lacinova","Adelina Lacinova","LAT","Girls","43","https://www.itftennis.com/en/players/adelina-lacinova/800592997/lat/jt/s/itf-points-breakdown/","doubles","J200 Cairo","J200","2025-11-10","2026-11-09","45","0.25","11.25","true"
"adelina-lacinova","Adelina Lacinova","LAT","Girls","43","https://www.itftennis.com/en/players/adelina-lacinova/800592997/lat/jt/s/itf-points-breakdown/","doubles","J200 Astana","J200","2025-09-01","2026-08-31","27","0.25","6.75","false"
"adelina-lacinova","Adelina Lacinova","LAT","Girls","43","https://www.itftennis.com/en/players/adelina-lacinova/800592997/lat/jt/s/itf-points-breakdown/","doubles","J200 Mugla","J200","2025-09-29","2026-09-28","0","0.25","0","false"
"adelina-lacinova","Adelina Lacinova","LAT","Girls","43","https://www.itftennis.com/en/players/adelina-lacinova/800592997/lat/jt/s/itf-points-breakdown/","doubles","J200 Cairo","J200","2025-11-03","2026-11-02","0","0.25","0","false"
"adelina-lacinova","Adelina Lacinova","LAT","Girls","43","https://www.itftennis.com/en/players/adelina-lacinova/800592997/lat/jt/s/itf-points-breakdown/","doubles","J200 Hammamet","J200","2026-01-13","2027-01-12","0","0.25","0","false"
"adelina-lacinova","Adelina Lacinova","LAT","Girls","43","https://www.itftennis.com/en/players/adelina-lacinova/800592997/lat/jt/s/itf-points-breakdown/","doubles","J200 Oberhaching","J200","2026-02-02","2027-02-01","0","0.25","0","false"
"adelina-lacinova","Adelina Lacinova","LAT","Girls","43","https://www.itftennis.com/en/players/adelina-lacinova/800592997/lat/jt/s/itf-points-breakdown/","doubles","J100 Cairo","J100","2025-10-27","2026-10-26","0","0.25","0","false"
"ha-eum-lee","Ha Eum Lee","KOR","Girls","44","https://www.itftennis.com/en/players/ha-eum-lee/800586389/kor/jt/s/itf-points-breakdown/","singles","J300 Astana","J300","2025-09-08","2026-09-07","300","1","300","true"
"ha-eum-lee","Ha Eum Lee","KOR","Girls","44","https://www.itftennis.com/en/players/ha-eum-lee/800586389/kor/jt/s/itf-points-breakdown/","singles","J300 Beijing","J300","2025-09-16","2026-09-15","140","1","140","true"
"ha-eum-lee","Ha Eum Lee","KOR","Girls","44","https://www.itftennis.com/en/players/ha-eum-lee/800586389/kor/jt/s/itf-points-breakdown/","singles","J200 Sydney","J200","2025-08-26","2026-08-25","100","1","100","true"
"ha-eum-lee","Ha Eum Lee","KOR","Girls","44","https://www.itftennis.com/en/players/ha-eum-lee/800586389/kor/jt/s/itf-points-breakdown/","singles","J100 Santo Domingo","J100","2025-07-14","2026-07-13","100","1","100","true"
"ha-eum-lee","Ha Eum Lee","KOR","Girls","44","https://www.itftennis.com/en/players/ha-eum-lee/800586389/kor/jt/s/itf-points-breakdown/","singles","J100 Namangan","J100","2025-08-11","2026-08-10","100","1","100","true"
"ha-eum-lee","Ha Eum Lee","KOR","Girls","44","https://www.itftennis.com/en/players/ha-eum-lee/800586389/kor/jt/s/itf-points-breakdown/","singles","J500 Merida","J500","2025-11-24","2026-11-23","90","1","90","true"
"ha-eum-lee","Ha Eum Lee","KOR","Girls","44","https://www.itftennis.com/en/players/ha-eum-lee/800586389/kor/jt/s/itf-points-breakdown/","singles","J200 Chuncheon","J200","2025-09-30","2026-09-29","60","1","60","false"
"ha-eum-lee","Ha Eum Lee","KOR","Girls","44","https://www.itftennis.com/en/players/ha-eum-lee/800586389/kor/jt/s/itf-points-breakdown/","singles","J500 Fort Lauderdale","J500","2025-12-08","2026-12-07","45","1","45","false"
"ha-eum-lee","Ha Eum Lee","KOR","Girls","44","https://www.itftennis.com/en/players/ha-eum-lee/800586389/kor/jt/s/itf-points-breakdown/","singles","J100 Huzhou","J100","2025-06-03","2026-06-02","36","1","36","false"
"ha-eum-lee","Ha Eum Lee","KOR","Girls","44","https://www.itftennis.com/en/players/ha-eum-lee/800586389/kor/jt/s/itf-points-breakdown/","singles","J100 Almaty","J100","2025-06-23","2026-06-22","36","1","36","false"
"ha-eum-lee","Ha Eum Lee","KOR","Girls","44","https://www.itftennis.com/en/players/ha-eum-lee/800586389/kor/jt/s/itf-points-breakdown/","singles","J100 Santo Domingo","J100","2025-07-07","2026-07-06","36","1","36","false"
"ha-eum-lee","Ha Eum Lee","KOR","Girls","44","https://www.itftennis.com/en/players/ha-eum-lee/800586389/kor/jt/s/itf-points-breakdown/","singles","J500 Osaka","J500","2025-09-22","2026-09-21","0","1","0","false"
"ha-eum-lee","Ha Eum Lee","KOR","Girls","44","https://www.itftennis.com/en/players/ha-eum-lee/800586389/kor/jt/s/itf-points-breakdown/","singles","J300 Wanju (Closed Asia Regional Championship)","J300","2025-10-06","2026-10-05","0","1","0","false"
"ha-eum-lee","Ha Eum Lee","KOR","Girls","44","https://www.itftennis.com/en/players/ha-eum-lee/800586389/kor/jt/s/itf-points-breakdown/","singles","J300 Bradenton","J300","2025-12-01","2026-11-30","0","1","0","false"
"ha-eum-lee","Ha Eum Lee","KOR","Girls","44","https://www.itftennis.com/en/players/ha-eum-lee/800586389/kor/jt/s/itf-points-breakdown/","singles","J300 Traralgon","J300","2026-01-16","2027-01-15","0","1","0","false"
"ha-eum-lee","Ha Eum Lee","KOR","Girls","44","https://www.itftennis.com/en/players/ha-eum-lee/800586389/kor/jt/s/itf-points-breakdown/","singles","J100 Qionghai","J100","2025-05-27","2026-05-26","0","1","0","false"
"ha-eum-lee","Ha Eum Lee","KOR","Girls","44","https://www.itftennis.com/en/players/ha-eum-lee/800586389/kor/jt/s/itf-points-breakdown/","singles","J100 Almaty","J100","2025-06-16","2026-06-15","0","1","0","false"
"ha-eum-lee","Ha Eum Lee","KOR","Girls","44","https://www.itftennis.com/en/players/ha-eum-lee/800586389/kor/jt/s/itf-points-breakdown/","singles","Australian Open Junior Championships","JGS","2026-01-24","2027-01-23","0","1","0","false"
"ha-eum-lee","Ha Eum Lee","KOR","Girls","44","https://www.itftennis.com/en/players/ha-eum-lee/800586389/kor/jt/s/itf-points-breakdown/","doubles","J300 Wanju (Closed Asia Regional Championship)","J300","2025-10-06","2026-10-05","225","0.25","56.25","true"
"ha-eum-lee","Ha Eum Lee","KOR","Girls","44","https://www.itftennis.com/en/players/ha-eum-lee/800586389/kor/jt/s/itf-points-breakdown/","doubles","J500 Osaka","J500","2025-09-22","2026-09-21","187","0.25","46.75","true"
"ha-eum-lee","Ha Eum Lee","KOR","Girls","44","https://www.itftennis.com/en/players/ha-eum-lee/800586389/kor/jt/s/itf-points-breakdown/","doubles","J200 Sydney","J200","2025-08-26","2026-08-25","150","0.25","37.5","true"
"ha-eum-lee","Ha Eum Lee","KOR","Girls","44","https://www.itftennis.com/en/players/ha-eum-lee/800586389/kor/jt/s/itf-points-breakdown/","doubles","J300 Astana","J300","2025-09-08","2026-09-07","105","0.25","26.25","true"
"ha-eum-lee","Ha Eum Lee","KOR","Girls","44","https://www.itftennis.com/en/players/ha-eum-lee/800586389/kor/jt/s/itf-points-breakdown/","doubles","J300 Bradenton","J300","2025-12-01","2026-11-30","105","0.25","26.25","true"
"ha-eum-lee","Ha Eum Lee","KOR","Girls","44","https://www.itftennis.com/en/players/ha-eum-lee/800586389/kor/jt/s/itf-points-breakdown/","doubles","J100 Huzhou","J100","2025-06-03","2026-06-02","75","0.25","18.75","true"
"ha-eum-lee","Ha Eum Lee","KOR","Girls","44","https://www.itftennis.com/en/players/ha-eum-lee/800586389/kor/jt/s/itf-points-breakdown/","doubles","J100 Almaty","J100","2025-06-23","2026-06-22","75","0.25","18.75","false"
"ha-eum-lee","Ha Eum Lee","KOR","Girls","44","https://www.itftennis.com/en/players/ha-eum-lee/800586389/kor/jt/s/itf-points-breakdown/","doubles","J100 Santo Domingo","J100","2025-07-14","2026-07-13","75","0.25","18.75","false"
"ha-eum-lee","Ha Eum Lee","KOR","Girls","44","https://www.itftennis.com/en/players/ha-eum-lee/800586389/kor/jt/s/itf-points-breakdown/","doubles","J100 Namangan","J100","2025-08-11","2026-08-10","75","0.25","18.75","false"
"ha-eum-lee","Ha Eum Lee","KOR","Girls","44","https://www.itftennis.com/en/players/ha-eum-lee/800586389/kor/jt/s/itf-points-breakdown/","doubles","J500 Fort Lauderdale","J500","2025-12-08","2026-12-07","67","0.25","16.75","false"
"ha-eum-lee","Ha Eum Lee","KOR","Girls","44","https://www.itftennis.com/en/players/ha-eum-lee/800586389/kor/jt/s/itf-points-breakdown/","doubles","J300 Traralgon","J300","2026-01-16","2027-01-15","45","0.25","11.25","false"
"ha-eum-lee","Ha Eum Lee","KOR","Girls","44","https://www.itftennis.com/en/players/ha-eum-lee/800586389/kor/jt/s/itf-points-breakdown/","doubles","J100 Santo Domingo","J100","2025-07-07","2026-07-06","45","0.25","11.25","false"
"ha-eum-lee","Ha Eum Lee","KOR","Girls","44","https://www.itftennis.com/en/players/ha-eum-lee/800586389/kor/jt/s/itf-points-breakdown/","doubles","J100 Qionghai","J100","2025-05-27","2026-05-26","15","0.25","3.75","false"
"ha-eum-lee","Ha Eum Lee","KOR","Girls","44","https://www.itftennis.com/en/players/ha-eum-lee/800586389/kor/jt/s/itf-points-breakdown/","doubles","J100 Almaty","J100","2025-06-16","2026-06-15","15","0.25","3.75","false"
"ha-eum-lee","Ha Eum Lee","KOR","Girls","44","https://www.itftennis.com/en/players/ha-eum-lee/800586389/kor/jt/s/itf-points-breakdown/","doubles","J500 Merida","J500","2025-11-24","2026-11-23","0","0.25","0","false"
"ha-eum-lee","Ha Eum Lee","KOR","Girls","44","https://www.itftennis.com/en/players/ha-eum-lee/800586389/kor/jt/s/itf-points-breakdown/","doubles","Australian Open Junior Championships","JGS","2026-01-24","2027-01-23","0","0.25","0","false"
"maria-valentina-pop","Maria Valentina Pop","ROU","Girls","45","https://www.itftennis.com/en/players/maria-valentina-pop/800664506/rou/jt/s/itf-points-breakdown/","singles","J200 Kosice","J200","2026-01-06","2027-01-05","200","1","200","true"
"maria-valentina-pop","Maria Valentina Pop","ROU","Girls","45","https://www.itftennis.com/en/players/maria-valentina-pop/800664506/rou/jt/s/itf-points-breakdown/","singles","J200 Piestany","J200","2026-04-14","2027-04-13","200","1","200","true"
"maria-valentina-pop","Maria Valentina Pop","ROU","Girls","45","https://www.itftennis.com/en/players/maria-valentina-pop/800664506/rou/jt/s/itf-points-breakdown/","singles","J200 Prato","J200","2026-05-05","2027-05-04","200","1","200","true"
"maria-valentina-pop","Maria Valentina Pop","ROU","Girls","45","https://www.itftennis.com/en/players/maria-valentina-pop/800664506/rou/jt/s/itf-points-breakdown/","singles","J300 Casablanca","J300","2026-02-09","2027-02-08","140","1","140","true"
"maria-valentina-pop","Maria Valentina Pop","ROU","Girls","45","https://www.itftennis.com/en/players/maria-valentina-pop/800664506/rou/jt/s/itf-points-breakdown/","singles","J100 Chisinau","J100","2026-02-23","2027-02-22","100","1","100","true"
"maria-valentina-pop","Maria Valentina Pop","ROU","Girls","45","https://www.itftennis.com/en/players/maria-valentina-pop/800664506/rou/jt/s/itf-points-breakdown/","singles","J300 Santa Croce Sull’Arno","J300","2026-05-11","2027-05-10","60","1","60","true"
"maria-valentina-pop","Maria Valentina Pop","ROU","Girls","45","https://www.itftennis.com/en/players/maria-valentina-pop/800664506/rou/jt/s/itf-points-breakdown/","singles","J60 Burgas","J60","2025-09-01","2026-08-31","60","1","60","false"
"maria-valentina-pop","Maria Valentina Pop","ROU","Girls","45","https://www.itftennis.com/en/players/maria-valentina-pop/800664506/rou/jt/s/itf-points-breakdown/","singles","J30 Sofia","J30","2025-07-21","2026-07-20","30","1","30","false"
"maria-valentina-pop","Maria Valentina Pop","ROU","Girls","45","https://www.itftennis.com/en/players/maria-valentina-pop/800664506/rou/jt/s/itf-points-breakdown/","singles","J30 Brasov","J30","2025-11-24","2026-11-23","30","1","30","false"
"maria-valentina-pop","Maria Valentina Pop","ROU","Girls","45","https://www.itftennis.com/en/players/maria-valentina-pop/800664506/rou/jt/s/itf-points-breakdown/","singles","J60 Timisoara","J60","2025-06-24","2026-06-23","18","1","18","false"
"maria-valentina-pop","Maria Valentina Pop","ROU","Girls","45","https://www.itftennis.com/en/players/maria-valentina-pop/800664506/rou/jt/s/itf-points-breakdown/","singles","J30 Bucharest","J30","2025-12-02","2026-12-01","18","1","18","false"
"maria-valentina-pop","Maria Valentina Pop","ROU","Girls","45","https://www.itftennis.com/en/players/maria-valentina-pop/800664506/rou/jt/s/itf-points-breakdown/","singles","J100 Timisoara","J100","2025-07-01","2026-06-30","10","1","10","false"
"maria-valentina-pop","Maria Valentina Pop","ROU","Girls","45","https://www.itftennis.com/en/players/maria-valentina-pop/800664506/rou/jt/s/itf-points-breakdown/","singles","J100 Pazardzhik","J100","2025-06-16","2026-06-15","5","1","5","false"
"maria-valentina-pop","Maria Valentina Pop","ROU","Girls","45","https://www.itftennis.com/en/players/maria-valentina-pop/800664506/rou/jt/s/itf-points-breakdown/","singles","J300 Villena","J300","2026-03-16","2027-03-15","0","1","0","false"
"maria-valentina-pop","Maria Valentina Pop","ROU","Girls","45","https://www.itftennis.com/en/players/maria-valentina-pop/800664506/rou/jt/s/itf-points-breakdown/","singles","J300 Vrsar","J300","2026-03-23","2027-03-22","0","1","0","false"
"maria-valentina-pop","Maria Valentina Pop","ROU","Girls","45","https://www.itftennis.com/en/players/maria-valentina-pop/800664506/rou/jt/s/itf-points-breakdown/","singles","J200 Haskovo","J200","2026-04-21","2027-04-20","0","1","0","false"
"maria-valentina-pop","Maria Valentina Pop","ROU","Girls","45","https://www.itftennis.com/en/players/maria-valentina-pop/800664506/rou/jt/s/itf-points-breakdown/","singles","J100 Bucharest","J100","2025-05-26","2026-05-25","0","1","0","false"
"maria-valentina-pop","Maria Valentina Pop","ROU","Girls","45","https://www.itftennis.com/en/players/maria-valentina-pop/800664506/rou/jt/s/itf-points-breakdown/","singles","J60 Holte","J60","2025-06-10","2026-06-09","0","1","0","false"
"maria-valentina-pop","Maria Valentina Pop","ROU","Girls","45","https://www.itftennis.com/en/players/maria-valentina-pop/800664506/rou/jt/s/itf-points-breakdown/","doubles","J200 Haskovo","J200","2026-04-21","2027-04-20","150","0.25","37.5","true"
"maria-valentina-pop","Maria Valentina Pop","ROU","Girls","45","https://www.itftennis.com/en/players/maria-valentina-pop/800664506/rou/jt/s/itf-points-breakdown/","doubles","J200 Prato","J200","2026-05-05","2027-05-04","105","0.25","26.25","true"
"maria-valentina-pop","Maria Valentina Pop","ROU","Girls","45","https://www.itftennis.com/en/players/maria-valentina-pop/800664506/rou/jt/s/itf-points-breakdown/","doubles","J300 Casablanca","J300","2026-02-09","2027-02-08","75","0.25","18.75","true"
"maria-valentina-pop","Maria Valentina Pop","ROU","Girls","45","https://www.itftennis.com/en/players/maria-valentina-pop/800664506/rou/jt/s/itf-points-breakdown/","doubles","J300 Vrsar","J300","2026-03-23","2027-03-22","75","0.25","18.75","true"
"maria-valentina-pop","Maria Valentina Pop","ROU","Girls","45","https://www.itftennis.com/en/players/maria-valentina-pop/800664506/rou/jt/s/itf-points-breakdown/","doubles","J300 Santa Croce Sull’Arno","J300","2026-05-11","2027-05-10","75","0.25","18.75","true"
"maria-valentina-pop","Maria Valentina Pop","ROU","Girls","45","https://www.itftennis.com/en/players/maria-valentina-pop/800664506/rou/jt/s/itf-points-breakdown/","doubles","J200 Piestany","J200","2026-04-14","2027-04-13","75","0.25","18.75","true"
"maria-valentina-pop","Maria Valentina Pop","ROU","Girls","45","https://www.itftennis.com/en/players/maria-valentina-pop/800664506/rou/jt/s/itf-points-breakdown/","doubles","J100 Timisoara","J100","2025-07-01","2026-06-30","75","0.25","18.75","false"
"maria-valentina-pop","Maria Valentina Pop","ROU","Girls","45","https://www.itftennis.com/en/players/maria-valentina-pop/800664506/rou/jt/s/itf-points-breakdown/","doubles","J200 Kosice","J200","2026-01-06","2027-01-05","45","0.25","11.25","false"
"maria-valentina-pop","Maria Valentina Pop","ROU","Girls","45","https://www.itftennis.com/en/players/maria-valentina-pop/800664506/rou/jt/s/itf-points-breakdown/","doubles","J100 Pazardzhik","J100","2025-06-16","2026-06-15","27","0.25","6.75","false"
"maria-valentina-pop","Maria Valentina Pop","ROU","Girls","45","https://www.itftennis.com/en/players/maria-valentina-pop/800664506/rou/jt/s/itf-points-breakdown/","doubles","J100 Chisinau","J100","2026-02-23","2027-02-22","27","0.25","6.75","false"
"maria-valentina-pop","Maria Valentina Pop","ROU","Girls","45","https://www.itftennis.com/en/players/maria-valentina-pop/800664506/rou/jt/s/itf-points-breakdown/","doubles","J30 Sofia","J30","2025-07-21","2026-07-20","25","0.25","6.25","false"
"maria-valentina-pop","Maria Valentina Pop","ROU","Girls","45","https://www.itftennis.com/en/players/maria-valentina-pop/800664506/rou/jt/s/itf-points-breakdown/","doubles","J30 Brasov","J30","2025-11-24","2026-11-23","25","0.25","6.25","false"
"maria-valentina-pop","Maria Valentina Pop","ROU","Girls","45","https://www.itftennis.com/en/players/maria-valentina-pop/800664506/rou/jt/s/itf-points-breakdown/","doubles","J30 Bucharest","J30","2025-12-02","2026-12-01","25","0.25","6.25","false"
"maria-valentina-pop","Maria Valentina Pop","ROU","Girls","45","https://www.itftennis.com/en/players/maria-valentina-pop/800664506/rou/jt/s/itf-points-breakdown/","doubles","J60 Holte","J60","2025-06-10","2026-06-09","7","0.25","1.75","false"
"maria-valentina-pop","Maria Valentina Pop","ROU","Girls","45","https://www.itftennis.com/en/players/maria-valentina-pop/800664506/rou/jt/s/itf-points-breakdown/","doubles","J60 Timisoara","J60","2025-06-24","2026-06-23","7","0.25","1.75","false"
"maria-valentina-pop","Maria Valentina Pop","ROU","Girls","45","https://www.itftennis.com/en/players/maria-valentina-pop/800664506/rou/jt/s/itf-points-breakdown/","doubles","J300 Villena","J300","2026-03-16","2027-03-15","0","0.25","0","false"
"maria-valentina-pop","Maria Valentina Pop","ROU","Girls","45","https://www.itftennis.com/en/players/maria-valentina-pop/800664506/rou/jt/s/itf-points-breakdown/","doubles","J100 Bucharest","J100","2025-05-26","2026-05-25","0","0.25","0","false"
"alyssa-james","Alyssa James","JAM","Girls","46","https://www.itftennis.com/en/players/alyssa-james/800693920/jam/jt/s/itf-points-breakdown/","singles","J500 Gaspar","J500","2026-03-16","2027-03-15","150","1","150","true"
"alyssa-james","Alyssa James","JAM","Girls","46","https://www.itftennis.com/en/players/alyssa-james/800693920/jam/jt/s/itf-points-breakdown/","singles","J300 Zapopan","J300","2025-11-17","2026-11-16","140","1","140","true"
"alyssa-james","Alyssa James","JAM","Girls","46","https://www.itftennis.com/en/players/alyssa-james/800693920/jam/jt/s/itf-points-breakdown/","singles","J300 Asuncion (Junior Pan American Games)","J300","2025-08-11","2026-08-10","100","1","100","true"
"alyssa-james","Alyssa James","JAM","Girls","46","https://www.itftennis.com/en/players/alyssa-james/800693920/jam/jt/s/itf-points-breakdown/","singles","J300 Bradenton","J300","2025-12-01","2026-11-30","100","1","100","true"
"alyssa-james","Alyssa James","JAM","Girls","46","https://www.itftennis.com/en/players/alyssa-james/800693920/jam/jt/s/itf-points-breakdown/","singles","J300 Asuncion","J300","2026-03-02","2027-03-01","100","1","100","true"
"alyssa-james","Alyssa James","JAM","Girls","46","https://www.itftennis.com/en/players/alyssa-james/800693920/jam/jt/s/itf-points-breakdown/","singles","J300 Porto Alegre","J300","2026-03-09","2027-03-08","100","1","100","true"
"alyssa-james","Alyssa James","JAM","Girls","46","https://www.itftennis.com/en/players/alyssa-james/800693920/jam/jt/s/itf-points-breakdown/","singles","J200 Santiago","J200","2025-09-29","2026-09-28","60","1","60","false"
"alyssa-james","Alyssa James","JAM","Girls","46","https://www.itftennis.com/en/players/alyssa-james/800693920/jam/jt/s/itf-points-breakdown/","singles","J500 Merida","J500","2025-11-24","2026-11-23","45","1","45","false"
"alyssa-james","Alyssa James","JAM","Girls","46","https://www.itftennis.com/en/players/alyssa-james/800693920/jam/jt/s/itf-points-breakdown/","singles","US Open Junior Tennis Championships","JGS","2025-08-31","2026-08-30","20","1","20","false"
"alyssa-james","Alyssa James","JAM","Girls","46","https://www.itftennis.com/en/players/alyssa-james/800693920/jam/jt/s/itf-points-breakdown/","singles","J500 Milan","J500","2025-05-19","2026-05-18","0","1","0","false"
"alyssa-james","Alyssa James","JAM","Girls","46","https://www.itftennis.com/en/players/alyssa-james/800693920/jam/jt/s/itf-points-breakdown/","singles","J500 Fort Lauderdale","J500","2025-12-08","2026-12-07","0","1","0","false"
"alyssa-james","Alyssa James","JAM","Girls","46","https://www.itftennis.com/en/players/alyssa-james/800693920/jam/jt/s/itf-points-breakdown/","singles","J300 Charleroi-Marcinelle","J300","2025-05-26","2026-05-25","0","1","0","false"
"alyssa-james","Alyssa James","JAM","Girls","46","https://www.itftennis.com/en/players/alyssa-james/800693920/jam/jt/s/itf-points-breakdown/","singles","J300 College Park","J300","2025-08-18","2026-08-17","0","1","0","false"
"alyssa-james","Alyssa James","JAM","Girls","46","https://www.itftennis.com/en/players/alyssa-james/800693920/jam/jt/s/itf-points-breakdown/","singles","J300 Traralgon","J300","2026-01-16","2027-01-15","0","1","0","false"
"alyssa-james","Alyssa James","JAM","Girls","46","https://www.itftennis.com/en/players/alyssa-james/800693920/jam/jt/s/itf-points-breakdown/","singles","J300 Santa Croce Sull’Arno","J300","2026-05-11","2027-05-10","0","1","0","false"
"alyssa-james","Alyssa James","JAM","Girls","46","https://www.itftennis.com/en/players/alyssa-james/800693920/jam/jt/s/itf-points-breakdown/","singles","J200 Veracruz","J200","2025-06-23","2026-06-22","0","1","0","false"
"alyssa-james","Alyssa James","JAM","Girls","46","https://www.itftennis.com/en/players/alyssa-james/800693920/jam/jt/s/itf-points-breakdown/","singles","Roland Garros Junior Championships","JGS","2025-06-01","2026-05-31","0","1","0","false"
"alyssa-james","Alyssa James","JAM","Girls","46","https://www.itftennis.com/en/players/alyssa-james/800693920/jam/jt/s/itf-points-breakdown/","singles","Australian Open Junior Championships","JGS","2026-01-24","2027-01-23","0","1","0","false"
"alyssa-james","Alyssa James","JAM","Girls","46","https://www.itftennis.com/en/players/alyssa-james/800693920/jam/jt/s/itf-points-breakdown/","doubles","J500 Gaspar","J500","2026-03-16","2027-03-15","375","0.25","93.75","true"
"alyssa-james","Alyssa James","JAM","Girls","46","https://www.itftennis.com/en/players/alyssa-james/800693920/jam/jt/s/itf-points-breakdown/","doubles","J500 Fort Lauderdale","J500","2025-12-08","2026-12-07","262","0.25","65.5","true"
"alyssa-james","Alyssa James","JAM","Girls","46","https://www.itftennis.com/en/players/alyssa-james/800693920/jam/jt/s/itf-points-breakdown/","doubles","J300 Asuncion","J300","2026-03-02","2027-03-01","225","0.25","56.25","true"
"alyssa-james","Alyssa James","JAM","Girls","46","https://www.itftennis.com/en/players/alyssa-james/800693920/jam/jt/s/itf-points-breakdown/","doubles","Australian Open Junior Championships","JGS","2026-01-24","2027-01-23","225","0.25","56.25","true"
"alyssa-james","Alyssa James","JAM","Girls","46","https://www.itftennis.com/en/players/alyssa-james/800693920/jam/jt/s/itf-points-breakdown/","doubles","J300 Santa Croce Sull’Arno","J300","2026-05-11","2027-05-10","157","0.25","39.25","true"
"alyssa-james","Alyssa James","JAM","Girls","46","https://www.itftennis.com/en/players/alyssa-james/800693920/jam/jt/s/itf-points-breakdown/","doubles","J300 Porto Alegre","J300","2026-03-09","2027-03-08","105","0.25","26.25","true"
"alyssa-james","Alyssa James","JAM","Girls","46","https://www.itftennis.com/en/players/alyssa-james/800693920/jam/jt/s/itf-points-breakdown/","doubles","J300 Bradenton","J300","2025-12-01","2026-11-30","75","0.25","18.75","false"
"alyssa-james","Alyssa James","JAM","Girls","46","https://www.itftennis.com/en/players/alyssa-james/800693920/jam/jt/s/itf-points-breakdown/","doubles","J200 Santiago","J200","2025-09-29","2026-09-28","75","0.25","18.75","false"
"alyssa-james","Alyssa James","JAM","Girls","46","https://www.itftennis.com/en/players/alyssa-james/800693920/jam/jt/s/itf-points-breakdown/","doubles","J500 Merida","J500","2025-11-24","2026-11-23","67","0.25","16.75","false"
"alyssa-james","Alyssa James","JAM","Girls","46","https://www.itftennis.com/en/players/alyssa-james/800693920/jam/jt/s/itf-points-breakdown/","doubles","J300 College Park","J300","2025-08-18","2026-08-17","45","0.25","11.25","false"
"alyssa-james","Alyssa James","JAM","Girls","46","https://www.itftennis.com/en/players/alyssa-james/800693920/jam/jt/s/itf-points-breakdown/","doubles","J300 Traralgon","J300","2026-01-16","2027-01-15","45","0.25","11.25","false"
"alyssa-james","Alyssa James","JAM","Girls","46","https://www.itftennis.com/en/players/alyssa-james/800693920/jam/jt/s/itf-points-breakdown/","doubles","J500 Milan","J500","2025-05-19","2026-05-18","0","0.25","0","false"
"alyssa-james","Alyssa James","JAM","Girls","46","https://www.itftennis.com/en/players/alyssa-james/800693920/jam/jt/s/itf-points-breakdown/","doubles","J300 Zapopan","J300","2025-11-17","2026-11-16","0","0.25","0","false"
"alyssa-james","Alyssa James","JAM","Girls","46","https://www.itftennis.com/en/players/alyssa-james/800693920/jam/jt/s/itf-points-breakdown/","doubles","J200 Veracruz","J200","2025-06-23","2026-06-22","0","0.25","0","false"
"sonja-zhenikhova","Sonja Zhenikhova","GER","Girls","47","https://www.itftennis.com/en/players/sonja-zhenikhova/800595691/ger/jt/s/itf-points-breakdown/","singles","J300 Oberpullendorf (Europe Regional Championships)","J300","2025-09-15","2026-09-14","140","1","140","true"
"sonja-zhenikhova","Sonja Zhenikhova","GER","Girls","47","https://www.itftennis.com/en/players/sonja-zhenikhova/800595691/ger/jt/s/itf-points-breakdown/","singles","J500 Milan","J500","2025-05-19","2026-05-18","90","1","90","true"
"sonja-zhenikhova","Sonja Zhenikhova","GER","Girls","47","https://www.itftennis.com/en/players/sonja-zhenikhova/800595691/ger/jt/s/itf-points-breakdown/","singles","J500 Cairo","J500","2026-04-06","2027-04-05","90","1","90","true"
"sonja-zhenikhova","Sonja Zhenikhova","GER","Girls","47","https://www.itftennis.com/en/players/sonja-zhenikhova/800595691/ger/jt/s/itf-points-breakdown/","singles","Roland Garros Junior Championships","JGS","2025-06-01","2026-05-31","90","1","90","true"
"sonja-zhenikhova","Sonja Zhenikhova","GER","Girls","47","https://www.itftennis.com/en/players/sonja-zhenikhova/800595691/ger/jt/s/itf-points-breakdown/","singles","J300 Cairo","J300","2026-03-30","2027-03-29","60","1","60","true"
"sonja-zhenikhova","Sonja Zhenikhova","GER","Girls","47","https://www.itftennis.com/en/players/sonja-zhenikhova/800595691/ger/jt/s/itf-points-breakdown/","singles","J300 Roehampton","J300","2025-06-29","2026-06-28","30","1","30","true"
"sonja-zhenikhova","Sonja Zhenikhova","GER","Girls","47","https://www.itftennis.com/en/players/sonja-zhenikhova/800595691/ger/jt/s/itf-points-breakdown/","singles","J500 Fort Lauderdale","J500","2025-12-08","2026-12-07","0","1","0","false"
"sonja-zhenikhova","Sonja Zhenikhova","GER","Girls","47","https://www.itftennis.com/en/players/sonja-zhenikhova/800595691/ger/jt/s/itf-points-breakdown/","singles","J300 Beaulieu-sur-Mer","J300","2026-04-13","2027-04-12","0","1","0","false"
"sonja-zhenikhova","Sonja Zhenikhova","GER","Girls","47","https://www.itftennis.com/en/players/sonja-zhenikhova/800595691/ger/jt/s/itf-points-breakdown/","singles","J200 Benicarlo","J200","2026-03-10","2027-03-09","0","1","0","false"
"sonja-zhenikhova","Sonja Zhenikhova","GER","Girls","47","https://www.itftennis.com/en/players/sonja-zhenikhova/800595691/ger/jt/s/itf-points-breakdown/","singles","The Junior Championships, Wimbledon","JGS","2025-07-05","2026-07-04","0","1","0","false"
"sonja-zhenikhova","Sonja Zhenikhova","GER","Girls","47","https://www.itftennis.com/en/players/sonja-zhenikhova/800595691/ger/jt/s/itf-points-breakdown/","singles","US Open Junior Tennis Championships","JGS","2025-08-31","2026-08-30","0","1","0","false"
"sonja-zhenikhova","Sonja Zhenikhova","GER","Girls","47","https://www.itftennis.com/en/players/sonja-zhenikhova/800595691/ger/jt/s/itf-points-breakdown/","doubles","Roland Garros Junior Championships","JGS","2025-06-01","2026-05-31","750","0.25","187.5","true"
"sonja-zhenikhova","Sonja Zhenikhova","GER","Girls","47","https://www.itftennis.com/en/players/sonja-zhenikhova/800595691/ger/jt/s/itf-points-breakdown/","doubles","J500 Cairo","J500","2026-04-06","2027-04-05","375","0.25","93.75","true"
"sonja-zhenikhova","Sonja Zhenikhova","GER","Girls","47","https://www.itftennis.com/en/players/sonja-zhenikhova/800595691/ger/jt/s/itf-points-breakdown/","doubles","US Open Junior Tennis Championships","JGS","2025-08-31","2026-08-30","367","0.25","91.75","true"
"sonja-zhenikhova","Sonja Zhenikhova","GER","Girls","47","https://www.itftennis.com/en/players/sonja-zhenikhova/800595691/ger/jt/s/itf-points-breakdown/","doubles","J300 Oberpullendorf (Europe Regional Championships)","J300","2025-09-15","2026-09-14","225","0.25","56.25","true"
"sonja-zhenikhova","Sonja Zhenikhova","GER","Girls","47","https://www.itftennis.com/en/players/sonja-zhenikhova/800595691/ger/jt/s/itf-points-breakdown/","doubles","J300 Beaulieu-sur-Mer","J300","2026-04-13","2027-04-12","225","0.25","56.25","true"
"sonja-zhenikhova","Sonja Zhenikhova","GER","Girls","47","https://www.itftennis.com/en/players/sonja-zhenikhova/800595691/ger/jt/s/itf-points-breakdown/","doubles","J500 Milan","J500","2025-05-19","2026-05-18","112","0.25","28","true"
"sonja-zhenikhova","Sonja Zhenikhova","GER","Girls","47","https://www.itftennis.com/en/players/sonja-zhenikhova/800595691/ger/jt/s/itf-points-breakdown/","doubles","J300 Roehampton","J300","2025-06-29","2026-06-28","75","0.25","18.75","false"
"sonja-zhenikhova","Sonja Zhenikhova","GER","Girls","47","https://www.itftennis.com/en/players/sonja-zhenikhova/800595691/ger/jt/s/itf-points-breakdown/","doubles","J500 Fort Lauderdale","J500","2025-12-08","2026-12-07","67","0.25","16.75","false"
"sonja-zhenikhova","Sonja Zhenikhova","GER","Girls","47","https://www.itftennis.com/en/players/sonja-zhenikhova/800595691/ger/jt/s/itf-points-breakdown/","doubles","J300 Cairo","J300","2026-03-30","2027-03-29","0","0.25","0","false"
"sonja-zhenikhova","Sonja Zhenikhova","GER","Girls","47","https://www.itftennis.com/en/players/sonja-zhenikhova/800595691/ger/jt/s/itf-points-breakdown/","doubles","The Junior Championships, Wimbledon","JGS","2025-07-05","2026-07-04","0","0.25","0","false"
"luna-maria-cinalli","Luna Maria Cinalli","ARG","Girls","48","https://www.itftennis.com/en/players/luna-maria-cinalli/800644753/arg/jt/s/itf-points-breakdown/","singles","Roland Garros Junior Championships","JGS","2025-06-01","2026-05-31","300","1","300","true"
"luna-maria-cinalli","Luna Maria Cinalli","ARG","Girls","48","https://www.itftennis.com/en/players/luna-maria-cinalli/800644753/arg/jt/s/itf-points-breakdown/","singles","J500 Gaspar","J500","2026-03-16","2027-03-15","250","1","250","true"
"luna-maria-cinalli","Luna Maria Cinalli","ARG","Girls","48","https://www.itftennis.com/en/players/luna-maria-cinalli/800644753/arg/jt/s/itf-points-breakdown/","singles","J500 Merida","J500","2025-11-24","2026-11-23","150","1","150","true"
"luna-maria-cinalli","Luna Maria Cinalli","ARG","Girls","48","https://www.itftennis.com/en/players/luna-maria-cinalli/800644753/arg/jt/s/itf-points-breakdown/","singles","The Junior Championships, Wimbledon","JGS","2025-07-05","2026-07-04","90","1","90","true"
"luna-maria-cinalli","Luna Maria Cinalli","ARG","Girls","48","https://www.itftennis.com/en/players/luna-maria-cinalli/800644753/arg/jt/s/itf-points-breakdown/","singles","J300 College Park","J300","2025-08-18","2026-08-17","60","1","60","true"
"luna-maria-cinalli","Luna Maria Cinalli","ARG","Girls","48","https://www.itftennis.com/en/players/luna-maria-cinalli/800644753/arg/jt/s/itf-points-breakdown/","singles","J500 Fort Lauderdale","J500","2025-12-08","2026-12-07","45","1","45","true"
"luna-maria-cinalli","Luna Maria Cinalli","ARG","Girls","48","https://www.itftennis.com/en/players/luna-maria-cinalli/800644753/arg/jt/s/itf-points-breakdown/","singles","J300 Bradenton","J300","2025-12-01","2026-11-30","30","1","30","false"
"luna-maria-cinalli","Luna Maria Cinalli","ARG","Girls","48","https://www.itftennis.com/en/players/luna-maria-cinalli/800644753/arg/jt/s/itf-points-breakdown/","singles","J500 Milan","J500","2025-05-19","2026-05-18","0","1","0","false"
"luna-maria-cinalli","Luna Maria Cinalli","ARG","Girls","48","https://www.itftennis.com/en/players/luna-maria-cinalli/800644753/arg/jt/s/itf-points-breakdown/","singles","J300 Roehampton","J300","2025-06-29","2026-06-28","0","1","0","false"
"luna-maria-cinalli","Luna Maria Cinalli","ARG","Girls","48","https://www.itftennis.com/en/players/luna-maria-cinalli/800644753/arg/jt/s/itf-points-breakdown/","singles","US Open Junior Tennis Championships","JGS","2025-08-31","2026-08-30","0","1","0","false"
"luna-maria-cinalli","Luna Maria Cinalli","ARG","Girls","48","https://www.itftennis.com/en/players/luna-maria-cinalli/800644753/arg/jt/s/itf-points-breakdown/","doubles","Roland Garros Junior Championships","JGS","2025-06-01","2026-05-31","225","0.25","56.25","true"
"luna-maria-cinalli","Luna Maria Cinalli","ARG","Girls","48","https://www.itftennis.com/en/players/luna-maria-cinalli/800644753/arg/jt/s/itf-points-breakdown/","doubles","J500 Milan","J500","2025-05-19","2026-05-18","112","0.25","28","true"
"luna-maria-cinalli","Luna Maria Cinalli","ARG","Girls","48","https://www.itftennis.com/en/players/luna-maria-cinalli/800644753/arg/jt/s/itf-points-breakdown/","doubles","J500 Merida","J500","2025-11-24","2026-11-23","112","0.25","28","true"
"luna-maria-cinalli","Luna Maria Cinalli","ARG","Girls","48","https://www.itftennis.com/en/players/luna-maria-cinalli/800644753/arg/jt/s/itf-points-breakdown/","doubles","J500 Gaspar","J500","2026-03-16","2027-03-15","0","0.25","0","true"
"luna-maria-cinalli","Luna Maria Cinalli","ARG","Girls","48","https://www.itftennis.com/en/players/luna-maria-cinalli/800644753/arg/jt/s/itf-points-breakdown/","doubles","J300 Roehampton","J300","2025-06-29","2026-06-28","0","0.25","0","true"
"luna-maria-cinalli","Luna Maria Cinalli","ARG","Girls","48","https://www.itftennis.com/en/players/luna-maria-cinalli/800644753/arg/jt/s/itf-points-breakdown/","doubles","J300 College Park","J300","2025-08-18","2026-08-17","0","0.25","0","true"
"luna-maria-cinalli","Luna Maria Cinalli","ARG","Girls","48","https://www.itftennis.com/en/players/luna-maria-cinalli/800644753/arg/jt/s/itf-points-breakdown/","doubles","The Junior Championships, Wimbledon","JGS","2025-07-05","2026-07-04","0","0.25","0","false"
"luna-maria-cinalli","Luna Maria Cinalli","ARG","Girls","48","https://www.itftennis.com/en/players/luna-maria-cinalli/800644753/arg/jt/s/itf-points-breakdown/","doubles","US Open Junior Tennis Championships","JGS","2025-08-31","2026-08-30","0","0.25","0","false"
"chukwumelije-clarke","Chukwumelije Clarke","USA","Girls","49","https://www.itftennis.com/en/players/chukwumelije-clarke/800719735/usa/jt/s/itf-points-breakdown/","singles","J300 Spring - Pan American ITF","J300","2025-10-06","2026-10-05","300","1","300","true"
"chukwumelije-clarke","Chukwumelije Clarke","USA","Girls","49","https://www.itftennis.com/en/players/chukwumelije-clarke/800719735/usa/jt/s/itf-points-breakdown/","singles","J200 Monterrey","J200","2025-06-30","2026-06-29","200","1","200","true"
"chukwumelije-clarke","Chukwumelije Clarke","USA","Girls","49","https://www.itftennis.com/en/players/chukwumelije-clarke/800719735/usa/jt/s/itf-points-breakdown/","singles","J300 Tucson","J300","2026-03-09","2027-03-08","100","1","100","true"
"chukwumelije-clarke","Chukwumelije Clarke","USA","Girls","49","https://www.itftennis.com/en/players/chukwumelije-clarke/800719735/usa/jt/s/itf-points-breakdown/","singles","J200 Veracruz","J200","2025-06-23","2026-06-22","100","1","100","true"
"chukwumelije-clarke","Chukwumelije Clarke","USA","Girls","49","https://www.itftennis.com/en/players/chukwumelije-clarke/800719735/usa/jt/s/itf-points-breakdown/","singles","J300 Traralgon","J300","2026-01-16","2027-01-15","60","1","60","true"
"chukwumelije-clarke","Chukwumelije Clarke","USA","Girls","49","https://www.itftennis.com/en/players/chukwumelije-clarke/800719735/usa/jt/s/itf-points-breakdown/","singles","J200 Aldershot","J200","2026-04-20","2027-04-19","60","1","60","true"
"chukwumelije-clarke","Chukwumelije Clarke","USA","Girls","49","https://www.itftennis.com/en/players/chukwumelije-clarke/800719735/usa/jt/s/itf-points-breakdown/","singles","J500 Merida","J500","2025-11-24","2026-11-23","45","1","45","false"
"chukwumelije-clarke","Chukwumelije Clarke","USA","Girls","49","https://www.itftennis.com/en/players/chukwumelije-clarke/800719735/usa/jt/s/itf-points-breakdown/","singles","J300 Bradenton","J300","2025-12-01","2026-11-30","30","1","30","false"
"chukwumelije-clarke","Chukwumelije Clarke","USA","Girls","49","https://www.itftennis.com/en/players/chukwumelije-clarke/800719735/usa/jt/s/itf-points-breakdown/","singles","J100 Monterrey","J100","2025-07-07","2026-07-06","20","1","20","false"
"chukwumelije-clarke","Chukwumelije Clarke","USA","Girls","49","https://www.itftennis.com/en/players/chukwumelije-clarke/800719735/usa/jt/s/itf-points-breakdown/","singles","J500 Fort Lauderdale","J500","2025-12-08","2026-12-07","0","1","0","false"
"chukwumelije-clarke","Chukwumelije Clarke","USA","Girls","49","https://www.itftennis.com/en/players/chukwumelije-clarke/800719735/usa/jt/s/itf-points-breakdown/","singles","J300 College Park","J300","2025-08-18","2026-08-17","0","1","0","false"
"chukwumelije-clarke","Chukwumelije Clarke","USA","Girls","49","https://www.itftennis.com/en/players/chukwumelije-clarke/800719735/usa/jt/s/itf-points-breakdown/","singles","US Open Junior Tennis Championships","JGS","2025-08-31","2026-08-30","0","1","0","false"
"chukwumelije-clarke","Chukwumelije Clarke","USA","Girls","49","https://www.itftennis.com/en/players/chukwumelije-clarke/800719735/usa/jt/s/itf-points-breakdown/","singles","Australian Open Junior Championships","JGS","2026-01-24","2027-01-23","0","1","0","false"
"chukwumelije-clarke","Chukwumelije Clarke","USA","Girls","49","https://www.itftennis.com/en/players/chukwumelije-clarke/800719735/usa/jt/s/itf-points-breakdown/","doubles","Australian Open Junior Championships","JGS","2026-01-24","2027-01-23","225","0.25","56.25","true"
"chukwumelije-clarke","Chukwumelije Clarke","USA","Girls","49","https://www.itftennis.com/en/players/chukwumelije-clarke/800719735/usa/jt/s/itf-points-breakdown/","doubles","J200 Aldershot","J200","2026-04-20","2027-04-19","150","0.25","37.5","true"
"chukwumelije-clarke","Chukwumelije Clarke","USA","Girls","49","https://www.itftennis.com/en/players/chukwumelije-clarke/800719735/usa/jt/s/itf-points-breakdown/","doubles","J300 Bradenton","J300","2025-12-01","2026-11-30","105","0.25","26.25","true"
"chukwumelije-clarke","Chukwumelije Clarke","USA","Girls","49","https://www.itftennis.com/en/players/chukwumelije-clarke/800719735/usa/jt/s/itf-points-breakdown/","doubles","J200 Veracruz","J200","2025-06-23","2026-06-22","105","0.25","26.25","true"
"chukwumelije-clarke","Chukwumelije Clarke","USA","Girls","49","https://www.itftennis.com/en/players/chukwumelije-clarke/800719735/usa/jt/s/itf-points-breakdown/","doubles","J300 Tucson","J300","2026-03-09","2027-03-08","75","0.25","18.75","true"
"chukwumelije-clarke","Chukwumelije Clarke","USA","Girls","49","https://www.itftennis.com/en/players/chukwumelije-clarke/800719735/usa/jt/s/itf-points-breakdown/","doubles","J200 Monterrey","J200","2025-06-30","2026-06-29","75","0.25","18.75","true"
"chukwumelije-clarke","Chukwumelije Clarke","USA","Girls","49","https://www.itftennis.com/en/players/chukwumelije-clarke/800719735/usa/jt/s/itf-points-breakdown/","doubles","J500 Fort Lauderdale","J500","2025-12-08","2026-12-07","67","0.25","16.75","false"
"chukwumelije-clarke","Chukwumelije Clarke","USA","Girls","49","https://www.itftennis.com/en/players/chukwumelije-clarke/800719735/usa/jt/s/itf-points-breakdown/","doubles","J300 College Park","J300","2025-08-18","2026-08-17","45","0.25","11.25","false"
"chukwumelije-clarke","Chukwumelije Clarke","USA","Girls","49","https://www.itftennis.com/en/players/chukwumelije-clarke/800719735/usa/jt/s/itf-points-breakdown/","doubles","J100 Monterrey","J100","2025-07-07","2026-07-06","27","0.25","6.75","false"
"chukwumelije-clarke","Chukwumelije Clarke","USA","Girls","49","https://www.itftennis.com/en/players/chukwumelije-clarke/800719735/usa/jt/s/itf-points-breakdown/","doubles","J500 Merida","J500","2025-11-24","2026-11-23","0","0.25","0","false"
"chukwumelije-clarke","Chukwumelije Clarke","USA","Girls","49","https://www.itftennis.com/en/players/chukwumelije-clarke/800719735/usa/jt/s/itf-points-breakdown/","doubles","J300 Spring - Pan American ITF","J300","2025-10-06","2026-10-05","0","0.25","0","false"
"chukwumelije-clarke","Chukwumelije Clarke","USA","Girls","49","https://www.itftennis.com/en/players/chukwumelije-clarke/800719735/usa/jt/s/itf-points-breakdown/","doubles","J300 Traralgon","J300","2026-01-16","2027-01-15","0","0.25","0","false"
"yu-chen-lin","Yu-Chen Lin","TPE","Girls","50","https://www.itftennis.com/en/players/yu-chen-lin/800708800/tpe/jt/s/itf-points-breakdown/","singles","J300 Wanju (Closed Asia Regional Championship)","J300","2025-10-06","2026-10-05","210","1","210","true"
"yu-chen-lin","Yu-Chen Lin","TPE","Girls","50","https://www.itftennis.com/en/players/yu-chen-lin/800708800/tpe/jt/s/itf-points-breakdown/","singles","J200 Sydney","J200","2025-08-26","2026-08-25","140","1","140","true"
"yu-chen-lin","Yu-Chen Lin","TPE","Girls","50","https://www.itftennis.com/en/players/yu-chen-lin/800708800/tpe/jt/s/itf-points-breakdown/","singles","J200 Nanjing","J200","2025-09-09","2026-09-08","140","1","140","true"
"yu-chen-lin","Yu-Chen Lin","TPE","Girls","50","https://www.itftennis.com/en/players/yu-chen-lin/800708800/tpe/jt/s/itf-points-breakdown/","singles","J300 Beijing","J300","2025-09-16","2026-09-15","100","1","100","true"
"yu-chen-lin","Yu-Chen Lin","TPE","Girls","50","https://www.itftennis.com/en/players/yu-chen-lin/800708800/tpe/jt/s/itf-points-breakdown/","singles","J300 Kuching","J300","2026-04-07","2027-04-06","100","1","100","true"
"yu-chen-lin","Yu-Chen Lin","TPE","Girls","50","https://www.itftennis.com/en/players/yu-chen-lin/800708800/tpe/jt/s/itf-points-breakdown/","singles","J200 Tainan","J200","2025-11-25","2026-11-24","100","1","100","true"
"yu-chen-lin","Yu-Chen Lin","TPE","Girls","50","https://www.itftennis.com/en/players/yu-chen-lin/800708800/tpe/jt/s/itf-points-breakdown/","singles","J500 Osaka","J500","2025-09-22","2026-09-21","90","1","90","false"
"yu-chen-lin","Yu-Chen Lin","TPE","Girls","50","https://www.itftennis.com/en/players/yu-chen-lin/800708800/tpe/jt/s/itf-points-breakdown/","singles","Australian Open Junior Championships","JGS","2026-01-24","2027-01-23","90","1","90","false"
"yu-chen-lin","Yu-Chen Lin","TPE","Girls","50","https://www.itftennis.com/en/players/yu-chen-lin/800708800/tpe/jt/s/itf-points-breakdown/","singles","J300 Nonthaburi","J300","2026-03-02","2027-03-01","60","1","60","false"
"yu-chen-lin","Yu-Chen Lin","TPE","Girls","50","https://www.itftennis.com/en/players/yu-chen-lin/800708800/tpe/jt/s/itf-points-breakdown/","singles","J200 Chuncheon","J200","2025-09-30","2026-09-29","60","1","60","false"
"yu-chen-lin","Yu-Chen Lin","TPE","Girls","50","https://www.itftennis.com/en/players/yu-chen-lin/800708800/tpe/jt/s/itf-points-breakdown/","singles","J300 Traralgon","J300","2026-01-16","2027-01-15","30","1","30","false"
"yu-chen-lin","Yu-Chen Lin","TPE","Girls","50","https://www.itftennis.com/en/players/yu-chen-lin/800708800/tpe/jt/s/itf-points-breakdown/","singles","J300 Santa Croce Sull’Arno","J300","2026-05-11","2027-05-10","0","1","0","false"
"yu-chen-lin","Yu-Chen Lin","TPE","Girls","50","https://www.itftennis.com/en/players/yu-chen-lin/800708800/tpe/jt/s/itf-points-breakdown/","singles","J200 Nonthaburi","J200","2026-02-23","2027-02-22","0","1","0","false"
"yu-chen-lin","Yu-Chen Lin","TPE","Girls","50","https://www.itftennis.com/en/players/yu-chen-lin/800708800/tpe/jt/s/itf-points-breakdown/","doubles","J300 Wanju (Closed Asia Regional Championship)","J300","2025-10-06","2026-10-05","225","0.25","56.25","true"
"yu-chen-lin","Yu-Chen Lin","TPE","Girls","50","https://www.itftennis.com/en/players/yu-chen-lin/800708800/tpe/jt/s/itf-points-breakdown/","doubles","J200 Nanjing","J200","2025-09-09","2026-09-08","150","0.25","37.5","true"
"yu-chen-lin","Yu-Chen Lin","TPE","Girls","50","https://www.itftennis.com/en/players/yu-chen-lin/800708800/tpe/jt/s/itf-points-breakdown/","doubles","J500 Osaka","J500","2025-09-22","2026-09-21","112","0.25","28","true"
"yu-chen-lin","Yu-Chen Lin","TPE","Girls","50","https://www.itftennis.com/en/players/yu-chen-lin/800708800/tpe/jt/s/itf-points-breakdown/","doubles","J300 Traralgon","J300","2026-01-16","2027-01-15","105","0.25","26.25","true"
"yu-chen-lin","Yu-Chen Lin","TPE","Girls","50","https://www.itftennis.com/en/players/yu-chen-lin/800708800/tpe/jt/s/itf-points-breakdown/","doubles","J200 Sydney","J200","2025-08-26","2026-08-25","105","0.25","26.25","true"
"yu-chen-lin","Yu-Chen Lin","TPE","Girls","50","https://www.itftennis.com/en/players/yu-chen-lin/800708800/tpe/jt/s/itf-points-breakdown/","doubles","J200 Nonthaburi","J200","2026-02-23","2027-02-22","105","0.25","26.25","true"
"yu-chen-lin","Yu-Chen Lin","TPE","Girls","50","https://www.itftennis.com/en/players/yu-chen-lin/800708800/tpe/jt/s/itf-points-breakdown/","doubles","J300 Beijing","J300","2025-09-16","2026-09-15","75","0.25","18.75","false"
"yu-chen-lin","Yu-Chen Lin","TPE","Girls","50","https://www.itftennis.com/en/players/yu-chen-lin/800708800/tpe/jt/s/itf-points-breakdown/","doubles","J300 Kuching","J300","2026-04-07","2027-04-06","75","0.25","18.75","false"
"yu-chen-lin","Yu-Chen Lin","TPE","Girls","50","https://www.itftennis.com/en/players/yu-chen-lin/800708800/tpe/jt/s/itf-points-breakdown/","doubles","J200 Tainan","J200","2025-11-25","2026-11-24","45","0.25","11.25","false"
"yu-chen-lin","Yu-Chen Lin","TPE","Girls","50","https://www.itftennis.com/en/players/yu-chen-lin/800708800/tpe/jt/s/itf-points-breakdown/","doubles","J300 Nonthaburi","J300","2026-03-02","2027-03-01","0","0.25","0","false"
"yu-chen-lin","Yu-Chen Lin","TPE","Girls","50","https://www.itftennis.com/en/players/yu-chen-lin/800708800/tpe/jt/s/itf-points-breakdown/","doubles","J300 Santa Croce Sull’Arno","J300","2026-05-11","2027-05-10","0","0.25","0","false"
"yu-chen-lin","Yu-Chen Lin","TPE","Girls","50","https://www.itftennis.com/en/players/yu-chen-lin/800708800/tpe/jt/s/itf-points-breakdown/","doubles","J200 Chuncheon","J200","2025-09-30","2026-09-29","0","0.25","0","false"
"yu-chen-lin","Yu-Chen Lin","TPE","Girls","50","https://www.itftennis.com/en/players/yu-chen-lin/800708800/tpe/jt/s/itf-points-breakdown/","doubles","Australian Open Junior Championships","JGS","2026-01-24","2027-01-23","0","0.25","0","false"
