"gender","current_rank","player_id","player_name","country","sheet_base_points","point_rows","active_rows","expired_rows","singles_rows","doubles_rows","counting_singles","counting_doubles","missing_drop_date_rows","bad_ranking_point_rows","status","notes","points_breakdown_url"
"Boys","1","ivan-ivanov","Ivan Ivanov","BUL","2686.25","7","5","2","4","1","4","1","0","0","OK","","https://www.itftennis.com/en/players/ivan-ivanov/800586822/bul/jt/s/itf-points-breakdown/"
"Boys","2","luis-guto-miguel","Luis Guto Miguel","BRA","2420.5","21","19","2","10","9","6","6","0","0","OK","","https://www.itftennis.com/en/players/luis-guto-miguel/800680259/bra/jt/s/itf-points-breakdown/"
"Boys","3","yannick-theodor-alexandrescou","Yannick Theodor Alexandrescou","FRA","2377.25","29","27","2","14","13","6","6","0","0","OK","","https://www.itftennis.com/en/players/yannick-theodor-alexandrescou/800564683/fra/jt/s/itf-points-breakdown/"
"Boys","4","ziga-sesko","Ziga Sesko","SLO","2149.75","26","26","0","13","13","6","6","0","0","OK","","https://www.itftennis.com/en/players/ziga-sesko/800579895/slo/jt/s/itf-points-breakdown/"
"Boys","5","jamie-mackenzie","Jamie Mackenzie","GER","2007","29","27","2","14","13","6","6","0","0","OK","","https://www.itftennis.com/en/players/jamie-mackenzie/800570117/ger/jt/s/itf-points-breakdown/"
"Boys","6","keaton-hance","Keaton Hance","USA","1985.25","20","18","2","9","9","6","6","0","0","OK","","https://www.itftennis.com/en/players/keaton-hance/800657117/usa/jt/s/itf-points-breakdown/"
"Boys","7","jack-kennedy","Jack Kennedy","USA","1651","11","9","2","5","4","5","4","0","0","OK","","https://www.itftennis.com/en/players/jack-kennedy/800692786/usa/jt/s/itf-points-breakdown/"
"Boys","8","zangar-nurlanuly","Zangar Nurlanuly","KAZ","1842.5","18","18","0","11","7","6","6","0","0","OK","","https://www.itftennis.com/en/players/zangar-nurlanuly/800543488/kaz/jt/s/itf-points-breakdown/"
"Boys","9","thilo-behrmann","Thilo Behrmann","AUT","1764.75","32","30","2","17","13","6","6","0","0","OK","","https://www.itftennis.com/en/players/thilo-behrmann/800589798/aut/jt/s/itf-points-breakdown/"
"Boys","10","ryo-tabata","Ryo Tabata","JPN","1692.25","22","20","2","11","9","6","6","0","0","OK","","https://www.itftennis.com/en/players/ryo-tabata/800583844/jpn/jt/s/itf-points-breakdown/"
"Boys","11","dimitar-kisimov","Dimitar Kisimov","BUL","1696.75","36","34","2","18","16","6","6","0","0","OK","","https://www.itftennis.com/en/players/dimitar-kisimov/800571859/bul/jt/s/itf-points-breakdown/"
"Boys","12","andrew-johnson","Andrew Johnson","USA","1632.5","19","19","0","10","9","6","6","0","0","OK","","https://www.itftennis.com/en/players/andrew-johnson/800717286/usa/jt/s/itf-points-breakdown/"
"Boys","13","niels-mcdonald","Niels McDonald","GER","1528.75","12","10","2","5","5","5","5","0","0","OK","","https://www.itftennis.com/en/players/niels-mcdonald/800572931/ger/jt/s/itf-points-breakdown/"
"Boys","14","michael-antonius","Michael Antonius","USA","1558.75","17","17","0","9","8","6","6","0","0","OK","","https://www.itftennis.com/en/players/michael-antonius/800732018/usa/jt/s/itf-points-breakdown/"
"Boys","15","yannik-alvarez","Yannik Alvarez","PUR","1553.5","33","31","2","16","15","6","6","0","0","OK","","https://www.itftennis.com/en/players/yannik-alvarez/800696168/pur/jt/s/itf-points-breakdown/"
"Boys","16","dante-pagani","Dante Pagani","ARG","1463","22","20","2","10","10","6","6","0","0","OK","","https://www.itftennis.com/en/players/dante-pagani/800658369/arg/jt/s/itf-points-breakdown/"
"Boys","17","kuan-shou-chen","Kuan-Shou Chen","TPE","1435.75","34","32","2","16","16","6","6","0","0","OK","","https://www.itftennis.com/en/players/kuan-shou-chen/800692766/tpe/jt/s/itf-points-breakdown/"
"Boys","18","nikita-belozertsev","Nikita Belozertsev","UZB","1309.75","18","16","2","8","8","6","6","0","0","OK","","https://www.itftennis.com/en/players/nikita-belozertsev/800590346/uzb/jt/s/itf-points-breakdown/"
"Boys","19","nicolas-baena","Nicolas Baena","PER","1380.5","29","29","0","15","14","6","6","0","0","OK","","https://www.itftennis.com/en/players/nicolas-baena/800600773/per/jt/s/itf-points-breakdown/"
"Boys","20","tito-chavez","Tito Chavez","ESP","1374","37","36","1","19","17","6","6","0","0","OK","","https://www.itftennis.com/en/players/tito-chavez/800590474/esp/jt/s/itf-points-breakdown/"
"Boys","21","mathys-domenc","Mathys Domenc","FRA","1346","21","21","0","11","10","6","6","0","0","OK","","https://www.itftennis.com/en/players/mathys-domenc/800597355/fra/jt/s/itf-points-breakdown/"
"Boys","22","flynn-thomas","Flynn Thomas","SUI","1318.5","29","27","2","14","13","6","6","0","0","OK","","https://www.itftennis.com/en/players/flynn-thomas/800571129/sui/jt/s/itf-points-breakdown/"
"Boys","23","thijs-boogaard","Thijs Boogaard","NED","1246.25","9","7","2","6","1","6","1","0","0","OK","","https://www.itftennis.com/en/players/thijs-boogaard/800575096/ned/jt/s/itf-points-breakdown/"
"Boys","24","simone-massellani","Simone Massellani","ITA","1258.75","27","27","0","14","13","6","6","0","0","OK","","https://www.itftennis.com/en/players/simone-massellani/800668600/ita/jt/s/itf-points-breakdown/"
"Boys","25","arnav-paparkar","Arnav Paparkar","IND","1183","25","23","2","13","10","6","6","0","0","OK","","https://www.itftennis.com/en/players/arnav-paparkar/800573038/ind/jt/s/itf-points-breakdown/"
"Boys","26","hyu-kawanishi","Hyu Kawanishi","JPN","1226","32","32","0","16","16","6","6","0","0","OK","","https://www.itftennis.com/en/players/hyu-kawanishi/800700658/jpn/jt/s/itf-points-breakdown/"
"Boys","27","raffaele-ciurnelli","Raffaele Ciurnelli","ITA","1212.5","36","34","2","17","17","6","6","0","0","OK","","https://www.itftennis.com/en/players/raffaele-ciurnelli/800589799/ita/jt/s/itf-points-breakdown/"
"Boys","28","kai-thompson","Kai Thompson","HKG","1193.5","36","36","0","20","16","6","6","0","0","OK","","https://www.itftennis.com/en/players/kai-thompson/800591436/hkg/jt/s/itf-points-breakdown/"
"Boys","29","matteo-gribaldo","Matteo Gribaldo","ITA","1188.75","36","34","2","17","17","6","6","0","0","OK","","https://www.itftennis.com/en/players/matteo-gribaldo/800705107/ita/jt/s/itf-points-breakdown/"
"Boys","30","damir-zhalgasbay","Damir Zhalgasbay","KAZ","1175.5","35","33","2","17","16","6","6","0","0","OK","","https://www.itftennis.com/en/players/damir-zhalgasbay/800559166/kaz/jt/s/itf-points-breakdown/"
"Boys","31","ryan-cozad","Ryan Cozad","USA","1174","36","34","2","17","17","6","6","0","0","OK","","https://www.itftennis.com/en/players/ryan-cozad/800721316/usa/jt/s/itf-points-breakdown/"
"Boys","32","daniel-jovanovski","Daniel Jovanovski","AUS","1166.75","24","24","0","12","12","6","6","0","0","OK","","https://www.itftennis.com/en/players/daniel-jovanovski/800712851/aus/jt/s/itf-points-breakdown/"
"Boys","33","savva-rybkin","Savva Rybkin","RUS","1155.5","32","30","2","15","15","6","6","0","0","OK","","https://www.itftennis.com/en/players/savva-rybkin/800590813/rus/jt/s/itf-points-breakdown/"
"Boys","34","matei-todoran","Matei Todoran","ROU","1148.5","30","29","1","16","13","6","6","0","0","OK","","https://www.itftennis.com/en/players/matei-todoran/800565895/rou/jt/s/itf-points-breakdown/"
"Boys","35","mark-ceban","Mark Ceban","GBR","1144.75","32","32","0","19","13","6","6","0","0","OK","","https://www.itftennis.com/en/players/mark-ceban/800646827/gbr/jt/s/itf-points-breakdown/"
"Boys","36","emilio-camacho","Emilio Camacho","ECU","1141","32","32","0","16","16","6","6","0","0","OK","","https://www.itftennis.com/en/players/emilio-camacho/800654359/ecu/jt/s/itf-points-breakdown/"
"Boys","37","valentin-gonzalez-galino","Valentin Gonzalez-Galino","ESP","1124.75","44","42","2","24","18","6","6","0","0","OK","","https://www.itftennis.com/en/players/valentin-gonzalez-galino/800594039/esp/jt/s/itf-points-breakdown/"
"Boys","38","daniel-jade","Daniel Jade","FRA","1111.75","27","25","2","14","11","6","6","0","0","OK","","https://www.itftennis.com/en/players/daniel-jade/800681412/fra/jt/s/itf-points-breakdown/"
"Boys","39","kanta-watanabe","Kanta Watanabe","JPN","1111","30","30","0","15","15","6","6","0","0","OK","","https://www.itftennis.com/en/players/kanta-watanabe/800686514/jpn/jt/s/itf-points-breakdown/"
"Boys","40","vincent-reisach","Vincent Reisach","GER","1102.5","17","17","0","9","8","6","6","0","0","OK","","https://www.itftennis.com/en/players/vincent-reisach/800635903/ger/jt/s/itf-points-breakdown/"
"Boys","41","jakub-kusy","Jakub Kusy","CZE","1100","36","34","2","19","15","6","6","0","0","OK","","https://www.itftennis.com/en/players/jakub-kusy/800597132/cze/jt/s/itf-points-breakdown/"
"Boys","42","pedro-henrique-chabalgoity","Pedro Henrique Chabalgoity","BRA","1090.5","30","28","2","15","13","6","6","0","0","OK","","https://www.itftennis.com/en/players/pedro-henrique-chabalgoity/800650301/bra/jt/s/itf-points-breakdown/"
"Boys","43","kirill-filaretov","Kirill Filaretov","RUS","1079","40","40","0","23","17","6","6","0","0","OK","","https://www.itftennis.com/en/players/kirill-filaretov/800572955/rus/jt/s/itf-points-breakdown/"
"Boys","44","leon-sloboda","Leon Sloboda","SVK","1073","22","22","0","12","10","6","6","0","0","OK","","https://www.itftennis.com/en/players/leon-sloboda/800661936/svk/jt/s/itf-points-breakdown/"
"Boys","45","gavin-goode","Gavin Goode","USA","1058.5","25","25","0","13","12","6","6","0","0","OK","","https://www.itftennis.com/en/players/gavin-goode/800754035/usa/jt/s/itf-points-breakdown/"
"Boys","46","jack-secord","Jack Secord","USA","1053.5","26","24","2","12","12","6","6","0","0","OK","","https://www.itftennis.com/en/players/jack-secord/800720203/usa/jt/s/itf-points-breakdown/"
"Boys","47","tanishk-konduri","Tanishk Konduri","USA","1048.5","28","28","0","14","14","6","6","0","0","OK","","https://www.itftennis.com/en/players/tanishk-konduri/800793512/usa/jt/s/itf-points-breakdown/"
"Boys","48","juan-miguel-bolivar-idarraga","Juan Miguel Bolivar Idarraga","COL","1026.25","36","36","0","19","17","6","6","0","0","OK","","https://www.itftennis.com/en/players/juan-miguel-bolivar-idarraga/800652195/col/jt/s/itf-points-breakdown/"
"Boys","49","rihards-neimanis","Rihards Neimanis","LAT","983.5","36","34","2","18","16","6","6","0","0","OK","","https://www.itftennis.com/en/players/rihards-neimanis/800589275/lat/jt/s/itf-points-breakdown/"
"Boys","50","benjamin-azar","Benjamin Azar","CAN","954.25","42","42","0","21","21","6","6","0","0","OK","","https://www.itftennis.com/en/players/benjamin-azar/800672226/can/jt/s/itf-points-breakdown/"
"Boys","51","jan-sadzik","Jan Sadzik","POL","953","41","41","0","24","17","6","6","0","0","OK","","https://www.itftennis.com/en/players/jan-sadzik/800602130/pol/jt/s/itf-points-breakdown/"
"Boys","52","dan-brand","Dan Brand","ISR","948","42","40","2","20","20","6","6","0","0","OK","","https://www.itftennis.com/en/players/dan-brand/800626357/isr/jt/s/itf-points-breakdown/"
"Boys","53","connor-doig","Connor Doig","RSA","941.75","31","29","2","16","13","6","6","0","0","OK","","https://www.itftennis.com/en/players/connor-doig/800654119/rsa/jt/s/itf-points-breakdown/"
"Boys","54","john-bothma","John Bothma","RSA","917.25","46","44","2","23","21","6","6","0","0","OK","","https://www.itftennis.com/en/players/john-bothma/800678621/rsa/jt/s/itf-points-breakdown/"
"Boys","55","eudald-gonzalez","Eudald Gonzalez","ESP","916.25","26","25","1","14","11","6","6","0","0","OK","","https://www.itftennis.com/en/players/eudald-gonzalez/800626895/esp/jt/s/itf-points-breakdown/"
"Boys","56","kunanan-pantaratorn","Kunanan Pantaratorn","THA","914.25","34","34","0","17","17","6","6","0","0","OK","","https://www.itftennis.com/en/players/kunanan-pantaratorn/800580909/tha/jt/s/itf-points-breakdown/"
"Boys","57","mustafa-ege-sik","Mustafa Ege Sik","AUS","911","35","35","0","18","17","6","6","0","0","OK","","https://www.itftennis.com/en/players/mustafa-ege-sik/800626993/aus/jt/s/itf-points-breakdown/"
"Boys","58","safir-azam","Safir Azam","USA","910","34","34","0","17","17","6","6","0","0","OK","","https://www.itftennis.com/en/players/safir-azam/800781872/usa/jt/s/itf-points-breakdown/"
"Boys","59","ntungamili-raguin","Ntungamili RAGUIN","BOT","905.5","38","38","0","19","19","6","6","0","0","OK","","https://www.itftennis.com/en/players/ntungamili-raguin/800702395/bot/jt/s/itf-points-breakdown/"
"Boys","60","maxi-carrascosa-diaz","Maxi Carrascosa Diaz","ESP","904.25","21","21","0","14","7","6","6","0","0","OK","","https://www.itftennis.com/en/players/maxi-carrascosa-diaz/800698105/esp/jt/s/itf-points-breakdown/"
"Boys","61","aaron-gabet","Aaron Gabet","FRA","884","47","45","2","24","21","6","6","0","0","OK","","https://www.itftennis.com/en/players/aaron-gabet/800567149/fra/jt/s/itf-points-breakdown/"
"Boys","62","xavier-massotte","Xavier Massotte","CAN","886.75","41","39","2","20","19","6","6","0","0","OK","","https://www.itftennis.com/en/players/xavier-massotte/800688513/can/jt/s/itf-points-breakdown/"
"Boys","63","marat-salbiev","Marat Salbiev","RUS","880","32","32","0","16","16","6","6","0","0","OK","","https://www.itftennis.com/en/players/marat-salbiev/800573442/rus/jt/s/itf-points-breakdown/"
"Boys","64","leonardo-storck-franca","Leonardo Storck Franca","BRA","869.75","30","29","1","15","14","6","6","0","0","OK","","https://www.itftennis.com/en/players/leonardo-storck-franca/800676504/bra/jt/s/itf-points-breakdown/"
"Boys","65","rhys-lawlor","Rhys Lawlor","GBR","863.75","32","32","0","16","16","6","6","0","0","OK","","https://www.itftennis.com/en/players/rhys-lawlor/800601948/gbr/jt/s/itf-points-breakdown/"
"Boys","66","marcel-latak","Marcel Latak","USA","850.25","21","21","0","11","10","6","6","0","0","OK","","https://www.itftennis.com/en/players/marcel-latak/800704311/usa/jt/s/itf-points-breakdown/"
"Boys","67","christopher-thies","Christopher Thies","GER","848","52","52","0","27","25","6","6","0","0","OK","","https://www.itftennis.com/en/players/christopher-thies/800596852/ger/jt/s/itf-points-breakdown/"
"Boys","68","aleksander-blus","Aleksander Blus","POL","847.25","49","47","2","26","21","6","6","0","0","OK","","https://www.itftennis.com/en/players/aleksander-blus/800592189/pol/jt/s/itf-points-breakdown/"
"Boys","69","oluwaseun-peter-ogunsakin","OLUWASEUN PETER OGUNSAKIN","NGR","844.25","37","37","0","19","18","6","6","0","0","OK","","https://www.itftennis.com/en/players/oluwaseun-peter-ogunsakin/800695726/ngr/jt/s/itf-points-breakdown/"
"Boys","70","vihaan-reddy","Vihaan Reddy","USA","825","26","26","0","13","13","6","6","0","0","OK","","https://www.itftennis.com/en/players/vihaan-reddy/800731255/usa/jt/s/itf-points-breakdown/"
"Boys","71","felix-roussel","Felix Roussel","CAN","820","22","22","0","12","10","6","6","0","0","OK","","https://www.itftennis.com/en/players/felix-roussel/800706603/can/jt/s/itf-points-breakdown/"
"Boys","72","alvaro-ariel-frutos-alonso","Alvaro Ariel Frutos Alonso","PAR","805","34","32","2","16","16","6","6","0","0","OK","","https://www.itftennis.com/en/players/alvaro-ariel-frutos-alonso/800654550/par/jt/s/itf-points-breakdown/"
"Boys","73","filippo-alfano","Filippo Alfano","ITA","801","30","28","2","14","14","6","6","0","0","OK","","https://www.itftennis.com/en/players/filippo-alfano/800661358/ita/jt/s/itf-points-breakdown/"
"Boys","74","lucas-yunez","Lucas Yunez","ECU","800","39","39","0","20","19","6","6","0","0","OK","","https://www.itftennis.com/en/players/lucas-yunez/800595066/ecu/jt/s/itf-points-breakdown/"
"Boys","75","jake-dembo","Jake Dembo","AUS","790.5","32","31","1","16","15","6","6","0","0","OK","","https://www.itftennis.com/en/players/jake-dembo/800662768/aus/jt/s/itf-points-breakdown/"
"Boys","76","matei-victor-chelemen","Matei Victor Chelemen","ROU","782.5","42","40","2","22","18","6","6","0","0","OK","","https://www.itftennis.com/en/players/matei-victor-chelemen/800630877/rou/jt/s/itf-points-breakdown/"
"Boys","77","takahiro-kawaguchi","Takahiro Kawaguchi","JPN","775.5","39","39","0","20","19","6","6","0","0","OK","","https://www.itftennis.com/en/players/takahiro-kawaguchi/800755951/jpn/jt/s/itf-points-breakdown/"
"Boys","78","alejandro-mateo-berge-nourescu","Alejandro Mateo Berge Nourescu","ROU","743.5","22","20","2","13","7","6","6","0","0","OK","","https://www.itftennis.com/en/players/alejandro-mateo-berge-nourescu/800602236/rou/jt/s/itf-points-breakdown/"
"Boys","79","tymon-litwic","Tymon Litwic","POL","747.75","37","35","2","19","16","6","6","0","0","OK","","https://www.itftennis.com/en/players/tymon-litwic/800578788/pol/jt/s/itf-points-breakdown/"
"Boys","80","carel-aubriel-ngounoue","Carel Aubriel Ngounoue","USA","731","32","30","2","20","10","6","6","0","0","OK","","https://www.itftennis.com/en/players/carel-aubriel-ngounoue/800597850/usa/jt/s/itf-points-breakdown/"
"Boys","81","min-hyuk-cho","Min Hyuk Cho","KOR","737.5","37","37","0","20","17","6","6","0","0","OK","","https://www.itftennis.com/en/players/min-hyuk-cho/800602679/kor/jt/s/itf-points-breakdown/"
"Boys","82","odysseas-geladaris","Odysseas Geladaris","GRE","724","44","42","2","22","20","6","6","0","0","OK","","https://www.itftennis.com/en/players/odysseas-geladaris/800599675/gre/jt/s/itf-points-breakdown/"
"Boys","83","jordan-lee","Jordan Lee","USA","728","7","7","0","5","2","5","2","0","0","OK","","https://www.itftennis.com/en/players/jordan-lee/800699673/usa/jt/s/itf-points-breakdown/"
"Boys","84","kaan-isik-kosaner","Kaan Isik Kosaner","TUR","723","28","28","0","15","13","6","6","0","0","OK","","https://www.itftennis.com/en/players/kaan-isik-kosaner/800651243/tur/jt/s/itf-points-breakdown/"
"Boys","85","daniel-tazabekov","Daniel Tazabekov","KAZ","715.25","49","48","1","24","24","6","6","0","0","OK","","https://www.itftennis.com/en/players/daniel-tazabekov/800543492/kaz/jt/s/itf-points-breakdown/"
"Boys","86","oliver-majdandzic","Oliver Majdandzic","GER","714.25","39","39","0","22","17","6","6","0","0","OK","","https://www.itftennis.com/en/players/oliver-majdandzic/800587925/ger/jt/s/itf-points-breakdown/"
"Boys","87","francisco-fontes-damorim","Francisco Fontes Damorim","BRA","710.5","24","23","1","16","7","6","6","0","0","OK","","https://www.itftennis.com/en/players/francisco-fontes-damorim/800629142/bra/jt/s/itf-points-breakdown/"
"Boys","88","cooper-kose","Cooper Kose","AUS","708","38","38","0","21","17","6","6","0","0","OK","","https://www.itftennis.com/en/players/cooper-kose/800705312/aus/jt/s/itf-points-breakdown/"
"Boys","89","navneet-raghuram","Navneet Raghuram","USA","706.25","28","28","0","15","13","6","6","0","0","OK","","https://www.itftennis.com/en/players/navneet-raghuram/800706578/usa/jt/s/itf-points-breakdown/"
"Boys","90","roshan-santhosh","Roshan Santhosh","USA","705","37","37","0","19","18","6","6","0","0","OK","","https://www.itftennis.com/en/players/roshan-santhosh/800709452/usa/jt/s/itf-points-breakdown/"
"Boys","91","ali-missoum","Ali Missoum","MAR","702.75","39","39","0","21","18","6","6","0","0","OK","","https://www.itftennis.com/en/players/ali-missoum/800602231/mar/jt/s/itf-points-breakdown/"
"Boys","92","stan-put","Stan Put","NED","701","37","35","2","19","16","6","6","0","0","OK","","https://www.itftennis.com/en/players/stan-put/800656311/ned/jt/s/itf-points-breakdown/"
"Boys","93","marko-bekeni","Marko Bekeni","SVK","699.25","41","41","0","23","18","6","6","0","0","OK","","https://www.itftennis.com/en/players/marko-bekeni/800638980/svk/jt/s/itf-points-breakdown/"
"Boys","94","agassi-rusher","Agassi Rusher","USA","693","38","38","0","20","18","6","6","0","0","OK","","https://www.itftennis.com/en/players/agassi-rusher/800697653/usa/jt/s/itf-points-breakdown/"
"Boys","95","felipe-vazquez","Felipe Vazquez","URU","681","37","37","0","20","17","6","6","0","0","OK","","https://www.itftennis.com/en/players/felipe-vazquez/800594151/uru/jt/s/itf-points-breakdown/"
"Boys","96","ramazan-kaan-oktay","Ramazan Kaan Oktay","TUR","665","37","37","0","20","17","6","6","0","0","OK","","https://www.itftennis.com/en/players/ramazan-kaan-oktay/800584132/tur/jt/s/itf-points-breakdown/"
"Boys","97","svit-suljic","Svit Suljic","SLO","656.75","16","14","2","10","4","6","4","0","0","OK","","https://www.itftennis.com/en/players/svit-suljic/800589300/slo/jt/s/itf-points-breakdown/"
"Boys","98","florian-zimmer","Florian Zimmer","AUT","663","24","24","0","14","10","6","6","0","0","OK","","https://www.itftennis.com/en/players/florian-zimmer/800593329/aut/jt/s/itf-points-breakdown/"
"Boys","99","michael-savano","Michael Savano","USA","660.5","27","27","0","16","11","6","6","0","0","OK","","https://www.itftennis.com/en/players/michael-savano/800595243/usa/jt/s/itf-points-breakdown/"
"Boys","100","alberto-pulido-moreno","Alberto Pulido Moreno","ESP","654.25","28","27","1","14","13","6","6","0","0","OK","","https://www.itftennis.com/en/players/alberto-pulido-moreno/800624130/esp/jt/s/itf-points-breakdown/"
"Boys","101","luis-andres-flores-avila","Luis Andres Flores Avila","MEX","650","44","42","2","24","18","6","6","0","0","OK","","https://www.itftennis.com/en/players/luis-andres-flores-avila/800693613/mex/jt/s/itf-points-breakdown/"
"Boys","102","mickael-kaouk","Mickael Kaouk","FRA","649.25","26","26","0","14","12","6","6","0","0","OK","","https://www.itftennis.com/en/players/mickael-kaouk/800583661/fra/jt/s/itf-points-breakdown/"
"Boys","103","siu-chi-nicholas-cheng","Siu Chi Nicholas Cheng","HKG","639.25","46","46","0","23","23","6","6","0","0","OK","","https://www.itftennis.com/en/players/siu-chi-nicholas-cheng/800581740/hkg/jt/s/itf-points-breakdown/"
"Boys","104","eric-dylan-mueller","Eric Dylan Mueller","GER","635.75","31","31","0","17","14","6","6","0","0","OK","","https://www.itftennis.com/en/players/eric-dylan-mueller/800621001/ger/jt/s/itf-points-breakdown/"
"Boys","105","roberto-perez-socas","Roberto Perez socas","ESP","632.5","43","43","0","22","21","6","6","0","0","OK","","https://www.itftennis.com/en/players/roberto-perez-socas/800626211/esp/jt/s/itf-points-breakdown/"
"Boys","106","alessandro-hunziker","Alessandro Hunziker","SUI","622.5","30","30","0","16","14","6","6","0","0","OK","","https://www.itftennis.com/en/players/alessandro-hunziker/800660771/sui/jt/s/itf-points-breakdown/"
"Boys","107","ymerali-ibraimi","Ymerali Ibraimi","AUS","621","27","27","0","14","13","6","6","0","0","OK","","https://www.itftennis.com/en/players/ymerali-ibraimi/800711858/aus/jt/s/itf-points-breakdown/"
"Boys","108","livas-eduardo-de-carvalho-damazio","Livas Eduardo De Carvalho Damazio","BRA","620.5","29","29","0","16","13","6","6","0","0","OK","","https://www.itftennis.com/en/players/livas-eduardo-de-carvalho-damazio/800716347/bra/jt/s/itf-points-breakdown/"
"Boys","109","izyan-ahmad","Izyan Ahmad","USA","618.75","32","30","2","16","14","6","6","0","0","OK","","https://www.itftennis.com/en/players/izyan-ahmad/800732025/usa/jt/s/itf-points-breakdown/"
"Boys","110","koki-nara","Koki Nara","JPN","616.5","41","41","0","24","17","6","6","0","0","OK","","https://www.itftennis.com/en/players/koki-nara/800733775/jpn/jt/s/itf-points-breakdown/"
"Boys","111","nikolas-baker","Nikolas Baker","AUS","603.5","28","28","0","14","14","6","6","0","0","OK","","https://www.itftennis.com/en/players/nikolas-baker/800705065/aus/jt/s/itf-points-breakdown/"
"Boys","112","thomas-gunzinger","Thomas Gunzinger","SUI","602","30","30","0","17","13","6","6","0","0","OK","","https://www.itftennis.com/en/players/thomas-gunzinger/800622039/sui/jt/s/itf-points-breakdown/"
"Boys","113","junseo-jang","Junseo Jang","KOR","597","36","34","2","17","17","6","6","0","0","OK","","https://www.itftennis.com/en/players/junseo-jang/800722515/kor/jt/s/itf-points-breakdown/"
"Boys","114","angel-veliz","Angel Veliz","ECU","595.5","31","29","2","15","14","6","6","0","0","OK","","https://www.itftennis.com/en/players/angel-veliz/800625580/ecu/jt/s/itf-points-breakdown/"
"Boys","115","ignacio-de-armas","Ignacio De Armas","VEN","586","37","35","2","18","17","6","6","0","0","OK","","https://www.itftennis.com/en/players/ignacio-de-armas/800670455/ven/jt/s/itf-points-breakdown/"
"Boys","116","aradhya-kshitij","ARADHYA KSHITIJ","IND","585.5","41","39","2","20","19","6","6","0","0","OK","","https://www.itftennis.com/en/players/aradhya-kshitij/800632039/ind/jt/s/itf-points-breakdown/"
"Boys","117","jan-chlodnicki","Jan Chlodnicki","POL","584","44","42","2","23","19","6","6","0","0","OK","","https://www.itftennis.com/en/players/jan-chlodnicki/800637063/pol/jt/s/itf-points-breakdown/"
"Boys","118","amaury-abbas","Amaury Abbas","FRA","581.5","34","34","0","18","16","6","6","0","0","OK","","https://www.itftennis.com/en/players/amaury-abbas/800774722/fra/jt/s/itf-points-breakdown/"
"Boys","119","dani-szabo","Dani Szabo","CAN","579.75","36","36","0","19","17","6","6","0","0","OK","","https://www.itftennis.com/en/players/dani-szabo/800597380/can/jt/s/itf-points-breakdown/"
"Boys","120","max-villar","Max Villar","ESP","576","32","32","0","18","14","6","6","0","0","OK","","https://www.itftennis.com/en/players/max-villar/800688505/esp/jt/s/itf-points-breakdown/"
"Boys","121","joshua-adamson","Joshua Adamson","CAN","575","45","43","2","22","21","6","6","0","0","OK","","https://www.itftennis.com/en/players/joshua-adamson/800661621/can/jt/s/itf-points-breakdown/"
"Boys","122","jeffrey-strydom","Jeffrey Strydom","RSA","562.5","37","37","0","19","18","6","6","0","0","OK","","https://www.itftennis.com/en/players/jeffrey-strydom/800707189/rsa/jt/s/itf-points-breakdown/"
"Boys","123","ford-mccollum","Ford McCollum","USA","562.25","21","21","0","13","8","6","6","0","0","OK","","https://www.itftennis.com/en/players/ford-mccollum/800692811/usa/jt/s/itf-points-breakdown/"
"Boys","124","pedro-albuquerque-dietrich","Pedro Albuquerque Dietrich","BRA","555.5","52","50","2","26","24","6","6","0","0","OK","","https://www.itftennis.com/en/players/pedro-albuquerque-dietrich/800642706/bra/jt/s/itf-points-breakdown/"
"Boys","125","yen-chun-wang","Yen-Chun Wang","TPE","551.75","42","40","2","21","19","6","6","0","0","OK","","https://www.itftennis.com/en/players/yen-chun-wang/800707613/tpe/jt/s/itf-points-breakdown/"
"Boys","126","eoghan-jennings","Eoghan Jennings","IRL","550.5","35","35","0","19","16","6","6","0","0","OK","","https://www.itftennis.com/en/players/eoghan-jennings/800603213/irl/jt/s/itf-points-breakdown/"
"Boys","127","alan-aiukhanov","Alan Aiukhanov","RUS","547.75","30","30","0","17","13","6","6","0","0","OK","","https://www.itftennis.com/en/players/alan-aiukhanov/800586416/rus/jt/s/itf-points-breakdown/"
"Boys","128","alessandro-rubini-garcia-belaunde","Alessandro Rubini Garcia Belaunde","PER","546","24","24","0","13","11","6","6","0","0","OK","","https://www.itftennis.com/en/players/alessandro-rubini-garcia-belaunde/800671311/per/jt/s/itf-points-breakdown/"
"Boys","129","mason-taube","Mason Taube","USA","544.25","26","26","0","14","12","6","6","0","0","OK","","https://www.itftennis.com/en/players/mason-taube/800682637/usa/jt/s/itf-points-breakdown/"
"Boys","130","eyad-reda-ezzat-mohamed-sherif","Eyad Reda Ezzat Mohamed Sherif","EGY","543.5","46","44","2","23","21","6","6","0","0","OK","","https://www.itftennis.com/en/players/eyad-reda-ezzat-mohamed-sherif/800646359/egy/jt/s/itf-points-breakdown/"
"Boys","131","zavier-augustin","Zavier Augustin","USA","542.75","47","47","0","24","23","6","6","0","0","OK","","https://www.itftennis.com/en/players/zavier-augustin/800708825/usa/jt/s/itf-points-breakdown/"
"Boys","132","tyler-lee","Tyler Lee","USA","540.5","20","20","0","10","10","6","6","0","0","OK","","https://www.itftennis.com/en/players/tyler-lee/800790501/usa/jt/s/itf-points-breakdown/"
"Boys","133","enrique-carrascosa-diaz","Enrique Carrascosa Diaz","ESP","537.25","12","11","1","8","3","6","3","0","0","OK","","https://www.itftennis.com/en/players/enrique-carrascosa-diaz/800698197/esp/jt/s/itf-points-breakdown/"
"Boys","134","jerrid-gaines-jr","Jerrid Gaines Jr","USA","532","31","31","0","16","15","6","6","0","0","OK","","https://www.itftennis.com/en/players/jerrid-gaines-jr/800731732/usa/jt/s/itf-points-breakdown/"
"Boys","135","felipe-mamede","Felipe Mamede","BRA","531.25","45","45","0","23","22","6","6","0","0","OK","","https://www.itftennis.com/en/players/felipe-mamede/800659871/bra/jt/s/itf-points-breakdown/"
"Boys","136","marwan-ehab","Marwan Ehab","EGY","531.25","27","27","0","14","13","6","6","0","0","OK","","https://www.itftennis.com/en/players/marwan-ehab/800708219/egy/jt/s/itf-points-breakdown/"
"Boys","137","tomas-re","Tomas Re","ARG","530.25","38","38","0","20","18","6","6","0","0","OK","","https://www.itftennis.com/en/players/tomas-re/800661480/arg/jt/s/itf-points-breakdown/"
"Boys","138","patrick-valentin-moise","Patrick-Valentin Moise","GER","529","45","45","0","26","19","6","6","0","0","OK","","https://www.itftennis.com/en/players/patrick-valentin-moise/800569863/ger/jt/s/itf-points-breakdown/"
"Boys","139","jia-hu","Jia Hu","CHN","528.5","23","23","0","12","11","6","6","0","0","OK","","https://www.itftennis.com/en/players/jia-hu/800757262/chn/jt/s/itf-points-breakdown/"
"Boys","140","benjamin-perez","Benjamin perez","CHI","520","32","32","0","16","16","6","6","0","0","OK","","https://www.itftennis.com/en/players/benjamin-perez/800717018/chi/jt/s/itf-points-breakdown/"
"Boys","141","jack-cheng","Jack Cheng","HKG","516.5","25","25","0","14","11","6","6","0","0","OK","","https://www.itftennis.com/en/players/jack-cheng/800644692/hkg/jt/s/itf-points-breakdown/"
"Boys","142","matisse-martin","Matisse MARTIN","FRA","516","34","34","0","19","15","6","6","0","0","OK","","https://www.itftennis.com/en/players/matisse-martin/800596150/fra/jt/s/itf-points-breakdown/"
"Boys","143","damien-clerc","Damien Clerc","FRA","489.5","25","24","1","12","12","6","6","0","0","OK","","https://www.itftennis.com/en/players/damien-clerc/800583809/fra/jt/s/itf-points-breakdown/"
"Boys","144","tae-woo-kim","Tae Woo Kim","KOR","488.5","39","37","2","19","18","6","6","0","0","OK","","https://www.itftennis.com/en/players/tae-woo-kim/800620722/kor/jt/s/itf-points-breakdown/"
"Boys","145","cody-atkinson","Cody Atkinson","NZL","511.75","36","34","2","18","16","6","6","0","0","OK","","https://www.itftennis.com/en/players/cody-atkinson/800684620/nzl/jt/s/itf-points-breakdown/"
"Boys","146","alejandro-castellanos","Alejandro Castellanos","COL","507.75","30","28","2","14","14","6","6","0","0","OK","","https://www.itftennis.com/en/players/alejandro-castellanos/800601932/col/jt/s/itf-points-breakdown/"
"Boys","147","william-moxon","William Moxon","GBR","431","40","38","2","21","17","6","6","0","0","OK","","https://www.itftennis.com/en/players/william-moxon/800596861/gbr/jt/s/itf-points-breakdown/"
"Boys","148","richard-lacis","Richard Lacis","BLR","506.5","38","38","0","19","19","6","6","0","0","OK","","https://www.itftennis.com/en/players/richard-lacis/800630725/blr/jt/s/itf-points-breakdown/"
"Boys","149","mauricio-schtulmann-gasca","Mauricio Schtulmann Gasca","MEX","480.5","40","38","2","20","18","6","6","0","0","OK","","https://www.itftennis.com/en/players/mauricio-schtulmann-gasca/800680716/mex/jt/s/itf-points-breakdown/"
"Boys","150","dominik-macej","Dominik Macej","SVK","504.5","33","33","0","17","16","6","6","0","0","OK","","https://www.itftennis.com/en/players/dominik-macej/800672538/svk/jt/s/itf-points-breakdown/"
"Boys","151","eito-komada","Eito Komada","JPN","498.5","37","37","0","19","18","6","6","0","0","OK","","https://www.itftennis.com/en/players/eito-komada/800679317/jpn/jt/s/itf-points-breakdown/"
"Boys","152","dominik-vagner","Dominik Vagner","CZE","498.5","45","43","2","22","21","6","6","0","0","OK","","https://www.itftennis.com/en/players/dominik-vagner/800630414/cze/jt/s/itf-points-breakdown/"
"Boys","153","lenny-petit","Lenny Petit","MON","496.25","24","24","0","14","10","6","6","0","0","OK","","https://www.itftennis.com/en/players/lenny-petit/800594600/mon/jt/s/itf-points-breakdown/"
"Boys","154","egor-shcherbakov","Egor Shcherbakov","RUS","493.75","42","42","0","24","18","6","6","0","0","OK","","https://www.itftennis.com/en/players/egor-shcherbakov/800589891/rus/jt/s/itf-points-breakdown/"
"Boys","155","shintaro-ogaki","Shintaro Ogaki","JPN","493.5","34","34","0","17","17","6","6","0","0","OK","","https://www.itftennis.com/en/players/shintaro-ogaki/800702805/jpn/jt/s/itf-points-breakdown/"
"Boys","156","erik-schinnerer","Erik Schinnerer","USA","493","38","36","2","19","17","6","6","0","0","OK","","https://www.itftennis.com/en/players/erik-schinnerer/800720441/usa/jt/s/itf-points-breakdown/"
"Boys","157","dominik-dujka","Dominik Dujka","CZE","491","38","36","2","19","17","6","6","0","0","OK","","https://www.itftennis.com/en/players/dominik-dujka/800601993/cze/jt/s/itf-points-breakdown/"
"Boys","158","yassin-ahmed-wageh","Yassin Ahmed Wageh","EGY","482","27","27","0","14","13","6","6","0","0","OK","","https://www.itftennis.com/en/players/yassin-ahmed-wageh/800667741/egy/jt/s/itf-points-breakdown/"
"Boys","159","pavel-skvortcov","Pavel Skvortcov","RUS","480.75","44","44","0","25","19","6","6","0","0","OK","","https://www.itftennis.com/en/players/pavel-skvortcov/800576610/rus/jt/s/itf-points-breakdown/"
"Boys","160","fedor-altukhov","Fedor Altukhov","RUS","477.25","43","43","0","22","21","6","6","0","0","OK","","https://www.itftennis.com/en/players/fedor-altukhov/800586905/rus/jt/s/itf-points-breakdown/"
"Boys","161","antoine-genereux","Antoine Genereux","CAN","474.5","44","42","2","22","20","6","6","0","0","OK","","https://www.itftennis.com/en/players/antoine-genereux/800718701/can/jt/s/itf-points-breakdown/"
"Boys","162","riku-nakamoto","Riku Nakamoto","JPN","473.5","34","34","0","18","16","6","6","0","0","OK","","https://www.itftennis.com/en/players/riku-nakamoto/800709481/jpn/jt/s/itf-points-breakdown/"
"Boys","163","marcell-kovacs","Marcell Kovacs","HUN","472","44","44","0","24","20","6","6","0","0","OK","","https://www.itftennis.com/en/players/marcell-kovacs/800576465/hun/jt/s/itf-points-breakdown/"
"Boys","164","samarth-sahita","Samarth Sahita","IND","466","36","36","0","19","17","6","6","0","0","OK","","https://www.itftennis.com/en/players/samarth-sahita/800631035/ind/jt/s/itf-points-breakdown/"
"Boys","165","antonio-marigliano","Antonio Marigliano","ITA","465.5","35","33","2","17","16","6","6","0","0","OK","","https://www.itftennis.com/en/players/antonio-marigliano/800587847/ita/jt/s/itf-points-breakdown/"
"Boys","166","seifelden-mostafa-samih","Seifelden Mostafa Samih","EGY","464.5","33","33","0","18","15","6","6","0","0","OK","","https://www.itftennis.com/en/players/seifelden-mostafa-samih/800683991/egy/jt/s/itf-points-breakdown/"
"Boys","167","evan-simon","Evan Simon","FRA","464.5","34","33","1","18","15","6","6","0","0","OK","","https://www.itftennis.com/en/players/evan-simon/800688594/fra/jt/s/itf-points-breakdown/"
"Boys","168","gurjot-singh","Gurjot Singh","USA","462","25","25","0","14","11","6","6","0","0","OK","","https://www.itftennis.com/en/players/gurjot-singh/800725121/usa/jt/s/itf-points-breakdown/"
"Boys","169","seung-min-oh","Seung-Min Oh","KOR","459.5","28","28","0","15","13","6","6","0","0","OK","","https://www.itftennis.com/en/players/seung-min-oh/800667359/kor/jt/s/itf-points-breakdown/"
"Boys","170","yoshihiro-sakurai","Yoshihiro Sakurai","JPN","458","40","40","0","21","19","6","6","0","0","OK","","https://www.itftennis.com/en/players/yoshihiro-sakurai/800739583/jpn/jt/s/itf-points-breakdown/"
"Boys","171","dmytro-vterkovskiy","Dmytro Vterkovskiy","UKR","455","37","37","0","20","17","6","6","0","0","OK","","https://www.itftennis.com/en/players/dmytro-vterkovskiy/800717591/ukr/jt/s/itf-points-breakdown/"
"Boys","172","theo-hegarty","Theo Hegarty","USA","453","51","51","0","26","25","6","6","0","0","OK","","https://www.itftennis.com/en/players/theo-hegarty/800719071/usa/jt/s/itf-points-breakdown/"
"Boys","173","tavish-pahwa","Tavish Pahwa","IND","450","29","29","0","15","14","6","6","0","0","OK","","https://www.itftennis.com/en/players/tavish-pahwa/800680243/ind/jt/s/itf-points-breakdown/"
"Boys","174","tommaso-pedretti","Tommaso Pedretti","ITA","448","29","29","0","15","14","6","6","0","0","OK","","https://www.itftennis.com/en/players/tommaso-pedretti/800595074/ita/jt/s/itf-points-breakdown/"
"Boys","175","daniel-malacek","Daniel Malacek","USA","443.5","36","36","0","19","17","6","6","0","0","OK","","https://www.itftennis.com/en/players/daniel-malacek/800772281/usa/jt/s/itf-points-breakdown/"
"Boys","176","victor-barreira-bonzom","Victor Barreira Bonzom","FRA","439.75","29","27","2","14","13","6","6","0","0","OK","","https://www.itftennis.com/en/players/victor-barreira-bonzom/800576472/fra/jt/s/itf-points-breakdown/"
"Boys","177","aleix-galindo-puig","Aleix Galindo Puig","ESP","438.5","27","27","0","15","12","6","6","0","0","OK","","https://www.itftennis.com/en/players/aleix-galindo-puig/800783864/esp/jt/s/itf-points-breakdown/"
"Boys","178","goncalo-da-rosa-castro","Goncalo Da Rosa Castro","POR","438","24","23","1","13","10","6","6","0","0","OK","","https://www.itftennis.com/en/players/goncalo-da-rosa-castro/800727133/por/jt/s/itf-points-breakdown/"
"Boys","179","kamil-stolarczyk","Kamil Stolarczyk","USA","434.5","36","36","0","19","17","6","6","0","0","OK","","https://www.itftennis.com/en/players/kamil-stolarczyk/800715003/usa/jt/s/itf-points-breakdown/"
"Boys","180","william-kjellberg","William Kjellberg","SWE","433","29","28","1","17","11","6","6","0","0","OK","","https://www.itftennis.com/en/players/william-kjellberg/800645019/swe/jt/s/itf-points-breakdown/"
"Boys","181","omar-kandil","Omar Kandil","EGY","433","33","33","0","18","15","6","6","0","0","OK","","https://www.itftennis.com/en/players/omar-kandil/800631785/egy/jt/s/itf-points-breakdown/"
"Boys","182","gabriel-jalouneix","Gabriel Jalouneix","FRA","429","42","42","0","21","21","6","6","0","0","OK","","https://www.itftennis.com/en/players/gabriel-jalouneix/800586826/fra/jt/s/itf-points-breakdown/"
"Boys","183","philip-niederle","Philip Niederle","AUT","426.5","36","36","0","21","15","6","6","0","0","OK","","https://www.itftennis.com/en/players/philip-niederle/800638951/aut/jt/s/itf-points-breakdown/"
"Boys","184","ken-ink","Ken Ink","EST","426.5","33","31","2","18","13","6","6","0","0","OK","","https://www.itftennis.com/en/players/ken-ink/800596844/est/jt/s/itf-points-breakdown/"
"Boys","185","quincy-yao","quincy yao","CAN","425.5","33","33","0","19","14","6","6","0","0","OK","","https://www.itftennis.com/en/players/quincy-yao/800685006/can/jt/s/itf-points-breakdown/"
"Boys","186","rafalentino-ali-da-costa","Rafalentino Ali Da Costa","INA","425","40","40","0","21","19","6","6","0","0","OK","","https://www.itftennis.com/en/players/rafalentino-ali-da-costa/800670641/ina/jt/s/itf-points-breakdown/"
"Boys","187","jan-psota","Jan Psota","CZE","424.5","35","35","0","18","17","6","6","0","0","OK","","https://www.itftennis.com/en/players/jan-psota/800787844/cze/jt/s/itf-points-breakdown/"
"Boys","188","aren-baybars","Aren Baybars","TUR","424","30","30","0","18","12","6","6","0","0","OK","","https://www.itftennis.com/en/players/aren-baybars/800590611/tur/jt/s/itf-points-breakdown/"
"Boys","189","caden-colburne","Caden Colburne","CAN","408","43","41","2","21","20","6","6","0","0","OK","","https://www.itftennis.com/en/players/caden-colburne/800711046/can/jt/s/itf-points-breakdown/"
"Boys","190","tomas-dummer-macedo","Tomas Dummer Macedo","BRA","423.5","30","30","0","15","15","6","6","0","0","OK","","https://www.itftennis.com/en/players/tomas-dummer-macedo/800710579/bra/jt/s/itf-points-breakdown/"
"Boys","191","mason-vaughan","Mason Vaughan","USA","421","22","22","0","11","11","6","6","0","0","OK","","https://www.itftennis.com/en/players/mason-vaughan/800757736/usa/jt/s/itf-points-breakdown/"
"Boys","192","dongjae-kim","Dongjae Kim","KOR","418.75","28","28","0","14","14","6","6","0","0","OK","","https://www.itftennis.com/en/players/dongjae-kim/800698558/kor/jt/s/itf-points-breakdown/"
"Boys","193","luca-stefan-prunescu-nita","Luca Stefan Prunescu Nita","ROU","398.5","38","36","2","17","19","6","6","0","0","OK","","https://www.itftennis.com/en/players/luca-stefan-prunescu-nita/800592332/rou/jt/s/itf-points-breakdown/"
"Boys","194","alexey-frolov","Alexey Frolov","RUS","414.25","25","25","0","18","7","6","6","0","0","OK","","https://www.itftennis.com/en/players/alexey-frolov/800590223/rus/jt/s/itf-points-breakdown/"
"Boys","195","mattia-logrippo","Mattia Logrippo","ITA","410.25","27","27","0","14","13","6","6","0","0","OK","","https://www.itftennis.com/en/players/mattia-logrippo/800630549/ita/jt/s/itf-points-breakdown/"
"Boys","196","mattia-baroni","MATTIA BARONI","ITA","409.5","31","31","0","17","14","6","6","0","0","OK","","https://www.itftennis.com/en/players/mattia-baroni/800665698/ita/jt/s/itf-points-breakdown/"
"Boys","197","vito-antonio-darderi","Vito Antonio Darderi","ITA","397","24","22","2","12","10","6","6","0","0","OK","","https://www.itftennis.com/en/players/vito-antonio-darderi/800599182/ita/jt/s/itf-points-breakdown/"
"Boys","198","benjamin-chelia","Benjamin Chelia","ARG","407","13","13","0","7","6","6","6","0","0","OK","","https://www.itftennis.com/en/players/benjamin-chelia/800678202/arg/jt/s/itf-points-breakdown/"
"Boys","199","raphael-savelli","Raphael Savelli","AUS","403.5","30","30","0","15","15","6","6","0","0","OK","","https://www.itftennis.com/en/players/raphael-savelli/800747700/aus/jt/s/itf-points-breakdown/"
"Boys","200","teodor-davidov","Teodor Davidov","USA","403","17","17","0","10","7","6","6","0","0","OK","","https://www.itftennis.com/en/players/teodor-davidov/800704256/usa/jt/s/itf-points-breakdown/"
"Boys","201","se-hyuk-cho","Se Hyuk Cho","KOR","402","22","22","0","11","11","6","6","0","0","OK","","https://www.itftennis.com/en/players/se-hyuk-cho/800583662/kor/jt/s/itf-points-breakdown/"
"Boys","202","henrique-queiroz","Henrique Queiroz","BRA","400.5","36","36","0","19","17","6","6","0","0","OK","","https://www.itftennis.com/en/players/henrique-queiroz/800684304/bra/jt/s/itf-points-breakdown/"
"Boys","203","edwin-averjanov","Edwin Averjanov","EST","399","27","25","2","13","12","6","6","0","0","OK","","https://www.itftennis.com/en/players/edwin-averjanov/800579231/est/jt/s/itf-points-breakdown/"
"Boys","204","ethan-domingo","Ethan Domingo","AUS","395","31","31","0","16","15","6","6","0","0","OK","","https://www.itftennis.com/en/players/ethan-domingo/800711174/aus/jt/s/itf-points-breakdown/"
"Boys","205","arseniy-trebukhin","Arseniy Trebukhin","KAZ","394.5","30","30","0","16","14","6","6","0","0","OK","","https://www.itftennis.com/en/players/arseniy-trebukhin/800634862/kaz/jt/s/itf-points-breakdown/"
"Boys","206","kaloyan-shikov","Kaloyan Shikov","BUL","394.5","32","32","0","16","16","6","6","0","0","OK","","https://www.itftennis.com/en/players/kaloyan-shikov/800635270/bul/jt/s/itf-points-breakdown/"
"Boys","207","cayo-narvaez-espinola","Cayo Narvaez Espinola","PAR","378.75","21","19","2","11","8","6","6","0","0","OK","","https://www.itftennis.com/en/players/cayo-narvaez-espinola/800656414/par/jt/s/itf-points-breakdown/"
"Boys","208","ivan-dorokhov","Ivan Dorokhov","RUS","394","43","43","0","24","19","6","6","0","0","OK","","https://www.itftennis.com/en/players/ivan-dorokhov/800630828/rus/jt/s/itf-points-breakdown/"
"Boys","209","kaigaoge-kang","Kaigaoge Kang","CHN","393","27","27","0","14","13","6","6","0","0","OK","","https://www.itftennis.com/en/players/kaigaoge-kang/800737321/chn/jt/s/itf-points-breakdown/"
"Boys","210","taiki-takizawa","Taiki Takizawa","AUS","385.75","34","34","0","18","16","6","6","0","0","OK","","https://www.itftennis.com/en/players/taiki-takizawa/800746542/aus/jt/s/itf-points-breakdown/"
"Boys","211","kensuke-kobayashi","Kensuke Kobayashi","JPN","385.5","52","52","0","26","26","6","6","0","0","OK","","https://www.itftennis.com/en/players/kensuke-kobayashi/800708478/jpn/jt/s/itf-points-breakdown/"
"Boys","212","hryhorii-kartavenko","Hryhorii Kartavenko","UKR","385.5","46","46","0","24","22","6","6","0","0","OK","","https://www.itftennis.com/en/players/hryhorii-kartavenko/800664204/ukr/jt/s/itf-points-breakdown/"
"Boys","213","louis-mouffe","Louis Mouffe","BEL","384","36","36","0","18","18","6","6","0","0","OK","","https://www.itftennis.com/en/players/louis-mouffe/800660621/bel/jt/s/itf-points-breakdown/"
"Boys","214","davide-ciaschetti","Davide Ciaschetti","ITA","383","28","28","0","15","13","6","6","0","0","OK","","https://www.itftennis.com/en/players/davide-ciaschetti/800592750/ita/jt/s/itf-points-breakdown/"
"Boys","215","tomas-krejci","Tomas Krejci","CZE","330.5","26","24","2","14","10","6","6","0","0","OK","","https://www.itftennis.com/en/players/tomas-krejci/800597378/cze/jt/s/itf-points-breakdown/"
"Boys","216","alexey-shibaev","Alexey Shibaev","RUS","372.5","33","31","2","18","13","6","6","0","0","OK","","https://www.itftennis.com/en/players/alexey-shibaev/800568045/rus/jt/s/itf-points-breakdown/"
"Boys","217","tomas-laukys","Tomas Laukys","USA","377.5","30","30","0","15","15","6","6","0","0","OK","","https://www.itftennis.com/en/players/tomas-laukys/800647226/usa/jt/s/itf-points-breakdown/"
"Boys","218","sin-hang-tam","Sin Hang Tam","HKG","377","46","46","0","24","22","6","6","0","0","OK","","https://www.itftennis.com/en/players/sin-hang-tam/800598481/hkg/jt/s/itf-points-breakdown/"
"Boys","219","lin-hao-yu","Lin Hao-Yu","TPE","370.5","33","33","0","18","15","6","6","0","0","OK","","https://www.itftennis.com/en/players/lin-hao-yu/800701855/tpe/jt/s/itf-points-breakdown/"
"Boys","220","antoine-clavel","Antoine Clavel","CAN","370.5","39","37","2","20","17","6","6","0","0","OK","","https://www.itftennis.com/en/players/antoine-clavel/800742825/can/jt/s/itf-points-breakdown/"
"Boys","221","anay-kulkarni","Anay Kulkarni","USA","370","27","27","0","15","12","6","6","0","0","OK","","https://www.itftennis.com/en/players/anay-kulkarni/800757256/usa/jt/s/itf-points-breakdown/"
"Boys","222","ikenna-prosper-okonkwo","Ikenna Prosper Okonkwo","NGR","369.5","27","27","0","13","14","6","6","0","0","OK","","https://www.itftennis.com/en/players/ikenna-prosper-okonkwo/800731445/ngr/jt/s/itf-points-breakdown/"
"Boys","223","adolfo-abascal","Adolfo Abascal","ESP","366.5","31","29","2","15","14","6","6","0","0","OK","","https://www.itftennis.com/en/players/adolfo-abascal/800593247/esp/jt/s/itf-points-breakdown/"
"Boys","224","wonmin-kim","Wonmin Kim","KOR","366","27","27","0","14","13","6","6","0","0","OK","","https://www.itftennis.com/en/players/wonmin-kim/800599048/kor/jt/s/itf-points-breakdown/"
"Boys","225","doruk-calikoglu","Doruk Calikoglu","TUR","366","35","35","0","18","17","6","6","0","0","OK","","https://www.itftennis.com/en/players/doruk-calikoglu/800684025/tur/jt/s/itf-points-breakdown/"
"Boys","226","felix-raser","Felix Raser","AUT","362.75","44","44","0","22","22","6","6","0","0","OK","","https://www.itftennis.com/en/players/felix-raser/800772607/aut/jt/s/itf-points-breakdown/"
"Boys","227","skander-nsairi","Skander Nsairi","TUN","360","31","31","0","16","15","6","6","0","0","OK","","https://www.itftennis.com/en/players/skander-nsairi/800673010/tun/jt/s/itf-points-breakdown/"
"Boys","228","guilherme-barbieri-renner","Guilherme Barbieri Renner","BRA","328.5","47","45","2","24","21","6","6","0","0","OK","","https://www.itftennis.com/en/players/guilherme-barbieri-renner/800652444/bra/jt/s/itf-points-breakdown/"
"Boys","229","gabriel-niedermayr","Gabriel Niedermayr","AUT","358.5","30","30","0","16","14","6","6","0","0","OK","","https://www.itftennis.com/en/players/gabriel-niedermayr/800664214/aut/jt/s/itf-points-breakdown/"
"Boys","230","pietro-ricci","Pietro Ricci","ITA","356.75","32","31","1","17","14","6","6","0","0","OK","","https://www.itftennis.com/en/players/pietro-ricci/800589345/ita/jt/s/itf-points-breakdown/"
"Boys","231","samim-filiz","Samim Filiz","TUR","356.5","25","25","0","14","11","6","6","0","0","OK","","https://www.itftennis.com/en/players/samim-filiz/800626417/tur/jt/s/itf-points-breakdown/"
"Boys","232","mateo-fluri","Mateo Fluri","SUI","354.75","34","34","0","18","16","6","6","0","0","OK","","https://www.itftennis.com/en/players/mateo-fluri/800664727/sui/jt/s/itf-points-breakdown/"
"Boys","233","carlo-arena-fava","Carlo Arena Fava","MEX","352.5","38","38","0","21","17","6","6","0","0","OK","","https://www.itftennis.com/en/players/carlo-arena-fava/800706150/mex/jt/s/itf-points-breakdown/"
"Boys","234","hanlei-lu","Hanlei Lu","CHN","352.5","32","32","0","16","16","6","6","0","0","OK","","https://www.itftennis.com/en/players/hanlei-lu/800726991/chn/jt/s/itf-points-breakdown/"
"Boys","235","koyu-yanagi","Koyu Yanagi","JPN","346.5","38","36","2","19","17","6","6","0","0","OK","","https://www.itftennis.com/en/players/koyu-yanagi/800705403/jpn/jt/s/itf-points-breakdown/"
"Boys","236","kayden-colombo","Kayden Colombo","USA","349","24","24","0","13","11","6","6","0","0","OK","","https://www.itftennis.com/en/players/kayden-colombo/800725608/usa/jt/s/itf-points-breakdown/"
"Boys","237","jayden-summers","Jayden Summers","RSA","345","50","50","0","25","25","6","6","0","0","OK","","https://www.itftennis.com/en/players/jayden-summers/800678627/rsa/jt/s/itf-points-breakdown/"
"Boys","238","william-mcewan","William McEwan","USA","344.5","29","29","0","15","14","6","6","0","0","OK","","https://www.itftennis.com/en/players/william-mcewan/800721308/usa/jt/s/itf-points-breakdown/"
"Boys","239","szymon-karpinski","Szymon Karpinski","POL","343.25","31","31","0","18","13","6","6","0","0","OK","","https://www.itftennis.com/en/players/szymon-karpinski/800665702/pol/jt/s/itf-points-breakdown/"
"Boys","240","moritz-glauser","Moritz Glauser","LIE","340","40","40","0","21","19","6","6","0","0","OK","","https://www.itftennis.com/en/players/moritz-glauser/800653766/lie/jt/s/itf-points-breakdown/"
"Boys","241","mark-becirovic-novak","Mark Becirovic Novak","SLO","338.5","38","38","0","21","17","6","6","0","0","OK","","https://www.itftennis.com/en/players/mark-becirovic-novak/800644954/slo/jt/s/itf-points-breakdown/"
"Boys","242","justin-riley-anson","Justin Riley Anson","USA","338","16","16","0","9","7","6","6","0","0","OK","","https://www.itftennis.com/en/players/justin-riley-anson/800680752/usa/jt/s/itf-points-breakdown/"
"Boys","243","diego-ignacio-gomez-pajares","Diego Ignacio Gomez Pajares","PER","337","35","33","2","17","16","6","6","0","0","OK","","https://www.itftennis.com/en/players/diego-ignacio-gomez-pajares/800655675/per/jt/s/itf-points-breakdown/"
"Boys","244","charles-minvielle","Charles Minvielle","USA","307","39","37","2","19","18","6","6","0","0","OK","","https://www.itftennis.com/en/players/charles-minvielle/800712329/usa/jt/s/itf-points-breakdown/"
"Boys","245","rodrigo-leal","Rodrigo Leal","POR","323.75","28","26","2","15","11","6","6","0","0","OK","","https://www.itftennis.com/en/players/rodrigo-leal/800589486/por/jt/s/itf-points-breakdown/"
"Boys","246","kuan-huai-mao","Kuan-Huai Mao","TPE","334","31","31","0","16","15","6","6","0","0","OK","","https://www.itftennis.com/en/players/kuan-huai-mao/800746729/tpe/jt/s/itf-points-breakdown/"
"Boys","247","andy-tchinda-kepche","Andy Tchinda Kepche","CAN","330.5","39","39","0","20","19","6","6","0","0","OK","","https://www.itftennis.com/en/players/andy-tchinda-kepche/800672663/can/jt/s/itf-points-breakdown/"
"Boys","248","love-nyqvist","Love Nyqvist","SWE","322.5","26","24","2","13","11","6","6","0","0","OK","","https://www.itftennis.com/en/players/love-nyqvist/800688338/swe/jt/s/itf-points-breakdown/"
"Boys","249","pablo-pradat","Pablo Pradat","FRA","329.5","35","35","0","18","17","6","6","0","0","OK","","https://www.itftennis.com/en/players/pablo-pradat/800664509/fra/jt/s/itf-points-breakdown/"
"Boys","250","jakub-smejcky","Jakub Smejcky","CZE","327.5","9","7","2","4","3","4","3","0","0","OK","","https://www.itftennis.com/en/players/jakub-smejcky/800562884/cze/jt/s/itf-points-breakdown/"
"Boys","251","arian-hasas","Arian Hasas","GER","327","42","42","0","22","20","6","6","0","0","OK","","https://www.itftennis.com/en/players/arian-hasas/800601885/ger/jt/s/itf-points-breakdown/"
"Boys","252","ahmed-darmoul","Ahmed Darmoul","TUN","326.5","37","37","0","20","17","6","6","0","0","OK","","https://www.itftennis.com/en/players/ahmed-darmoul/800643082/tun/jt/s/itf-points-breakdown/"
"Boys","253","jaron-held","Jaron Held","GER","324","17","17","0","10","7","6","6","0","0","OK","","https://www.itftennis.com/en/players/jaron-held/800576611/ger/jt/s/itf-points-breakdown/"
"Boys","254","har-abir-sekhon","Har Abir Sekhon","AUS","321.5","32","32","0","16","16","6","6","0","0","OK","","https://www.itftennis.com/en/players/har-abir-sekhon/800712737/aus/jt/s/itf-points-breakdown/"
"Boys","255","mahmoud-chetouane","Mahmoud chetouane","TUN","318.5","31","31","0","16","15","6","6","0","0","OK","","https://www.itftennis.com/en/players/mahmoud-chetouane/800670178/tun/jt/s/itf-points-breakdown/"
"Boys","256","matyas-marsik","Matyas Marsik","CZE","315.5","36","36","0","18","18","6","6","0","0","OK","","https://www.itftennis.com/en/players/matyas-marsik/800676373/cze/jt/s/itf-points-breakdown/"
"Boys","257","rowan-qalbani","Rowan Qalbani","USA","315","28","28","0","15","13","6","6","0","0","OK","","https://www.itftennis.com/en/players/rowan-qalbani/800778647/usa/jt/s/itf-points-breakdown/"
"Boys","258","snir-morag","Snir Morag","ISR","313.75","28","26","2","16","10","6","6","0","0","OK","","https://www.itftennis.com/en/players/snir-morag/800590053/isr/jt/s/itf-points-breakdown/"
"Boys","259","young-hoon-kim","Young Hoon Kim","KOR","306","26","24","2","12","12","6","6","0","0","OK","","https://www.itftennis.com/en/players/young-hoon-kim/800660184/kor/jt/s/itf-points-breakdown/"
"Boys","260","colter-amey","Colter Amey","USA","310.75","35","35","0","19","16","6","6","0","0","OK","","https://www.itftennis.com/en/players/colter-amey/800736018/usa/jt/s/itf-points-breakdown/"
"Boys","261","sebastian-inaki-godoy","Sebastian Inaki Godoy","USA","309","23","23","0","12","11","6","6","0","0","OK","","https://www.itftennis.com/en/players/sebastian-inaki-godoy/800800115/usa/jt/s/itf-points-breakdown/"
"Boys","262","alexander-kunitsyn","Alexander Kunitsyn","RUS","307.75","28","28","0","15","13","6","6","0","0","OK","","https://www.itftennis.com/en/players/alexander-kunitsyn/800652665/rus/jt/s/itf-points-breakdown/"
"Boys","263","cruz-hewitt","Cruz Hewitt","AUS","307.5","10","10","0","5","5","5","5","0","0","OK","","https://www.itftennis.com/en/players/cruz-hewitt/800694107/aus/jt/s/itf-points-breakdown/"
"Boys","264","aashravya-mehra","AASHRAVYA MEHRA","IND","307.5","23","23","0","12","11","6","6","0","0","OK","","https://www.itftennis.com/en/players/aashravya-mehra/800719980/ind/jt/s/itf-points-breakdown/"
"Boys","265","viggo-wagenknecht","Viggo Wagenknecht","GER","307.5","31","31","0","17","14","6","6","0","0","OK","","https://www.itftennis.com/en/players/viggo-wagenknecht/800586897/ger/jt/s/itf-points-breakdown/"
"Boys","266","salvador-monteiro","Salvador Monteiro","POR","279.25","25","23","2","14","9","6","6","0","0","OK","","https://www.itftennis.com/en/players/salvador-monteiro/800567584/por/jt/s/itf-points-breakdown/"
"Boys","267","bercel-sandor-takacs","Bercel Sandor Takacs","HUN","306","51","51","0","26","25","6","6","0","0","OK","","https://www.itftennis.com/en/players/bercel-sandor-takacs/800584484/hun/jt/s/itf-points-breakdown/"
"Boys","268","zac-naughton","Zac Naughton","IRL","305.5","35","35","0","19","16","6","6","0","0","OK","","https://www.itftennis.com/en/players/zac-naughton/800621251/irl/jt/s/itf-points-breakdown/"
"Boys","269","ren-matsumura","Ren Matsumura","JPN","303.5","13","13","0","7","6","6","6","0","0","OK","","https://www.itftennis.com/en/players/ren-matsumura/800690276/jpn/jt/s/itf-points-breakdown/"
"Boys","270","utku-kerem-biberli","Utku Kerem Biberli","TUR","302.5","27","27","0","15","12","6","6","0","0","OK","","https://www.itftennis.com/en/players/utku-kerem-biberli/800589348/tur/jt/s/itf-points-breakdown/"
"Boys","271","mohamed-genidy","Mohamed Genidy","EGY","301.75","25","25","0","13","12","6","6","0","0","OK","","https://www.itftennis.com/en/players/mohamed-genidy/800793938/egy/jt/s/itf-points-breakdown/"
"Boys","272","tristan-stratton","Tristan Stratton","USA","292.5","30","28","2","16","12","6","6","0","0","OK","","https://www.itftennis.com/en/players/tristan-stratton/800791730/usa/jt/s/itf-points-breakdown/"
"Boys","273","jakub-vrtilka","Jakub Vrtilka","CZE","298.5","34","34","0","21","13","6","6","0","0","OK","","https://www.itftennis.com/en/players/jakub-vrtilka/800680729/cze/jt/s/itf-points-breakdown/"
"Boys","274","rafael-asadullin","Rafael Asadullin","RUS","296.25","32","32","0","16","16","6","6","0","0","OK","","https://www.itftennis.com/en/players/rafael-asadullin/800631924/rus/jt/s/itf-points-breakdown/"
"Boys","275","dany-robas","Dany Robas","SUI","295.5","13","13","0","7","6","6","6","0","0","OK","","https://www.itftennis.com/en/players/dany-robas/800672403/sui/jt/s/itf-points-breakdown/"
"Boys","276","alex-mirrington","Alex Mirrington","GBR","295.25","27","25","2","13","12","6","6","0","0","OK","","https://www.itftennis.com/en/players/alex-mirrington/800668605/gbr/jt/s/itf-points-breakdown/"
"Boys","277","istvan-damjan-mokan","Istvan Damjan Mokan","HUN","295","33","33","0","17","16","6","6","0","0","OK","","https://www.itftennis.com/en/players/istvan-damjan-mokan/800664945/hun/jt/s/itf-points-breakdown/"
"Boys","278","benoit-geldof","Benoit Geldof","FRA","294","33","33","0","17","16","6","6","0","0","OK","","https://www.itftennis.com/en/players/benoit-geldof/800684768/fra/jt/s/itf-points-breakdown/"
"Boys","279","praneel-sharma","Praneel Sharma","IND","293","23","23","0","14","9","6","6","0","0","OK","","https://www.itftennis.com/en/players/praneel-sharma/800659854/ind/jt/s/itf-points-breakdown/"
"Boys","280","lasse-bohr","Lasse Bohr","GER","292.75","30","30","0","16","14","6","6","0","0","OK","","https://www.itftennis.com/en/players/lasse-bohr/800660826/ger/jt/s/itf-points-breakdown/"
"Boys","281","dhakshish-aryan-basavaraju","Dhakshish Aryan Basavaraju","USA","292.25","21","21","0","11","10","6","6","0","0","OK","","https://www.itftennis.com/en/players/dhakshish-aryan-basavaraju/800697384/usa/jt/s/itf-points-breakdown/"
"Boys","282","andrea-baudel","Andrea Baudel","FRA","242","37","35","2","18","17","6","6","0","0","OK","","https://www.itftennis.com/en/players/andrea-baudel/800598010/fra/jt/s/itf-points-breakdown/"
"Boys","283","kazuki-nakajima","Kazuki Nakajima","JPN","291.5","19","19","0","12","7","6","6","0","0","OK","","https://www.itftennis.com/en/players/kazuki-nakajima/800689813/jpn/jt/s/itf-points-breakdown/"
"Boys","284","ivan-makarov","Ivan Makarov","RUS","288","25","25","0","13","12","6","6","0","0","OK","","https://www.itftennis.com/en/players/ivan-makarov/800591606/rus/jt/s/itf-points-breakdown/"
"Boys","285","orhan-alp-akyol","Orhan Alp Akyol","TUR","287.75","34","34","0","18","16","6","6","0","0","OK","","https://www.itftennis.com/en/players/orhan-alp-akyol/800643315/tur/jt/s/itf-points-breakdown/"
"Boys","286","nikita-berdin","Nikita Berdin","RUS","287","23","23","0","13","10","6","6","0","0","OK","","https://www.itftennis.com/en/players/nikita-berdin/800659993/rus/jt/s/itf-points-breakdown/"
"Boys","287","ansar-niyetkaliyev","Ansar Niyetkaliyev","KAZ","285.25","32","32","0","16","16","6","6","0","0","OK","","https://www.itftennis.com/en/players/ansar-niyetkaliyev/800675182/kaz/jt/s/itf-points-breakdown/"
"Boys","288","yashwin-krishnakumar","Yashwin Krishnakumar","USA","284.25","13","13","0","7","6","6","6","0","0","OK","","https://www.itftennis.com/en/players/yashwin-krishnakumar/800799267/usa/jt/s/itf-points-breakdown/"
"Boys","289","sota-kagawa","SOTA KAGAWA","JPN","284","24","24","0","13","11","6","6","0","0","OK","","https://www.itftennis.com/en/players/sota-kagawa/800719079/jpn/jt/s/itf-points-breakdown/"
"Boys","290","victor-ryden","Victor Ryden","SWE","264.25","27","25","2","14","11","6","6","0","0","OK","","https://www.itftennis.com/en/players/victor-ryden/800590616/swe/jt/s/itf-points-breakdown/"
"Boys","291","carlos-eduardo-lino","Carlos Eduardo Lino","BRA","282.75","31","31","0","17","14","6","6","0","0","OK","","https://www.itftennis.com/en/players/carlos-eduardo-lino/800696001/bra/jt/s/itf-points-breakdown/"
"Boys","292","vincent-fletcher","Vincent Fletcher","GBR","282.5","30","30","0","17","13","6","6","0","0","OK","","https://www.itftennis.com/en/players/vincent-fletcher/800639390/gbr/jt/s/itf-points-breakdown/"
"Boys","293","yanhong-li","Yanhong Li","CHN","238","40","39","1","22","17","6","6","0","0","OK","","https://www.itftennis.com/en/players/yanhong-li/800625292/chn/jt/s/itf-points-breakdown/"
"Boys","294","arman-dubreuil","Arman Dubreuil","FRA","271.5","35","33","2","17","16","6","6","0","0","OK","","https://www.itftennis.com/en/players/arman-dubreuil/800657138/fra/jt/s/itf-points-breakdown/"
"Boys","295","luca-cosimi","Luca Cosimi","ITA","278.5","25","25","0","13","12","6","6","0","0","OK","","https://www.itftennis.com/en/players/luca-cosimi/800661196/ita/jt/s/itf-points-breakdown/"
"Boys","296","fabio-zavalaga-uculmana","Fabio Zavalaga Uculmana","PER","276.5","33","33","0","17","16","6","6","0","0","OK","","https://www.itftennis.com/en/players/fabio-zavalaga-uculmana/800654547/per/jt/s/itf-points-breakdown/"
"Boys","297","david-popa","David Popa","ROU","276","18","18","0","11","7","6","6","0","0","OK","","https://www.itftennis.com/en/players/david-popa/800603015/rou/jt/s/itf-points-breakdown/"
"Boys","298","egor-navrazidi","Egor Navrazidi","RUS","269","24","22","2","14","8","6","6","0","0","OK","","https://www.itftennis.com/en/players/egor-navrazidi/800643882/rus/jt/s/itf-points-breakdown/"
"Boys","299","guillermo-narcio","Guillermo Narcio","MEX","270.5","43","41","2","21","20","6","6","0","0","OK","","https://www.itftennis.com/en/players/guillermo-narcio/800680843/mex/jt/s/itf-points-breakdown/"
"Boys","300","danila-kvasov","Danila Kvasov","UZB","274.5","31","31","0","16","15","6","6","0","0","OK","","https://www.itftennis.com/en/players/danila-kvasov/800661541/uzb/jt/s/itf-points-breakdown/"
"Girls","1","ksenia-efremova","Ksenia Efremova","FRA","2818","21","21","0","11","10","6","6","0","0","OK","","https://www.itftennis.com/en/players/ksenia-efremova/800591535/fra/jt/s/itf-points-breakdown/"
"Girls","2","hannah-klugman","Hannah Klugman","GBR","2047.5","9","7","2","4","3","4","3","0","0","OK","","https://www.itftennis.com/en/players/hannah-klugman/800631038/gbr/jt/s/itf-points-breakdown/"
"Girls","3","mia-pohankova","Mia Pohankova","SVK","2189.25","11","9","2","5","4","5","4","0","0","OK","","https://www.itftennis.com/en/players/mia-pohankova/800627475/svk/jt/s/itf-points-breakdown/"
"Girls","4","alena-kovackova","Alena Kovackova","CZE","2199.75","18","16","2","9","7","6","6","0","0","OK","","https://www.itftennis.com/en/players/alena-kovackova/800572951/cze/jt/s/itf-points-breakdown/"
"Girls","5","victoria-luiza-barros","Victoria Luiza Barros","BRA","2194","20","18","2","11","7","6","6","0","0","OK","","https://www.itftennis.com/en/players/victoria-luiza-barros/800655335/bra/jt/s/itf-points-breakdown/"
"Girls","6","julieta-pareja","Julieta Pareja","USA","1706.75","9","7","2","4","3","4","3","0","0","OK","","https://www.itftennis.com/en/players/julieta-pareja/800692835/usa/jt/s/itf-points-breakdown/"
"Girls","7","jana-kovackova","Jana Kovackova","CZE","1939.75","17","15","2","8","7","6","6","0","0","OK","","https://www.itftennis.com/en/players/jana-kovackova/800661515/cze/jt/s/itf-points-breakdown/"
"Girls","8","xinran-sun","Xinran Sun","CHN","1968","22","22","0","11","11","6","6","0","0","OK","","https://www.itftennis.com/en/players/xinran-sun/800677732/chn/jt/s/itf-points-breakdown/"
"Girls","9","kristina-penickova","Kristina Penickova","USA","1905.5","12","12","0","7","5","6","5","0","0","OK","","https://www.itftennis.com/en/players/kristina-penickova/800719373/usa/jt/s/itf-points-breakdown/"
"Girls","10","julia-stusek","Julia Stusek","GER","1675.5","14","12","2","7","5","6","5","0","0","OK","","https://www.itftennis.com/en/players/julia-stusek/800579453/ger/jt/s/itf-points-breakdown/"
"Girls","11","nauhany-vitoria-leme-da-silva","Nauhany Vitoria Leme Da Silva","BRA","1619.25","17","15","2","8","7","6","6","0","0","OK","","https://www.itftennis.com/en/players/nauhany-vitoria-leme-da-silva/800695060/bra/jt/s/itf-points-breakdown/"
"Girls","12","lilli-tagger","Lilli Tagger","AUT","1491.75","7","5","2","3","2","3","2","0","0","OK","","https://www.itftennis.com/en/players/lilli-tagger/800564568/aut/jt/s/itf-points-breakdown/"
"Girls","13","sol-ailin-larraya-guidi","Sol Ailin Larraya Guidi","ARG","1621","40","38","2","19","19","6","6","0","0","OK","","https://www.itftennis.com/en/players/sol-ailin-larraya-guidi/800659876/arg/jt/s/itf-points-breakdown/"
"Girls","14","anastasija-cvetkovic","Anastasija Cvetkovic","SRB","1619","30","28","2","14","14","6","6","0","0","OK","","https://www.itftennis.com/en/players/anastasija-cvetkovic/800598140/srb/jt/s/itf-points-breakdown/"
"Girls","15","kanon-sawashiro","Kanon Sawashiro","JPN","1473","29","27","2","14","13","6","6","0","0","OK","","https://www.itftennis.com/en/players/kanon-sawashiro/800666095/jpn/jt/s/itf-points-breakdown/"
"Girls","16","charo-esquiva-banuls","Charo Esquiva Banuls","ESP","1412.5","15","13","2","7","6","6","6","0","0","OK","","https://www.itftennis.com/en/players/charo-esquiva-banuls/800672253/esp/jt/s/itf-points-breakdown/"
"Girls","17","ida-wobker","Ida Wobker","GER","1426","16","16","0","9","7","6","6","0","0","OK","","https://www.itftennis.com/en/players/ida-wobker/800671481/ger/jt/s/itf-points-breakdown/"
"Girls","18","paola-pinera-celorio","Paola Pinera Celorio","ESP","1410.5","30","30","0","16","14","6","6","0","0","OK","","https://www.itftennis.com/en/players/paola-pinera-celorio/800656554/esp/jt/s/itf-points-breakdown/"
"Girls","19","mariella-thamm","Mariella Thamm","GER","1383.75","22","20","2","10","10","6","6","0","0","OK","","https://www.itftennis.com/en/players/mariella-thamm/800601474/ger/jt/s/itf-points-breakdown/"
"Girls","20","mariia-makarova","Mariia Makarova","RUS","1350.5","13","12","1","6","6","6","6","0","0","OK","","https://www.itftennis.com/en/players/mariia-makarova/800644962/rus/jt/s/itf-points-breakdown/"
"Girls","21","janae-preston","Janae Preston","USA","1321","19","19","0","10","9","6","6","0","0","OK","","https://www.itftennis.com/en/players/janae-preston/800758791/usa/jt/s/itf-points-breakdown/"
"Girls","22","giulia-safina-popa","Giulia Safina Popa","ROU","1320.5","28","26","2","14","12","6","6","0","0","OK","","https://www.itftennis.com/en/players/giulia-safina-popa/800640357/rou/jt/s/itf-points-breakdown/"
"Girls","23","anna-pushkareva","Anna Pushkareva","RUS","1302.75","25","23","2","13","10","6","6","0","0","OK","","https://www.itftennis.com/en/players/anna-pushkareva/800636696/rus/jt/s/itf-points-breakdown/"
"Girls","24","thea-frodin","Thea Frodin","USA","1243.5","18","16","2","8","8","6","6","0","0","OK","","https://www.itftennis.com/en/players/thea-frodin/800702416/usa/jt/s/itf-points-breakdown/"
"Girls","25","yushan-shao","Yushan Shao","CHN","1244.25","22","22","0","12","10","6","6","0","0","OK","","https://www.itftennis.com/en/players/yushan-shao/800731351/chn/jt/s/itf-points-breakdown/"
"Girls","26","alexandra-malova","Alexandra Malova","RUS","1232.25","25","24","1","14","10","6","6","0","0","OK","","https://www.itftennis.com/en/players/alexandra-malova/800635479/rus/jt/s/itf-points-breakdown/"
"Girls","27","maaya-rajeshwaran-revathi","Maaya Rajeshwaran Revathi","IND","1218","32","32","0","18","14","6","6","0","0","OK","","https://www.itftennis.com/en/players/maaya-rajeshwaran-revathi/800632131/ind/jt/s/itf-points-breakdown/"
"Girls","28","felitsata-dorofeeva-rybas","Felitsata Dorofeeva-Rybas","RUS","1215.25","26","24","2","12","12","6","6","0","0","OK","","https://www.itftennis.com/en/players/felitsata-dorofeeva-rybas/800721825/rus/jt/s/itf-points-breakdown/"
"Girls","29","jordyn-hazelitt","Jordyn Hazelitt","USA","1211.75","29","29","0","15","14","6","6","0","0","OK","","https://www.itftennis.com/en/players/jordyn-hazelitt/800646432/usa/jt/s/itf-points-breakdown/"
"Girls","30","polina-skliar","Polina Skliar","UKR","1181.75","25","25","0","13","12","6","6","0","0","OK","","https://www.itftennis.com/en/players/polina-skliar/800667265/ukr/jt/s/itf-points-breakdown/"
"Girls","31","welles-newman","Welles Newman","USA","1173.5","22","20","2","10","10","6","6","0","0","OK","","https://www.itftennis.com/en/players/welles-newman/800705703/usa/jt/s/itf-points-breakdown/"
"Girls","32","rada-zolotareva","Rada Zolotareva","RUS","1168","8","8","0","4","4","4","4","0","0","OK","","https://www.itftennis.com/en/players/rada-zolotareva/800587900/rus/jt/s/itf-points-breakdown/"
"Girls","33","anastasia-lizunova","Anastasia Lizunova","RUS","1158.5","21","19","2","10","9","6","6","0","0","OK","","https://www.itftennis.com/en/players/anastasia-lizunova/800589857/rus/jt/s/itf-points-breakdown/"
"Girls","34","ruien-zhang","Ruien Zhang","CHN","1113","19","17","2","9","8","6","6","0","0","OK","","https://www.itftennis.com/en/players/ruien-zhang/800631529/chn/jt/s/itf-points-breakdown/"
"Girls","35","renee-alame","Renee Alame","AUS","1127.25","32","32","0","17","15","6","6","0","0","OK","","https://www.itftennis.com/en/players/renee-alame/800701055/aus/jt/s/itf-points-breakdown/"
"Girls","36","sofie-hettlerova","Sofie Hettlerova","CZE","1071.75","26","24","2","13","11","6","6","0","0","OK","","https://www.itftennis.com/en/players/sofie-hettlerova/800604444/cze/jt/s/itf-points-breakdown/"
"Girls","37","denisa-zoldakova","Denisa Zoldakova","CZE","1111.75","25","25","0","13","12","6","6","0","0","OK","","https://www.itftennis.com/en/players/denisa-zoldakova/800638346/cze/jt/s/itf-points-breakdown/"
"Girls","38","maia-ilinca-burcescu","Maia Ilinca Burcescu","ROU","1103","24","22","2","11","11","6","6","0","0","OK","","https://www.itftennis.com/en/players/maia-ilinca-burcescu/800636281/rou/jt/s/itf-points-breakdown/"
"Girls","39","yihan-qu","Yihan Qu","CHN","1098","26","26","0","13","13","6","6","0","0","OK","","https://www.itftennis.com/en/players/yihan-qu/800726989/chn/jt/s/itf-points-breakdown/"
"Girls","40","yu-jun-lin","Yu Jun Lin","CHN","1093.5","28","28","0","14","14","6","6","0","0","OK","","https://www.itftennis.com/en/players/yu-jun-lin/800739107/chn/jt/s/itf-points-breakdown/"
"Girls","41","nadia-lagaev","Nadia Lagaev","CAN","1086.25","28","26","2","13","13","6","6","0","0","OK","","https://www.itftennis.com/en/players/nadia-lagaev/800638930/can/jt/s/itf-points-breakdown/"
"Girls","42","antonina-sushkova","Antonina Sushkova","UKR","1073","28","28","0","14","14","6","6","0","0","OK","","https://www.itftennis.com/en/players/antonina-sushkova/800597362/ukr/jt/s/itf-points-breakdown/"
"Girls","43","adelina-lacinova","Adelina Lacinova","LAT","1070","25","25","0","13","12","6","6","0","0","OK","","https://www.itftennis.com/en/players/adelina-lacinova/800592997/lat/jt/s/itf-points-breakdown/"
"Girls","44","ha-eum-lee","Ha Eum Lee","KOR","1041.75","34","34","0","18","16","6","6","0","0","OK","","https://www.itftennis.com/en/players/ha-eum-lee/800586389/kor/jt/s/itf-points-breakdown/"
"Girls","45","maria-valentina-pop","Maria Valentina Pop","ROU","1038.75","35","35","0","18","17","6","6","0","0","OK","","https://www.itftennis.com/en/players/maria-valentina-pop/800664506/rou/jt/s/itf-points-breakdown/"
"Girls","46","alyssa-james","Alyssa James","JAM","1027.25","32","30","2","17","13","6","6","0","0","OK","","https://www.itftennis.com/en/players/alyssa-james/800693920/jam/jt/s/itf-points-breakdown/"
"Girls","47","sonja-zhenikhova","Sonja Zhenikhova","GER","914.25","21","19","2","10","9","6","6","0","0","OK","","https://www.itftennis.com/en/players/sonja-zhenikhova/800595691/ger/jt/s/itf-points-breakdown/"
"Girls","48","luna-maria-cinalli","Luna Maria Cinalli","ARG","979.25","18","16","2","9","7","6","6","0","0","OK","","https://www.itftennis.com/en/players/luna-maria-cinalli/800644753/arg/jt/s/itf-points-breakdown/"
"Girls","49","chukwumelije-clarke","Chukwumelije Clarke","USA","1003.75","25","25","0","13","12","6","6","0","0","OK","","https://www.itftennis.com/en/players/chukwumelije-clarke/800719735/usa/jt/s/itf-points-breakdown/"
"Girls","50","yu-chen-lin","Yu-Chen Lin","TPE","990.5","26","26","0","13","13","6","6","0","0","OK","","https://www.itftennis.com/en/players/yu-chen-lin/800708800/tpe/jt/s/itf-points-breakdown/"
"Girls","51","polina-berezina","Polina Berezina","RUS","987.25","24","24","0","12","12","6","6","0","0","OK","","https://www.itftennis.com/en/players/polina-berezina/800624123/rus/jt/s/itf-points-breakdown/"
"Girls","52","hollie-smart","Hollie Smart","GBR","979.75","32","32","0","16","16","6","6","0","0","OK","","https://www.itftennis.com/en/players/hollie-smart/800661849/gbr/jt/s/itf-points-breakdown/"
"Girls","53","emily-victoria-eigelsbach","Emily Victoria Eigelsbach","GER","979.75","44","44","0","24","20","6","6","0","0","OK","","https://www.itftennis.com/en/players/emily-victoria-eigelsbach/800598679/ger/jt/s/itf-points-breakdown/"
"Girls","54","ekaterina-tupitsyna","Ekaterina Tupitsyna","RUS","956.75","13","11","2","6","5","6","5","0","0","OK","","https://www.itftennis.com/en/players/ekaterina-tupitsyna/800571280/rus/jt/s/itf-points-breakdown/"
"Girls","55","kristina-liutova","Kristina Liutova","RUS","968","4","4","0","4","0","4","0","0","0","OK","","https://www.itftennis.com/en/players/kristina-liutova/800632134/rus/jt/s/itf-points-breakdown/"
"Girls","56","tereza-hermanova","Tereza Hermanova","CZE","967.25","37","37","0","20","17","6","6","0","0","OK","","https://www.itftennis.com/en/players/tereza-hermanova/800672579/cze/jt/s/itf-points-breakdown/"
"Girls","57","lani-chang","Lani Chang","USA","961.75","29","29","0","16","13","6","6","0","0","OK","","https://www.itftennis.com/en/players/lani-chang/800709314/usa/jt/s/itf-points-breakdown/"
"Girls","58","ui-su-jeong","UI SU JEONG","KOR","956.25","25","23","2","12","11","6","6","0","0","OK","","https://www.itftennis.com/en/players/ui-su-jeong/800651337/kor/jt/s/itf-points-breakdown/"
"Girls","59","lea-nilsson","Lea Nilsson","SWE","948.75","11","11","0","6","5","6","5","0","0","OK","","https://www.itftennis.com/en/players/lea-nilsson/800636563/swe/jt/s/itf-points-breakdown/"
"Girls","60","sofiia-bielinska","Sofiia Bielinska","UKR","947.5","28","26","2","13","13","6","6","0","0","OK","","https://www.itftennis.com/en/players/sofiia-bielinska/800705172/ukr/jt/s/itf-points-breakdown/"
"Girls","61","iva-marinkovic","Iva Marinkovic","SWE","934.25","36","34","2","18","16","6","6","0","0","OK","","https://www.itftennis.com/en/players/iva-marinkovic/800629808/swe/jt/s/itf-points-breakdown/"
"Girls","62","veronika-sekerkova","Veronika Sekerkova","CZE","939.25","34","34","0","18","16","6","6","0","0","OK","","https://www.itftennis.com/en/players/veronika-sekerkova/800640047/cze/jt/s/itf-points-breakdown/"
"Girls","63","zhang-qian-wei","Zhang-Qian Wei","CHN","927.75","37","35","2","18","17","6","6","0","0","OK","","https://www.itftennis.com/en/players/zhang-qian-wei/800730824/chn/jt/s/itf-points-breakdown/"
"Girls","64","olivia-traynor","Olivia Traynor","USA","921.75","30","30","0","16","14","6","6","0","0","OK","","https://www.itftennis.com/en/players/olivia-traynor/800696508/usa/jt/s/itf-points-breakdown/"
"Girls","65","alena-kharchenko","Alena Kharchenko","RUS","909.25","27","27","0","14","13","6","6","0","0","OK","","https://www.itftennis.com/en/players/alena-kharchenko/800661652/rus/jt/s/itf-points-breakdown/"
"Girls","66","siyoen-sim","Siyoen Sim","KOR","897.5","24","24","0","12","12","6","6","0","0","OK","","https://www.itftennis.com/en/players/siyoen-sim/800667963/kor/jt/s/itf-points-breakdown/"
"Girls","67","pietra-rivoli","Pietra Rivoli","BRA","895.25","34","32","2","17","15","6","6","0","0","OK","","https://www.itftennis.com/en/players/pietra-rivoli/800655734/bra/jt/s/itf-points-breakdown/"
"Girls","68","hannah-ayrault","Hannah Ayrault","USA","892.5","24","24","0","13","11","6","6","0","0","OK","","https://www.itftennis.com/en/players/hannah-ayrault/800772612/usa/jt/s/itf-points-breakdown/"
"Girls","69","lana-virc","Lana Virc","SRB","813.5","21","19","2","11","8","6","6","0","0","OK","","https://www.itftennis.com/en/players/lana-virc/800666178/srb/jt/s/itf-points-breakdown/"
"Girls","70","sofia-meabe","Sofia Meabe","ARG","885.5","33","33","0","17","16","6","6","0","0","OK","","https://www.itftennis.com/en/players/sofia-meabe/800595363/arg/jt/s/itf-points-breakdown/"
"Girls","71","katerina-zajickova","Katerina Zajickova","CZE","884.25","38","36","2","18","18","6","6","0","0","OK","","https://www.itftennis.com/en/players/katerina-zajickova/800656226/cze/jt/s/itf-points-breakdown/"
"Girls","72","nancy-lee","Nancy Lee","USA","874.75","33","31","2","16","15","6","6","0","0","OK","","https://www.itftennis.com/en/players/nancy-lee/800701856/usa/jt/s/itf-points-breakdown/"
"Girls","73","daphnee-mpetshi-perricard","Daphnee Mpetshi Perricard","FRA","873.75","17","17","0","10","7","6","6","0","0","OK","","https://www.itftennis.com/en/players/daphnee-mpetshi-perricard/800587892/fra/jt/s/itf-points-breakdown/"
"Girls","74","fleur-de-bresser","Fleur De Bresser","NED","873","45","45","0","23","22","6","6","0","0","OK","","https://www.itftennis.com/en/players/fleur-de-bresser/800636609/ned/jt/s/itf-points-breakdown/"
"Girls","75","daniella-britton","Daniella Britton","GBR","865.5","29","27","2","15","12","6","6","0","0","OK","","https://www.itftennis.com/en/players/daniella-britton/800665507/gbr/jt/s/itf-points-breakdown/"
"Girls","76","ekaterina-dotsenko","Ekaterina Dotsenko","RUS","861.5","26","26","0","14","12","6","6","0","0","OK","","https://www.itftennis.com/en/players/ekaterina-dotsenko/800677532/rus/jt/s/itf-points-breakdown/"
"Girls","77","camila-rodero","Camila Rodero","CHI","853.75","35","35","0","19","16","6","6","0","0","OK","","https://www.itftennis.com/en/players/camila-rodero/800639340/chi/jt/s/itf-points-breakdown/"
"Girls","78","alisa-terentyeva","Alisa Terentyeva","RUS","853.5","25","25","0","13","12","6","6","0","0","OK","","https://www.itftennis.com/en/players/alisa-terentyeva/800676754/rus/jt/s/itf-points-breakdown/"
"Girls","79","ilary-pistola","Ilary Pistola","ITA","851.25","35","35","0","20","15","6","6","0","0","OK","","https://www.itftennis.com/en/players/ilary-pistola/800587881/ita/jt/s/itf-points-breakdown/"
"Girls","80","margaret-sohns","Margaret Sohns","USA","849.25","38","38","0","19","19","6","6","0","0","OK","","https://www.itftennis.com/en/players/margaret-sohns/800737952/usa/jt/s/itf-points-breakdown/"
"Girls","81","sarah-ye","Sarah Ye","USA","847.5","27","25","2","13","12","6","6","0","0","OK","","https://www.itftennis.com/en/players/sarah-ye/800731574/usa/jt/s/itf-points-breakdown/"
"Girls","82","emerson-jones","Emerson Jones","AUS","846.25","4","4","0","2","2","2","2","0","0","OK","","https://www.itftennis.com/en/players/emerson-jones/800672826/aus/jt/s/itf-points-breakdown/"
"Girls","83","iulia-maria-buculei","Iulia Maria Buculei","ROU","845","52","50","2","26","24","6","6","0","0","OK","","https://www.itftennis.com/en/players/iulia-maria-buculei/800595539/rou/jt/s/itf-points-breakdown/"
"Girls","84","riyo-yoshida","Riyo Yoshida","JPN","833","54","52","2","27","25","6","6","0","0","OK","","https://www.itftennis.com/en/players/riyo-yoshida/800671760/jpn/jt/s/itf-points-breakdown/"
"Girls","85","anita-tu","Anita Tu","USA","826.75","35","35","0","20","15","6","6","0","0","OK","","https://www.itftennis.com/en/players/anita-tu/800703935/usa/jt/s/itf-points-breakdown/"
"Girls","86","oliwia-sybicka","Oliwia Sybicka","POL","817.75","24","24","0","14","10","6","6","0","0","OK","","https://www.itftennis.com/en/players/oliwia-sybicka/800656578/pol/jt/s/itf-points-breakdown/"
"Girls","87","carrie-anne-hoo","Carrie-Anne Hoo","USA","792.25","38","36","2","18","18","6","6","0","0","OK","","https://www.itftennis.com/en/players/carrie-anne-hoo/800732202/usa/jt/s/itf-points-breakdown/"
"Girls","88","tea-kovacevic","Tea Kovacevic","BIH","789.25","37","36","1","18","18","6","6","0","0","OK","","https://www.itftennis.com/en/players/tea-kovacevic/800781002/bih/jt/s/itf-points-breakdown/"
"Girls","89","ireland-obrien","Ireland O'Brien","USA","789","47","45","2","23","22","6","6","0","0","OK","","https://www.itftennis.com/en/players/ireland-obrien/800727956/usa/jt/s/itf-points-breakdown/"
"Girls","90","marija-lauva","Marija Lauva","LAT","786.25","30","29","1","16","13","6","6","0","0","OK","","https://www.itftennis.com/en/players/marija-lauva/800597508/lat/jt/s/itf-points-breakdown/"
"Girls","91","yael-saffar","Yael Saffar","USA","772.5","36","36","0","19","17","6","6","0","0","OK","","https://www.itftennis.com/en/players/yael-saffar/800693144/usa/jt/s/itf-points-breakdown/"
"Girls","92","anna-pircher","Anna Pircher","AUT","771.25","11","11","0","6","5","6","5","0","0","OK","","https://www.itftennis.com/en/players/anna-pircher/800647979/aut/jt/s/itf-points-breakdown/"
"Girls","93","klara-blazkova","Klara Blazkova","CZE","765.25","33","33","0","18","15","6","6","0","0","OK","","https://www.itftennis.com/en/players/klara-blazkova/800595543/cze/jt/s/itf-points-breakdown/"
"Girls","94","marianne-angel","Marianne Angel","MEX","763","42","40","2","20","20","6","6","0","0","OK","","https://www.itftennis.com/en/players/marianne-angel/800655687/mex/jt/s/itf-points-breakdown/"
"Girls","95","arina-malygina","Arina Malygina","RUS","763","28","28","0","14","14","6","6","0","0","OK","","https://www.itftennis.com/en/players/arina-malygina/800590696/rus/jt/s/itf-points-breakdown/"
"Girls","96","emery-combs","Emery Combs","USA","759.5","31","31","0","16","15","6","6","0","0","OK","","https://www.itftennis.com/en/players/emery-combs/800785739/usa/jt/s/itf-points-breakdown/"
"Girls","97","barbara-kostecka","Barbara Kostecka","POL","723.75","36","34","2","18","16","6","6","0","0","OK","","https://www.itftennis.com/en/players/barbara-kostecka/800621244/pol/jt/s/itf-points-breakdown/"
"Girls","98","jizelle-sibai","Jizelle Sibai","AUS","755","40","40","0","20","20","6","6","0","0","OK","","https://www.itftennis.com/en/players/jizelle-sibai/800725207/aus/jt/s/itf-points-breakdown/"
"Girls","99","kristyna-dulikova","Kristyna Dulikova","CZE","743.75","37","37","0","19","18","6","6","0","0","OK","","https://www.itftennis.com/en/players/kristyna-dulikova/800664341/cze/jt/s/itf-points-breakdown/"
"Girls","100","nikola-farkasova","Nikola Farkasova","SVK","599.25","20","18","2","10","8","6","6","0","0","OK","","https://www.itftennis.com/en/players/nikola-farkasova/800640040/svk/jt/s/itf-points-breakdown/"
"Girls","101","kennedy-drenser-hagmann","Kennedy Drenser-Hagmann","USA","733","24","24","0","12","12","6","6","0","0","OK","","https://www.itftennis.com/en/players/kennedy-drenser-hagmann/800765496/usa/jt/s/itf-points-breakdown/"
"Girls","102","jahnie-van-zyl","Jahnie Van Zyl","RSA","726.5","22","22","0","12","10","6","6","0","0","OK","","https://www.itftennis.com/en/players/jahnie-van-zyl/800694788/rsa/jt/s/itf-points-breakdown/"
"Girls","103","elfya-ba","Elfya Ba","BEL","724.75","22","22","0","12","10","6","6","0","0","OK","","https://www.itftennis.com/en/players/elfya-ba/800660470/bel/jt/s/itf-points-breakdown/"
"Girls","104","noelia-manta","Noelia Manta","SUI","722.25","37","37","0","19","18","6","6","0","0","OK","","https://www.itftennis.com/en/players/noelia-manta/800660727/sui/jt/s/itf-points-breakdown/"
"Girls","105","pavla-sviglerova","Pavla Sviglerova","CZE","719.5","44","42","2","24","18","6","6","0","0","OK","","https://www.itftennis.com/en/players/pavla-sviglerova/800656994/cze/jt/s/itf-points-breakdown/"
"Girls","106","ana-petkovic","Ana Petkovic","CRO","710","33","33","0","18","15","6","6","0","0","OK","","https://www.itftennis.com/en/players/ana-petkovic/800602615/cro/jt/s/itf-points-breakdown/"
"Girls","107","yeri-hong","Yeri Hong","KOR","709.25","25","25","0","14","11","6","6","0","0","OK","","https://www.itftennis.com/en/players/yeri-hong/800665797/kor/jt/s/itf-points-breakdown/"
"Girls","108","maja-pawelska","Maja Pawelska","POL","706.75","31","31","0","17","14","6","6","0","0","OK","","https://www.itftennis.com/en/players/maja-pawelska/800598981/pol/jt/s/itf-points-breakdown/"
"Girls","109","avery-alexander","Avery Alexander","CAN","703.5","25","25","0","13","12","6","6","0","0","OK","","https://www.itftennis.com/en/players/avery-alexander/800726871/can/jt/s/itf-points-breakdown/"
"Girls","110","mailuodi-lei","Mailuodi Lei","CHN","698","36","35","1","20","15","6","6","0","0","OK","","https://www.itftennis.com/en/players/mailuodi-lei/800750798/chn/jt/s/itf-points-breakdown/"
"Girls","111","mika-stojsavljevic","Mika Stojsavljevic","GBR","697.5","5","5","0","3","2","3","2","0","0","OK","","https://www.itftennis.com/en/players/mika-stojsavljevic/800645834/gbr/jt/s/itf-points-breakdown/"
"Girls","112","sofie-maresova","Sofie Maresova","CZE","697.25","34","34","0","19","15","6","6","0","0","OK","","https://www.itftennis.com/en/players/sofie-maresova/800595274/cze/jt/s/itf-points-breakdown/"
"Girls","113","luna-vujovic","Luna Vujovic","SRB","180","11","9","2","5","4","5","4","0","0","OK","","https://www.itftennis.com/en/players/luna-vujovic/800621243/srb/jt/s/itf-points-breakdown/"
"Girls","114","adla-lopez","Adla Lopez","USA","696.25","28","27","1","15","12","6","6","0","0","OK","","https://www.itftennis.com/en/players/adla-lopez/800668234/usa/jt/s/itf-points-breakdown/"
"Girls","115","londyn-mccord","Londyn McCord","USA","678","28","28","0","16","12","6","6","0","0","OK","","https://www.itftennis.com/en/players/londyn-mccord/800691106/usa/jt/s/itf-points-breakdown/"
"Girls","116","michelle-khomich","Michelle Khomich","GER","674.25","32","31","1","17","14","6","6","0","0","OK","","https://www.itftennis.com/en/players/michelle-khomich/800598381/ger/jt/s/itf-points-breakdown/"
"Girls","117","thara-gowda","Thara Gowda","USA","668","26","26","0","15","11","6","6","0","0","OK","","https://www.itftennis.com/en/players/thara-gowda/800742299/usa/jt/s/itf-points-breakdown/"
"Girls","118","giselle-isabella-guillen","Giselle Isabella Guillen","AUS","666","16","16","0","9","7","6","6","0","0","OK","","https://www.itftennis.com/en/players/giselle-isabella-guillen/800672091/aus/jt/s/itf-points-breakdown/"
"Girls","119","xinle-geng","Xinle Geng","CHN","658.75","16","16","0","10","6","6","6","0","0","OK","","https://www.itftennis.com/en/players/xinle-geng/800693459/chn/jt/s/itf-points-breakdown/"
"Girls","120","miku-kitaoka","Miku Kitaoka","JPN","658.5","30","30","0","15","15","6","6","0","0","OK","","https://www.itftennis.com/en/players/miku-kitaoka/800710011/jpn/jt/s/itf-points-breakdown/"
"Girls","121","elsa-bonelli","Elsa Bonelli","SUI","657.25","30","30","0","17","13","6","6","0","0","OK","","https://www.itftennis.com/en/players/elsa-bonelli/800655655/sui/jt/s/itf-points-breakdown/"
"Girls","122","isabelle-thi-deluccia-deluccia","Isabelle Thi DeLuccia DeLuccia","USA","613.75","40","38","2","20","18","6","6","0","0","OK","","https://www.itftennis.com/en/players/isabelle-thi-deluccia-deluccia/800660315/usa/jt/s/itf-points-breakdown/"
"Girls","123","lujza-beviz","Lujza Beviz","HUN","648.25","28","28","0","15","13","6","6","0","0","OK","","https://www.itftennis.com/en/players/lujza-beviz/800665359/hun/jt/s/itf-points-breakdown/"
"Girls","124","candela-vazquez","Candela Vazquez","ARG","647.5","13","11","2","7","4","6","4","0","0","OK","","https://www.itftennis.com/en/players/candela-vazquez/800638511/arg/jt/s/itf-points-breakdown/"
"Girls","125","sona-depesova","Sona Depesova","SVK","609","32","31","1","17","14","6","6","0","0","OK","","https://www.itftennis.com/en/players/sona-depesova/800596280/svk/jt/s/itf-points-breakdown/"
"Girls","126","carlota-moreno","Carlota Moreno","USA","636.25","20","20","0","10","10","6","6","0","0","OK","","https://www.itftennis.com/en/players/carlota-moreno/800829633/usa/jt/s/itf-points-breakdown/"
"Girls","127","kali-supova","Kali Supova","SVK","588.5","22","20","2","11","9","6","6","0","0","OK","","https://www.itftennis.com/en/players/kali-supova/800654767/svk/jt/s/itf-points-breakdown/"
"Girls","128","isabella-angelina-abendroth","Isabella Angelina Abendroth","GER","631.75","24","24","0","12","12","6","6","0","0","OK","","https://www.itftennis.com/en/players/isabella-angelina-abendroth/800654350/ger/jt/s/itf-points-breakdown/"
"Girls","129","ophelia-korpanec-davies","Ophelia Korpanec Davies","GBR","629","43","43","0","22","21","6","6","0","0","OK","","https://www.itftennis.com/en/players/ophelia-korpanec-davies/800643318/gbr/jt/s/itf-points-breakdown/"
"Girls","130","aishi-das","Aishi Das","NZL","628","18","18","0","9","9","6","6","0","0","OK","","https://www.itftennis.com/en/players/aishi-das/800652356/nzl/jt/s/itf-points-breakdown/"
"Girls","131","daria-kuznetsova","Daria Kuznetsova","RUS","604","26","24","2","12","12","6","6","0","0","OK","","https://www.itftennis.com/en/players/daria-kuznetsova/800587951/rus/jt/s/itf-points-breakdown/"
"Girls","132","sophie-triquart","Sophie Triquart","GER","620.5","38","38","0","20","18","6","6","0","0","OK","","https://www.itftennis.com/en/players/sophie-triquart/800672327/ger/jt/s/itf-points-breakdown/"
"Girls","133","sofia-iakukhina","Sofia Iakukhina","RUS","617.5","29","29","0","16","13","6","6","0","0","OK","","https://www.itftennis.com/en/players/sofia-iakukhina/800764262/rus/jt/s/itf-points-breakdown/"
"Girls","134","nathalia-pontes-tourinho","Nathalia Pontes Tourinho","BRA","616","31","31","0","16","15","6","6","0","0","OK","","https://www.itftennis.com/en/players/nathalia-pontes-tourinho/800687687/bra/jt/s/itf-points-breakdown/"
"Girls","135","sakino-miyazawa","Sakino Miyazawa","JPN","612.5","18","18","0","10","8","6","6","0","0","OK","","https://www.itftennis.com/en/players/sakino-miyazawa/800711402/jpn/jt/s/itf-points-breakdown/"
"Girls","136","allison-wang","Allison Wang","USA","609.75","21","21","0","12","9","6","6","0","0","OK","","https://www.itftennis.com/en/players/allison-wang/800792877/usa/jt/s/itf-points-breakdown/"
"Girls","137","masa-jankovic","Masa Jankovic","SRB","609.25","30","30","0","17","13","6","6","0","0","OK","","https://www.itftennis.com/en/players/masa-jankovic/800587914/srb/jt/s/itf-points-breakdown/"
"Girls","138","ada-kumru","Ada Kumru","TUR","608.5","20","20","0","11","9","6","6","0","0","OK","","https://www.itftennis.com/en/players/ada-kumru/800591943/tur/jt/s/itf-points-breakdown/"
"Girls","139","camille-allegre","Camille Allegre","USA","606.5","32","32","0","16","16","6","6","0","0","OK","","https://www.itftennis.com/en/players/camille-allegre/800737888/usa/jt/s/itf-points-breakdown/"
"Girls","140","sarah-mildren","Sarah Mildren","AUS","603","18","18","0","9","9","6","6","0","0","OK","","https://www.itftennis.com/en/players/sarah-mildren/800679611/aus/jt/s/itf-points-breakdown/"
"Girls","141","tahlia-kokkinis","Tahlia Kokkinis","AUS","540","12","10","2","6","4","6","4","0","0","OK","","https://www.itftennis.com/en/players/tahlia-kokkinis/800675688/aus/jt/s/itf-points-breakdown/"
"Girls","142","ru-xi-wu","Ru Xi Wu","CHN","597.5","32","32","0","17","15","6","6","0","0","OK","","https://www.itftennis.com/en/players/ru-xi-wu/800753704/chn/jt/s/itf-points-breakdown/"
"Girls","143","ayse-bal","Ayse Bal","TUR","590","34","34","0","18","16","6","6","0","0","OK","","https://www.itftennis.com/en/players/ayse-bal/800661601/tur/jt/s/itf-points-breakdown/"
"Girls","144","nehir-dogan","Nehir Dogan","TUR","586.25","39","39","0","21","18","6","6","0","0","OK","","https://www.itftennis.com/en/players/nehir-dogan/800585002/tur/jt/s/itf-points-breakdown/"
"Girls","145","keisija-berzina","Keisija Berzina","LAT","580.5","32","32","0","18","14","6","6","0","0","OK","","https://www.itftennis.com/en/players/keisija-berzina/800662436/lat/jt/s/itf-points-breakdown/"
"Girls","146","capucine-jauffret","Capucine Jauffret","USA","579.75","29","29","0","15","14","6","6","0","0","OK","","https://www.itftennis.com/en/players/capucine-jauffret/800653329/usa/jt/s/itf-points-breakdown/"
"Girls","147","laura-valentine-pop","Laura Valentine Pop","FRA","578.75","43","41","2","21","20","6","6","0","0","OK","","https://www.itftennis.com/en/players/laura-valentine-pop/800589634/fra/jt/s/itf-points-breakdown/"
"Girls","148","diya-ramesh-ramesh","Diya Ramesh Ramesh","IND","577.5","36","36","0","19","17","6","6","0","0","OK","","https://www.itftennis.com/en/players/diya-ramesh-ramesh/800692381/ind/jt/s/itf-points-breakdown/"
"Girls","149","elizaveta-anikina","Elizaveta Anikina","EST","577.5","20","19","1","10","9","6","6","0","0","OK","","https://www.itftennis.com/en/players/elizaveta-anikina/800696293/est/jt/s/itf-points-breakdown/"
"Girls","150","darina-matvejeva","Darina Matvejeva","LAT","572.75","17","17","0","14","3","6","3","0","0","OK","","https://www.itftennis.com/en/players/darina-matvejeva/800687278/lat/jt/s/itf-points-breakdown/"
"Girls","151","capucine-cedillo-vayson-de-pradenne","Capucine Cedillo- Vayson de Pradenne","FRA","568.5","37","35","2","18","17","6","6","0","0","OK","","https://www.itftennis.com/en/players/capucine-cedillo-vayson-de-pradenne/800630721/fra/jt/s/itf-points-breakdown/"
"Girls","152","kori-montoya","Kori Montoya","USA","567.5","44","44","0","22","22","6","6","0","0","OK","","https://www.itftennis.com/en/players/kori-montoya/800681271/usa/jt/s/itf-points-breakdown/"
"Girls","153","ran-wakana","Ran Wakana","JPN","566.5","16","16","0","8","8","6","6","0","0","OK","","https://www.itftennis.com/en/players/ran-wakana/800708388/jpn/jt/s/itf-points-breakdown/"
"Girls","154","karlin-schock","Karlin Schock","USA","565.75","33","33","0","17","16","6","6","0","0","OK","","https://www.itftennis.com/en/players/karlin-schock/800726353/usa/jt/s/itf-points-breakdown/"
"Girls","155","kokona-ishii","Kokona Ishii","JPN","560.25","25","23","2","12","11","6","6","0","0","OK","","https://www.itftennis.com/en/players/kokona-ishii/800696764/jpn/jt/s/itf-points-breakdown/"
"Girls","156","sofia-barhacova","Sofia Barhacova","SVK","555.5","36","34","2","17","17","6","6","0","0","OK","","https://www.itftennis.com/en/players/sofia-barhacova/800664895/svk/jt/s/itf-points-breakdown/"
"Girls","157","alexandra-cheishvili","Alexandra Cheishvili","RUS","555.5","34","34","0","17","17","6","6","0","0","OK","","https://www.itftennis.com/en/players/alexandra-cheishvili/800586889/rus/jt/s/itf-points-breakdown/"
"Girls","158","andrea-cabio","Andrea Cabio","CAN","554.25","37","37","0","19","18","6","6","0","0","OK","","https://www.itftennis.com/en/players/andrea-cabio/800684996/can/jt/s/itf-points-breakdown/"
"Girls","159","ioana-stefania-boian","Ioana Stefania Boian","ROU","500.5","35","33","2","18","15","6","6","0","0","OK","","https://www.itftennis.com/en/players/ioana-stefania-boian/800639382/rou/jt/s/itf-points-breakdown/"
"Girls","160","anna-bazderova","Anna Bazderova","RUS","539","17","15","2","9","6","6","6","0","0","OK","","https://www.itftennis.com/en/players/anna-bazderova/800644108/rus/jt/s/itf-points-breakdown/"
"Girls","161","annika-penickova","Annika Penickova","USA","547.25","9","9","0","5","4","5","4","0","0","OK","","https://www.itftennis.com/en/players/annika-penickova/800719372/usa/jt/s/itf-points-breakdown/"
"Girls","162","anya-arora","Anya Arora","USA","546","23","23","0","12","11","6","6","0","0","OK","","https://www.itftennis.com/en/players/anya-arora/800778327/usa/jt/s/itf-points-breakdown/"
"Girls","163","anna-kartseva","Anna Kartseva","RUS","544.25","17","17","0","9","8","6","6","0","0","OK","","https://www.itftennis.com/en/players/anna-kartseva/800587831/rus/jt/s/itf-points-breakdown/"
"Girls","164","polina-orlova","Polina Orlova","RUS","541","23","23","0","12","11","6","6","0","0","OK","","https://www.itftennis.com/en/players/polina-orlova/800805629/rus/jt/s/itf-points-breakdown/"
"Girls","165","rira-kosaka","Rira Kosaka","JPN","538.25","31","31","0","16","15","6","6","0","0","OK","","https://www.itftennis.com/en/players/rira-kosaka/800642724/jpn/jt/s/itf-points-breakdown/"
"Girls","166","caroline-hermanns","Caroline Hermanns","DEN","534.75","39","39","0","20","19","6","6","0","0","OK","","https://www.itftennis.com/en/players/caroline-hermanns/800662490/den/jt/s/itf-points-breakdown/"
"Girls","167","julie-pastikova","Julie Pastikova","CZE","465.25","11","9","2","5","4","5","4","0","0","OK","","https://www.itftennis.com/en/players/julie-pastikova/800668434/cze/jt/s/itf-points-breakdown/"
"Girls","168","ellen-hirschi","Ellen Hirschi","AUS","529.25","52","52","0","27","25","6","6","0","0","OK","","https://www.itftennis.com/en/players/ellen-hirschi/800684523/aus/jt/s/itf-points-breakdown/"
"Girls","169","gabriela-paun","Gabriela Paun","ESP","503.75","25","24","1","13","11","6","6","0","0","OK","","https://www.itftennis.com/en/players/gabriela-paun/800622037/esp/jt/s/itf-points-breakdown/"
"Girls","170","xiaotong-wang","Xiaotong Wang","CHN","527.5","41","41","0","21","20","6","6","0","0","OK","","https://www.itftennis.com/en/players/xiaotong-wang/800732376/chn/jt/s/itf-points-breakdown/"
"Girls","171","nina-andronicou","Nina Andronicou","CYP","525","28","28","0","16","12","6","6","0","0","OK","","https://www.itftennis.com/en/players/nina-andronicou/800589402/cyp/jt/s/itf-points-breakdown/"
"Girls","172","sabrina-balderrama","Sabrina Balderrama","VEN","523","31","29","2","17","12","6","6","0","0","OK","","https://www.itftennis.com/en/players/sabrina-balderrama/800660486/ven/jt/s/itf-points-breakdown/"
"Girls","173","lucia-rodriguez","Lucia Rodriguez","ESP","521.5","23","23","0","13","10","6","6","0","0","OK","","https://www.itftennis.com/en/players/lucia-rodriguez/800632088/esp/jt/s/itf-points-breakdown/"
"Girls","174","scarlett-fagan","Scarlett Fagan","USA","511","30","30","0","16","14","6","6","0","0","OK","","https://www.itftennis.com/en/players/scarlett-fagan/800764753/usa/jt/s/itf-points-breakdown/"
"Girls","175","dusica-popovski","Dusica Popovski","SRB","507.5","24","23","1","12","11","6","6","0","0","OK","","https://www.itftennis.com/en/players/dusica-popovski/800598811/srb/jt/s/itf-points-breakdown/"
"Girls","176","yui-komada","Yui Komada","JPN","503.75","26","26","0","13","13","6","6","0","0","OK","","https://www.itftennis.com/en/players/yui-komada/800708129/jpn/jt/s/itf-points-breakdown/"
"Girls","177","leticia-alessia-bazan-bazan","Leticia Alessia Bazan Bazan","PER","479","29","28","1","14","14","6","6","0","0","OK","","https://www.itftennis.com/en/players/leticia-alessia-bazan-bazan/800672692/per/jt/s/itf-points-breakdown/"
"Girls","178","minami-suzuki","Minami Suzuki","JPN","502.5","17","17","0","9","8","6","6","0","0","OK","","https://www.itftennis.com/en/players/minami-suzuki/800771032/jpn/jt/s/itf-points-breakdown/"
"Girls","179","sarina-schnyder","Sarina Schnyder","SUI","501.5","34","34","0","18","16","6","6","0","0","OK","","https://www.itftennis.com/en/players/sarina-schnyder/800598087/sui/jt/s/itf-points-breakdown/"
"Girls","180","sara-oliveriusova","Sara Oliveriusova","CZE","415.75","40","38","2","22","16","6","6","0","0","OK","","https://www.itftennis.com/en/players/sara-oliveriusova/800646526/cze/jt/s/itf-points-breakdown/"
"Girls","181","armira-kockinis","Armira Kockinis","USA","495","21","21","0","12","9","6","6","0","0","OK","","https://www.itftennis.com/en/players/armira-kockinis/800758765/usa/jt/s/itf-points-breakdown/"
"Girls","182","antonia-stoyanov","Antonia Stoyanov","NED","386.25","11","9","2","5","4","5","4","0","0","OK","","https://www.itftennis.com/en/players/antonia-stoyanov/800632483/ned/jt/s/itf-points-breakdown/"
"Girls","183","catalina-delmas-schaerer","Catalina Delmas Schaerer","PAR","490.75","38","36","2","19","17","6","6","0","0","OK","","https://www.itftennis.com/en/players/catalina-delmas-schaerer/800655608/par/jt/s/itf-points-breakdown/"
"Girls","184","jensi-dipakbhai-kanabar","Jensi Dipakbhai Kanabar","IND","486","9","9","0","5","4","5","4","0","0","OK","","https://www.itftennis.com/en/players/jensi-dipakbhai-kanabar/800741292/ind/jt/s/itf-points-breakdown/"
"Girls","185","brooke-wallman","Brooke Wallman","USA","483.25","32","32","0","17","15","6","6","0","0","OK","","https://www.itftennis.com/en/players/brooke-wallman/800730101/usa/jt/s/itf-points-breakdown/"
"Girls","186","natsuki-irokawa","Natsuki Irokawa","JPN","480.5","20","20","0","10","10","6","6","0","0","OK","","https://www.itftennis.com/en/players/natsuki-irokawa/800702424/jpn/jt/s/itf-points-breakdown/"
"Girls","187","ofir-manhard","ofir manhard","ISR","478","27","27","0","14","13","6","6","0","0","OK","","https://www.itftennis.com/en/players/ofir-manhard/800655000/isr/jt/s/itf-points-breakdown/"
"Girls","188","ena-ilic","Ena Ilic","SRB","477.25","19","19","0","10","9","6","6","0","0","OK","","https://www.itftennis.com/en/players/ena-ilic/800668189/srb/jt/s/itf-points-breakdown/"
"Girls","189","carla-vazquez-alcudia","Carla Vazquez Alcudia","ESP","477","32","32","0","16","16","6","6","0","0","OK","","https://www.itftennis.com/en/players/carla-vazquez-alcudia/800676215/esp/jt/s/itf-points-breakdown/"
"Girls","190","valeria-garnevska","Valeria Garnevska","BUL","431","19","17","2","9","8","6","6","0","0","OK","","https://www.itftennis.com/en/players/valeria-garnevska/800639234/bul/jt/s/itf-points-breakdown/"
"Girls","191","vasilisa-taranova","Vasilisa Taranova","RUS","472.5","17","17","0","9","8","6","6","0","0","OK","","https://www.itftennis.com/en/players/vasilisa-taranova/800780175/rus/jt/s/itf-points-breakdown/"
"Girls","192","clemence-mercier","Clemence Mercier","CAN","442.75","38","37","1","19","18","6","6","0","0","OK","","https://www.itftennis.com/en/players/clemence-mercier/800678384/can/jt/s/itf-points-breakdown/"
"Girls","193","allegra-van-der-walt","Allegra van der Walt","RSA","465","16","16","0","8","8","6","6","0","0","OK","","https://www.itftennis.com/en/players/allegra-van-der-walt/800679181/rsa/jt/s/itf-points-breakdown/"
"Girls","194","kseniia-akhrameeva","Kseniia Akhrameeva","RUS","461.5","30","30","0","15","15","6","6","0","0","OK","","https://www.itftennis.com/en/players/kseniia-akhrameeva/800691563/rus/jt/s/itf-points-breakdown/"
"Girls","195","olivia-de-los-reyes","Olivia De Los Reyes","USA","460.5","31","31","0","16","15","6","6","0","0","OK","","https://www.itftennis.com/en/players/olivia-de-los-reyes/800785150/usa/jt/s/itf-points-breakdown/"
"Girls","196","vittoria-vignolini","Vittoria Vignolini","ITA","459.75","19","18","1","11","7","6","6","0","0","OK","","https://www.itftennis.com/en/players/vittoria-vignolini/800642979/ita/jt/s/itf-points-breakdown/"
"Girls","197","maria-eduarda-carbone-dos-santos","Maria Eduarda Carbone dos Santos","BRA","457.5","28","28","0","15","13","6","6","0","0","OK","","https://www.itftennis.com/en/players/maria-eduarda-carbone-dos-santos/800713288/bra/jt/s/itf-points-breakdown/"
"Girls","198","nadia-affelt","Nadia Affelt","POL","421.25","24","23","1","13","10","6","6","0","0","OK","","https://www.itftennis.com/en/players/nadia-affelt/800665091/pol/jt/s/itf-points-breakdown/"
"Girls","199","sophie-bekker","Sophie Bekker","GBR","457.25","20","20","0","16","4","6","4","0","0","OK","","https://www.itftennis.com/en/players/sophie-bekker/800598081/gbr/jt/s/itf-points-breakdown/"
"Girls","200","eva-korysheva","Eva Korysheva","KAZ","455","31","31","0","16","15","6","6","0","0","OK","","https://www.itftennis.com/en/players/eva-korysheva/800632255/kaz/jt/s/itf-points-breakdown/"
"Girls","201","ellery-mendell","Ellery Mendell","USA","454.75","19","19","0","10","9","6","6","0","0","OK","","https://www.itftennis.com/en/players/ellery-mendell/800725103/usa/jt/s/itf-points-breakdown/"
"Girls","202","isidora-lisboa","Isidora Lisboa","CHI","453.75","22","22","0","11","11","6","6","0","0","OK","","https://www.itftennis.com/en/players/isidora-lisboa/800718202/chi/jt/s/itf-points-breakdown/"
"Girls","203","yleymi-lugiana-muelle-valdez","Yleymi Lugiana Muelle Valdez","PER","449","14","14","0","8","6","6","6","0","0","OK","","https://www.itftennis.com/en/players/yleymi-lugiana-muelle-valdez/800604494/per/jt/s/itf-points-breakdown/"
"Girls","204","audrey-kao","Audrey Kao","TPE","446.5","35","35","0","19","16","6","6","0","0","OK","","https://www.itftennis.com/en/players/audrey-kao/800712922/tpe/jt/s/itf-points-breakdown/"
"Girls","205","angelica-sara","Angelica Sara","ITA","411.5","24","22","2","11","11","6","6","0","0","OK","","https://www.itftennis.com/en/players/angelica-sara/800637116/ita/jt/s/itf-points-breakdown/"
"Girls","206","daria-bilyk","Daria Bilyk","UKR","441.5","32","32","0","17","15","6","6","0","0","OK","","https://www.itftennis.com/en/players/daria-bilyk/800734391/ukr/jt/s/itf-points-breakdown/"
"Girls","207","laura-masarykova","Laura Masarykova","SVK","440","24","24","0","13","11","6","6","0","0","OK","","https://www.itftennis.com/en/players/laura-masarykova/800732065/svk/jt/s/itf-points-breakdown/"
"Girls","208","vanessa-svobodova","Vanessa Svobodova","CZE","437","39","39","0","21","18","6","6","0","0","OK","","https://www.itftennis.com/en/players/vanessa-svobodova/800652535/cze/jt/s/itf-points-breakdown/"
"Girls","209","edie-griffiths","Edie Griffiths","GBR","436","32","32","0","16","16","6","6","0","0","OK","","https://www.itftennis.com/en/players/edie-griffiths/800664865/gbr/jt/s/itf-points-breakdown/"
"Girls","210","peien-deng","Peien Deng","CHN","434.75","24","24","0","12","12","6","6","0","0","OK","","https://www.itftennis.com/en/players/peien-deng/800712943/chn/jt/s/itf-points-breakdown/"
"Girls","211","azuna-ichioka","Azuna Ichioka","JPN","433.5","20","18","2","9","9","6","6","0","0","OK","","https://www.itftennis.com/en/players/azuna-ichioka/800640605/jpn/jt/s/itf-points-breakdown/"
"Girls","212","elicia-lin","Elicia Lin","CAN","422","34","32","2","18","14","6","6","0","0","OK","","https://www.itftennis.com/en/players/elicia-lin/800722126/can/jt/s/itf-points-breakdown/"
"Girls","213","lydia-panagiotidou","LYDIA PANAGIOTIDOU","GRE","427.5","31","31","0","16","15","6","6","0","0","OK","","https://www.itftennis.com/en/players/lydia-panagiotidou/800662933/gre/jt/s/itf-points-breakdown/"
"Girls","214","ana-avramovic","Ana Avramovic","USA","426.25","42","42","0","22","20","6","6","0","0","OK","","https://www.itftennis.com/en/players/ana-avramovic/800652919/usa/jt/s/itf-points-breakdown/"
"Girls","215","polina-nikitina","Polina Nikitina","RUS","425","21","21","0","11","10","6","6","0","0","OK","","https://www.itftennis.com/en/players/polina-nikitina/800630879/rus/jt/s/itf-points-breakdown/"
"Girls","216","nehira-sanon","Nehira Sanon","FRA","421","23","23","0","12","11","6","6","0","0","OK","","https://www.itftennis.com/en/players/nehira-sanon/800626636/fra/jt/s/itf-points-breakdown/"
"Girls","217","fabiola-marino","Fabiola Marino","ITA","417.5","23","21","2","12","9","6","6","0","0","OK","","https://www.itftennis.com/en/players/fabiola-marino/800594116/ita/jt/s/itf-points-breakdown/"
"Girls","218","eliska-drevojanova","Eliska Drevojanova","CZE","413.5","35","35","0","18","17","6","6","0","0","OK","","https://www.itftennis.com/en/players/eliska-drevojanova/800672178/cze/jt/s/itf-points-breakdown/"
"Girls","219","gloria-reusch","Gloria Reusch","GER","411.75","33","33","0","18","15","6","6","0","0","OK","","https://www.itftennis.com/en/players/gloria-reusch/800671706/ger/jt/s/itf-points-breakdown/"
"Girls","220","albina-kakenova","Albina Kakenova","KAZ","409.5","36","36","0","18","18","6","6","0","0","OK","","https://www.itftennis.com/en/players/albina-kakenova/800543426/kaz/jt/s/itf-points-breakdown/"
"Girls","221","varvara-vinogradova","Varvara Vinogradova","RUS","409.25","22","22","0","15","7","6","6","0","0","OK","","https://www.itftennis.com/en/players/varvara-vinogradova/800683370/rus/jt/s/itf-points-breakdown/"
"Girls","222","rahaf-mostafa","Rahaf Mostafa","EGY","404.75","24","24","0","13","11","6","6","0","0","OK","","https://www.itftennis.com/en/players/rahaf-mostafa/800689372/egy/jt/s/itf-points-breakdown/"
"Girls","223","tatyana-golovina","Tatyana Golovina","RUS","404.5","24","22","2","11","11","6","6","0","0","OK","","https://www.itftennis.com/en/players/tatyana-golovina/800675131/rus/jt/s/itf-points-breakdown/"
"Girls","224","anastasiia-sorska","Anastasiia Sorska","UKR","394.5","26","24","2","13","11","6","6","0","0","OK","","https://www.itftennis.com/en/players/anastasiia-sorska/800650824/ukr/jt/s/itf-points-breakdown/"
"Girls","225","roxy-bredenkamp","Roxy Bredenkamp","RSA","401.5","32","32","0","16","16","6","6","0","0","OK","","https://www.itftennis.com/en/players/roxy-bredenkamp/800725240/rsa/jt/s/itf-points-breakdown/"
"Girls","226","filipa-delgado","Filipa Delgado","USA","400","40","38","2","22","16","6","6","0","0","OK","","https://www.itftennis.com/en/players/filipa-delgado/800718567/usa/jt/s/itf-points-breakdown/"
"Girls","227","tori-russell","Tori Russell","AUS","399","29","29","0","15","14","6","6","0","0","OK","","https://www.itftennis.com/en/players/tori-russell/800747553/aus/jt/s/itf-points-breakdown/"
"Girls","228","caroline-shao","Caroline Shao","USA","398.5","21","21","0","12","9","6","6","0","0","OK","","https://www.itftennis.com/en/players/caroline-shao/800771024/usa/jt/s/itf-points-breakdown/"
"Girls","229","megan-knight","Megan Knight","GBR","398.5","25","25","0","13","12","6","6","0","0","OK","","https://www.itftennis.com/en/players/megan-knight/800668351/gbr/jt/s/itf-points-breakdown/"
"Girls","230","gwendolyn-fedel","Gwendolyn Fedel","GER","398.5","32","31","1","19","12","6","6","0","0","OK","","https://www.itftennis.com/en/players/gwendolyn-fedel/800600260/ger/jt/s/itf-points-breakdown/"
"Girls","231","kathryn-cragg","Kathryn Cragg","USA","398","17","17","0","12","5","6","5","0","0","OK","","https://www.itftennis.com/en/players/kathryn-cragg/800802849/usa/jt/s/itf-points-breakdown/"
"Girls","232","romina-dominguez-garcia","Romina Dominguez Garcia","MEX","394.5","31","31","0","16","15","6","6","0","0","OK","","https://www.itftennis.com/en/players/romina-dominguez-garcia/800688060/mex/jt/s/itf-points-breakdown/"
"Girls","233","hanne-estrada-cortes","Hanne Estrada Cortes","MEX","357","38","36","2","18","18","6","6","0","0","OK","","https://www.itftennis.com/en/players/hanne-estrada-cortes/800647681/mex/jt/s/itf-points-breakdown/"
"Girls","234","lingling-zhu","Lingling Zhu","CHN","391.5","41","39","2","21","18","6","6","0","0","OK","","https://www.itftennis.com/en/players/lingling-zhu/800702391/chn/jt/s/itf-points-breakdown/"
"Girls","235","anna-yang","Anna Yang","CHN","387","24","24","0","14","10","6","6","0","0","OK","","https://www.itftennis.com/en/players/anna-yang/800731468/chn/jt/s/itf-points-breakdown/"
"Girls","236","lucie-slamenikova","Lucie Slamenikova","CZE","385.5","42","42","0","21","21","6","6","0","0","OK","","https://www.itftennis.com/en/players/lucie-slamenikova/800646012/cze/jt/s/itf-points-breakdown/"
"Girls","237","kseniia-ruchkina","Kseniia Ruchkina","RUS","384.75","14","14","0","8","6","6","6","0","0","OK","","https://www.itftennis.com/en/players/kseniia-ruchkina/800639865/rus/jt/s/itf-points-breakdown/"
"Girls","238","daniel-baranes","Daniel Baranes","FRA","375.25","26","24","2","12","12","6","6","0","0","OK","","https://www.itftennis.com/en/players/daniel-baranes/800685082/fra/jt/s/itf-points-breakdown/"
"Girls","239","kalista-papadopoulos","Kalista Papadopoulos","USA","381","44","42","2","22","20","6","6","0","0","OK","","https://www.itftennis.com/en/players/kalista-papadopoulos/800693517/usa/jt/s/itf-points-breakdown/"
"Girls","240","sophia-budacsek","Sophia Budacsek","USA","380.25","42","40","2","21","19","6","6","0","0","OK","","https://www.itftennis.com/en/players/sophia-budacsek/800746388/usa/jt/s/itf-points-breakdown/"
"Girls","241","yi-en-hua","Yi-En Hua","TPE","380.25","30","30","0","15","15","6","6","0","0","OK","","https://www.itftennis.com/en/players/yi-en-hua/800738190/tpe/jt/s/itf-points-breakdown/"
"Girls","242","aleksandra-barmicheva","Aleksandra Barmicheva","UZB","379","21","21","0","12","9","6","6","0","0","OK","","https://www.itftennis.com/en/players/aleksandra-barmicheva/800648436/uzb/jt/s/itf-points-breakdown/"
"Girls","243","eva-kaliadina","Eva Kaliadina","RUS","378","30","28","2","16","12","6","6","0","0","OK","","https://www.itftennis.com/en/players/eva-kaliadina/800631835/rus/jt/s/itf-points-breakdown/"
"Girls","244","sarra-attig","Sarra Attig","TUN","376","32","32","0","17","15","6","6","0","0","OK","","https://www.itftennis.com/en/players/sarra-attig/800674315/tun/jt/s/itf-points-breakdown/"
"Girls","245","ailish-garcia-fernandez","Ailish Garcia Fernandez","ESP","373.5","30","30","0","16","14","6","6","0","0","OK","","https://www.itftennis.com/en/players/ailish-garcia-fernandez/800694619/esp/jt/s/itf-points-breakdown/"
"Girls","246","jiayi-sun","Jiayi Sun","CHN","364.5","26","24","2","13","11","6","6","0","0","OK","","https://www.itftennis.com/en/players/jiayi-sun/800775735/chn/jt/s/itf-points-breakdown/"
"Girls","247","constanza-fernandez-rincon","Constanza Fernandez Rincon","MEX","370","29","27","2","15","12","6","6","0","0","OK","","https://www.itftennis.com/en/players/constanza-fernandez-rincon/800596707/mex/jt/s/itf-points-breakdown/"
"Girls","248","mai-sasaki","Mai Sasaki","JPN","368.5","30","30","0","15","15","6","6","0","0","OK","","https://www.itftennis.com/en/players/mai-sasaki/800745722/jpn/jt/s/itf-points-breakdown/"
"Girls","249","liv-zingg","Liv Zingg","GBR","368.5","30","28","2","14","14","6","6","0","0","OK","","https://www.itftennis.com/en/players/liv-zingg/800663836/gbr/jt/s/itf-points-breakdown/"
"Girls","250","anna-mihalka","Anna Mihalka","HUN","367.25","36","35","1","20","15","6","6","0","0","OK","","https://www.itftennis.com/en/players/anna-mihalka/800593756/hun/jt/s/itf-points-breakdown/"
"Girls","251","miyu-nishiwaki","Miyu Nishiwaki","JPN","365.25","30","30","0","16","14","6","6","0","0","OK","","https://www.itftennis.com/en/players/miyu-nishiwaki/800708405/jpn/jt/s/itf-points-breakdown/"
"Girls","252","tamina-kochta","Tamina Kochta","GER","361.75","36","36","0","20","16","6","6","0","0","OK","","https://www.itftennis.com/en/players/tamina-kochta/800659996/ger/jt/s/itf-points-breakdown/"
"Girls","253","iva-ivankovic","Iva Ivankovic","SUI","361.5","32","32","0","16","16","6","6","0","0","OK","","https://www.itftennis.com/en/players/iva-ivankovic/800715977/sui/jt/s/itf-points-breakdown/"
"Girls","254","micaela-moro-pleuss","Micaela Moro Pleuss","PER","361","34","32","2","16","16","6","6","0","0","OK","","https://www.itftennis.com/en/players/micaela-moro-pleuss/800653761/per/jt/s/itf-points-breakdown/"
"Girls","255","ciara-harding","Ciara Harding","USA","360.5","36","35","1","19","16","6","6","0","0","OK","","https://www.itftennis.com/en/players/ciara-harding/800700177/usa/jt/s/itf-points-breakdown/"
"Girls","256","carla-giambelli","Carla Giambelli","ITA","315","17","15","2","9","6","6","6","0","0","OK","","https://www.itftennis.com/en/players/carla-giambelli/800571556/ita/jt/s/itf-points-breakdown/"
"Girls","257","rozalie-vrajikova","Rozalie Vrajikova","CZE","359.5","40","40","0","22","18","6","6","0","0","OK","","https://www.itftennis.com/en/players/rozalie-vrajikova/800668270/cze/jt/s/itf-points-breakdown/"
"Girls","258","sera-park","Sera Park","KOR","358.5","33","33","0","18","15","6","6","0","0","OK","","https://www.itftennis.com/en/players/sera-park/800699757/kor/jt/s/itf-points-breakdown/"
"Girls","259","ching-ying-chen","Ching Ying Chen","TPE","358.5","33","33","0","17","16","6","6","0","0","OK","","https://www.itftennis.com/en/players/ching-ying-chen/800708182/tpe/jt/s/itf-points-breakdown/"
"Girls","260","rito-arima","Rito Arima","JPN","357","46","46","0","25","21","6","6","0","0","OK","","https://www.itftennis.com/en/players/rito-arima/800684509/jpn/jt/s/itf-points-breakdown/"
"Girls","261","nouk-kleinenberg","Nouk Kleinenberg","NED","355","34","34","0","18","16","6","6","0","0","OK","","https://www.itftennis.com/en/players/nouk-kleinenberg/800671701/ned/jt/s/itf-points-breakdown/"
"Girls","262","mariia-lazarenko","Mariia Lazarenko","UKR","354.75","5","5","0","4","1","4","1","0","0","OK","","https://www.itftennis.com/en/players/mariia-lazarenko/800636229/ukr/jt/s/itf-points-breakdown/"
"Girls","263","fangyu-shang","FANGYU SHANG","CHN","353","26","26","0","15","11","6","6","0","0","OK","","https://www.itftennis.com/en/players/fangyu-shang/800743801/chn/jt/s/itf-points-breakdown/"
"Girls","264","sena-yoon","Sena Yoon","USA","349.5","39","39","0","21","18","6","6","0","0","OK","","https://www.itftennis.com/en/players/sena-yoon/800684114/usa/jt/s/itf-points-breakdown/"
"Girls","265","aleksandra-khomitskaya","Aleksandra Khomitskaya","RUS","349.5","28","28","0","14","14","6","6","0","0","OK","","https://www.itftennis.com/en/players/aleksandra-khomitskaya/800632505/rus/jt/s/itf-points-breakdown/"
"Girls","266","ziyu-zhou","Ziyu Zhou","CHN","349","29","29","0","15","14","6","6","0","0","OK","","https://www.itftennis.com/en/players/ziyu-zhou/800778567/chn/jt/s/itf-points-breakdown/"
"Girls","267","yen-ni-chiang","Yen-Ni Chiang","TPE","348.5","36","34","2","17","17","6","6","0","0","OK","","https://www.itftennis.com/en/players/yen-ni-chiang/800732157/tpe/jt/s/itf-points-breakdown/"
"Girls","268","karina-kovalchuk","Karina Kovalchuk","UKR","347.5","31","31","0","18","13","6","6","0","0","OK","","https://www.itftennis.com/en/players/karina-kovalchuk/800598122/ukr/jt/s/itf-points-breakdown/"
"Girls","269","maria-badache","Maria Badache","ALG","347.25","17","17","0","10","7","6","6","0","0","OK","","https://www.itftennis.com/en/players/maria-badache/800687360/alg/jt/s/itf-points-breakdown/"
"Girls","270","charlize-celebrini","Charlize Celebrini","CAN","347","29","29","0","16","13","6","6","0","0","OK","","https://www.itftennis.com/en/players/charlize-celebrini/800715880/can/jt/s/itf-points-breakdown/"
"Girls","271","anastasia-malysheva","Anastasia Malysheva","CAN","346.75","22","22","0","13","9","6","6","0","0","OK","","https://www.itftennis.com/en/players/anastasia-malysheva/800725197/can/jt/s/itf-points-breakdown/"
"Girls","272","sofia-ferraris","Sofia Ferraris","ITA","345.75","21","21","0","12","9","6","6","0","0","OK","","https://www.itftennis.com/en/players/sofia-ferraris/800655701/ita/jt/s/itf-points-breakdown/"
"Girls","273","alisha-ndukwu","Alisha Ndukwu","POL","345.5","34","34","0","18","16","6","6","0","0","OK","","https://www.itftennis.com/en/players/alisha-ndukwu/800654679/pol/jt/s/itf-points-breakdown/"
"Girls","274","daniela-gonzales","daniela gonzales","PER","344","22","22","0","11","11","6","6","0","0","OK","","https://www.itftennis.com/en/players/daniela-gonzales/800674757/per/jt/s/itf-points-breakdown/"
"Girls","275","isabella-ruyu-yan","Isabella Ruyu Yan","CAN","342.5","25","25","0","12","13","6","6","0","0","OK","","https://www.itftennis.com/en/players/isabella-ruyu-yan/800740538/can/jt/s/itf-points-breakdown/"
"Girls","276","xiran-lan","Xiran Lan","CHN","339","31","31","0","16","15","6","6","0","0","OK","","https://www.itftennis.com/en/players/xiran-lan/800732423/chn/jt/s/itf-points-breakdown/"
"Girls","277","ana-cruz","Ana Cruz","BRA","333","27","25","2","13","12","6","6","0","0","OK","","https://www.itftennis.com/en/players/ana-cruz/800695753/bra/jt/s/itf-points-breakdown/"
"Girls","278","emilie-chen","Emilie Chen","AUS","335","37","37","0","19","18","6","6","0","0","OK","","https://www.itftennis.com/en/players/emilie-chen/800712049/aus/jt/s/itf-points-breakdown/"
"Girls","279","adiya-omarbek","Adiya Omarbek","KAZ","332.5","36","36","0","20","16","6","6","0","0","OK","","https://www.itftennis.com/en/players/adiya-omarbek/800632085/kaz/jt/s/itf-points-breakdown/"
"Girls","280","aarini-bhattacharya","Aarini Bhattacharya","USA","331.75","27","27","0","14","13","6","6","0","0","OK","","https://www.itftennis.com/en/players/aarini-bhattacharya/800767494/usa/jt/s/itf-points-breakdown/"
"Girls","281","haniya-aman-minhas","Haniya Aman Minhas","KSA","331","23","23","0","12","11","6","6","0","0","OK","","https://www.itftennis.com/en/players/haniya-aman-minhas/800654007/ksa/jt/s/itf-points-breakdown/"
"Girls","282","anastasiia-nikolaieva","Anastasiia Nikolaieva","UKR","330.5","30","28","2","15","13","6","6","0","0","OK","","https://www.itftennis.com/en/players/anastasiia-nikolaieva/800667997/ukr/jt/s/itf-points-breakdown/"
"Girls","283","ana-ioana-varsa","Ana Ioana Varsa","ROU","330","35","33","2","19","14","6","6","0","0","OK","","https://www.itftennis.com/en/players/ana-ioana-varsa/800601508/rou/jt/s/itf-points-breakdown/"
"Girls","284","lily-rochon","Lily Rochon","CAN","330","26","26","0","14","12","6","6","0","0","OK","","https://www.itftennis.com/en/players/lily-rochon/800707529/can/jt/s/itf-points-breakdown/"
"Girls","285","emanuela-lares","Emanuela Lares","COL","222","18","16","2","8","8","6","6","0","0","OK","","https://www.itftennis.com/en/players/emanuela-lares/800713253/col/jt/s/itf-points-breakdown/"
"Girls","286","lamiss-houas","lamiss Houas","TUN","326","20","20","0","10","10","6","6","0","0","OK","","https://www.itftennis.com/en/players/lamiss-houas/800679348/tun/jt/s/itf-points-breakdown/"
"Girls","287","maja-wrobel","Maja Wrobel","POL","324.75","25","25","0","15","10","6","6","0","0","OK","","https://www.itftennis.com/en/players/maja-wrobel/800596523/pol/jt/s/itf-points-breakdown/"
"Girls","288","lisa-anzai","Lisa Anzai","JPN","323.5","47","45","2","23","22","6","6","0","0","OK","","https://www.itftennis.com/en/players/lisa-anzai/800647044/jpn/jt/s/itf-points-breakdown/"
"Girls","289","angel-warang","Angel Warang","AUS","323","32","32","0","16","16","6","6","0","0","OK","","https://www.itftennis.com/en/players/angel-warang/800741206/aus/jt/s/itf-points-breakdown/"
"Girls","290","camilla-olga-castracani","Camilla Olga Castracani","ITA","322","27","26","1","13","13","6","6","0","0","OK","","https://www.itftennis.com/en/players/camilla-olga-castracani/800694699/ita/jt/s/itf-points-breakdown/"
"Girls","291","satima-toregen","Satima Toregen","KAZ","321.5","36","36","0","19","17","6","6","0","0","OK","","https://www.itftennis.com/en/players/satima-toregen/800543453/kaz/jt/s/itf-points-breakdown/"
"Girls","292","anna-adelina-nykyforuk","Anna-Adelina Nykyforuk","UKR","321","26","26","0","14","12","6","6","0","0","OK","","https://www.itftennis.com/en/players/anna-adelina-nykyforuk/800668017/ukr/jt/s/itf-points-breakdown/"
"Girls","293","maryia-kolas","Maryia Kolas","BLR","319.5","24","24","0","15","9","6","6","0","0","OK","","https://www.itftennis.com/en/players/maryia-kolas/800628944/blr/jt/s/itf-points-breakdown/"
"Girls","294","yashwitha-reddy","Yashwitha Reddy","NZL","318","22","22","0","12","10","6","6","0","0","OK","","https://www.itftennis.com/en/players/yashwitha-reddy/800738281/nzl/jt/s/itf-points-breakdown/"
"Girls","295","judy-tawila","Judy Tawila","EGY","318","22","22","0","11","11","6","6","0","0","OK","","https://www.itftennis.com/en/players/judy-tawila/800694994/egy/jt/s/itf-points-breakdown/"
"Girls","296","kaya-moe","Kaya Moe","USA","316.75","17","17","0","8","9","6","6","0","0","OK","","https://www.itftennis.com/en/players/kaya-moe/800709080/usa/jt/s/itf-points-breakdown/"
"Girls","297","daria-koreshkova","Daria Koreshkova","RUS","316.25","21","21","0","11","10","6","6","0","0","OK","","https://www.itftennis.com/en/players/daria-koreshkova/800575413/rus/jt/s/itf-points-breakdown/"
"Girls","298","nadine-hamrouni","Nadine Hamrouni","TUN","315","27","27","0","14","13","6","6","0","0","OK","","https://www.itftennis.com/en/players/nadine-hamrouni/800632054/tun/jt/s/itf-points-breakdown/"
"Girls","299","clara-coura","Clara Coura","BRA","315","30","28","2","14","14","6","6","0","0","OK","","https://www.itftennis.com/en/players/clara-coura/800765119/bra/jt/s/itf-points-breakdown/"
"Girls","300","victoria-lopez-ocampos","Victoria Lopez Ocampos","PAR","314.5","33","33","0","17","16","6","6","0","0","OK","","https://www.itftennis.com/en/players/victoria-lopez-ocampos/800630863/par/jt/s/itf-points-breakdown/"
