player_id,player_name,match_type,event,grade,start_date,end_date,status,current_round,points_override,source_url,notes
"alejandro-bejarano","Alejandro Bejarano","Doubles","J100 Cochabamba","J100","2026-05-18","2026-05-23","Eliminado","R32","","https://www.itftennis.com/en/tournament/j100-cochabamba/bol/2026/j-j100-bol-2026-002/draws-and-results/","Encontrado na ITF; leitura do draw de duplas: ITF API: derrota encontrada."
"alejandro-bejarano","Alejandro Bejarano","Singles","J100 Cochabamba","J100","2026-05-18","2026-05-23","Eliminado","R32","","https://www.itftennis.com/en/tournament/j100-cochabamba/bol/2026/j-j100-bol-2026-002/draws-and-results/","Encontrado na ITF (MD); leitura do draw: ITF API: derrota encontrada."
"alessandro-rubini-garcia-belaunde","Alessandro Rubini Garcia Belaunde","Doubles","J100 Cochabamba","J100","2026-05-18","2026-05-23","Eliminado","R32","","https://www.itftennis.com/en/tournament/j100-cochabamba/bol/2026/j-j100-bol-2026-002/draws-and-results/","Encontrado na ITF; leitura do draw de duplas: ITF API: derrota encontrada."
"alessandro-rubini-garcia-belaunde","Alessandro Rubini Garcia Belaunde","Singles","J100 Cochabamba","J100","2026-05-18","2026-05-23","Ativo","W","","https://www.itftennis.com/en/tournament/j100-cochabamba/bol/2026/j-j100-bol-2026-002/draws-and-results/","Encontrado na ITF (MD); leitura do draw: ITF API: vitoria encontrada."
"alexandre-bobiere-rivero","Alexandre Bobiere Rivero","Doubles","J100 Cochabamba","J100","2026-05-18","2026-05-23","Eliminado","QF","","https://www.itftennis.com/en/tournament/j100-cochabamba/bol/2026/j-j100-bol-2026-002/draws-and-results/","Encontrado na ITF; leitura do draw de duplas: ITF API: derrota encontrada."
"alexandre-bobiere-rivero","Alexandre Bobiere Rivero","Singles","J100 Cochabamba","J100","2026-05-18","2026-05-23","Eliminado","R64","","https://www.itftennis.com/en/tournament/j100-cochabamba/bol/2026/j-j100-bol-2026-002/draws-and-results/","Encontrado na ITF (MD); leitura do draw: ITF API: derrota encontrada."
"andre-montellano","Andre Montellano","Doubles","J100 Cochabamba","J100","2026-05-18","2026-05-23","Eliminado","QF","","https://www.itftennis.com/en/tournament/j100-cochabamba/bol/2026/j-j100-bol-2026-002/draws-and-results/","Encontrado na ITF; leitura do draw de duplas: ITF API: derrota encontrada."
"andre-montellano","Andre Montellano","Singles","J100 Cochabamba","J100","2026-05-18","2026-05-23","Eliminado","R64","","https://www.itftennis.com/en/tournament/j100-cochabamba/bol/2026/j-j100-bol-2026-002/draws-and-results/","Encontrado na ITF (MD); leitura do draw: ITF API: derrota encontrada."
"andre-toro","ANDRE TORO","Doubles","J100 Cochabamba","J100","2026-05-18","2026-05-23","Eliminado","R32","","https://www.itftennis.com/en/tournament/j100-cochabamba/bol/2026/j-j100-bol-2026-002/draws-and-results/","Encontrado na ITF; leitura do draw de duplas: ITF API: derrota encontrada."
"andre-toro","ANDRE TORO","Singles","J100 Cochabamba","J100","2026-05-18","2026-05-23","Eliminado","R64","","https://www.itftennis.com/en/tournament/j100-cochabamba/bol/2026/j-j100-bol-2026-002/draws-and-results/","Encontrado na ITF (MD); leitura do draw: ITF API: derrota encontrada."
"antonella-esquivel-useche","Antonella Esquivel Useche","Doubles","J100 Cochabamba","J100","2026-05-18","2026-05-23","Eliminado","R32","","https://www.itftennis.com/en/tournament/j100-cochabamba/bol/2026/j-j100-bol-2026-002/draws-and-results/","Encontrado na ITF; leitura do draw de duplas: ITF API: derrota encontrada."
"antonella-esquivel-useche","Antonella Esquivel Useche","Singles","J100 Cochabamba","J100","2026-05-18","2026-05-23","Eliminado","R32","","https://www.itftennis.com/en/tournament/j100-cochabamba/bol/2026/j-j100-bol-2026-002/draws-and-results/","Encontrado na ITF (MD); leitura do draw: ITF API: derrota encontrada."
"antonella-luzio-bavcar","Antonella Luzio Bavcar","Doubles","J100 Cochabamba","J100","2026-05-18","2026-05-23","Eliminado","R32","","https://www.itftennis.com/en/tournament/j100-cochabamba/bol/2026/j-j100-bol-2026-002/draws-and-results/","Encontrado na ITF; leitura do draw de duplas: ITF API: derrota encontrada."
"antonella-luzio-bavcar","Antonella Luzio Bavcar","Singles","J100 Cochabamba","J100","2026-05-18","2026-05-23","Eliminado","R64","","https://www.itftennis.com/en/tournament/j100-cochabamba/bol/2026/j-j100-bol-2026-002/draws-and-results/","Encontrado na ITF (MD); leitura do draw: ITF API: derrota encontrada."
"antonio-blanco-epple","Antonio Blanco Epple","Doubles","J100 Cochabamba","J100","2026-05-18","2026-05-23","Ativo","W","","https://www.itftennis.com/en/tournament/j100-cochabamba/bol/2026/j-j100-bol-2026-002/draws-and-results/","Encontrado na ITF; leitura do draw de duplas: ITF API: vitoria encontrada."
"antonio-blanco-epple","Antonio Blanco Epple","Singles","J100 Cochabamba","J100","2026-05-18","2026-05-23","Eliminado","R64","","https://www.itftennis.com/en/tournament/j100-cochabamba/bol/2026/j-j100-bol-2026-002/draws-and-results/","Encontrado na ITF (MD); leitura do draw: ITF API: derrota encontrada."
"antonio-vargas","Antonio Vargas","Doubles","J100 Cochabamba","J100","2026-05-18","2026-05-23","Eliminado","SF","","https://www.itftennis.com/en/tournament/j100-cochabamba/bol/2026/j-j100-bol-2026-002/draws-and-results/","Encontrado na ITF; leitura do draw de duplas: ITF API: derrota encontrada."
"antonio-vargas","Antonio Vargas","Singles","J100 Cochabamba","J100","2026-05-18","2026-05-23","Eliminado","QF","","https://www.itftennis.com/en/tournament/j100-cochabamba/bol/2026/j-j100-bol-2026-002/draws-and-results/","Encontrado na ITF (MD); leitura do draw: ITF API: derrota encontrada."
"beatriz-nahmias-melo-rodrigues","Beatriz Nahmias Melo Rodrigues","Doubles","J100 Cochabamba","J100","2026-05-18","2026-05-23","Eliminado","SF","","https://www.itftennis.com/en/tournament/j100-cochabamba/bol/2026/j-j100-bol-2026-002/draws-and-results/","Encontrado na ITF; leitura do draw de duplas: ITF API: derrota encontrada."
"beatriz-nahmias-melo-rodrigues","Beatriz Nahmias Melo Rodrigues","Singles","J100 Cochabamba","J100","2026-05-18","2026-05-23","Eliminado","R64","","https://www.itftennis.com/en/tournament/j100-cochabamba/bol/2026/j-j100-bol-2026-002/draws-and-results/","Encontrado na ITF (MD); leitura do draw: ITF API: derrota encontrada."
"catalina-delmas-schaerer","Catalina Delmas Schaerer","Doubles","J100 Cochabamba","J100","2026-05-18","2026-05-23","Eliminado","SF","","https://www.itftennis.com/en/tournament/j100-cochabamba/bol/2026/j-j100-bol-2026-002/draws-and-results/","Encontrado na ITF; leitura do draw de duplas: ITF API: derrota encontrada."
"catalina-delmas-schaerer","Catalina Delmas Schaerer","Singles","J100 Cochabamba","J100","2026-05-18","2026-05-23","Eliminado","SF","","https://www.itftennis.com/en/tournament/j100-cochabamba/bol/2026/j-j100-bol-2026-002/draws-and-results/","Encontrado na ITF (MD); leitura do draw: ITF API: derrota encontrada."
"christian-javier-antezana-seleme","Christian Javier Antezana Seleme","Doubles","J100 Cochabamba","J100","2026-05-18","2026-05-23","Eliminado","QF","","https://www.itftennis.com/en/tournament/j100-cochabamba/bol/2026/j-j100-bol-2026-002/draws-and-results/","Encontrado na ITF; leitura do draw de duplas: ITF API: derrota encontrada."
"christian-javier-antezana-seleme","Christian Javier Antezana Seleme","Singles","J100 Cochabamba","J100","2026-05-18","2026-05-23","Eliminado","R64","","https://www.itftennis.com/en/tournament/j100-cochabamba/bol/2026/j-j100-bol-2026-002/draws-and-results/","Encontrado na ITF (MD); leitura do draw: ITF API: derrota encontrada."
"clara-coura","Clara Coura","Doubles","J100 Cochabamba","J100","2026-05-18","2026-05-23","Eliminado","F","","https://www.itftennis.com/en/tournament/j100-cochabamba/bol/2026/j-j100-bol-2026-002/draws-and-results/","Encontrado na ITF; leitura do draw de duplas: ITF API: derrota encontrada."
"clara-coura","Clara Coura","Singles","J100 Cochabamba","J100","2026-05-18","2026-05-23","Ativo","W","","https://www.itftennis.com/en/tournament/j100-cochabamba/bol/2026/j-j100-bol-2026-002/draws-and-results/","Encontrado na ITF (MD); leitura do draw: ITF API: vitoria encontrada."
"clara-gouvea-vieira-elkind","Clara Gouvea Vieira Elkind","Doubles","J100 Cochabamba","J100","2026-05-18","2026-05-23","Eliminado","SF","","https://www.itftennis.com/en/tournament/j100-cochabamba/bol/2026/j-j100-bol-2026-002/draws-and-results/","Encontrado na ITF; leitura do draw de duplas: ITF API: derrota encontrada."
"clara-gouvea-vieira-elkind","Clara Gouvea Vieira Elkind","Singles","J100 Cochabamba","J100","2026-05-18","2026-05-23","Eliminado","QF","","https://www.itftennis.com/en/tournament/j100-cochabamba/bol/2026/j-j100-bol-2026-002/draws-and-results/","Encontrado na ITF (MD); leitura do draw: ITF API: derrota encontrada."
"constantino-pannunzio","CONSTANTINO PANNUNZIO","Doubles","J100 Cochabamba","J100","2026-05-18","2026-05-23","Eliminado","R32","","https://www.itftennis.com/en/tournament/j100-cochabamba/bol/2026/j-j100-bol-2026-002/draws-and-results/","Encontrado na ITF; leitura do draw de duplas: ITF API: derrota encontrada."
"constantino-pannunzio","CONSTANTINO PANNUNZIO","Singles","J100 Cochabamba","J100","2026-05-18","2026-05-23","Eliminado","R32","","https://www.itftennis.com/en/tournament/j100-cochabamba/bol/2026/j-j100-bol-2026-002/draws-and-results/","Encontrado na ITF (MD); leitura do draw: ITF API: derrota encontrada."
"daniel-wendel","Daniel Wendel","Doubles","J100 Cochabamba","J100","2026-05-18","2026-05-23","Eliminado","R32","","https://www.itftennis.com/en/tournament/j100-cochabamba/bol/2026/j-j100-bol-2026-002/draws-and-results/","Encontrado na ITF; leitura do draw de duplas: ITF API: derrota encontrada."
"daniel-wendel","Daniel Wendel","Singles","J100 Cochabamba","J100","2026-05-18","2026-05-23","Eliminado","R32","","https://www.itftennis.com/en/tournament/j100-cochabamba/bol/2026/j-j100-bol-2026-002/draws-and-results/","Encontrado na ITF (MD); leitura do draw: ITF API: derrota encontrada."
"emanuela-lares","Emanuela Lares","Doubles","J100 Cochabamba","J100","2026-05-18","2026-05-23","Eliminado","R32","","https://www.itftennis.com/en/tournament/j100-cochabamba/bol/2026/j-j100-bol-2026-002/draws-and-results/","Encontrado na ITF; leitura do draw de duplas: ITF API: derrota encontrada."
"emanuela-lares","Emanuela Lares","Singles","J100 Cochabamba","J100","2026-05-18","2026-05-23","Eliminado","QF","","https://www.itftennis.com/en/tournament/j100-cochabamba/bol/2026/j-j100-bol-2026-002/draws-and-results/","Encontrado na ITF (MD); leitura do draw: ITF API: derrota encontrada."
"emilia-bustillos","Emilia Bustillos","Doubles","J100 Cochabamba","J100","2026-05-18","2026-05-23","Eliminado","R32","","https://www.itftennis.com/en/tournament/j100-cochabamba/bol/2026/j-j100-bol-2026-002/draws-and-results/","Encontrado na ITF; leitura do draw de duplas: ITF API: derrota encontrada."
"emilia-bustillos","Emilia Bustillos","Singles","J100 Cochabamba","J100","2026-05-18","2026-05-23","Eliminado","R64","","https://www.itftennis.com/en/tournament/j100-cochabamba/bol/2026/j-j100-bol-2026-002/draws-and-results/","Encontrado na ITF (MD); leitura do draw: ITF API: derrota encontrada."
"emilia-cecilia-antelo-cordova","Emilia Cecilia Antelo Cordova","Doubles","J100 Cochabamba","J100","2026-05-18","2026-05-23","Eliminado","R32","","https://www.itftennis.com/en/tournament/j100-cochabamba/bol/2026/j-j100-bol-2026-002/draws-and-results/","Encontrado na ITF; leitura do draw de duplas: ITF API: derrota encontrada."
"emilia-cecilia-antelo-cordova","Emilia Cecilia Antelo Cordova","Singles","J100 Cochabamba","J100","2026-05-18","2026-05-23","Eliminado","R64","","https://www.itftennis.com/en/tournament/j100-cochabamba/bol/2026/j-j100-bol-2026-002/draws-and-results/","Encontrado na ITF (MD); leitura do draw: ITF API: derrota encontrada."
"ernestina-valdovinos","Ernestina Valdovinos","Singles","J100 Cochabamba","J100","2026-05-18","2026-05-23","Eliminado","Q1","","https://www.itftennis.com/en/tournament/j100-cochabamba/bol/2026/j-j100-bol-2026-002/draws-and-results/","Encontrado na ITF (Q); leitura do draw: ITF API: derrota encontrada."
"estanislao-lassaga","Estanislao Lassaga","Doubles","J100 Cochabamba","J100","2026-05-18","2026-05-23","Ativo","W","","https://www.itftennis.com/en/tournament/j100-cochabamba/bol/2026/j-j100-bol-2026-002/draws-and-results/","Encontrado na ITF; leitura do draw de duplas: ITF API: vitoria encontrada."
"estanislao-lassaga","Estanislao Lassaga","Singles","J100 Cochabamba","J100","2026-05-18","2026-05-23","Eliminado","R64","","https://www.itftennis.com/en/tournament/j100-cochabamba/bol/2026/j-j100-bol-2026-002/draws-and-results/","Encontrado na ITF (MD); leitura do draw: ITF API: derrota encontrada."
"estefania-susana-novoa-vizcaino","ESTEFANIA SUSANA NOVOA VIZCAINO","Doubles","J100 Cochabamba","J100","2026-05-18","2026-05-23","Eliminado","R32","","https://www.itftennis.com/en/tournament/j100-cochabamba/bol/2026/j-j100-bol-2026-002/draws-and-results/","Encontrado na ITF; leitura do draw de duplas: ITF API: derrota encontrada."
"estefania-susana-novoa-vizcaino","ESTEFANIA SUSANA NOVOA VIZCAINO","Singles","J100 Cochabamba","J100","2026-05-18","2026-05-23","Eliminado","R64","","https://www.itftennis.com/en/tournament/j100-cochabamba/bol/2026/j-j100-bol-2026-002/draws-and-results/","Encontrado na ITF (MD); leitura do draw: ITF API: derrota encontrada."
"fabio-zavalaga-uculmana","Fabio Zavalaga Uculmana","Doubles","J100 Cochabamba","J100","2026-05-18","2026-05-23","Eliminado","QF","","https://www.itftennis.com/en/tournament/j100-cochabamba/bol/2026/j-j100-bol-2026-002/draws-and-results/","Encontrado na ITF; leitura do draw de duplas: ITF API: derrota encontrada."
"fabio-zavalaga-uculmana","Fabio Zavalaga Uculmana","Singles","J100 Cochabamba","J100","2026-05-18","2026-05-23","Eliminado","F","","https://www.itftennis.com/en/tournament/j100-cochabamba/bol/2026/j-j100-bol-2026-002/draws-and-results/","Encontrado na ITF (MD); leitura do draw: ITF API: derrota encontrada."
"fernanda-portinho","Fernanda Portinho","Singles","J100 Cochabamba","J100","2026-05-18","2026-05-23","Eliminado","Q1","","https://www.itftennis.com/en/tournament/j100-cochabamba/bol/2026/j-j100-bol-2026-002/draws-and-results/","Encontrado na ITF (Q); leitura do draw: ITF API: derrota encontrada."
"fernando-cafure","Fernando Cafure","Doubles","J100 Cochabamba","J100","2026-05-18","2026-05-23","Eliminado","R32","","https://www.itftennis.com/en/tournament/j100-cochabamba/bol/2026/j-j100-bol-2026-002/draws-and-results/","Encontrado na ITF; leitura do draw de duplas: ITF API: derrota encontrada."
"fernando-cafure","Fernando Cafure","Singles","J100 Cochabamba","J100","2026-05-18","2026-05-23","Eliminado","R32","","https://www.itftennis.com/en/tournament/j100-cochabamba/bol/2026/j-j100-bol-2026-002/draws-and-results/","Encontrado na ITF (MD); leitura do draw: ITF API: derrota encontrada."
"franco-davila-blotte","Franco Davila Blotte","Doubles","J100 Cochabamba","J100","2026-05-18","2026-05-23","Eliminado","SF","","https://www.itftennis.com/en/tournament/j100-cochabamba/bol/2026/j-j100-bol-2026-002/draws-and-results/","Encontrado na ITF; leitura do draw de duplas: ITF API: derrota encontrada."
"franco-davila-blotte","Franco Davila Blotte","Singles","J100 Cochabamba","J100","2026-05-18","2026-05-23","Eliminado","R64","","https://www.itftennis.com/en/tournament/j100-cochabamba/bol/2026/j-j100-bol-2026-002/draws-and-results/","Encontrado na ITF (MD); leitura do draw: ITF API: derrota encontrada."
"guilherme-castanho-do-val","Guilherme Castanho do Val","Doubles","J100 Cochabamba","J100","2026-05-18","2026-05-23","Eliminado","R32","","https://www.itftennis.com/en/tournament/j100-cochabamba/bol/2026/j-j100-bol-2026-002/draws-and-results/","Encontrado na ITF; leitura do draw de duplas: ITF API: derrota encontrada."
"guilherme-castanho-do-val","Guilherme Castanho do Val","Singles","J100 Cochabamba","J100","2026-05-18","2026-05-23","Eliminado","R64","","https://www.itftennis.com/en/tournament/j100-cochabamba/bol/2026/j-j100-bol-2026-002/draws-and-results/","Encontrado na ITF (MD); leitura do draw: ITF API: derrota encontrada."
"isabella-yepez-guzman","Isabella Yepez Guzman","Doubles","J100 Cochabamba","J100","2026-05-18","2026-05-23","Eliminado","R32","","https://www.itftennis.com/en/tournament/j100-cochabamba/bol/2026/j-j100-bol-2026-002/draws-and-results/","Encontrado na ITF; leitura do draw de duplas: ITF API: derrota encontrada."
"isabella-yepez-guzman","Isabella Yepez Guzman","Singles","J100 Cochabamba","J100","2026-05-18","2026-05-23","Eliminado","R64","","https://www.itftennis.com/en/tournament/j100-cochabamba/bol/2026/j-j100-bol-2026-002/draws-and-results/","Encontrado na ITF (MD); leitura do draw: ITF API: derrota encontrada."
"javier-chocano-pezoa","Javier Chocano Pezoa","Doubles","J100 Cochabamba","J100","2026-05-18","2026-05-23","Eliminado","QF","","https://www.itftennis.com/en/tournament/j100-cochabamba/bol/2026/j-j100-bol-2026-002/draws-and-results/","Encontrado na ITF; leitura do draw de duplas: ITF API: derrota encontrada."
"javier-chocano-pezoa","Javier Chocano Pezoa","Singles","J100 Cochabamba","J100","2026-05-18","2026-05-23","Eliminado","R64","","https://www.itftennis.com/en/tournament/j100-cochabamba/bol/2026/j-j100-bol-2026-002/draws-and-results/","Encontrado na ITF (MD); leitura do draw: ITF API: derrota encontrada."
"jeanine-fiorela-rojas-cuellar","Jeanine Fiorela Rojas Cuellar","Singles","J100 Cochabamba","J100","2026-05-18","2026-05-23","Eliminado","Q1","","https://www.itftennis.com/en/tournament/j100-cochabamba/bol/2026/j-j100-bol-2026-002/draws-and-results/","Encontrado na ITF (Q); leitura do draw: ITF API: derrota encontrada."
"joao-cunha-cunha","Joao Cunha Cunha","Doubles","J100 Cochabamba","J100","2026-05-18","2026-05-23","Eliminado","F","","https://www.itftennis.com/en/tournament/j100-cochabamba/bol/2026/j-j100-bol-2026-002/draws-and-results/","Encontrado na ITF; leitura do draw de duplas: ITF API: derrota encontrada."
"joao-cunha-cunha","Joao Cunha Cunha","Singles","J100 Cochabamba","J100","2026-05-18","2026-05-23","Eliminado","QF","","https://www.itftennis.com/en/tournament/j100-cochabamba/bol/2026/j-j100-bol-2026-002/draws-and-results/","Encontrado na ITF (MD); leitura do draw: ITF API: derrota encontrada."
"joao-gabriel-galhardo-de-carvalho","JOAO GABRIEL Galhardo de Carvalho","Doubles","J100 Cochabamba","J100","2026-05-18","2026-05-23","Eliminado","R32","","https://www.itftennis.com/en/tournament/j100-cochabamba/bol/2026/j-j100-bol-2026-002/draws-and-results/","Encontrado na ITF; leitura do draw de duplas: ITF API: derrota encontrada."
"joao-gabriel-galhardo-de-carvalho","JOAO GABRIEL Galhardo de Carvalho","Singles","J100 Cochabamba","J100","2026-05-18","2026-05-23","Eliminado","R64","","https://www.itftennis.com/en/tournament/j100-cochabamba/bol/2026/j-j100-bol-2026-002/draws-and-results/","Encontrado na ITF (MD); leitura do draw: ITF API: derrota encontrada."
"joao-jardim-nogueira","Joao Jardim Nogueira","Doubles","J100 Cochabamba","J100","2026-05-18","2026-05-23","Eliminado","R32","","https://www.itftennis.com/en/tournament/j100-cochabamba/bol/2026/j-j100-bol-2026-002/draws-and-results/","Encontrado na ITF; leitura do draw de duplas: ITF API: derrota encontrada."
"joao-jardim-nogueira","Joao Jardim Nogueira","Singles","J100 Cochabamba","J100","2026-05-18","2026-05-23","Eliminado","R64","","https://www.itftennis.com/en/tournament/j100-cochabamba/bol/2026/j-j100-bol-2026-002/draws-and-results/","Encontrado na ITF (MD); leitura do draw: ITF API: derrota encontrada."
"juan-federico-nolo-pedrat","Juan Federico Nolo Pedrat","Doubles","J100 Cochabamba","J100","2026-05-18","2026-05-23","Eliminado","R32","","https://www.itftennis.com/en/tournament/j100-cochabamba/bol/2026/j-j100-bol-2026-002/draws-and-results/","Encontrado na ITF; leitura do draw de duplas: ITF API: derrota encontrada."
"juan-federico-nolo-pedrat","Juan Federico Nolo Pedrat","Singles","J100 Cochabamba","J100","2026-05-18","2026-05-23","Eliminado","R64","","https://www.itftennis.com/en/tournament/j100-cochabamba/bol/2026/j-j100-bol-2026-002/draws-and-results/","Encontrado na ITF (MD); leitura do draw: ITF API: derrota encontrada."
"julia-canto","Julia Canto","Singles","J100 Cochabamba","J100","2026-05-18","2026-05-23","Eliminado","Q2","","https://www.itftennis.com/en/tournament/j100-cochabamba/bol/2026/j-j100-bol-2026-002/draws-and-results/","Encontrado na ITF (Q); leitura do draw: ITF API: derrota encontrada."
"julieta-marcos-cattoni","Julieta Marcos Cattoni","Doubles","J100 Cochabamba","J100","2026-05-18","2026-05-23","Ativo","W","","https://www.itftennis.com/en/tournament/j100-cochabamba/bol/2026/j-j100-bol-2026-002/draws-and-results/","Encontrado na ITF; leitura do draw de duplas: ITF API: vitoria encontrada."
"julieta-marcos-cattoni","Julieta Marcos Cattoni","Singles","J100 Cochabamba","J100","2026-05-18","2026-05-23","Eliminado","R64","","https://www.itftennis.com/en/tournament/j100-cochabamba/bol/2026/j-j100-bol-2026-002/draws-and-results/","Encontrado na ITF (MD); leitura do draw: ITF API: derrota encontrada."
"laura-valentina-villamil-arias","Laura Valentina Villamil Arias","Doubles","J100 Cochabamba","J100","2026-05-18","2026-05-23","Eliminado","QF","","https://www.itftennis.com/en/tournament/j100-cochabamba/bol/2026/j-j100-bol-2026-002/draws-and-results/","Encontrado na ITF; leitura do draw de duplas: ITF API: derrota encontrada."
"laura-valentina-villamil-arias","Laura Valentina Villamil Arias","Singles","J100 Cochabamba","J100","2026-05-18","2026-05-23","Eliminado","R32","","https://www.itftennis.com/en/tournament/j100-cochabamba/bol/2026/j-j100-bol-2026-002/draws-and-results/","Encontrado na ITF (MD); leitura do draw: ITF API: derrota encontrada."
"leonardo-suarez","Leonardo Suarez","Doubles","J100 Cochabamba","J100","2026-05-18","2026-05-23","Eliminado","R32","","https://www.itftennis.com/en/tournament/j100-cochabamba/bol/2026/j-j100-bol-2026-002/draws-and-results/","Encontrado na ITF; leitura do draw de duplas: ITF API: derrota encontrada."
"leonardo-suarez","Leonardo Suarez","Singles","J100 Cochabamba","J100","2026-05-18","2026-05-23","Eliminado","R64","","https://www.itftennis.com/en/tournament/j100-cochabamba/bol/2026/j-j100-bol-2026-002/draws-and-results/","Encontrado na ITF (MD); leitura do draw: ITF API: derrota encontrada."
"lucia-grinberg","Lucia Grinberg","Doubles","J100 Cochabamba","J100","2026-05-18","2026-05-23","Eliminado","QF","","https://www.itftennis.com/en/tournament/j100-cochabamba/bol/2026/j-j100-bol-2026-002/draws-and-results/","Encontrado na ITF; leitura do draw de duplas: ITF API: derrota encontrada."
"lucia-grinberg","Lucia Grinberg","Singles","J100 Cochabamba","J100","2026-05-18","2026-05-23","Eliminado","R32","","https://www.itftennis.com/en/tournament/j100-cochabamba/bol/2026/j-j100-bol-2026-002/draws-and-results/","Encontrado na ITF (MD); leitura do draw: ITF API: derrota encontrada."
"luciana-luna","Luciana Luna","Doubles","J100 Cochabamba","J100","2026-05-18","2026-05-23","Eliminado","QF","","https://www.itftennis.com/en/tournament/j100-cochabamba/bol/2026/j-j100-bol-2026-002/draws-and-results/","Encontrado na ITF; leitura do draw de duplas: ITF API: derrota encontrada."
"luciana-luna","Luciana Luna","Singles","J100 Cochabamba","J100","2026-05-18","2026-05-23","Eliminado","F","","https://www.itftennis.com/en/tournament/j100-cochabamba/bol/2026/j-j100-bol-2026-002/draws-and-results/","Encontrado na ITF (MD); leitura do draw: ITF API: derrota encontrada."
"luciana-rafaela-aguirre","Luciana Rafaela Aguirre","Doubles","J100 Cochabamba","J100","2026-05-18","2026-05-23","Eliminado","R32","","https://www.itftennis.com/en/tournament/j100-cochabamba/bol/2026/j-j100-bol-2026-002/draws-and-results/","Encontrado na ITF; leitura do draw de duplas: ITF API: derrota encontrada."
"luciana-rafaela-aguirre","Luciana Rafaela Aguirre","Singles","J100 Cochabamba","J100","2026-05-18","2026-05-23","Eliminado","R32","","https://www.itftennis.com/en/tournament/j100-cochabamba/bol/2026/j-j100-bol-2026-002/draws-and-results/","Encontrado na ITF (MD); leitura do draw: ITF API: derrota encontrada."
"manuela-medina","Manuela Medina","Doubles","J100 Cochabamba","J100","2026-05-18","2026-05-23","Eliminado","R32","","https://www.itftennis.com/en/tournament/j100-cochabamba/bol/2026/j-j100-bol-2026-002/draws-and-results/","Encontrado na ITF; leitura do draw de duplas: ITF API: derrota encontrada."
"manuela-medina","Manuela Medina","Singles","J100 Cochabamba","J100","2026-05-18","2026-05-23","Eliminado","QF","","https://www.itftennis.com/en/tournament/j100-cochabamba/bol/2026/j-j100-bol-2026-002/draws-and-results/","Encontrado na ITF (MD); leitura do draw: ITF API: derrota encontrada."
"maria-camila-tobon-jimenez","MARIA CAMILA TOBON JIMENEZ","Doubles","J100 Cochabamba","J100","2026-05-18","2026-05-23","Eliminado","R32","","https://www.itftennis.com/en/tournament/j100-cochabamba/bol/2026/j-j100-bol-2026-002/draws-and-results/","Encontrado na ITF; leitura do draw de duplas: ITF API: derrota encontrada."
"maria-camila-tobon-jimenez","MARIA CAMILA TOBON JIMENEZ","Singles","J100 Cochabamba","J100","2026-05-18","2026-05-23","Eliminado","R32","","https://www.itftennis.com/en/tournament/j100-cochabamba/bol/2026/j-j100-bol-2026-002/draws-and-results/","Encontrado na ITF (MD); leitura do draw: ITF API: derrota encontrada."
"maria-laura-sejas","Maria Laura Sejas","Doubles","J100 Cochabamba","J100","2026-05-18","2026-05-23","Eliminado","SF","","https://www.itftennis.com/en/tournament/j100-cochabamba/bol/2026/j-j100-bol-2026-002/draws-and-results/","Encontrado na ITF; leitura do draw de duplas: ITF API: derrota encontrada."
"maria-laura-sejas","Maria Laura Sejas","Singles","J100 Cochabamba","J100","2026-05-18","2026-05-23","Eliminado","R64","","https://www.itftennis.com/en/tournament/j100-cochabamba/bol/2026/j-j100-bol-2026-002/draws-and-results/","Encontrado na ITF (MD); leitura do draw: ITF API: derrota encontrada."
"maria-linde","Maria Linde","Doubles","J100 Cochabamba","J100","2026-05-18","2026-05-23","Eliminado","R32","","https://www.itftennis.com/en/tournament/j100-cochabamba/bol/2026/j-j100-bol-2026-002/draws-and-results/","Encontrado na ITF; leitura do draw de duplas: ITF API: derrota encontrada."
"maria-linde","Maria Linde","Singles","J100 Cochabamba","J100","2026-05-18","2026-05-23","Eliminado","R64","","https://www.itftennis.com/en/tournament/j100-cochabamba/bol/2026/j-j100-bol-2026-002/draws-and-results/","Encontrado na ITF (MD); leitura do draw: ITF API: derrota encontrada."
"martina-maria-valdivia-ciappa","Martina Maria Valdivia Ciappa","Doubles","J100 Cochabamba","J100","2026-05-18","2026-05-23","Eliminado","R32","","https://www.itftennis.com/en/tournament/j100-cochabamba/bol/2026/j-j100-bol-2026-002/draws-and-results/","Encontrado na ITF; leitura do draw de duplas: ITF API: derrota encontrada."
"martina-maria-valdivia-ciappa","Martina Maria Valdivia Ciappa","Singles","J100 Cochabamba","J100","2026-05-18","2026-05-23","Eliminado","R64","","https://www.itftennis.com/en/tournament/j100-cochabamba/bol/2026/j-j100-bol-2026-002/draws-and-results/","Encontrado na ITF (MD); leitura do draw: ITF API: derrota encontrada."
"martina-salaberry","Martina Salaberry","Doubles","J100 Cochabamba","J100","2026-05-18","2026-05-23","Eliminado","QF","","https://www.itftennis.com/en/tournament/j100-cochabamba/bol/2026/j-j100-bol-2026-002/draws-and-results/","Encontrado na ITF; leitura do draw de duplas: ITF API: derrota encontrada."
"martina-salaberry","Martina Salaberry","Singles","J100 Cochabamba","J100","2026-05-18","2026-05-23","Eliminado","R64","","https://www.itftennis.com/en/tournament/j100-cochabamba/bol/2026/j-j100-bol-2026-002/draws-and-results/","Encontrado na ITF (MD); leitura do draw: ITF API: derrota encontrada."
"mateus-krebs","Mateus kREBS","Doubles","J100 Cochabamba","J100","2026-05-18","2026-05-23","Eliminado","R32","","https://www.itftennis.com/en/tournament/j100-cochabamba/bol/2026/j-j100-bol-2026-002/draws-and-results/","Encontrado na ITF; leitura do draw de duplas: ITF API: derrota encontrada."
"mateus-krebs","Mateus kREBS","Singles","J100 Cochabamba","J100","2026-05-18","2026-05-23","Eliminado","R32","","https://www.itftennis.com/en/tournament/j100-cochabamba/bol/2026/j-j100-bol-2026-002/draws-and-results/","Encontrado na ITF (MD); leitura do draw: ITF API: derrota encontrada."
"mercedes-zunino-arques","Mercedes Zunino Arques","Singles","J100 Cochabamba","J100","2026-05-18","2026-05-23","Eliminado","Q1","","https://www.itftennis.com/en/tournament/j100-cochabamba/bol/2026/j-j100-bol-2026-002/draws-and-results/","Encontrado na ITF (Q); leitura do draw: ITF API: derrota encontrada."
"mia-celeste-brayotta","mia celeste brayotta","Doubles","J100 Cochabamba","J100","2026-05-18","2026-05-23","Eliminado","QF","","https://www.itftennis.com/en/tournament/j100-cochabamba/bol/2026/j-j100-bol-2026-002/draws-and-results/","Encontrado na ITF; leitura do draw de duplas: ITF API: derrota encontrada."
"mia-celeste-brayotta","mia celeste brayotta","Singles","J100 Cochabamba","J100","2026-05-18","2026-05-23","Eliminado","R64","","https://www.itftennis.com/en/tournament/j100-cochabamba/bol/2026/j-j100-bol-2026-002/draws-and-results/","Encontrado na ITF (MD); leitura do draw: ITF API: derrota encontrada."
"miguel-ferraz","Miguel Ferraz","Doubles","J100 Cochabamba","J100","2026-05-18","2026-05-23","Eliminado","R32","","https://www.itftennis.com/en/tournament/j100-cochabamba/bol/2026/j-j100-bol-2026-002/draws-and-results/","Encontrado na ITF; leitura do draw de duplas: ITF API: derrota encontrada."
"miguel-ferraz","Miguel Ferraz","Singles","J100 Cochabamba","J100","2026-05-18","2026-05-23","Eliminado","R32","","https://www.itftennis.com/en/tournament/j100-cochabamba/bol/2026/j-j100-bol-2026-002/draws-and-results/","Encontrado na ITF (MD); leitura do draw: ITF API: derrota encontrada."
"milce-banzer-ortiz","Milce Banzer Ortiz","Singles","J100 Cochabamba","J100","2026-05-18","2026-05-23","Eliminado","Q2","","https://www.itftennis.com/en/tournament/j100-cochabamba/bol/2026/j-j100-bol-2026-002/draws-and-results/","Encontrado na ITF (Q); leitura do draw: ITF API: derrota encontrada."
"natalia-prado-angelo","Natalia Prado Angelo","Singles","J100 Cochabamba","J100","2026-05-18","2026-05-23","Eliminado","Q1","","https://www.itftennis.com/en/tournament/j100-cochabamba/bol/2026/j-j100-bol-2026-002/draws-and-results/","Encontrado na ITF (Q); leitura do draw: ITF API: derrota encontrada."
"nicole-jimenez","Nicole Jimenez","Doubles","J100 Cochabamba","J100","2026-05-18","2026-05-23","Eliminado","QF","","https://www.itftennis.com/en/tournament/j100-cochabamba/bol/2026/j-j100-bol-2026-002/draws-and-results/","Encontrado na ITF; leitura do draw de duplas: ITF API: derrota encontrada."
"nicole-jimenez","Nicole Jimenez","Singles","J100 Cochabamba","J100","2026-05-18","2026-05-23","Eliminado","R32","","https://www.itftennis.com/en/tournament/j100-cochabamba/bol/2026/j-j100-bol-2026-002/draws-and-results/","Encontrado na ITF (MD); leitura do draw: ITF API: derrota encontrada."
"oliver-andre-solis-encinas","Oliver Andre Solis Encinas","Doubles","J100 Cochabamba","J100","2026-05-18","2026-05-23","Eliminado","SF","","https://www.itftennis.com/en/tournament/j100-cochabamba/bol/2026/j-j100-bol-2026-002/draws-and-results/","Encontrado na ITF; leitura do draw de duplas: ITF API: derrota encontrada."
"oliver-andre-solis-encinas","Oliver Andre Solis Encinas","Singles","J100 Cochabamba","J100","2026-05-18","2026-05-23","Eliminado","SF","","https://www.itftennis.com/en/tournament/j100-cochabamba/bol/2026/j-j100-bol-2026-002/draws-and-results/","Encontrado na ITF (MD); leitura do draw: ITF API: derrota encontrada."
"omar-santiago-vargas-medrano","Omar Santiago Vargas Medrano","Doubles","J100 Cochabamba","J100","2026-05-18","2026-05-23","Eliminado","QF","","https://www.itftennis.com/en/tournament/j100-cochabamba/bol/2026/j-j100-bol-2026-002/draws-and-results/","Encontrado na ITF; leitura do draw de duplas: ITF API: derrota encontrada."
"omar-santiago-vargas-medrano","Omar Santiago Vargas Medrano","Singles","J100 Cochabamba","J100","2026-05-18","2026-05-23","Eliminado","R64","","https://www.itftennis.com/en/tournament/j100-cochabamba/bol/2026/j-j100-bol-2026-002/draws-and-results/","Encontrado na ITF (MD); leitura do draw: ITF API: derrota encontrada."
"pedro-queiroz","Pedro Queiroz","Doubles","J100 Cochabamba","J100","2026-05-18","2026-05-23","Eliminado","R32","","https://www.itftennis.com/en/tournament/j100-cochabamba/bol/2026/j-j100-bol-2026-002/draws-and-results/","Encontrado na ITF; leitura do draw de duplas: ITF API: derrota encontrada."
"pedro-queiroz","Pedro Queiroz","Singles","J100 Cochabamba","J100","2026-05-18","2026-05-23","Eliminado","SF","","https://www.itftennis.com/en/tournament/j100-cochabamba/bol/2026/j-j100-bol-2026-002/draws-and-results/","Encontrado na ITF (MD); leitura do draw: ITF API: derrota encontrada."
"pietro-gava","Pietro Gava","Doubles","J100 Cochabamba","J100","2026-05-18","2026-05-23","Eliminado","F","","https://www.itftennis.com/en/tournament/j100-cochabamba/bol/2026/j-j100-bol-2026-002/draws-and-results/","Encontrado na ITF; leitura do draw de duplas: ITF API: derrota encontrada."
"pietro-gava","Pietro Gava","Singles","J100 Cochabamba","J100","2026-05-18","2026-05-23","Eliminado","QF","","https://www.itftennis.com/en/tournament/j100-cochabamba/bol/2026/j-j100-bol-2026-002/draws-and-results/","Encontrado na ITF (MD); leitura do draw: ITF API: derrota encontrada."
"rafaella-bernal","Rafaella Bernal","Doubles","J100 Cochabamba","J100","2026-05-18","2026-05-23","Eliminado","R32","","https://www.itftennis.com/en/tournament/j100-cochabamba/bol/2026/j-j100-bol-2026-002/draws-and-results/","Encontrado na ITF; leitura do draw de duplas: ITF API: derrota encontrada."
"rafaella-bernal","Rafaella Bernal","Singles","J100 Cochabamba","J100","2026-05-18","2026-05-23","Eliminado","R64","","https://www.itftennis.com/en/tournament/j100-cochabamba/bol/2026/j-j100-bol-2026-002/draws-and-results/","Encontrado na ITF (MD); leitura do draw: ITF API: derrota encontrada."
"samuel-balcazar","Samuel Balcazar","Singles","J100 Cochabamba","J100","2026-05-18","2026-05-23","Eliminado","R64","","https://www.itftennis.com/en/tournament/j100-cochabamba/bol/2026/j-j100-bol-2026-002/draws-and-results/","Encontrado na ITF (MD); leitura do draw: ITF API: derrota encontrada."
"santiago-gomez-roca","santiago gomez roca","Doubles","J100 Cochabamba","J100","2026-05-18","2026-05-23","Eliminado","R32","","https://www.itftennis.com/en/tournament/j100-cochabamba/bol/2026/j-j100-bol-2026-002/draws-and-results/","Encontrado na ITF; leitura do draw de duplas: ITF API: derrota encontrada."
"sara-alejandra-lozano-avellaneda","sara alejandra lozano avellaneda","Doubles","J100 Cochabamba","J100","2026-05-18","2026-05-23","Eliminado","QF","","https://www.itftennis.com/en/tournament/j100-cochabamba/bol/2026/j-j100-bol-2026-002/draws-and-results/","Encontrado na ITF; leitura do draw de duplas: ITF API: derrota encontrada."
"sara-alejandra-lozano-avellaneda","sara alejandra lozano avellaneda","Singles","J100 Cochabamba","J100","2026-05-18","2026-05-23","Eliminado","R64","","https://www.itftennis.com/en/tournament/j100-cochabamba/bol/2026/j-j100-bol-2026-002/draws-and-results/","Encontrado na ITF (MD); leitura do draw: ITF API: derrota encontrada."
"sara-victoria-guevara-molina","Sara Victoria Guevara Molina","Singles","J100 Cochabamba","J100","2026-05-18","2026-05-23","Eliminado","Q1","","https://www.itftennis.com/en/tournament/j100-cochabamba/bol/2026/j-j100-bol-2026-002/draws-and-results/","Encontrado na ITF (Q); leitura do draw: ITF API: derrota encontrada."
"sebastian-miranda-parrilla","SEBASTIAN MIRANDA PARRILLA","Doubles","J100 Cochabamba","J100","2026-05-18","2026-05-23","Eliminado","QF","","https://www.itftennis.com/en/tournament/j100-cochabamba/bol/2026/j-j100-bol-2026-002/draws-and-results/","Encontrado na ITF; leitura do draw de duplas: ITF API: derrota encontrada."
"sebastian-miranda-parrilla","SEBASTIAN MIRANDA PARRILLA","Singles","J100 Cochabamba","J100","2026-05-18","2026-05-23","Eliminado","R32","","https://www.itftennis.com/en/tournament/j100-cochabamba/bol/2026/j-j100-bol-2026-002/draws-and-results/","Encontrado na ITF (MD); leitura do draw: ITF API: derrota encontrada."
"sofia-daroca","Sofia Daroca","Singles","J100 Cochabamba","J100","2026-05-18","2026-05-23","Eliminado","Q2","","https://www.itftennis.com/en/tournament/j100-cochabamba/bol/2026/j-j100-bol-2026-002/draws-and-results/","Encontrado na ITF (Q); leitura do draw: ITF API: derrota encontrada."
"sofia-otero-saavedra","Sofia Otero Saavedra","Doubles","J100 Cochabamba","J100","2026-05-18","2026-05-23","Eliminado","R32","","https://www.itftennis.com/en/tournament/j100-cochabamba/bol/2026/j-j100-bol-2026-002/draws-and-results/","Encontrado na ITF; leitura do draw de duplas: ITF API: derrota encontrada."
"sofia-otero-saavedra","Sofia Otero Saavedra","Singles","J100 Cochabamba","J100","2026-05-18","2026-05-23","Eliminado","R64","","https://www.itftennis.com/en/tournament/j100-cochabamba/bol/2026/j-j100-bol-2026-002/draws-and-results/","Encontrado na ITF (MD); leitura do draw: ITF API: derrota encontrada."
"sofia-zunino-arques","Sofia Zunino Arques","Singles","J100 Cochabamba","J100","2026-05-18","2026-05-23","Eliminado","Q1","","https://www.itftennis.com/en/tournament/j100-cochabamba/bol/2026/j-j100-bol-2026-002/draws-and-results/","Encontrado na ITF (Q); leitura do draw: ITF API: derrota encontrada."
"stephanie-pumar","stephanie pumar","Doubles","J100 Cochabamba","J100","2026-05-18","2026-05-23","Eliminado","R32","","https://www.itftennis.com/en/tournament/j100-cochabamba/bol/2026/j-j100-bol-2026-002/draws-and-results/","Encontrado na ITF; leitura do draw de duplas: ITF API: derrota encontrada."
"stephanie-pumar","stephanie pumar","Singles","J100 Cochabamba","J100","2026-05-18","2026-05-23","Eliminado","SF","","https://www.itftennis.com/en/tournament/j100-cochabamba/bol/2026/j-j100-bol-2026-002/draws-and-results/","Encontrado na ITF (MD); leitura do draw: ITF API: derrota encontrada."
"thiago-mauricio-solis-bustamante","Thiago Mauricio Solis Bustamante","Doubles","J100 Cochabamba","J100","2026-05-18","2026-05-23","Eliminado","QF","","https://www.itftennis.com/en/tournament/j100-cochabamba/bol/2026/j-j100-bol-2026-002/draws-and-results/","Encontrado na ITF; leitura do draw de duplas: ITF API: derrota encontrada."
"thiago-mauricio-solis-bustamante","Thiago Mauricio Solis Bustamante","Singles","J100 Cochabamba","J100","2026-05-18","2026-05-23","Eliminado","R64","","https://www.itftennis.com/en/tournament/j100-cochabamba/bol/2026/j-j100-bol-2026-002/draws-and-results/","Encontrado na ITF (MD); leitura do draw: ITF API: derrota encontrada."
"tiziano-gomez","Tiziano Gomez","Doubles","J100 Cochabamba","J100","2026-05-18","2026-05-23","Eliminado","SF","","https://www.itftennis.com/en/tournament/j100-cochabamba/bol/2026/j-j100-bol-2026-002/draws-and-results/","Encontrado na ITF; leitura do draw de duplas: ITF API: derrota encontrada."
"tiziano-gomez","Tiziano Gomez","Singles","J100 Cochabamba","J100","2026-05-18","2026-05-23","Eliminado","R32","","https://www.itftennis.com/en/tournament/j100-cochabamba/bol/2026/j-j100-bol-2026-002/draws-and-results/","Encontrado na ITF (MD); leitura do draw: ITF API: derrota encontrada."
"valentina-garcia-rojas","Valentina Garcia Rojas","Doubles","J100 Cochabamba","J100","2026-05-18","2026-05-23","Eliminado","QF","","https://www.itftennis.com/en/tournament/j100-cochabamba/bol/2026/j-j100-bol-2026-002/draws-and-results/","Encontrado na ITF; leitura do draw de duplas: ITF API: derrota encontrada."
"valentina-garcia-rojas","Valentina Garcia Rojas","Singles","J100 Cochabamba","J100","2026-05-18","2026-05-23","Eliminado","R32","","https://www.itftennis.com/en/tournament/j100-cochabamba/bol/2026/j-j100-bol-2026-002/draws-and-results/","Encontrado na ITF (MD); leitura do draw: ITF API: derrota encontrada."
"valeria-santander","Valeria Santander","Doubles","J100 Cochabamba","J100","2026-05-18","2026-05-23","Eliminado","R32","","https://www.itftennis.com/en/tournament/j100-cochabamba/bol/2026/j-j100-bol-2026-002/draws-and-results/","Encontrado na ITF; leitura do draw de duplas: ITF API: derrota encontrada."
"valeria-santander","Valeria Santander","Singles","J100 Cochabamba","J100","2026-05-18","2026-05-23","Eliminado","R64","","https://www.itftennis.com/en/tournament/j100-cochabamba/bol/2026/j-j100-bol-2026-002/draws-and-results/","Encontrado na ITF (MD); leitura do draw: ITF API: derrota encontrada."
"valery-sumoya-lopez","Valery Sumoya Lopez","Doubles","J100 Cochabamba","J100","2026-05-18","2026-05-23","Ativo","W","","https://www.itftennis.com/en/tournament/j100-cochabamba/bol/2026/j-j100-bol-2026-002/draws-and-results/","Encontrado na ITF; leitura do draw de duplas: ITF API: vitoria encontrada."
"valery-sumoya-lopez","Valery Sumoya Lopez","Singles","J100 Cochabamba","J100","2026-05-18","2026-05-23","Eliminado","QF","","https://www.itftennis.com/en/tournament/j100-cochabamba/bol/2026/j-j100-bol-2026-002/draws-and-results/","Encontrado na ITF (MD); leitura do draw: ITF API: derrota encontrada."
"vicente-paniagua","Vicente Paniagua","Doubles","J100 Cochabamba","J100","2026-05-18","2026-05-23","Eliminado","R32","","https://www.itftennis.com/en/tournament/j100-cochabamba/bol/2026/j-j100-bol-2026-002/draws-and-results/","Encontrado na ITF; leitura do draw de duplas: ITF API: derrota encontrada."
"vicente-paniagua","Vicente Paniagua","Singles","J100 Cochabamba","J100","2026-05-18","2026-05-23","Eliminado","QF","","https://www.itftennis.com/en/tournament/j100-cochabamba/bol/2026/j-j100-bol-2026-002/draws-and-results/","Encontrado na ITF (MD); leitura do draw: ITF API: derrota encontrada."
"zoe-castro-calderon","Zoe Castro Calderon","Singles","J100 Cochabamba","J100","2026-05-18","2026-05-23","Eliminado","Q2","","https://www.itftennis.com/en/tournament/j100-cochabamba/bol/2026/j-j100-bol-2026-002/draws-and-results/","Encontrado na ITF (Q); leitura do draw: ITF API: derrota encontrada."
"zoe-doldan","Zoe Doldan","Doubles","J100 Cochabamba","J100","2026-05-18","2026-05-23","Eliminado","F","","https://www.itftennis.com/en/tournament/j100-cochabamba/bol/2026/j-j100-bol-2026-002/draws-and-results/","Encontrado na ITF; leitura do draw de duplas: ITF API: derrota encontrada."
"zoe-doldan","Zoe Doldan","Singles","J100 Cochabamba","J100","2026-05-18","2026-05-23","Eliminado","R32","","https://www.itftennis.com/en/tournament/j100-cochabamba/bol/2026/j-j100-bol-2026-002/draws-and-results/","Encontrado na ITF (MD); leitura do draw: ITF API: derrota encontrada."
"andy-zhang","Andy Zhang","Doubles","J100 Huzhou","J100","2026-05-18","2026-05-24","Eliminado","SF","","https://www.itftennis.com/en/tournament/j100-huzhou/chn/2026/j-j100-chn-2026-004/draws-and-results/","Encontrado na ITF; leitura do draw de duplas: ITF API: derrota encontrada."
"andy-zhang","Andy Zhang","Singles","J100 Huzhou","J100","2026-05-18","2026-05-24","Eliminado","R64","","https://www.itftennis.com/en/tournament/j100-huzhou/chn/2026/j-j100-chn-2026-004/draws-and-results/","Encontrado na ITF (MD); leitura do draw: ITF API: derrota encontrada."
"antoni-yu","Antoni Yu","Doubles","J100 Huzhou","J100","2026-05-18","2026-05-24","Eliminado","R32","","https://www.itftennis.com/en/tournament/j100-huzhou/chn/2026/j-j100-chn-2026-004/draws-and-results/","Encontrado na ITF; leitura do draw de duplas: ITF API: derrota encontrada."
"antoni-yu","Antoni Yu","Singles","J100 Huzhou","J100","2026-05-18","2026-05-24","Eliminado","R64","","https://www.itftennis.com/en/tournament/j100-huzhou/chn/2026/j-j100-chn-2026-004/draws-and-results/","Encontrado na ITF (MD); leitura do draw: ITF API: derrota encontrada."
"aolun-ma","Aolun Ma","Singles","J100 Huzhou","J100","2026-05-18","2026-05-24","Eliminado","Q1","","https://www.itftennis.com/en/tournament/j100-huzhou/chn/2026/j-j100-chn-2026-004/draws-and-results/","Encontrado na ITF (Q); leitura do draw: ITF API: derrota encontrada."
"aoyi-li","aoyi li","Doubles","J100 Huzhou","J100","2026-05-18","2026-05-24","Eliminado","R32","","https://www.itftennis.com/en/tournament/j100-huzhou/chn/2026/j-j100-chn-2026-004/draws-and-results/","Encontrado na ITF; leitura do draw de duplas: ITF API: derrota encontrada."
"aoyi-li","aoyi li","Singles","J100 Huzhou","J100","2026-05-18","2026-05-24","Eliminado","R32","","https://www.itftennis.com/en/tournament/j100-huzhou/chn/2026/j-j100-chn-2026-004/draws-and-results/","Encontrado na ITF (MD); leitura do draw: ITF API: derrota encontrada."
"bojia-zhang","Bojia Zhang","Doubles","J100 Huzhou","J100","2026-05-18","2026-05-24","Eliminado","R32","","https://www.itftennis.com/en/tournament/j100-huzhou/chn/2026/j-j100-chn-2026-004/draws-and-results/","Encontrado na ITF; leitura do draw de duplas: ITF API: derrota encontrada."
"bojia-zhang","Bojia Zhang","Singles","J100 Huzhou","J100","2026-05-18","2026-05-24","Eliminado","R64","","https://www.itftennis.com/en/tournament/j100-huzhou/chn/2026/j-j100-chn-2026-004/draws-and-results/","Encontrado na ITF (MD); leitura do draw: ITF API: derrota encontrada."
"boshi-wang","Boshi Wang","Doubles","J100 Huzhou","J100","2026-05-18","2026-05-24","Eliminado","QF","","https://www.itftennis.com/en/tournament/j100-huzhou/chn/2026/j-j100-chn-2026-004/draws-and-results/","Encontrado na ITF; leitura do draw de duplas: ITF API: derrota encontrada."
"boshi-wang","Boshi Wang","Singles","J100 Huzhou","J100","2026-05-18","2026-05-24","Eliminado","R32","","https://www.itftennis.com/en/tournament/j100-huzhou/chn/2026/j-j100-chn-2026-004/draws-and-results/","Encontrado na ITF (MD); leitura do draw: ITF API: derrota encontrada."
"chenhan-xiang","Chenhan Xiang","Singles","J100 Huzhou","J100","2026-05-18","2026-05-24","Eliminado","Q2","","https://www.itftennis.com/en/tournament/j100-huzhou/chn/2026/j-j100-chn-2026-004/draws-and-results/","Encontrado na ITF (Q); leitura do draw: ITF API: derrota encontrada."
"ching-ying-chen","Ching Ying Chen","Doubles","J100 Huzhou","J100","2026-05-18","2026-05-24","Eliminado","F","","https://www.itftennis.com/en/tournament/j100-huzhou/chn/2026/j-j100-chn-2026-004/draws-and-results/","Encontrado na ITF; leitura do draw de duplas: ITF API: derrota encontrada."
"ching-ying-chen","Ching Ying Chen","Singles","J100 Huzhou","J100","2026-05-18","2026-05-24","Eliminado","R64","","https://www.itftennis.com/en/tournament/j100-huzhou/chn/2026/j-j100-chn-2026-004/draws-and-results/","Encontrado na ITF (MD); leitura do draw: ITF API: derrota encontrada."
"chuhan-cong","Chuhan Cong","Singles","J100 Huzhou","J100","2026-05-18","2026-05-24","Eliminado","Q2","","https://www.itftennis.com/en/tournament/j100-huzhou/chn/2026/j-j100-chn-2026-004/draws-and-results/","Encontrado na ITF (Q); leitura do draw: ITF API: derrota encontrada."
"daniil-karpenko","Daniil Karpenko","Singles","J100 Huzhou","J100","2026-05-18","2026-05-24","Eliminado","Q1","","https://www.itftennis.com/en/tournament/j100-huzhou/chn/2026/j-j100-chn-2026-004/draws-and-results/","Encontrado na ITF (Q); leitura do draw: ITF API: derrota encontrada."
"dingchen-cui","Dingchen Cui","Singles","J100 Huzhou","J100","2026-05-18","2026-05-24","Eliminado","Q2","","https://www.itftennis.com/en/tournament/j100-huzhou/chn/2026/j-j100-chn-2026-004/draws-and-results/","Encontrado na ITF (Q); leitura do draw: ITF API: derrota encontrada."
"eito-komada","Eito Komada","Doubles","J100 Huzhou","J100","2026-05-18","2026-05-24","Ativo","W","","https://www.itftennis.com/en/tournament/j100-huzhou/chn/2026/j-j100-chn-2026-004/draws-and-results/","Encontrado na ITF; leitura do draw de duplas: ITF API: vitoria encontrada."
"eito-komada","Eito Komada","Singles","J100 Huzhou","J100","2026-05-18","2026-05-24","Ativo","W","","https://www.itftennis.com/en/tournament/j100-huzhou/chn/2026/j-j100-chn-2026-004/draws-and-results/","Encontrado na ITF (MD); leitura do draw: ITF API: vitoria encontrada."
"enle-hu","Enle Hu","Singles","J100 Huzhou","J100","2026-05-18","2026-05-24","Eliminado","Q2","","https://www.itftennis.com/en/tournament/j100-huzhou/chn/2026/j-j100-chn-2026-004/draws-and-results/","Encontrado na ITF (Q); leitura do draw: ITF API: derrota encontrada."
"fangyu-shang","FANGYU SHANG","Doubles","J100 Huzhou","J100","2026-05-18","2026-05-24","Eliminado","SF","","https://www.itftennis.com/en/tournament/j100-huzhou/chn/2026/j-j100-chn-2026-004/draws-and-results/","Encontrado na ITF; leitura do draw de duplas: ITF API: derrota encontrada."
"fangyu-shang","FANGYU SHANG","Singles","J100 Huzhou","J100","2026-05-18","2026-05-24","Eliminado","QF","","https://www.itftennis.com/en/tournament/j100-huzhou/chn/2026/j-j100-chn-2026-004/draws-and-results/","Encontrado na ITF (MD); leitura do draw: ITF API: derrota encontrada."
"grace-gong-zhang","Grace Gong Zhang","Singles","J100 Huzhou","J100","2026-05-18","2026-05-24","Eliminado","Q1","","https://www.itftennis.com/en/tournament/j100-huzhou/chn/2026/j-j100-chn-2026-004/draws-and-results/","Encontrado na ITF (Q); leitura do draw: ITF API: derrota encontrada."
"guanchen-jiang","Guanchen Jiang","Singles","J100 Huzhou","J100","2026-05-18","2026-05-24","Eliminado","Q2","","https://www.itftennis.com/en/tournament/j100-huzhou/chn/2026/j-j100-chn-2026-004/draws-and-results/","Encontrado na ITF (Q); leitura do draw: ITF API: derrota encontrada."
"hanlei-lu","Hanlei Lu","Doubles","J100 Huzhou","J100","2026-05-18","2026-05-24","Eliminado","QF","","https://www.itftennis.com/en/tournament/j100-huzhou/chn/2026/j-j100-chn-2026-004/draws-and-results/","Encontrado na ITF; leitura do draw de duplas: ITF API: derrota encontrada."
"hanlei-lu","Hanlei Lu","Singles","J100 Huzhou","J100","2026-05-18","2026-05-24","Eliminado","SF","","https://www.itftennis.com/en/tournament/j100-huzhou/chn/2026/j-j100-chn-2026-004/draws-and-results/","Encontrado na ITF (MD); leitura do draw: ITF API: derrota encontrada."
"hao-cheng-yu","Hao Cheng Yu","Singles","J100 Huzhou","J100","2026-05-18","2026-05-24","Eliminado","Q2","","https://www.itftennis.com/en/tournament/j100-huzhou/chn/2026/j-j100-chn-2026-004/draws-and-results/","Encontrado na ITF (Q); leitura do draw: ITF API: derrota encontrada."
"haolong-he","Haolong He","Doubles","J100 Huzhou","J100","2026-05-18","2026-05-24","Eliminado","F","","https://www.itftennis.com/en/tournament/j100-huzhou/chn/2026/j-j100-chn-2026-004/draws-and-results/","Encontrado na ITF; leitura do draw de duplas: ITF API: derrota encontrada."
"haolong-he","Haolong He","Singles","J100 Huzhou","J100","2026-05-18","2026-05-24","Eliminado","F","","https://www.itftennis.com/en/tournament/j100-huzhou/chn/2026/j-j100-chn-2026-004/draws-and-results/","Encontrado na ITF (MD); leitura do draw: ITF API: derrota encontrada."
"haoxuan-xu","Haoxuan Xu","Singles","J100 Huzhou","J100","2026-05-18","2026-05-24","Eliminado","Q3","","https://www.itftennis.com/en/tournament/j100-huzhou/chn/2026/j-j100-chn-2026-004/draws-and-results/","Encontrado na ITF (Q); leitura do draw: ITF API: derrota encontrada."
"haoyuan-li","haoyuan li","Singles","J100 Huzhou","J100","2026-05-18","2026-05-24","Eliminado","Q3","","https://www.itftennis.com/en/tournament/j100-huzhou/chn/2026/j-j100-chn-2026-004/draws-and-results/","Encontrado na ITF (Q); leitura do draw: ITF API: derrota encontrada."
"hui-xue","Hui Xue","Singles","J100 Huzhou","J100","2026-05-18","2026-05-24","Eliminado","Q2","","https://www.itftennis.com/en/tournament/j100-huzhou/chn/2026/j-j100-chn-2026-004/draws-and-results/","Encontrado na ITF (Q); leitura do draw: ITF API: derrota encontrada."
"ivan-makarov","Ivan Makarov","Doubles","J100 Huzhou","J100","2026-05-18","2026-05-24","Eliminado","R32","","https://www.itftennis.com/en/tournament/j100-huzhou/chn/2026/j-j100-chn-2026-004/draws-and-results/","Encontrado na ITF; leitura do draw de duplas: ITF API: derrota encontrada."
"ivan-makarov","Ivan Makarov","Singles","J100 Huzhou","J100","2026-05-18","2026-05-24","Eliminado","QF","","https://www.itftennis.com/en/tournament/j100-huzhou/chn/2026/j-j100-chn-2026-004/draws-and-results/","Encontrado na ITF (MD); leitura do draw: ITF API: derrota encontrada."
"ivan-matveev","Ivan Matveev","Doubles","J100 Huzhou","J100","2026-05-18","2026-05-24","Eliminado","R32","","https://www.itftennis.com/en/tournament/j100-huzhou/chn/2026/j-j100-chn-2026-004/draws-and-results/","Encontrado na ITF; leitura do draw de duplas: ITF API: derrota encontrada."
"ivan-matveev","Ivan Matveev","Singles","J100 Huzhou","J100","2026-05-18","2026-05-24","Eliminado","R32","","https://www.itftennis.com/en/tournament/j100-huzhou/chn/2026/j-j100-chn-2026-004/draws-and-results/","Encontrado na ITF (MD); leitura do draw: ITF API: derrota encontrada."
"jia-liu","Jia Liu","Doubles","J100 Huzhou","J100","2026-05-18","2026-05-24","Eliminado","R32","","https://www.itftennis.com/en/tournament/j100-huzhou/chn/2026/j-j100-chn-2026-004/draws-and-results/","Encontrado na ITF; leitura do draw de duplas: ITF API: derrota encontrada."
"jia-liu","Jia Liu","Singles","J100 Huzhou","J100","2026-05-18","2026-05-24","Eliminado","R64","","https://www.itftennis.com/en/tournament/j100-huzhou/chn/2026/j-j100-chn-2026-004/draws-and-results/","Encontrado na ITF (MD); leitura do draw: ITF API: derrota encontrada."
"jiahao-wang","Jiahao Wang","Singles","J100 Huzhou","J100","2026-05-18","2026-05-24","Eliminado","Q1","","https://www.itftennis.com/en/tournament/j100-huzhou/chn/2026/j-j100-chn-2026-004/draws-and-results/","Encontrado na ITF (Q); leitura do draw: ITF API: derrota encontrada."
"jiali-dong","JiaLi Dong","Doubles","J100 Huzhou","J100","2026-05-18","2026-05-24","Ativo","W","","https://www.itftennis.com/en/tournament/j100-huzhou/chn/2026/j-j100-chn-2026-004/draws-and-results/","Encontrado na ITF; leitura do draw de duplas: ITF API: vitoria encontrada."
"jiali-dong","JiaLi Dong","Singles","J100 Huzhou","J100","2026-05-18","2026-05-24","Ativo","W","","https://www.itftennis.com/en/tournament/j100-huzhou/chn/2026/j-j100-chn-2026-004/draws-and-results/","Encontrado na ITF (MD); leitura do draw: ITF API: vitoria encontrada."
"jialiang-guo","Jialiang Guo","Singles","J100 Huzhou","J100","2026-05-18","2026-05-24","Eliminado","Q3","","https://www.itftennis.com/en/tournament/j100-huzhou/chn/2026/j-j100-chn-2026-004/draws-and-results/","Encontrado na ITF (Q); leitura do draw: ITF API: derrota encontrada."
"jian-huang","Jian Huang","Doubles","J100 Huzhou","J100","2026-05-18","2026-05-24","Eliminado","R32","","https://www.itftennis.com/en/tournament/j100-huzhou/chn/2026/j-j100-chn-2026-004/draws-and-results/","Encontrado na ITF; leitura do draw de duplas: ITF API: derrota encontrada."
"jian-huang","Jian Huang","Singles","J100 Huzhou","J100","2026-05-18","2026-05-24","Eliminado","R64","","https://www.itftennis.com/en/tournament/j100-huzhou/chn/2026/j-j100-chn-2026-004/draws-and-results/","Encontrado na ITF (MD); leitura do draw: ITF API: derrota encontrada."
"jiarui-sun","Jiarui Sun","Doubles","J100 Huzhou","J100","2026-05-18","2026-05-24","Eliminado","R32","","https://www.itftennis.com/en/tournament/j100-huzhou/chn/2026/j-j100-chn-2026-004/draws-and-results/","Encontrado na ITF; leitura do draw de duplas: ITF API: derrota encontrada."
"jiarui-sun","Jiarui Sun","Singles","J100 Huzhou","J100","2026-05-18","2026-05-24","Eliminado","R32","","https://www.itftennis.com/en/tournament/j100-huzhou/chn/2026/j-j100-chn-2026-004/draws-and-results/","Encontrado na ITF (MD); leitura do draw: ITF API: derrota encontrada."
"jiayi-sun","Jiayi Sun","Doubles","J100 Huzhou","J100","2026-05-18","2026-05-24","Eliminado","SF","","https://www.itftennis.com/en/tournament/j100-huzhou/chn/2026/j-j100-chn-2026-004/draws-and-results/","Encontrado na ITF; leitura do draw de duplas: ITF API: derrota encontrada."
"jiayi-sun","Jiayi Sun","Singles","J100 Huzhou","J100","2026-05-18","2026-05-24","Eliminado","R64","","https://www.itftennis.com/en/tournament/j100-huzhou/chn/2026/j-j100-chn-2026-004/draws-and-results/","Encontrado na ITF (MD); leitura do draw: ITF API: derrota encontrada."
"jiayue-pan","Jiayue Pan","Singles","J100 Huzhou","J100","2026-05-18","2026-05-24","Eliminado","Q1","","https://www.itftennis.com/en/tournament/j100-huzhou/chn/2026/j-j100-chn-2026-004/draws-and-results/","Encontrado na ITF (Q); leitura do draw: ITF API: derrota encontrada."
"jinghan-li","Jinghan Li","Doubles","J100 Huzhou","J100","2026-05-18","2026-05-24","Eliminado","R32","","https://www.itftennis.com/en/tournament/j100-huzhou/chn/2026/j-j100-chn-2026-004/draws-and-results/","Encontrado na ITF; leitura do draw de duplas: ITF API: derrota encontrada."
"jinghan-li","Jinghan Li","Singles","J100 Huzhou","J100","2026-05-18","2026-05-24","Eliminado","R64","","https://www.itftennis.com/en/tournament/j100-huzhou/chn/2026/j-j100-chn-2026-004/draws-and-results/","Encontrado na ITF (MD); leitura do draw: ITF API: derrota encontrada."
"jinling-shi","Jinling Shi","Doubles","J100 Huzhou","J100","2026-05-18","2026-05-24","Eliminado","SF","","https://www.itftennis.com/en/tournament/j100-huzhou/chn/2026/j-j100-chn-2026-004/draws-and-results/","Encontrado na ITF; leitura do draw de duplas: ITF API: derrota encontrada."
"jinling-shi","Jinling Shi","Singles","J100 Huzhou","J100","2026-05-18","2026-05-24","Eliminado","F","","https://www.itftennis.com/en/tournament/j100-huzhou/chn/2026/j-j100-chn-2026-004/draws-and-results/","Encontrado na ITF (MD); leitura do draw: ITF API: derrota encontrada."
"jinxi-che","Jinxi Che","Singles","J100 Huzhou","J100","2026-05-18","2026-05-24","Eliminado","Q1","","https://www.itftennis.com/en/tournament/j100-huzhou/chn/2026/j-j100-chn-2026-004/draws-and-results/","Encontrado na ITF (Q); leitura do draw: ITF API: derrota encontrada."
"jinyu-zhou","Jinyu Zhou","Doubles","J100 Huzhou","J100","2026-05-18","2026-05-24","Eliminado","R32","","https://www.itftennis.com/en/tournament/j100-huzhou/chn/2026/j-j100-chn-2026-004/draws-and-results/","Encontrado na ITF; leitura do draw de duplas: ITF API: derrota encontrada."
"jinyu-zhou","Jinyu Zhou","Singles","J100 Huzhou","J100","2026-05-18","2026-05-24","Eliminado","R32","","https://www.itftennis.com/en/tournament/j100-huzhou/chn/2026/j-j100-chn-2026-004/draws-and-results/","Encontrado na ITF (MD); leitura do draw: ITF API: derrota encontrada."
"jun-xu","Jun Xu","Singles","J100 Huzhou","J100","2026-05-18","2026-05-24","Eliminado","Q1","","https://www.itftennis.com/en/tournament/j100-huzhou/chn/2026/j-j100-chn-2026-004/draws-and-results/","Encontrado na ITF (Q); leitura do draw: ITF API: derrota encontrada."
"junlin-su","junlin Su","Doubles","J100 Huzhou","J100","2026-05-18","2026-05-24","Eliminado","R32","","https://www.itftennis.com/en/tournament/j100-huzhou/chn/2026/j-j100-chn-2026-004/draws-and-results/","Encontrado na ITF; leitura do draw de duplas: ITF API: derrota encontrada."
"junlin-su","junlin Su","Singles","J100 Huzhou","J100","2026-05-18","2026-05-24","Eliminado","R64","","https://www.itftennis.com/en/tournament/j100-huzhou/chn/2026/j-j100-chn-2026-004/draws-and-results/","Encontrado na ITF (MD); leitura do draw: ITF API: derrota encontrada."
"kensuke-kobayashi","Kensuke Kobayashi","Doubles","J100 Huzhou","J100","2026-05-18","2026-05-24","Ativo","W","","https://www.itftennis.com/en/tournament/j100-huzhou/chn/2026/j-j100-chn-2026-004/draws-and-results/","Encontrado na ITF; leitura do draw de duplas: ITF API: vitoria encontrada."
"kensuke-kobayashi","Kensuke Kobayashi","Singles","J100 Huzhou","J100","2026-05-18","2026-05-24","Eliminado","QF","","https://www.itftennis.com/en/tournament/j100-huzhou/chn/2026/j-j100-chn-2026-004/draws-and-results/","Encontrado na ITF (MD); leitura do draw: ITF API: derrota encontrada."
"kezhi-li","Kezhi Li","Singles","J100 Huzhou","J100","2026-05-18","2026-05-24","Eliminado","Q2","","https://www.itftennis.com/en/tournament/j100-huzhou/chn/2026/j-j100-chn-2026-004/draws-and-results/","Encontrado na ITF (Q); leitura do draw: ITF API: derrota encontrada."
"kongyi-hu","Kongyi Hu","Singles","J100 Huzhou","J100","2026-05-18","2026-05-24","Eliminado","Q1","","https://www.itftennis.com/en/tournament/j100-huzhou/chn/2026/j-j100-chn-2026-004/draws-and-results/","Encontrado na ITF (Q); leitura do draw: ITF API: derrota encontrada."
"kuai-jiananxi","Kuai Jiananxi","Doubles","J100 Huzhou","J100","2026-05-18","2026-05-24","Eliminado","QF","","https://www.itftennis.com/en/tournament/j100-huzhou/chn/2026/j-j100-chn-2026-004/draws-and-results/","Encontrado na ITF; leitura do draw de duplas: ITF API: derrota encontrada."
"kuai-jiananxi","Kuai Jiananxi","Singles","J100 Huzhou","J100","2026-05-18","2026-05-24","Eliminado","R64","","https://www.itftennis.com/en/tournament/j100-huzhou/chn/2026/j-j100-chn-2026-004/draws-and-results/","Encontrado na ITF (MD); leitura do draw: ITF API: derrota encontrada."
"laga-tu","Laga Tu","Singles","J100 Huzhou","J100","2026-05-18","2026-05-24","Eliminado","Q2","","https://www.itftennis.com/en/tournament/j100-huzhou/chn/2026/j-j100-chn-2026-004/draws-and-results/","Encontrado na ITF (Q); leitura do draw: ITF API: derrota encontrada."
"liubeiyi-zhang","LiuBeiYi Zhang","Singles","J100 Huzhou","J100","2026-05-18","2026-05-24","Eliminado","Q2","","https://www.itftennis.com/en/tournament/j100-huzhou/chn/2026/j-j100-chn-2026-004/draws-and-results/","Encontrado na ITF (Q); leitura do draw: ITF API: derrota encontrada."
"luke-jie-xi-ho","Luke Jie Xi Ho","Doubles","J100 Huzhou","J100","2026-05-18","2026-05-24","Eliminado","R32","","https://www.itftennis.com/en/tournament/j100-huzhou/chn/2026/j-j100-chn-2026-004/draws-and-results/","Encontrado na ITF; leitura do draw de duplas: ITF API: derrota encontrada."
"luke-jie-xi-ho","Luke Jie Xi Ho","Singles","J100 Huzhou","J100","2026-05-18","2026-05-24","Eliminado","R64","","https://www.itftennis.com/en/tournament/j100-huzhou/chn/2026/j-j100-chn-2026-004/draws-and-results/","Encontrado na ITF (MD); leitura do draw: ITF API: derrota encontrada."
"meimei-hu","Meimei Hu","Doubles","J100 Huzhou","J100","2026-05-18","2026-05-24","Eliminado","QF","","https://www.itftennis.com/en/tournament/j100-huzhou/chn/2026/j-j100-chn-2026-004/draws-and-results/","Encontrado na ITF; leitura do draw de duplas: ITF API: derrota encontrada."
"meimei-hu","Meimei Hu","Singles","J100 Huzhou","J100","2026-05-18","2026-05-24","Eliminado","Q2","","https://www.itftennis.com/en/tournament/j100-huzhou/chn/2026/j-j100-chn-2026-004/draws-and-results/","Encontrado na ITF (MD); leitura do draw: ITF API: derrota encontrada."
"meiqi-chen","Meiqi Chen","Singles","J100 Huzhou","J100","2026-05-18","2026-05-24","Eliminado","Q1","","https://www.itftennis.com/en/tournament/j100-huzhou/chn/2026/j-j100-chn-2026-004/draws-and-results/","Encontrado na ITF (Q); leitura do draw: ITF API: derrota encontrada."
"mengxi-sun","mengxi sun","Doubles","J100 Huzhou","J100","2026-05-18","2026-05-24","Eliminado","R32","","https://www.itftennis.com/en/tournament/j100-huzhou/chn/2026/j-j100-chn-2026-004/draws-and-results/","Encontrado na ITF; leitura do draw de duplas: ITF API: derrota encontrada."
"mengxi-sun","mengxi sun","Singles","J100 Huzhou","J100","2026-05-18","2026-05-24","Eliminado","R64","","https://www.itftennis.com/en/tournament/j100-huzhou/chn/2026/j-j100-chn-2026-004/draws-and-results/","Encontrado na ITF (MD); leitura do draw: ITF API: derrota encontrada."
"mia-noetzig","Mia Noetzig","Doubles","J100 Huzhou","J100","2026-05-18","2026-05-24","Eliminado","QF","","https://www.itftennis.com/en/tournament/j100-huzhou/chn/2026/j-j100-chn-2026-004/draws-and-results/","Encontrado na ITF; leitura do draw de duplas: ITF API: derrota encontrada."
"mia-noetzig","Mia Noetzig","Singles","J100 Huzhou","J100","2026-05-18","2026-05-24","Eliminado","R64","","https://www.itftennis.com/en/tournament/j100-huzhou/chn/2026/j-j100-chn-2026-004/draws-and-results/","Encontrado na ITF (MD); leitura do draw: ITF API: derrota encontrada."
"mingrui-shi","Mingrui Shi","Doubles","J100 Huzhou","J100","2026-05-18","2026-05-24","Eliminado","R32","","https://www.itftennis.com/en/tournament/j100-huzhou/chn/2026/j-j100-chn-2026-004/draws-and-results/","Encontrado na ITF; leitura do draw de duplas: ITF API: derrota encontrada."
"mingrui-shi","Mingrui Shi","Singles","J100 Huzhou","J100","2026-05-18","2026-05-24","Eliminado","R64","","https://www.itftennis.com/en/tournament/j100-huzhou/chn/2026/j-j100-chn-2026-004/draws-and-results/","Encontrado na ITF (MD); leitura do draw: ITF API: derrota encontrada."
"mingwei-qiu","Mingwei Qiu","Doubles","J100 Huzhou","J100","2026-05-18","2026-05-24","Eliminado","QF","","https://www.itftennis.com/en/tournament/j100-huzhou/chn/2026/j-j100-chn-2026-004/draws-and-results/","Encontrado na ITF; leitura do draw de duplas: ITF API: derrota encontrada."
"mingwei-qiu","Mingwei Qiu","Singles","J100 Huzhou","J100","2026-05-18","2026-05-24","Eliminado","R64","","https://www.itftennis.com/en/tournament/j100-huzhou/chn/2026/j-j100-chn-2026-004/draws-and-results/","Encontrado na ITF (MD); leitura do draw: ITF API: derrota encontrada."
"minxu-zhou","Minxu Zhou","Doubles","J100 Huzhou","J100","2026-05-18","2026-05-24","Eliminado","R32","","https://www.itftennis.com/en/tournament/j100-huzhou/chn/2026/j-j100-chn-2026-004/draws-and-results/","Encontrado na ITF; leitura do draw de duplas: ITF API: derrota encontrada."
"minxu-zhou","Minxu Zhou","Singles","J100 Huzhou","J100","2026-05-18","2026-05-24","Eliminado","R32","","https://www.itftennis.com/en/tournament/j100-huzhou/chn/2026/j-j100-chn-2026-004/draws-and-results/","Encontrado na ITF (MD); leitura do draw: ITF API: derrota encontrada."
"murong-wu","Murong Wu","Doubles","J100 Huzhou","J100","2026-05-18","2026-05-24","Eliminado","R32","","https://www.itftennis.com/en/tournament/j100-huzhou/chn/2026/j-j100-chn-2026-004/draws-and-results/","Encontrado na ITF; leitura do draw de duplas: ITF API: derrota encontrada."
"murong-wu","Murong Wu","Singles","J100 Huzhou","J100","2026-05-18","2026-05-24","Eliminado","QF","","https://www.itftennis.com/en/tournament/j100-huzhou/chn/2026/j-j100-chn-2026-004/draws-and-results/","Encontrado na ITF (MD); leitura do draw: ITF API: derrota encontrada."
"qige-yi","Qige Yi","Doubles","J100 Huzhou","J100","2026-05-18","2026-05-24","Eliminado","QF","","https://www.itftennis.com/en/tournament/j100-huzhou/chn/2026/j-j100-chn-2026-004/draws-and-results/","Encontrado na ITF; leitura do draw de duplas: ITF API: derrota encontrada."
"qige-yi","Qige Yi","Singles","J100 Huzhou","J100","2026-05-18","2026-05-24","Eliminado","R32","","https://www.itftennis.com/en/tournament/j100-huzhou/chn/2026/j-j100-chn-2026-004/draws-and-results/","Encontrado na ITF (MD); leitura do draw: ITF API: derrota encontrada."
"qinduo-cai","Qinduo Cai","Singles","J100 Huzhou","J100","2026-05-18","2026-05-24","Eliminado","Q1","","https://www.itftennis.com/en/tournament/j100-huzhou/chn/2026/j-j100-chn-2026-004/draws-and-results/","Encontrado na ITF (Q); leitura do draw: ITF API: derrota encontrada."
"qingan-chen","Qingan Chen","Doubles","J100 Huzhou","J100","2026-05-18","2026-05-24","Eliminado","QF","","https://www.itftennis.com/en/tournament/j100-huzhou/chn/2026/j-j100-chn-2026-004/draws-and-results/","Encontrado na ITF; leitura do draw de duplas: ITF API: derrota encontrada."
"qingan-chen","Qingan Chen","Singles","J100 Huzhou","J100","2026-05-18","2026-05-24","Eliminado","R64","","https://www.itftennis.com/en/tournament/j100-huzhou/chn/2026/j-j100-chn-2026-004/draws-and-results/","Encontrado na ITF (MD); leitura do draw: ITF API: derrota encontrada."
"shijie-chen","Shijie Chen","Doubles","J100 Huzhou","J100","2026-05-18","2026-05-24","Eliminado","R32","","https://www.itftennis.com/en/tournament/j100-huzhou/chn/2026/j-j100-chn-2026-004/draws-and-results/","Encontrado na ITF; leitura do draw de duplas: ITF API: derrota encontrada."
"shijie-chen","Shijie Chen","Singles","J100 Huzhou","J100","2026-05-18","2026-05-24","Eliminado","R32","","https://www.itftennis.com/en/tournament/j100-huzhou/chn/2026/j-j100-chn-2026-004/draws-and-results/","Encontrado na ITF (MD); leitura do draw: ITF API: derrota encontrada."
"shunhua-he","Shunhua He","Doubles","J100 Huzhou","J100","2026-05-18","2026-05-24","Eliminado","R32","","https://www.itftennis.com/en/tournament/j100-huzhou/chn/2026/j-j100-chn-2026-004/draws-and-results/","Encontrado na ITF; leitura do draw de duplas: ITF API: derrota encontrada."
"shunhua-he","Shunhua He","Singles","J100 Huzhou","J100","2026-05-18","2026-05-24","Eliminado","Q3","","https://www.itftennis.com/en/tournament/j100-huzhou/chn/2026/j-j100-chn-2026-004/draws-and-results/","Encontrado na ITF (MD); leitura do draw: ITF API: derrota encontrada."
"shuoze-sun","Shuoze Sun","Singles","J100 Huzhou","J100","2026-05-18","2026-05-24","Eliminado","Q2","","https://www.itftennis.com/en/tournament/j100-huzhou/chn/2026/j-j100-chn-2026-004/draws-and-results/","Encontrado na ITF (Q); leitura do draw: ITF API: derrota encontrada."
"siqi-wang","SIQI WANG","Doubles","J100 Huzhou","J100","2026-05-18","2026-05-24","Eliminado","QF","","https://www.itftennis.com/en/tournament/j100-huzhou/chn/2026/j-j100-chn-2026-004/draws-and-results/","Encontrado na ITF; leitura do draw de duplas: ITF API: derrota encontrada."
"siqi-wang","SIQI WANG","Singles","J100 Huzhou","J100","2026-05-18","2026-05-24","Eliminado","R64","","https://www.itftennis.com/en/tournament/j100-huzhou/chn/2026/j-j100-chn-2026-004/draws-and-results/","Encontrado na ITF (MD); leitura do draw: ITF API: derrota encontrada."
"siyuan-wu","Siyuan Wu","Singles","J100 Huzhou","J100","2026-05-18","2026-05-24","Eliminado","Q3","","https://www.itftennis.com/en/tournament/j100-huzhou/chn/2026/j-j100-chn-2026-004/draws-and-results/","Encontrado na ITF (Q); leitura do draw: ITF API: derrota encontrada."
"sofia-saprykina","Sofia Saprykina","Singles","J100 Huzhou","J100","2026-05-18","2026-05-24","Eliminado","R64","","https://www.itftennis.com/en/tournament/j100-huzhou/chn/2026/j-j100-chn-2026-004/draws-and-results/","Encontrado na ITF (MD); leitura do draw: ITF API: derrota encontrada."
"tianran-dong","Tianran Dong","Singles","J100 Huzhou","J100","2026-05-18","2026-05-24","Eliminado","Q3","","https://www.itftennis.com/en/tournament/j100-huzhou/chn/2026/j-j100-chn-2026-004/draws-and-results/","Encontrado na ITF (Q); leitura do draw: ITF API: derrota encontrada."
"tiantian-sun","Tiantian Sun","Doubles","J100 Huzhou","J100","2026-05-18","2026-05-24","Eliminado","R32","","https://www.itftennis.com/en/tournament/j100-huzhou/chn/2026/j-j100-chn-2026-004/draws-and-results/","Encontrado na ITF; leitura do draw de duplas: ITF API: derrota encontrada."
"tiantian-sun","Tiantian Sun","Singles","J100 Huzhou","J100","2026-05-18","2026-05-24","Eliminado","R32","","https://www.itftennis.com/en/tournament/j100-huzhou/chn/2026/j-j100-chn-2026-004/draws-and-results/","Encontrado na ITF (MD); leitura do draw: ITF API: derrota encontrada."
"tianyi-gong","Tianyi Gong","Doubles","J100 Huzhou","J100","2026-05-18","2026-05-24","Eliminado","R32","","https://www.itftennis.com/en/tournament/j100-huzhou/chn/2026/j-j100-chn-2026-004/draws-and-results/","Encontrado na ITF; leitura do draw de duplas: ITF API: derrota encontrada."
"tianyi-gong","Tianyi Gong","Singles","J100 Huzhou","J100","2026-05-18","2026-05-24","Eliminado","R32","","https://www.itftennis.com/en/tournament/j100-huzhou/chn/2026/j-j100-chn-2026-004/draws-and-results/","Encontrado na ITF (MD); leitura do draw: ITF API: derrota encontrada."
"ting-ho-yang","TING-HO YANG","Doubles","J100 Huzhou","J100","2026-05-18","2026-05-24","Eliminado","R32","","https://www.itftennis.com/en/tournament/j100-huzhou/chn/2026/j-j100-chn-2026-004/draws-and-results/","Encontrado na ITF; leitura do draw de duplas: ITF API: derrota encontrada."
"ting-ho-yang","TING-HO YANG","Singles","J100 Huzhou","J100","2026-05-18","2026-05-24","Eliminado","R32","","https://www.itftennis.com/en/tournament/j100-huzhou/chn/2026/j-j100-chn-2026-004/draws-and-results/","Encontrado na ITF (MD); leitura do draw: ITF API: derrota encontrada."
"tong-liu","Tong Liu","Doubles","J100 Huzhou","J100","2026-05-18","2026-05-24","Eliminado","QF","","https://www.itftennis.com/en/tournament/j100-huzhou/chn/2026/j-j100-chn-2026-004/draws-and-results/","Encontrado na ITF; leitura do draw de duplas: ITF API: derrota encontrada."
"tong-liu","Tong Liu","Singles","J100 Huzhou","J100","2026-05-18","2026-05-24","Eliminado","R32","","https://www.itftennis.com/en/tournament/j100-huzhou/chn/2026/j-j100-chn-2026-004/draws-and-results/","Encontrado na ITF (MD); leitura do draw: ITF API: derrota encontrada."
"tzu-yuan-tseng","TZU-YUAN TSENG","Doubles","J100 Huzhou","J100","2026-05-18","2026-05-24","Eliminado","R32","","https://www.itftennis.com/en/tournament/j100-huzhou/chn/2026/j-j100-chn-2026-004/draws-and-results/","Encontrado na ITF; leitura do draw de duplas: ITF API: derrota encontrada."
"tzu-yuan-tseng","TZU-YUAN TSENG","Singles","J100 Huzhou","J100","2026-05-18","2026-05-24","Eliminado","R64","","https://www.itftennis.com/en/tournament/j100-huzhou/chn/2026/j-j100-chn-2026-004/draws-and-results/","Encontrado na ITF (MD); leitura do draw: ITF API: derrota encontrada."
"wan-yang-yu","Wan Yang Yu","Singles","J100 Huzhou","J100","2026-05-18","2026-05-24","Eliminado","Q1","","https://www.itftennis.com/en/tournament/j100-huzhou/chn/2026/j-j100-chn-2026-004/draws-and-results/","Encontrado na ITF (Q); leitura do draw: ITF API: derrota encontrada."
"wanbing-wang","Wanbing Wang","Doubles","J100 Huzhou","J100","2026-05-18","2026-05-24","Eliminado","QF","","https://www.itftennis.com/en/tournament/j100-huzhou/chn/2026/j-j100-chn-2026-004/draws-and-results/","Encontrado na ITF; leitura do draw de duplas: ITF API: derrota encontrada."
"wanbing-wang","Wanbing Wang","Singles","J100 Huzhou","J100","2026-05-18","2026-05-24","Eliminado","R64","","https://www.itftennis.com/en/tournament/j100-huzhou/chn/2026/j-j100-chn-2026-004/draws-and-results/","Encontrado na ITF (MD); leitura do draw: ITF API: derrota encontrada."
"william-ji","William Ji","Singles","J100 Huzhou","J100","2026-05-18","2026-05-24","Eliminado","Q1","","https://www.itftennis.com/en/tournament/j100-huzhou/chn/2026/j-j100-chn-2026-004/draws-and-results/","Encontrado na ITF (Q); leitura do draw: ITF API: derrota encontrada."
"xi-cheng-huang","Xi Cheng Huang","Doubles","J100 Huzhou","J100","2026-05-18","2026-05-24","Eliminado","SF","","https://www.itftennis.com/en/tournament/j100-huzhou/chn/2026/j-j100-chn-2026-004/draws-and-results/","Encontrado na ITF; leitura do draw de duplas: ITF API: derrota encontrada."
"xi-cheng-huang","Xi Cheng Huang","Singles","J100 Huzhou","J100","2026-05-18","2026-05-24","Eliminado","R64","","https://www.itftennis.com/en/tournament/j100-huzhou/chn/2026/j-j100-chn-2026-004/draws-and-results/","Encontrado na ITF (MD); leitura do draw: ITF API: derrota encontrada."
"xiande-he","Xiande He","Doubles","J100 Huzhou","J100","2026-05-18","2026-05-24","Eliminado","R32","","https://www.itftennis.com/en/tournament/j100-huzhou/chn/2026/j-j100-chn-2026-004/draws-and-results/","Encontrado na ITF; leitura do draw de duplas: ITF API: derrota encontrada."
"xiande-he","Xiande He","Singles","J100 Huzhou","J100","2026-05-18","2026-05-24","Eliminado","R64","","https://www.itftennis.com/en/tournament/j100-huzhou/chn/2026/j-j100-chn-2026-004/draws-and-results/","Encontrado na ITF (MD); leitura do draw: ITF API: derrota encontrada."
"xier-ai","Xier Ai","Doubles","J100 Huzhou","J100","2026-05-18","2026-05-24","Eliminado","QF","","https://www.itftennis.com/en/tournament/j100-huzhou/chn/2026/j-j100-chn-2026-004/draws-and-results/","Encontrado na ITF; leitura do draw de duplas: ITF API: derrota encontrada."
"xier-ai","Xier Ai","Singles","J100 Huzhou","J100","2026-05-18","2026-05-24","Eliminado","R64","","https://www.itftennis.com/en/tournament/j100-huzhou/chn/2026/j-j100-chn-2026-004/draws-and-results/","Encontrado na ITF (MD); leitura do draw: ITF API: derrota encontrada."
"xin-lei-peng","xin lei peng","Singles","J100 Huzhou","J100","2026-05-18","2026-05-24","Eliminado","Q1","","https://www.itftennis.com/en/tournament/j100-huzhou/chn/2026/j-j100-chn-2026-004/draws-and-results/","Encontrado na ITF (Q); leitura do draw: ITF API: derrota encontrada."
"xinlei-fu","Xinlei Fu","Singles","J100 Huzhou","J100","2026-05-18","2026-05-24","Eliminado","Q2","","https://www.itftennis.com/en/tournament/j100-huzhou/chn/2026/j-j100-chn-2026-004/draws-and-results/","Encontrado na ITF (Q); leitura do draw: ITF API: derrota encontrada."
"xinran-yan","Xinran Yan","Doubles","J100 Huzhou","J100","2026-05-18","2026-05-24","Eliminado","R32","","https://www.itftennis.com/en/tournament/j100-huzhou/chn/2026/j-j100-chn-2026-004/draws-and-results/","Encontrado na ITF; leitura do draw de duplas: ITF API: derrota encontrada."
"xinran-yan","Xinran Yan","Singles","J100 Huzhou","J100","2026-05-18","2026-05-24","Eliminado","QF","","https://www.itftennis.com/en/tournament/j100-huzhou/chn/2026/j-j100-chn-2026-004/draws-and-results/","Encontrado na ITF (MD); leitura do draw: ITF API: derrota encontrada."
"xintong-wu","Xintong Wu","Doubles","J100 Huzhou","J100","2026-05-18","2026-05-24","Eliminado","R32","","https://www.itftennis.com/en/tournament/j100-huzhou/chn/2026/j-j100-chn-2026-004/draws-and-results/","Encontrado na ITF; leitura do draw de duplas: ITF API: derrota encontrada."
"xintong-wu","Xintong Wu","Singles","J100 Huzhou","J100","2026-05-18","2026-05-24","Eliminado","Q3","","https://www.itftennis.com/en/tournament/j100-huzhou/chn/2026/j-j100-chn-2026-004/draws-and-results/","Encontrado na ITF (MD); leitura do draw: ITF API: derrota encontrada."
"xinyang-han","Xinyang Han","Singles","J100 Huzhou","J100","2026-05-18","2026-05-24","Eliminado","R64","","https://www.itftennis.com/en/tournament/j100-huzhou/chn/2026/j-j100-chn-2026-004/draws-and-results/","Encontrado na ITF (MD); leitura do draw: ITF API: derrota encontrada."
"yan-lang-chen","Yan Lang Chen","Doubles","J100 Huzhou","J100","2026-05-18","2026-05-24","Eliminado","R32","","https://www.itftennis.com/en/tournament/j100-huzhou/chn/2026/j-j100-chn-2026-004/draws-and-results/","Encontrado na ITF; leitura do draw de duplas: ITF API: derrota encontrada."
"yan-lang-chen","Yan Lang Chen","Singles","J100 Huzhou","J100","2026-05-18","2026-05-24","Eliminado","R32","","https://www.itftennis.com/en/tournament/j100-huzhou/chn/2026/j-j100-chn-2026-004/draws-and-results/","Encontrado na ITF (MD); leitura do draw: ITF API: derrota encontrada."
"yanhong-li","Yanhong Li","Doubles","J100 Huzhou","J100","2026-05-18","2026-05-24","Eliminado","SF","","https://www.itftennis.com/en/tournament/j100-huzhou/chn/2026/j-j100-chn-2026-004/draws-and-results/","Encontrado na ITF; leitura do draw de duplas: ITF API: derrota encontrada."
"yanhong-li","Yanhong Li","Singles","J100 Huzhou","J100","2026-05-18","2026-05-24","Eliminado","SF","","https://www.itftennis.com/en/tournament/j100-huzhou/chn/2026/j-j100-chn-2026-004/draws-and-results/","Encontrado na ITF (MD); leitura do draw: ITF API: derrota encontrada."
"yanke-wang","Yanke Wang","Doubles","J100 Huzhou","J100","2026-05-18","2026-05-24","Eliminado","R32","","https://www.itftennis.com/en/tournament/j100-huzhou/chn/2026/j-j100-chn-2026-004/draws-and-results/","Encontrado na ITF; leitura do draw de duplas: ITF API: derrota encontrada."
"yanke-wang","Yanke Wang","Singles","J100 Huzhou","J100","2026-05-18","2026-05-24","Eliminado","R64","","https://www.itftennis.com/en/tournament/j100-huzhou/chn/2026/j-j100-chn-2026-004/draws-and-results/","Encontrado na ITF (MD); leitura do draw: ITF API: derrota encontrada."
"yi-en-hua","Yi-En Hua","Doubles","J100 Huzhou","J100","2026-05-18","2026-05-24","Eliminado","F","","https://www.itftennis.com/en/tournament/j100-huzhou/chn/2026/j-j100-chn-2026-004/draws-and-results/","Encontrado na ITF; leitura do draw de duplas: ITF API: derrota encontrada."
"yi-en-hua","Yi-En Hua","Singles","J100 Huzhou","J100","2026-05-18","2026-05-24","Eliminado","SF","","https://www.itftennis.com/en/tournament/j100-huzhou/chn/2026/j-j100-chn-2026-004/draws-and-results/","Encontrado na ITF (MD); leitura do draw: ITF API: derrota encontrada."
"yichen-qian","Yichen Qian","Singles","J100 Huzhou","J100","2026-05-18","2026-05-24","Eliminado","Q1","","https://www.itftennis.com/en/tournament/j100-huzhou/chn/2026/j-j100-chn-2026-004/draws-and-results/","Encontrado na ITF (Q); leitura do draw: ITF API: derrota encontrada."
"yihan-li","YiHan Li","Singles","J100 Huzhou","J100","2026-05-18","2026-05-24","Eliminado","Q2","","https://www.itftennis.com/en/tournament/j100-huzhou/chn/2026/j-j100-chn-2026-004/draws-and-results/","Encontrado na ITF (Q); leitura do draw: ITF API: derrota encontrada."
"ying-xue","Ying Xue","Singles","J100 Huzhou","J100","2026-05-18","2026-05-24","Eliminado","Q2","","https://www.itftennis.com/en/tournament/j100-huzhou/chn/2026/j-j100-chn-2026-004/draws-and-results/","Encontrado na ITF (Q); leitura do draw: ITF API: derrota encontrada."
"yingjie-tang","Yingjie Tang","Doubles","J100 Huzhou","J100","2026-05-18","2026-05-24","Eliminado","QF","","https://www.itftennis.com/en/tournament/j100-huzhou/chn/2026/j-j100-chn-2026-004/draws-and-results/","Encontrado na ITF; leitura do draw de duplas: ITF API: derrota encontrada."
"yingjie-tang","Yingjie Tang","Singles","J100 Huzhou","J100","2026-05-18","2026-05-24","Eliminado","R64","","https://www.itftennis.com/en/tournament/j100-huzhou/chn/2026/j-j100-chn-2026-004/draws-and-results/","Encontrado na ITF (MD); leitura do draw: ITF API: derrota encontrada."
"yinuo-pan","Yinuo Pan","Doubles","J100 Huzhou","J100","2026-05-18","2026-05-24","Eliminado","R32","","https://www.itftennis.com/en/tournament/j100-huzhou/chn/2026/j-j100-chn-2026-004/draws-and-results/","Encontrado na ITF; leitura do draw de duplas: ITF API: derrota encontrada."
"yinuo-pan","Yinuo Pan","Singles","J100 Huzhou","J100","2026-05-18","2026-05-24","Eliminado","Q3","","https://www.itftennis.com/en/tournament/j100-huzhou/chn/2026/j-j100-chn-2026-004/draws-and-results/","Encontrado na ITF (MD); leitura do draw: ITF API: derrota encontrada."
"yu-han-yang","Yu Han Yang","Singles","J100 Huzhou","J100","2026-05-18","2026-05-24","Eliminado","Q1","","https://www.itftennis.com/en/tournament/j100-huzhou/chn/2026/j-j100-chn-2026-004/draws-and-results/","Encontrado na ITF (Q); leitura do draw: ITF API: derrota encontrada."
"yu-meng-zhang","Yu Meng Zhang","Singles","J100 Huzhou","J100","2026-05-18","2026-05-24","Eliminado","Q2","","https://www.itftennis.com/en/tournament/j100-huzhou/chn/2026/j-j100-chn-2026-004/draws-and-results/","Encontrado na ITF (Q); leitura do draw: ITF API: derrota encontrada."
"yueqi-fu","Yueqi Fu","Singles","J100 Huzhou","J100","2026-05-18","2026-05-24","Eliminado","R64","","https://www.itftennis.com/en/tournament/j100-huzhou/chn/2026/j-j100-chn-2026-004/draws-and-results/","Encontrado na ITF (MD); leitura do draw: ITF API: derrota encontrada."
"yuxuan-li","Yuxuan Li","Doubles","J100 Huzhou","J100","2026-05-18","2026-05-24","Eliminado","SF","","https://www.itftennis.com/en/tournament/j100-huzhou/chn/2026/j-j100-chn-2026-004/draws-and-results/","Encontrado na ITF; leitura do draw de duplas: ITF API: derrota encontrada."
"yuxuan-li","Yuxuan Li","Singles","J100 Huzhou","J100","2026-05-18","2026-05-24","Eliminado","QF","","https://www.itftennis.com/en/tournament/j100-huzhou/chn/2026/j-j100-chn-2026-004/draws-and-results/","Encontrado na ITF (MD); leitura do draw: ITF API: derrota encontrada."
"zhe-jiang","Zhe Jiang","Doubles","J100 Huzhou","J100","2026-05-18","2026-05-24","Eliminado","QF","","https://www.itftennis.com/en/tournament/j100-huzhou/chn/2026/j-j100-chn-2026-004/draws-and-results/","Encontrado na ITF; leitura do draw de duplas: ITF API: derrota encontrada."
"zhe-jiang","Zhe Jiang","Singles","J100 Huzhou","J100","2026-05-18","2026-05-24","Eliminado","R64","","https://www.itftennis.com/en/tournament/j100-huzhou/chn/2026/j-j100-chn-2026-004/draws-and-results/","Encontrado na ITF (MD); leitura do draw: ITF API: derrota encontrada."
"zhijian-shen","Zhijian Shen","Singles","J100 Huzhou","J100","2026-05-18","2026-05-24","Eliminado","Q1","","https://www.itftennis.com/en/tournament/j100-huzhou/chn/2026/j-j100-chn-2026-004/draws-and-results/","Encontrado na ITF (Q); leitura do draw: ITF API: derrota encontrada."
"zhitong-chen","Zhitong Chen","Doubles","J100 Huzhou","J100","2026-05-18","2026-05-24","Eliminado","R32","","https://www.itftennis.com/en/tournament/j100-huzhou/chn/2026/j-j100-chn-2026-004/draws-and-results/","Encontrado na ITF; leitura do draw de duplas: ITF API: derrota encontrada."
"zhitong-chen","Zhitong Chen","Singles","J100 Huzhou","J100","2026-05-18","2026-05-24","Eliminado","R64","","https://www.itftennis.com/en/tournament/j100-huzhou/chn/2026/j-j100-chn-2026-004/draws-and-results/","Encontrado na ITF (MD); leitura do draw: ITF API: derrota encontrada."
"ziao-qian","ZIAO QIAN","Doubles","J100 Huzhou","J100","2026-05-18","2026-05-24","Eliminado","QF","","https://www.itftennis.com/en/tournament/j100-huzhou/chn/2026/j-j100-chn-2026-004/draws-and-results/","Encontrado na ITF; leitura do draw de duplas: ITF API: derrota encontrada."
"ziao-qian","ZIAO QIAN","Singles","J100 Huzhou","J100","2026-05-18","2026-05-24","Eliminado","R64","","https://www.itftennis.com/en/tournament/j100-huzhou/chn/2026/j-j100-chn-2026-004/draws-and-results/","Encontrado na ITF (MD); leitura do draw: ITF API: derrota encontrada."
"zichen-shao","Zichen Shao","Doubles","J100 Huzhou","J100","2026-05-18","2026-05-24","Eliminado","F","","https://www.itftennis.com/en/tournament/j100-huzhou/chn/2026/j-j100-chn-2026-004/draws-and-results/","Encontrado na ITF; leitura do draw de duplas: ITF API: derrota encontrada."
"zichen-shao","Zichen Shao","Singles","J100 Huzhou","J100","2026-05-18","2026-05-24","Eliminado","QF","","https://www.itftennis.com/en/tournament/j100-huzhou/chn/2026/j-j100-chn-2026-004/draws-and-results/","Encontrado na ITF (MD); leitura do draw: ITF API: derrota encontrada."
"ziduan-zhao","Ziduan Zhao","Doubles","J100 Huzhou","J100","2026-05-18","2026-05-24","Ativo","W","","https://www.itftennis.com/en/tournament/j100-huzhou/chn/2026/j-j100-chn-2026-004/draws-and-results/","Encontrado na ITF; leitura do draw de duplas: ITF API: vitoria encontrada."
"ziduan-zhao","Ziduan Zhao","Singles","J100 Huzhou","J100","2026-05-18","2026-05-24","Eliminado","SF","","https://www.itftennis.com/en/tournament/j100-huzhou/chn/2026/j-j100-chn-2026-004/draws-and-results/","Encontrado na ITF (MD); leitura do draw: ITF API: derrota encontrada."
"ziyan-zhang","Ziyan Zhang","Doubles","J100 Huzhou","J100","2026-05-18","2026-05-24","Eliminado","R32","","https://www.itftennis.com/en/tournament/j100-huzhou/chn/2026/j-j100-chn-2026-004/draws-and-results/","Encontrado na ITF; leitura do draw de duplas: ITF API: derrota encontrada."
"ziyan-zhang","Ziyan Zhang","Singles","J100 Huzhou","J100","2026-05-18","2026-05-24","Eliminado","R32","","https://www.itftennis.com/en/tournament/j100-huzhou/chn/2026/j-j100-chn-2026-004/draws-and-results/","Encontrado na ITF (MD); leitura do draw: ITF API: derrota encontrada."
"ziyu-liu","Ziyu Liu","Doubles","J100 Huzhou","J100","2026-05-18","2026-05-24","Eliminado","R32","","https://www.itftennis.com/en/tournament/j100-huzhou/chn/2026/j-j100-chn-2026-004/draws-and-results/","Encontrado na ITF; leitura do draw de duplas: ITF API: derrota encontrada."
"ziyu-liu","Ziyu Liu","Singles","J100 Huzhou","J100","2026-05-18","2026-05-24","Eliminado","R64","","https://www.itftennis.com/en/tournament/j100-huzhou/chn/2026/j-j100-chn-2026-004/draws-and-results/","Encontrado na ITF (MD); leitura do draw: ITF API: derrota encontrada."
"ziyu-qian","Ziyu Qian","Singles","J100 Huzhou","J100","2026-05-18","2026-05-24","Eliminado","Q1","","https://www.itftennis.com/en/tournament/j100-huzhou/chn/2026/j-j100-chn-2026-004/draws-and-results/","Encontrado na ITF (Q); leitura do draw: ITF API: derrota encontrada."
"ziyu-zhou","Ziyu Zhou","Doubles","J100 Huzhou","J100","2026-05-18","2026-05-24","Eliminado","SF","","https://www.itftennis.com/en/tournament/j100-huzhou/chn/2026/j-j100-chn-2026-004/draws-and-results/","Encontrado na ITF; leitura do draw de duplas: ITF API: derrota encontrada."
"ziyu-zhou","Ziyu Zhou","Singles","J100 Huzhou","J100","2026-05-18","2026-05-24","Eliminado","QF","","https://www.itftennis.com/en/tournament/j100-huzhou/chn/2026/j-j100-chn-2026-004/draws-and-results/","Encontrado na ITF (MD); leitura do draw: ITF API: derrota encontrada."
"zizeng-wang","Zizeng Wang","Singles","J100 Huzhou","J100","2026-05-18","2026-05-24","Eliminado","Q1","","https://www.itftennis.com/en/tournament/j100-huzhou/chn/2026/j-j100-chn-2026-004/draws-and-results/","Encontrado na ITF (Q); leitura do draw: ITF API: derrota encontrada."
"zolbadar-urnukh","Zolbadar Urnukh","Doubles","J100 Huzhou","J100","2026-05-18","2026-05-24","Eliminado","R32","","https://www.itftennis.com/en/tournament/j100-huzhou/chn/2026/j-j100-chn-2026-004/draws-and-results/","Encontrado na ITF; leitura do draw de duplas: ITF API: derrota encontrada."
"zolbadar-urnukh","Zolbadar Urnukh","Singles","J100 Huzhou","J100","2026-05-18","2026-05-24","Eliminado","R32","","https://www.itftennis.com/en/tournament/j100-huzhou/chn/2026/j-j100-chn-2026-004/draws-and-results/","Encontrado na ITF (MD); leitura do draw: ITF API: derrota encontrada."
"zuoyou-gu","Zuoyou Gu","Singles","J100 Huzhou","J100","2026-05-18","2026-05-24","Eliminado","Q1","","https://www.itftennis.com/en/tournament/j100-huzhou/chn/2026/j-j100-chn-2026-004/draws-and-results/","Encontrado na ITF (Q); leitura do draw: ITF API: derrota encontrada."
"zurui-zhang","Zurui Zhang","Doubles","J100 Huzhou","J100","2026-05-18","2026-05-24","Eliminado","QF","","https://www.itftennis.com/en/tournament/j100-huzhou/chn/2026/j-j100-chn-2026-004/draws-and-results/","Encontrado na ITF; leitura do draw de duplas: ITF API: derrota encontrada."
"zurui-zhang","Zurui Zhang","Singles","J100 Huzhou","J100","2026-05-18","2026-05-24","Eliminado","R64","","https://www.itftennis.com/en/tournament/j100-huzhou/chn/2026/j-j100-chn-2026-004/draws-and-results/","Encontrado na ITF (MD); leitura do draw: ITF API: derrota encontrada."
"zuwei-chen","Zuwei Chen","Singles","J100 Huzhou","J100","2026-05-18","2026-05-24","Eliminado","R32","","https://www.itftennis.com/en/tournament/j100-huzhou/chn/2026/j-j100-chn-2026-004/draws-and-results/","Encontrado na ITF (MD); leitura do draw: ITF API: derrota encontrada."
"adolfo-abascal","Adolfo Abascal","Doubles","J100 Lousada","J100","2026-05-18","2026-05-24","Eliminado","SF","","https://www.itftennis.com/en/tournament/j100-lousada/por/2026/j-j100-por-2026-002/draws-and-results/","Encontrado na ITF; leitura do draw de duplas: ITF API: derrota encontrada."
"adolfo-abascal","Adolfo Abascal","Singles","J100 Lousada","J100","2026-05-18","2026-05-24","Eliminado","R16","","https://www.itftennis.com/en/tournament/j100-lousada/por/2026/j-j100-por-2026-002/draws-and-results/","Encontrado na ITF (MD); leitura do draw: ITF API: derrota encontrada."
"adria-velazquez-farre","ADRIA VELAZQUEZ FARRE","Doubles","J100 Lousada","J100","2026-05-18","2026-05-24","Eliminado","QF","","https://www.itftennis.com/en/tournament/j100-lousada/por/2026/j-j100-por-2026-002/draws-and-results/","Encontrado na ITF; leitura do draw de duplas: ITF API: derrota encontrada."
"adria-velazquez-farre","ADRIA VELAZQUEZ FARRE","Singles","J100 Lousada","J100","2026-05-18","2026-05-24","Eliminado","R16","","https://www.itftennis.com/en/tournament/j100-lousada/por/2026/j-j100-por-2026-002/draws-and-results/","Encontrado na ITF (MD); leitura do draw: ITF API: derrota encontrada."
"adriana-coltorti-lopez","Adriana Coltorti lopez","Doubles","J100 Lousada","J100","2026-05-18","2026-05-24","Eliminado","R16","","https://www.itftennis.com/en/tournament/j100-lousada/por/2026/j-j100-por-2026-002/draws-and-results/","Encontrado na ITF; leitura do draw de duplas: ITF API: derrota encontrada."
"adriana-coltorti-lopez","Adriana Coltorti lopez","Singles","J100 Lousada","J100","2026-05-18","2026-05-24","Eliminado","R32","","https://www.itftennis.com/en/tournament/j100-lousada/por/2026/j-j100-por-2026-002/draws-and-results/","Encontrado na ITF (MD); leitura do draw: ITF API: derrota encontrada."
"afonso-coutinho","Afonso Coutinho","Doubles","J100 Lousada","J100","2026-05-18","2026-05-24","Eliminado","R16","","https://www.itftennis.com/en/tournament/j100-lousada/por/2026/j-j100-por-2026-002/draws-and-results/","Encontrado na ITF; leitura do draw de duplas: ITF API: derrota encontrada."
"afonso-coutinho","Afonso Coutinho","Singles","J100 Lousada","J100","2026-05-18","2026-05-24","Eliminado","R64","","https://www.itftennis.com/en/tournament/j100-lousada/por/2026/j-j100-por-2026-002/draws-and-results/","Encontrado na ITF (MD); leitura do draw: ITF API: derrota encontrada."
"agustin-siancha-borlenghi","Agustin Siancha Borlenghi","Doubles","J100 Lousada","J100","2026-05-18","2026-05-24","Eliminado","R16","","https://www.itftennis.com/en/tournament/j100-lousada/por/2026/j-j100-por-2026-002/draws-and-results/","Encontrado na ITF; leitura do draw de duplas: ITF API: derrota encontrada."
"agustin-siancha-borlenghi","Agustin Siancha Borlenghi","Singles","J100 Lousada","J100","2026-05-18","2026-05-24","Eliminado","R32","","https://www.itftennis.com/en/tournament/j100-lousada/por/2026/j-j100-por-2026-002/draws-and-results/","Encontrado na ITF (MD); leitura do draw: ITF API: derrota encontrada."
"ailish-garcia-fernandez","Ailish Garcia Fernandez","Doubles","J100 Lousada","J100","2026-05-18","2026-05-24","Eliminado","SF","","https://www.itftennis.com/en/tournament/j100-lousada/por/2026/j-j100-por-2026-002/draws-and-results/","Encontrado na ITF; leitura do draw de duplas: ITF API: derrota encontrada."
"ailish-garcia-fernandez","Ailish Garcia Fernandez","Singles","J100 Lousada","J100","2026-05-18","2026-05-24","Eliminado","QF","","https://www.itftennis.com/en/tournament/j100-lousada/por/2026/j-j100-por-2026-002/draws-and-results/","Encontrado na ITF (MD); leitura do draw: ITF API: derrota encontrada."
"ainara-fernandez-sanchez","Ainara Fernandez Sanchez","Singles","J100 Lousada","J100","2026-05-18","2026-05-24","Eliminado","R32","","https://www.itftennis.com/en/tournament/j100-lousada/por/2026/j-j100-por-2026-002/draws-and-results/","Encontrado na ITF (MD); leitura do draw: ITF API: derrota encontrada."
"ameliia-kononenko","Ameliia Kononenko","Doubles","J100 Lousada","J100","2026-05-18","2026-05-24","Eliminado","QF","","https://www.itftennis.com/en/tournament/j100-lousada/por/2026/j-j100-por-2026-002/draws-and-results/","Encontrado na ITF; leitura do draw de duplas: ITF API: derrota encontrada."
"ameliia-kononenko","Ameliia Kononenko","Singles","J100 Lousada","J100","2026-05-18","2026-05-24","Eliminado","R16","","https://www.itftennis.com/en/tournament/j100-lousada/por/2026/j-j100-por-2026-002/draws-and-results/","Encontrado na ITF (MD); leitura do draw: ITF API: derrota encontrada."
"ana-victoria-mella-garcia","Ana Victoria Mella Garcia","Singles","J100 Lousada","J100","2026-05-18","2026-05-24","Eliminado","R64","","https://www.itftennis.com/en/tournament/j100-lousada/por/2026/j-j100-por-2026-002/draws-and-results/","Encontrado na ITF (MD); leitura do draw: ITF API: derrota encontrada."
"andre-cadavid","Andre Cadavid","Singles","J100 Lousada","J100","2026-05-18","2026-05-24","Eliminado","Q1","","https://www.itftennis.com/en/tournament/j100-lousada/por/2026/j-j100-por-2026-002/draws-and-results/","Encontrado na ITF (Q); leitura do draw: ITF API: derrota encontrada."
"anina-durrer","Anina Durrer","Doubles","J100 Lousada","J100","2026-05-18","2026-05-24","Ativo","W","","https://www.itftennis.com/en/tournament/j100-lousada/por/2026/j-j100-por-2026-002/draws-and-results/","Encontrado na ITF; leitura do draw de duplas: ITF API: vitoria encontrada."
"anina-durrer","Anina Durrer","Singles","J100 Lousada","J100","2026-05-18","2026-05-24","Ativo","W","","https://www.itftennis.com/en/tournament/j100-lousada/por/2026/j-j100-por-2026-002/draws-and-results/","Encontrado na ITF (MD); leitura do draw: ITF API: vitoria encontrada."
"ari-lewis-kelly","Ari Lewis-Kelly","Doubles","J100 Lousada","J100","2026-05-18","2026-05-24","Eliminado","R32","","https://www.itftennis.com/en/tournament/j100-lousada/por/2026/j-j100-por-2026-002/draws-and-results/","Encontrado na ITF; leitura do draw de duplas: ITF API: derrota encontrada."
"ari-lewis-kelly","Ari Lewis-Kelly","Singles","J100 Lousada","J100","2026-05-18","2026-05-24","Eliminado","R32","","https://www.itftennis.com/en/tournament/j100-lousada/por/2026/j-j100-por-2026-002/draws-and-results/","Encontrado na ITF (MD); leitura do draw: ITF API: derrota encontrada."
"arthur-manchon-de-oliveira-moraes","Arthur Manchon De Oliveira Moraes","Doubles","J100 Lousada","J100","2026-05-18","2026-05-24","Eliminado","R16","","https://www.itftennis.com/en/tournament/j100-lousada/por/2026/j-j100-por-2026-002/draws-and-results/","Encontrado na ITF; leitura do draw de duplas: ITF API: derrota encontrada."
"arthur-manchon-de-oliveira-moraes","Arthur Manchon De Oliveira Moraes","Singles","J100 Lousada","J100","2026-05-18","2026-05-24","Eliminado","R32","","https://www.itftennis.com/en/tournament/j100-lousada/por/2026/j-j100-por-2026-002/draws-and-results/","Encontrado na ITF (MD); leitura do draw: ITF API: derrota encontrada."
"artur-carvalho-rocha","Artur Carvalho Rocha","Doubles","J100 Lousada","J100","2026-05-18","2026-05-24","Eliminado","R16","","https://www.itftennis.com/en/tournament/j100-lousada/por/2026/j-j100-por-2026-002/draws-and-results/","Encontrado na ITF; leitura do draw de duplas: ITF API: derrota encontrada."
"artur-carvalho-rocha","Artur Carvalho Rocha","Singles","J100 Lousada","J100","2026-05-18","2026-05-24","Eliminado","R16","","https://www.itftennis.com/en/tournament/j100-lousada/por/2026/j-j100-por-2026-002/draws-and-results/","Encontrado na ITF (MD); leitura do draw: ITF API: derrota encontrada."
"augustin-warter","Augustin Warter","Singles","J100 Lousada","J100","2026-05-18","2026-05-24","Eliminado","Q2","","https://www.itftennis.com/en/tournament/j100-lousada/por/2026/j-j100-por-2026-002/draws-and-results/","Encontrado na ITF (Q); leitura do draw: ITF API: derrota encontrada."
"ayaka-iwasa","Ayaka Iwasa","Doubles","J100 Lousada","J100","2026-05-18","2026-05-24","Eliminado","R16","","https://www.itftennis.com/en/tournament/j100-lousada/por/2026/j-j100-por-2026-002/draws-and-results/","Encontrado na ITF; leitura do draw de duplas: ITF API: derrota encontrada."
"ayaka-iwasa","Ayaka Iwasa","Singles","J100 Lousada","J100","2026-05-18","2026-05-24","Eliminado","QF","","https://www.itftennis.com/en/tournament/j100-lousada/por/2026/j-j100-por-2026-002/draws-and-results/","Encontrado na ITF (MD); leitura do draw: ITF API: derrota encontrada."
"beata-maresova","Beata Maresova","Doubles","J100 Lousada","J100","2026-05-18","2026-05-24","Eliminado","R16","","https://www.itftennis.com/en/tournament/j100-lousada/por/2026/j-j100-por-2026-002/draws-and-results/","Encontrado na ITF; leitura do draw de duplas: ITF API: derrota encontrada."
"beata-maresova","Beata Maresova","Singles","J100 Lousada","J100","2026-05-18","2026-05-24","Eliminado","R64","","https://www.itftennis.com/en/tournament/j100-lousada/por/2026/j-j100-por-2026-002/draws-and-results/","Encontrado na ITF (MD); leitura do draw: ITF API: derrota encontrada."
"beatriz-angelico","Beatriz Angelico","Doubles","J100 Lousada","J100","2026-05-18","2026-05-24","Eliminado","R32","","https://www.itftennis.com/en/tournament/j100-lousada/por/2026/j-j100-por-2026-002/draws-and-results/","Encontrado na ITF; leitura do draw de duplas: ITF API: derrota encontrada."
"beatriz-angelico","Beatriz Angelico","Singles","J100 Lousada","J100","2026-05-18","2026-05-24","Eliminado","R64","","https://www.itftennis.com/en/tournament/j100-lousada/por/2026/j-j100-por-2026-002/draws-and-results/","Encontrado na ITF (MD); leitura do draw: ITF API: derrota encontrada."
"beatriz-assuncao","Beatriz Assuncao","Singles","J100 Lousada","J100","2026-05-18","2026-05-24","Eliminado","Q1","","https://www.itftennis.com/en/tournament/j100-lousada/por/2026/j-j100-por-2026-002/draws-and-results/","Encontrado na ITF (Q); leitura do draw: ITF API: derrota encontrada."
"beatriz-castro","Beatriz Castro","Doubles","J100 Lousada","J100","2026-05-18","2026-05-24","Eliminado","R16","","https://www.itftennis.com/en/tournament/j100-lousada/por/2026/j-j100-por-2026-002/draws-and-results/","Encontrado na ITF; leitura do draw de duplas: ITF API: derrota encontrada."
"beatriz-castro","Beatriz Castro","Singles","J100 Lousada","J100","2026-05-18","2026-05-24","Eliminado","R32","","https://www.itftennis.com/en/tournament/j100-lousada/por/2026/j-j100-por-2026-002/draws-and-results/","Encontrado na ITF (MD); leitura do draw: ITF API: derrota encontrada."
"capucine-dournes","Capucine DOURNES","Doubles","J100 Lousada","J100","2026-05-18","2026-05-24","Eliminado","SF","","https://www.itftennis.com/en/tournament/j100-lousada/por/2026/j-j100-por-2026-002/draws-and-results/","Encontrado na ITF; leitura do draw de duplas: ITF API: derrota encontrada."
"capucine-dournes","Capucine DOURNES","Singles","J100 Lousada","J100","2026-05-18","2026-05-24","Eliminado","R16","","https://www.itftennis.com/en/tournament/j100-lousada/por/2026/j-j100-por-2026-002/draws-and-results/","Encontrado na ITF (MD); leitura do draw: ITF API: derrota encontrada."
"carlota-lujan","Carlota Lujan","Doubles","J100 Lousada","J100","2026-05-18","2026-05-24","Eliminado","SF","","https://www.itftennis.com/en/tournament/j100-lousada/por/2026/j-j100-por-2026-002/draws-and-results/","Encontrado na ITF; leitura do draw de duplas: ITF API: derrota encontrada."
"carlota-lujan","Carlota Lujan","Singles","J100 Lousada","J100","2026-05-18","2026-05-24","Eliminado","R16","","https://www.itftennis.com/en/tournament/j100-lousada/por/2026/j-j100-por-2026-002/draws-and-results/","Encontrado na ITF (MD); leitura do draw: ITF API: derrota encontrada."
"carolina-bernardo","Carolina Bernardo","Doubles","J100 Lousada","J100","2026-05-18","2026-05-24","Eliminado","R32","","https://www.itftennis.com/en/tournament/j100-lousada/por/2026/j-j100-por-2026-002/draws-and-results/","Encontrado na ITF; leitura do draw de duplas: ITF API: derrota encontrada."
"carolina-bernardo","Carolina Bernardo","Singles","J100 Lousada","J100","2026-05-18","2026-05-24","Eliminado","Q1","","https://www.itftennis.com/en/tournament/j100-lousada/por/2026/j-j100-por-2026-002/draws-and-results/","Encontrado na ITF (MD); leitura do draw: ITF API: derrota encontrada."
"carolina-correia","Carolina Correia","Doubles","J100 Lousada","J100","2026-05-18","2026-05-24","Eliminado","QF","","https://www.itftennis.com/en/tournament/j100-lousada/por/2026/j-j100-por-2026-002/draws-and-results/","Encontrado na ITF; leitura do draw de duplas: ITF API: derrota encontrada."
"carolina-correia","Carolina Correia","Singles","J100 Lousada","J100","2026-05-18","2026-05-24","Eliminado","R32","","https://www.itftennis.com/en/tournament/j100-lousada/por/2026/j-j100-por-2026-002/draws-and-results/","Encontrado na ITF (MD); leitura do draw: ITF API: derrota encontrada."
"carolina-toste","Carolina TOSTE","Singles","J100 Lousada","J100","2026-05-18","2026-05-24","Eliminado","Q2","","https://www.itftennis.com/en/tournament/j100-lousada/por/2026/j-j100-por-2026-002/draws-and-results/","Encontrado na ITF (Q); leitura do draw: ITF API: derrota encontrada."
"caroline-hermanns","Caroline Hermanns","Doubles","J100 Lousada","J100","2026-05-18","2026-05-24","Eliminado","SF","","https://www.itftennis.com/en/tournament/j100-lousada/por/2026/j-j100-por-2026-002/draws-and-results/","Encontrado na ITF; leitura do draw de duplas: ITF API: derrota encontrada."
"caroline-hermanns","Caroline Hermanns","Singles","J100 Lousada","J100","2026-05-18","2026-05-24","Eliminado","R32","","https://www.itftennis.com/en/tournament/j100-lousada/por/2026/j-j100-por-2026-002/draws-and-results/","Encontrado na ITF (MD); leitura do draw: ITF API: derrota encontrada."
"charlie-bazil","Charlie Bazil","Doubles","J100 Lousada","J100","2026-05-18","2026-05-24","Eliminado","QF","","https://www.itftennis.com/en/tournament/j100-lousada/por/2026/j-j100-por-2026-002/draws-and-results/","Encontrado na ITF; leitura do draw de duplas: ITF API: derrota encontrada."
"charlie-bazil","Charlie Bazil","Singles","J100 Lousada","J100","2026-05-18","2026-05-24","Eliminado","QF","","https://www.itftennis.com/en/tournament/j100-lousada/por/2026/j-j100-por-2026-002/draws-and-results/","Encontrado na ITF (MD); leitura do draw: ITF API: derrota encontrada."
"clement-hemery","Clement Hemery","Doubles","J100 Lousada","J100","2026-05-18","2026-05-24","Eliminado","R16","","https://www.itftennis.com/en/tournament/j100-lousada/por/2026/j-j100-por-2026-002/draws-and-results/","Encontrado na ITF; leitura do draw de duplas: ITF API: derrota encontrada."
"clement-hemery","Clement Hemery","Singles","J100 Lousada","J100","2026-05-18","2026-05-24","Eliminado","R32","","https://www.itftennis.com/en/tournament/j100-lousada/por/2026/j-j100-por-2026-002/draws-and-results/","Encontrado na ITF (MD); leitura do draw: ITF API: derrota encontrada."
"daniel-eusamio","DANIEL EUSAMIO","Doubles","J100 Lousada","J100","2026-05-18","2026-05-24","Eliminado","F","","https://www.itftennis.com/en/tournament/j100-lousada/por/2026/j-j100-por-2026-002/draws-and-results/","Encontrado na ITF; leitura do draw de duplas: ITF API: derrota encontrada."
"daniel-eusamio","DANIEL EUSAMIO","Singles","J100 Lousada","J100","2026-05-18","2026-05-24","Eliminado","R16","","https://www.itftennis.com/en/tournament/j100-lousada/por/2026/j-j100-por-2026-002/draws-and-results/","Encontrado na ITF (MD); leitura do draw: ITF API: derrota encontrada."
"dario-ortega-ferrero","Dario Ortega Ferrero","Doubles","J100 Lousada","J100","2026-05-18","2026-05-24","Eliminado","R16","","https://www.itftennis.com/en/tournament/j100-lousada/por/2026/j-j100-por-2026-002/draws-and-results/","Encontrado na ITF; leitura do draw de duplas: ITF API: derrota encontrada."
"dario-ortega-ferrero","Dario Ortega Ferrero","Singles","J100 Lousada","J100","2026-05-18","2026-05-24","Eliminado","R32","","https://www.itftennis.com/en/tournament/j100-lousada/por/2026/j-j100-por-2026-002/draws-and-results/","Encontrado na ITF (MD); leitura do draw: ITF API: derrota encontrada."
"dario-ruiz-cruz","Dario Ruiz Cruz","Singles","J100 Lousada","J100","2026-05-18","2026-05-24","Eliminado","R16","","https://www.itftennis.com/en/tournament/j100-lousada/por/2026/j-j100-por-2026-002/draws-and-results/","Encontrado na ITF (MD); leitura do draw: ITF API: derrota encontrada."
"david-de-la-pezuela","David De La Pezuela","Singles","J100 Lousada","J100","2026-05-18","2026-05-24","Eliminado","Q2","","https://www.itftennis.com/en/tournament/j100-lousada/por/2026/j-j100-por-2026-002/draws-and-results/","Encontrado na ITF (Q); leitura do draw: ITF API: derrota encontrada."
"david-levy","David Levy","Singles","J100 Lousada","J100","2026-05-18","2026-05-24","Eliminado","Q3","","https://www.itftennis.com/en/tournament/j100-lousada/por/2026/j-j100-por-2026-002/draws-and-results/","Encontrado na ITF (Q); leitura do draw: ITF API: derrota encontrada."
"david-strecht-ribeiro","David Strecht Ribeiro","Doubles","J100 Lousada","J100","2026-05-18","2026-05-24","Eliminado","R32","","https://www.itftennis.com/en/tournament/j100-lousada/por/2026/j-j100-por-2026-002/draws-and-results/","Encontrado na ITF; leitura do draw de duplas: ITF API: derrota encontrada."
"david-strecht-ribeiro","David Strecht Ribeiro","Singles","J100 Lousada","J100","2026-05-18","2026-05-24","Eliminado","Q1","","https://www.itftennis.com/en/tournament/j100-lousada/por/2026/j-j100-por-2026-002/draws-and-results/","Encontrado na ITF (MD); leitura do draw: ITF API: derrota encontrada."
"david-trindade-da-cunha","David Trindade da Cunha","Singles","J100 Lousada","J100","2026-05-18","2026-05-24","Eliminado","Q1","","https://www.itftennis.com/en/tournament/j100-lousada/por/2026/j-j100-por-2026-002/draws-and-results/","Encontrado na ITF (Q); leitura do draw: ITF API: derrota encontrada."
"diogo-goncalves","Diogo Goncalves","Doubles","J100 Lousada","J100","2026-05-18","2026-05-24","Eliminado","R32","","https://www.itftennis.com/en/tournament/j100-lousada/por/2026/j-j100-por-2026-002/draws-and-results/","Encontrado na ITF; leitura do draw de duplas: ITF API: derrota encontrada."
"diogo-goncalves","Diogo Goncalves","Singles","J100 Lousada","J100","2026-05-18","2026-05-24","Eliminado","Q3","","https://www.itftennis.com/en/tournament/j100-lousada/por/2026/j-j100-por-2026-002/draws-and-results/","Encontrado na ITF (MD); leitura do draw: ITF API: derrota encontrada."
"diogo-serafim","Diogo Serafim","Doubles","J100 Lousada","J100","2026-05-18","2026-05-24","Eliminado","R16","","https://www.itftennis.com/en/tournament/j100-lousada/por/2026/j-j100-por-2026-002/draws-and-results/","Encontrado na ITF; leitura do draw de duplas: ITF API: derrota encontrada."
"diogo-serafim","Diogo Serafim","Singles","J100 Lousada","J100","2026-05-18","2026-05-24","Eliminado","R64","","https://www.itftennis.com/en/tournament/j100-lousada/por/2026/j-j100-por-2026-002/draws-and-results/","Encontrado na ITF (MD); leitura do draw: ITF API: derrota encontrada."
"duarte-lima-sanches","Duarte Lima Sanches","Doubles","J100 Lousada","J100","2026-05-18","2026-05-24","Eliminado","R16","","https://www.itftennis.com/en/tournament/j100-lousada/por/2026/j-j100-por-2026-002/draws-and-results/","Encontrado na ITF; leitura do draw de duplas: ITF API: derrota encontrada."
"duarte-lima-sanches","Duarte Lima Sanches","Singles","J100 Lousada","J100","2026-05-18","2026-05-24","Eliminado","R32","","https://www.itftennis.com/en/tournament/j100-lousada/por/2026/j-j100-por-2026-002/draws-and-results/","Encontrado na ITF (MD); leitura do draw: ITF API: derrota encontrada."
"duarte-santa-maria","Duarte Santa Maria","Doubles","J100 Lousada","J100","2026-05-18","2026-05-24","Eliminado","R16","","https://www.itftennis.com/en/tournament/j100-lousada/por/2026/j-j100-por-2026-002/draws-and-results/","Encontrado na ITF; leitura do draw de duplas: ITF API: derrota encontrada."
"duarte-santa-maria","Duarte Santa Maria","Singles","J100 Lousada","J100","2026-05-18","2026-05-24","Eliminado","R64","","https://www.itftennis.com/en/tournament/j100-lousada/por/2026/j-j100-por-2026-002/draws-and-results/","Encontrado na ITF (MD); leitura do draw: ITF API: derrota encontrada."
"dylan-charlier","Dylan Charlier","Singles","J100 Lousada","J100","2026-05-18","2026-05-24","Eliminado","Q1","","https://www.itftennis.com/en/tournament/j100-lousada/por/2026/j-j100-por-2026-002/draws-and-results/","Encontrado na ITF (Q); leitura do draw: ITF API: derrota encontrada."
"eduardo-sanchez-astor","Eduardo Sanchez Astor","Singles","J100 Lousada","J100","2026-05-18","2026-05-24","Eliminado","Q2","","https://www.itftennis.com/en/tournament/j100-lousada/por/2026/j-j100-por-2026-002/draws-and-results/","Encontrado na ITF (Q); leitura do draw: ITF API: derrota encontrada."
"egor-polin","Egor Polin","Singles","J100 Lousada","J100","2026-05-18","2026-05-24","Eliminado","Q2","","https://www.itftennis.com/en/tournament/j100-lousada/por/2026/j-j100-por-2026-002/draws-and-results/","Encontrado na ITF (Q); leitura do draw: ITF API: derrota encontrada."
"emilia-koletic","Emilia Koletic","Doubles","J100 Lousada","J100","2026-05-18","2026-05-24","Eliminado","R16","","https://www.itftennis.com/en/tournament/j100-lousada/por/2026/j-j100-por-2026-002/draws-and-results/","Encontrado na ITF; leitura do draw de duplas: ITF API: derrota encontrada."
"emilia-koletic","Emilia Koletic","Singles","J100 Lousada","J100","2026-05-18","2026-05-24","Eliminado","R64","","https://www.itftennis.com/en/tournament/j100-lousada/por/2026/j-j100-por-2026-002/draws-and-results/","Encontrado na ITF (MD); leitura do draw: ITF API: derrota encontrada."
"emma-fulvia-wiesenfeld","Emma Fulvia Wiesenfeld","Doubles","J100 Lousada","J100","2026-05-18","2026-05-24","Eliminado","F","","https://www.itftennis.com/en/tournament/j100-lousada/por/2026/j-j100-por-2026-002/draws-and-results/","Encontrado na ITF; leitura do draw de duplas: ITF API: derrota encontrada."
"emma-fulvia-wiesenfeld","Emma Fulvia Wiesenfeld","Singles","J100 Lousada","J100","2026-05-18","2026-05-24","Eliminado","R16","","https://www.itftennis.com/en/tournament/j100-lousada/por/2026/j-j100-por-2026-002/draws-and-results/","Encontrado na ITF (MD); leitura do draw: ITF API: derrota encontrada."
"fernando-fontan-pardo-de-santayana","Fernando Fontan Pardo de Santayana","Doubles","J100 Lousada","J100","2026-05-18","2026-05-24","Ativo","W","","https://www.itftennis.com/en/tournament/j100-lousada/por/2026/j-j100-por-2026-002/draws-and-results/","Encontrado na ITF; leitura do draw de duplas: ITF API: vitoria encontrada."
"fernando-fontan-pardo-de-santayana","Fernando Fontan Pardo de Santayana","Singles","J100 Lousada","J100","2026-05-18","2026-05-24","Ativo","W","","https://www.itftennis.com/en/tournament/j100-lousada/por/2026/j-j100-por-2026-002/draws-and-results/","Encontrado na ITF (MD); leitura do draw: ITF API: vitoria encontrada."
"francisco-sardinha","Francisco Sardinha","Doubles","J100 Lousada","J100","2026-05-18","2026-05-24","Eliminado","QF","","https://www.itftennis.com/en/tournament/j100-lousada/por/2026/j-j100-por-2026-002/draws-and-results/","Encontrado na ITF; leitura do draw de duplas: ITF API: derrota encontrada."
"francisco-sardinha","Francisco Sardinha","Singles","J100 Lousada","J100","2026-05-18","2026-05-24","Eliminado","R64","","https://www.itftennis.com/en/tournament/j100-lousada/por/2026/j-j100-por-2026-002/draws-and-results/","Encontrado na ITF (MD); leitura do draw: ITF API: derrota encontrada."
"gabriel-severin","Gabriel Severin","Singles","J100 Lousada","J100","2026-05-18","2026-05-24","Eliminado","Q1","","https://www.itftennis.com/en/tournament/j100-lousada/por/2026/j-j100-por-2026-002/draws-and-results/","Encontrado na ITF (Q); leitura do draw: ITF API: derrota encontrada."
"gabriela-agra-amorim","Gabriela Agra Amorim","Singles","J100 Lousada","J100","2026-05-18","2026-05-24","Eliminado","R32","","https://www.itftennis.com/en/tournament/j100-lousada/por/2026/j-j100-por-2026-002/draws-and-results/","Encontrado na ITF (MD); leitura do draw: ITF API: derrota encontrada."
"georgio-bidan","Georgio Bidan","Doubles","J100 Lousada","J100","2026-05-18","2026-05-24","Eliminado","R32","","https://www.itftennis.com/en/tournament/j100-lousada/por/2026/j-j100-por-2026-002/draws-and-results/","Encontrado na ITF; leitura do draw de duplas: ITF API: derrota encontrada."
"georgio-bidan","Georgio Bidan","Singles","J100 Lousada","J100","2026-05-18","2026-05-24","Eliminado","R32","","https://www.itftennis.com/en/tournament/j100-lousada/por/2026/j-j100-por-2026-002/draws-and-results/","Encontrado na ITF (MD); leitura do draw: ITF API: derrota encontrada."
"goncalo-amorim","Goncalo Amorim","Doubles","J100 Lousada","J100","2026-05-18","2026-05-24","Eliminado","R32","","https://www.itftennis.com/en/tournament/j100-lousada/por/2026/j-j100-por-2026-002/draws-and-results/","Encontrado na ITF; leitura do draw de duplas: ITF API: derrota encontrada."
"goncalo-amorim","Goncalo Amorim","Singles","J100 Lousada","J100","2026-05-18","2026-05-24","Eliminado","R32","","https://www.itftennis.com/en/tournament/j100-lousada/por/2026/j-j100-por-2026-002/draws-and-results/","Encontrado na ITF (MD); leitura do draw: ITF API: derrota encontrada."
"goncalo-miguel-monteiro-caramelo","Goncalo Miguel Monteiro Caramelo","Doubles","J100 Lousada","J100","2026-05-18","2026-05-24","Eliminado","R16","","https://www.itftennis.com/en/tournament/j100-lousada/por/2026/j-j100-por-2026-002/draws-and-results/","Encontrado na ITF; leitura do draw de duplas: ITF API: derrota encontrada."
"goncalo-miguel-monteiro-caramelo","Goncalo Miguel Monteiro Caramelo","Singles","J100 Lousada","J100","2026-05-18","2026-05-24","Eliminado","Q3","","https://www.itftennis.com/en/tournament/j100-lousada/por/2026/j-j100-por-2026-002/draws-and-results/","Encontrado na ITF (MD); leitura do draw: ITF API: derrota encontrada."
"goncalo-pereira","Goncalo Pereira","Doubles","J100 Lousada","J100","2026-05-18","2026-05-24","Eliminado","R32","","https://www.itftennis.com/en/tournament/j100-lousada/por/2026/j-j100-por-2026-002/draws-and-results/","Encontrado na ITF; leitura do draw de duplas: ITF API: derrota encontrada."
"goncalo-pereira","Goncalo Pereira","Singles","J100 Lousada","J100","2026-05-18","2026-05-24","Eliminado","Q2","","https://www.itftennis.com/en/tournament/j100-lousada/por/2026/j-j100-por-2026-002/draws-and-results/","Encontrado na ITF (MD); leitura do draw: ITF API: derrota encontrada."
"goncalo-vale","Goncalo Vale","Singles","J100 Lousada","J100","2026-05-18","2026-05-24","Eliminado","Q1","","https://www.itftennis.com/en/tournament/j100-lousada/por/2026/j-j100-por-2026-002/draws-and-results/","Encontrado na ITF (Q); leitura do draw: ITF API: derrota encontrada."
"heidi-felicia-schmal","Heidi Felicia Schmal","Doubles","J100 Lousada","J100","2026-05-18","2026-05-24","Eliminado","QF","","https://www.itftennis.com/en/tournament/j100-lousada/por/2026/j-j100-por-2026-002/draws-and-results/","Encontrado na ITF; leitura do draw de duplas: ITF API: derrota encontrada."
"heidi-felicia-schmal","Heidi Felicia Schmal","Singles","J100 Lousada","J100","2026-05-18","2026-05-24","Eliminado","R64","","https://www.itftennis.com/en/tournament/j100-lousada/por/2026/j-j100-por-2026-002/draws-and-results/","Encontrado na ITF (MD); leitura do draw: ITF API: derrota encontrada."
"helena-sequeira","Helena Sequeira","Doubles","J100 Lousada","J100","2026-05-18","2026-05-24","Eliminado","R16","","https://www.itftennis.com/en/tournament/j100-lousada/por/2026/j-j100-por-2026-002/draws-and-results/","Encontrado na ITF; leitura do draw de duplas: ITF API: derrota encontrada."
"helena-sequeira","Helena Sequeira","Singles","J100 Lousada","J100","2026-05-18","2026-05-24","Eliminado","R32","","https://www.itftennis.com/en/tournament/j100-lousada/por/2026/j-j100-por-2026-002/draws-and-results/","Encontrado na ITF (MD); leitura do draw: ITF API: derrota encontrada."
"hrvoje-jutresa","Hrvoje Jutresa","Singles","J100 Lousada","J100","2026-05-18","2026-05-24","Eliminado","R32","","https://www.itftennis.com/en/tournament/j100-lousada/por/2026/j-j100-por-2026-002/draws-and-results/","Encontrado na ITF (MD); leitura do draw: ITF API: derrota encontrada."
"hugo-agnes","Hugo Agnes","Singles","J100 Lousada","J100","2026-05-18","2026-05-24","Eliminado","R32","","https://www.itftennis.com/en/tournament/j100-lousada/por/2026/j-j100-por-2026-002/draws-and-results/","Encontrado na ITF (MD); leitura do draw: ITF API: derrota encontrada."
"ines-esteves","Ines Esteves","Doubles","J100 Lousada","J100","2026-05-18","2026-05-24","Eliminado","R16","","https://www.itftennis.com/en/tournament/j100-lousada/por/2026/j-j100-por-2026-002/draws-and-results/","Encontrado na ITF; leitura do draw de duplas: ITF API: derrota encontrada."
"ines-esteves","Ines Esteves","Singles","J100 Lousada","J100","2026-05-18","2026-05-24","Eliminado","R64","","https://www.itftennis.com/en/tournament/j100-lousada/por/2026/j-j100-por-2026-002/draws-and-results/","Encontrado na ITF (MD); leitura do draw: ITF API: derrota encontrada."
"jacobo-gomez-pato","Jacobo Gomez Pato","Singles","J100 Lousada","J100","2026-05-18","2026-05-24","Eliminado","Q2","","https://www.itftennis.com/en/tournament/j100-lousada/por/2026/j-j100-por-2026-002/draws-and-results/","Encontrado na ITF (Q); leitura do draw: ITF API: derrota encontrada."
"jaimee-collinson","Jaimee Collinson","Doubles","J100 Lousada","J100","2026-05-18","2026-05-24","Eliminado","R32","","https://www.itftennis.com/en/tournament/j100-lousada/por/2026/j-j100-por-2026-002/draws-and-results/","Encontrado na ITF; leitura do draw de duplas: ITF API: derrota encontrada."
"jaimee-collinson","Jaimee Collinson","Singles","J100 Lousada","J100","2026-05-18","2026-05-24","Eliminado","R32","","https://www.itftennis.com/en/tournament/j100-lousada/por/2026/j-j100-por-2026-002/draws-and-results/","Encontrado na ITF (MD); leitura do draw: ITF API: derrota encontrada."
"javier-montes-jimenez","Javier Montes Jimenez","Doubles","J100 Lousada","J100","2026-05-18","2026-05-24","Eliminado","R32","","https://www.itftennis.com/en/tournament/j100-lousada/por/2026/j-j100-por-2026-002/draws-and-results/","Encontrado na ITF; leitura do draw de duplas: ITF API: derrota encontrada."
"javier-montes-jimenez","Javier Montes Jimenez","Singles","J100 Lousada","J100","2026-05-18","2026-05-24","Eliminado","R32","","https://www.itftennis.com/en/tournament/j100-lousada/por/2026/j-j100-por-2026-002/draws-and-results/","Encontrado na ITF (MD); leitura do draw: ITF API: derrota encontrada."
"jiayi-lin","Jiayi Lin","Singles","J100 Lousada","J100","2026-05-18","2026-05-24","Eliminado","R16","","https://www.itftennis.com/en/tournament/j100-lousada/por/2026/j-j100-por-2026-002/draws-and-results/","Encontrado na ITF (MD); leitura do draw: ITF API: derrota encontrada."
"jinhong-yang","Jinhong Yang","Doubles","J100 Lousada","J100","2026-05-18","2026-05-24","Eliminado","F","","https://www.itftennis.com/en/tournament/j100-lousada/por/2026/j-j100-por-2026-002/draws-and-results/","Encontrado na ITF; leitura do draw de duplas: ITF API: derrota encontrada."
"jinhong-yang","Jinhong Yang","Singles","J100 Lousada","J100","2026-05-18","2026-05-24","Eliminado","R64","","https://www.itftennis.com/en/tournament/j100-lousada/por/2026/j-j100-por-2026-002/draws-and-results/","Encontrado na ITF (MD); leitura do draw: ITF API: derrota encontrada."
"joao-mendes","Joao Mendes","Doubles","J100 Lousada","J100","2026-05-18","2026-05-24","Eliminado","R32","","https://www.itftennis.com/en/tournament/j100-lousada/por/2026/j-j100-por-2026-002/draws-and-results/","Encontrado na ITF; leitura do draw de duplas: ITF API: derrota encontrada."
"joao-mendes","Joao Mendes","Singles","J100 Lousada","J100","2026-05-18","2026-05-24","Eliminado","R16","","https://www.itftennis.com/en/tournament/j100-lousada/por/2026/j-j100-por-2026-002/draws-and-results/","Encontrado na ITF (MD); leitura do draw: ITF API: derrota encontrada."
"jose-dronov-merlo","Jose Dronov Merlo","Doubles","J100 Lousada","J100","2026-05-18","2026-05-24","Eliminado","R32","","https://www.itftennis.com/en/tournament/j100-lousada/por/2026/j-j100-por-2026-002/draws-and-results/","Encontrado na ITF; leitura do draw de duplas: ITF API: derrota encontrada."
"jose-dronov-merlo","Jose Dronov Merlo","Singles","J100 Lousada","J100","2026-05-18","2026-05-24","Eliminado","R64","","https://www.itftennis.com/en/tournament/j100-lousada/por/2026/j-j100-por-2026-002/draws-and-results/","Encontrado na ITF (MD); leitura do draw: ITF API: derrota encontrada."
"junya-kawamura","JUNYA KAWAMURA","Doubles","J100 Lousada","J100","2026-05-18","2026-05-24","Eliminado","R32","","https://www.itftennis.com/en/tournament/j100-lousada/por/2026/j-j100-por-2026-002/draws-and-results/","Encontrado na ITF; leitura do draw de duplas: ITF API: derrota encontrada."
"junya-kawamura","JUNYA KAWAMURA","Singles","J100 Lousada","J100","2026-05-18","2026-05-24","Eliminado","R16","","https://www.itftennis.com/en/tournament/j100-lousada/por/2026/j-j100-por-2026-002/draws-and-results/","Encontrado na ITF (MD); leitura do draw: ITF API: derrota encontrada."
"kamile-seliukaite","Kamile Seliukaite","Singles","J100 Lousada","J100","2026-05-18","2026-05-24","Eliminado","R64","","https://www.itftennis.com/en/tournament/j100-lousada/por/2026/j-j100-por-2026-002/draws-and-results/","Encontrado na ITF (MD); leitura do draw: ITF API: derrota encontrada."
"kayla-lorrimer","Kayla Lorrimer","Doubles","J100 Lousada","J100","2026-05-18","2026-05-24","Eliminado","QF","","https://www.itftennis.com/en/tournament/j100-lousada/por/2026/j-j100-por-2026-002/draws-and-results/","Encontrado na ITF; leitura do draw de duplas: ITF API: derrota encontrada."
"kayla-lorrimer","Kayla Lorrimer","Singles","J100 Lousada","J100","2026-05-18","2026-05-24","Eliminado","R16","","https://www.itftennis.com/en/tournament/j100-lousada/por/2026/j-j100-por-2026-002/draws-and-results/","Encontrado na ITF (MD); leitura do draw: ITF API: derrota encontrada."
"kika-lima","KIKA LIMA","Doubles","J100 Lousada","J100","2026-05-18","2026-05-24","Eliminado","R16","","https://www.itftennis.com/en/tournament/j100-lousada/por/2026/j-j100-por-2026-002/draws-and-results/","Encontrado na ITF; leitura do draw de duplas: ITF API: derrota encontrada."
"kika-lima","KIKA LIMA","Singles","J100 Lousada","J100","2026-05-18","2026-05-24","Eliminado","R64","","https://www.itftennis.com/en/tournament/j100-lousada/por/2026/j-j100-por-2026-002/draws-and-results/","Encontrado na ITF (MD); leitura do draw: ITF API: derrota encontrada."
"lara-nodis","Lara NODIS","Doubles","J100 Lousada","J100","2026-05-18","2026-05-24","Eliminado","R32","","https://www.itftennis.com/en/tournament/j100-lousada/por/2026/j-j100-por-2026-002/draws-and-results/","Encontrado na ITF; leitura do draw de duplas: ITF API: derrota encontrada."
"lara-nodis","Lara NODIS","Singles","J100 Lousada","J100","2026-05-18","2026-05-24","Eliminado","R64","","https://www.itftennis.com/en/tournament/j100-lousada/por/2026/j-j100-por-2026-002/draws-and-results/","Encontrado na ITF (MD); leitura do draw: ITF API: derrota encontrada."
"laura-levy-levy","Laura Levy Levy","Singles","J100 Lousada","J100","2026-05-18","2026-05-24","Eliminado","Q2","","https://www.itftennis.com/en/tournament/j100-lousada/por/2026/j-j100-por-2026-002/draws-and-results/","Encontrado na ITF (Q); leitura do draw: ITF API: derrota encontrada."
"laura-salvado","Laura Salvado","Doubles","J100 Lousada","J100","2026-05-18","2026-05-24","Eliminado","R16","","https://www.itftennis.com/en/tournament/j100-lousada/por/2026/j-j100-por-2026-002/draws-and-results/","Encontrado na ITF; leitura do draw de duplas: ITF API: derrota encontrada."
"laura-salvado","Laura Salvado","Singles","J100 Lousada","J100","2026-05-18","2026-05-24","Eliminado","R32","","https://www.itftennis.com/en/tournament/j100-lousada/por/2026/j-j100-por-2026-002/draws-and-results/","Encontrado na ITF (MD); leitura do draw: ITF API: derrota encontrada."
"leonor-freitas-martins","Leonor Freitas Martins","Doubles","J100 Lousada","J100","2026-05-18","2026-05-24","Eliminado","R32","","https://www.itftennis.com/en/tournament/j100-lousada/por/2026/j-j100-por-2026-002/draws-and-results/","Encontrado na ITF; leitura do draw de duplas: ITF API: derrota encontrada."
"leonor-freitas-martins","Leonor Freitas Martins","Singles","J100 Lousada","J100","2026-05-18","2026-05-24","Eliminado","R64","","https://www.itftennis.com/en/tournament/j100-lousada/por/2026/j-j100-por-2026-002/draws-and-results/","Encontrado na ITF (MD); leitura do draw: ITF API: derrota encontrada."
"lourenco-correia","Lourenco Correia","Doubles","J100 Lousada","J100","2026-05-18","2026-05-24","Eliminado","QF","","https://www.itftennis.com/en/tournament/j100-lousada/por/2026/j-j100-por-2026-002/draws-and-results/","Encontrado na ITF; leitura do draw de duplas: ITF API: derrota encontrada."
"lourenco-correia","Lourenco Correia","Singles","J100 Lousada","J100","2026-05-18","2026-05-24","Eliminado","R64","","https://www.itftennis.com/en/tournament/j100-lousada/por/2026/j-j100-por-2026-002/draws-and-results/","Encontrado na ITF (MD); leitura do draw: ITF API: derrota encontrada."
"lourenco-silva-e-costa","Lourenco Silva E Costa","Doubles","J100 Lousada","J100","2026-05-18","2026-05-24","Eliminado","R16","","https://www.itftennis.com/en/tournament/j100-lousada/por/2026/j-j100-por-2026-002/draws-and-results/","Encontrado na ITF; leitura do draw de duplas: ITF API: derrota encontrada."
"lourenco-silva-e-costa","Lourenco Silva E Costa","Singles","J100 Lousada","J100","2026-05-18","2026-05-24","Eliminado","QF","","https://www.itftennis.com/en/tournament/j100-lousada/por/2026/j-j100-por-2026-002/draws-and-results/","Encontrado na ITF (MD); leitura do draw: ITF API: derrota encontrada."
"lucian-enns","Lucian Enns","Singles","J100 Lousada","J100","2026-05-18","2026-05-24","Eliminado","Q1","","https://www.itftennis.com/en/tournament/j100-lousada/por/2026/j-j100-por-2026-002/draws-and-results/","Encontrado na ITF (Q); leitura do draw: ITF API: derrota encontrada."
"luis-bernardo-saraiva","LUIS BERNARDO SARAIVA","Singles","J100 Lousada","J100","2026-05-18","2026-05-24","Eliminado","Q3","","https://www.itftennis.com/en/tournament/j100-lousada/por/2026/j-j100-por-2026-002/draws-and-results/","Encontrado na ITF (Q); leitura do draw: ITF API: derrota encontrada."
"madalena-matias","Madalena Matias","Doubles","J100 Lousada","J100","2026-05-18","2026-05-24","Eliminado","R16","","https://www.itftennis.com/en/tournament/j100-lousada/por/2026/j-j100-por-2026-002/draws-and-results/","Encontrado na ITF; leitura do draw de duplas: ITF API: derrota encontrada."
"madalena-matias","Madalena Matias","Singles","J100 Lousada","J100","2026-05-18","2026-05-24","Eliminado","QF","","https://www.itftennis.com/en/tournament/j100-lousada/por/2026/j-j100-por-2026-002/draws-and-results/","Encontrado na ITF (MD); leitura do draw: ITF API: derrota encontrada."
"marcos-valdes-resurreccion","Marcos Valdes Resurreccion","Doubles","J100 Lousada","J100","2026-05-18","2026-05-24","Eliminado","R16","","https://www.itftennis.com/en/tournament/j100-lousada/por/2026/j-j100-por-2026-002/draws-and-results/","Encontrado na ITF; leitura do draw de duplas: ITF API: derrota encontrada."
"marcos-valdes-resurreccion","Marcos Valdes Resurreccion","Singles","J100 Lousada","J100","2026-05-18","2026-05-24","Eliminado","R64","","https://www.itftennis.com/en/tournament/j100-lousada/por/2026/j-j100-por-2026-002/draws-and-results/","Encontrado na ITF (MD); leitura do draw: ITF API: derrota encontrada."
"margarida-monteiro","Margarida Monteiro","Doubles","J100 Lousada","J100","2026-05-18","2026-05-24","Eliminado","R32","","https://www.itftennis.com/en/tournament/j100-lousada/por/2026/j-j100-por-2026-002/draws-and-results/","Encontrado na ITF; leitura do draw de duplas: ITF API: derrota encontrada."
"margarida-monteiro","Margarida Monteiro","Singles","J100 Lousada","J100","2026-05-18","2026-05-24","Eliminado","R32","","https://www.itftennis.com/en/tournament/j100-lousada/por/2026/j-j100-por-2026-002/draws-and-results/","Encontrado na ITF (MD); leitura do draw: ITF API: derrota encontrada."
"maria-alexandra-mateas","Maria Alexandra Mateas","Doubles","J100 Lousada","J100","2026-05-18","2026-05-24","Eliminado","QF","","https://www.itftennis.com/en/tournament/j100-lousada/por/2026/j-j100-por-2026-002/draws-and-results/","Encontrado na ITF; leitura do draw de duplas: ITF API: derrota encontrada."
"maria-alexandra-mateas","Maria Alexandra Mateas","Singles","J100 Lousada","J100","2026-05-18","2026-05-24","Eliminado","SF","","https://www.itftennis.com/en/tournament/j100-lousada/por/2026/j-j100-por-2026-002/draws-and-results/","Encontrado na ITF (MD); leitura do draw: ITF API: derrota encontrada."
"maria-carneiro","Maria Carneiro","Doubles","J100 Lousada","J100","2026-05-18","2026-05-24","Eliminado","R16","","https://www.itftennis.com/en/tournament/j100-lousada/por/2026/j-j100-por-2026-002/draws-and-results/","Encontrado na ITF; leitura do draw de duplas: ITF API: derrota encontrada."
"maria-carneiro","Maria Carneiro","Singles","J100 Lousada","J100","2026-05-18","2026-05-24","Eliminado","R64","","https://www.itftennis.com/en/tournament/j100-lousada/por/2026/j-j100-por-2026-002/draws-and-results/","Encontrado na ITF (MD); leitura do draw: ITF API: derrota encontrada."
"mariana-franca","Mariana Franca","Doubles","J100 Lousada","J100","2026-05-18","2026-05-24","Eliminado","R16","","https://www.itftennis.com/en/tournament/j100-lousada/por/2026/j-j100-por-2026-002/draws-and-results/","Encontrado na ITF; leitura do draw de duplas: ITF API: derrota encontrada."
"mariana-franca","Mariana Franca","Singles","J100 Lousada","J100","2026-05-18","2026-05-24","Eliminado","R64","","https://www.itftennis.com/en/tournament/j100-lousada/por/2026/j-j100-por-2026-002/draws-and-results/","Encontrado na ITF (MD); leitura do draw: ITF API: derrota encontrada."
"mariia-nozdrachova","Mariia Nozdrachova","Doubles","J100 Lousada","J100","2026-05-18","2026-05-24","Eliminado","R32","","https://www.itftennis.com/en/tournament/j100-lousada/por/2026/j-j100-por-2026-002/draws-and-results/","Encontrado na ITF; leitura do draw de duplas: ITF API: derrota encontrada."
"mariia-nozdrachova","Mariia Nozdrachova","Singles","J100 Lousada","J100","2026-05-18","2026-05-24","Eliminado","R32","","https://www.itftennis.com/en/tournament/j100-lousada/por/2026/j-j100-por-2026-002/draws-and-results/","Encontrado na ITF (MD); leitura do draw: ITF API: derrota encontrada."
"mark-griaziutin-tverskoj","Mark Griaziutin Tverskoj","Singles","J100 Lousada","J100","2026-05-18","2026-05-24","Eliminado","R64","","https://www.itftennis.com/en/tournament/j100-lousada/por/2026/j-j100-por-2026-002/draws-and-results/","Encontrado na ITF (MD); leitura do draw: ITF API: derrota encontrada."
"marta-gayoso-de-los-rios","Marta Gayoso de los Rios","Singles","J100 Lousada","J100","2026-05-18","2026-05-24","Eliminado","F","","https://www.itftennis.com/en/tournament/j100-lousada/por/2026/j-j100-por-2026-002/draws-and-results/","Encontrado na ITF (MD); leitura do draw: ITF API: derrota encontrada."
"martin-cozar","Martin Cozar","Doubles","J100 Lousada","J100","2026-05-18","2026-05-24","Eliminado","R16","","https://www.itftennis.com/en/tournament/j100-lousada/por/2026/j-j100-por-2026-002/draws-and-results/","Encontrado na ITF; leitura do draw de duplas: ITF API: derrota encontrada."
"martin-cozar","Martin Cozar","Singles","J100 Lousada","J100","2026-05-18","2026-05-24","Eliminado","R32","","https://www.itftennis.com/en/tournament/j100-lousada/por/2026/j-j100-por-2026-002/draws-and-results/","Encontrado na ITF (MD); leitura do draw: ITF API: derrota encontrada."
"matilde-novais","Matilde Novais","Doubles","J100 Lousada","J100","2026-05-18","2026-05-24","Eliminado","QF","","https://www.itftennis.com/en/tournament/j100-lousada/por/2026/j-j100-por-2026-002/draws-and-results/","Encontrado na ITF; leitura do draw de duplas: ITF API: derrota encontrada."
"matilde-novais","Matilde Novais","Singles","J100 Lousada","J100","2026-05-18","2026-05-24","Eliminado","R32","","https://www.itftennis.com/en/tournament/j100-lousada/por/2026/j-j100-por-2026-002/draws-and-results/","Encontrado na ITF (MD); leitura do draw: ITF API: derrota encontrada."
"maya-nalbandyan","Maya Nalbandyan","Doubles","J100 Lousada","J100","2026-05-18","2026-05-24","Eliminado","R32","","https://www.itftennis.com/en/tournament/j100-lousada/por/2026/j-j100-por-2026-002/draws-and-results/","Encontrado na ITF; leitura do draw de duplas: ITF API: derrota encontrada."
"maya-nalbandyan","Maya Nalbandyan","Singles","J100 Lousada","J100","2026-05-18","2026-05-24","Eliminado","R64","","https://www.itftennis.com/en/tournament/j100-lousada/por/2026/j-j100-por-2026-002/draws-and-results/","Encontrado na ITF (MD); leitura do draw: ITF API: derrota encontrada."
"medha-chandana","Medha Chandana","Doubles","J100 Lousada","J100","2026-05-18","2026-05-24","Eliminado","R32","","https://www.itftennis.com/en/tournament/j100-lousada/por/2026/j-j100-por-2026-002/draws-and-results/","Encontrado na ITF; leitura do draw de duplas: ITF API: derrota encontrada."
"medha-chandana","Medha Chandana","Singles","J100 Lousada","J100","2026-05-18","2026-05-24","Eliminado","R64","","https://www.itftennis.com/en/tournament/j100-lousada/por/2026/j-j100-por-2026-002/draws-and-results/","Encontrado na ITF (MD); leitura do draw: ITF API: derrota encontrada."
"mila-bastianelli","Mila Bastianelli","Doubles","J100 Lousada","J100","2026-05-18","2026-05-24","Eliminado","F","","https://www.itftennis.com/en/tournament/j100-lousada/por/2026/j-j100-por-2026-002/draws-and-results/","Encontrado na ITF; leitura do draw de duplas: ITF API: derrota encontrada."
"mila-bastianelli","Mila Bastianelli","Singles","J100 Lousada","J100","2026-05-18","2026-05-24","Eliminado","R16","","https://www.itftennis.com/en/tournament/j100-lousada/por/2026/j-j100-por-2026-002/draws-and-results/","Encontrado na ITF (MD); leitura do draw: ITF API: derrota encontrada."
"misha-botelho","Misha Botelho","Singles","J100 Lousada","J100","2026-05-18","2026-05-24","Eliminado","Q2","","https://www.itftennis.com/en/tournament/j100-lousada/por/2026/j-j100-por-2026-002/draws-and-results/","Encontrado na ITF (Q); leitura do draw: ITF API: derrota encontrada."
"mohamed-genidy","Mohamed Genidy","Doubles","J100 Lousada","J100","2026-05-18","2026-05-24","Eliminado","SF","","https://www.itftennis.com/en/tournament/j100-lousada/por/2026/j-j100-por-2026-002/draws-and-results/","Encontrado na ITF; leitura do draw de duplas: ITF API: derrota encontrada."
"mohamed-genidy","Mohamed Genidy","Singles","J100 Lousada","J100","2026-05-18","2026-05-24","Eliminado","QF","","https://www.itftennis.com/en/tournament/j100-lousada/por/2026/j-j100-por-2026-002/draws-and-results/","Encontrado na ITF (MD); leitura do draw: ITF API: derrota encontrada."
"motoharu-abe","Motoharu Abe","Doubles","J100 Lousada","J100","2026-05-18","2026-05-24","Eliminado","R32","","https://www.itftennis.com/en/tournament/j100-lousada/por/2026/j-j100-por-2026-002/draws-and-results/","Encontrado na ITF; leitura do draw de duplas: ITF API: derrota encontrada."
"motoharu-abe","Motoharu Abe","Singles","J100 Lousada","J100","2026-05-18","2026-05-24","Eliminado","SF","","https://www.itftennis.com/en/tournament/j100-lousada/por/2026/j-j100-por-2026-002/draws-and-results/","Encontrado na ITF (MD); leitura do draw: ITF API: derrota encontrada."
"natalia-ember","Natalia Ember","Doubles","J100 Lousada","J100","2026-05-18","2026-05-24","Eliminado","R32","","https://www.itftennis.com/en/tournament/j100-lousada/por/2026/j-j100-por-2026-002/draws-and-results/","Encontrado na ITF; leitura do draw de duplas: ITF API: derrota encontrada."
"natalia-ember","Natalia Ember","Singles","J100 Lousada","J100","2026-05-18","2026-05-24","Eliminado","Q2","","https://www.itftennis.com/en/tournament/j100-lousada/por/2026/j-j100-por-2026-002/draws-and-results/","Encontrado na ITF (MD); leitura do draw: ITF API: derrota encontrada."
"nicholas-capel","Nicholas Capel","Doubles","J100 Lousada","J100","2026-05-18","2026-05-24","Eliminado","R32","","https://www.itftennis.com/en/tournament/j100-lousada/por/2026/j-j100-por-2026-002/draws-and-results/","Encontrado na ITF; leitura do draw de duplas: ITF API: derrota encontrada."
"nicholas-capel","Nicholas Capel","Singles","J100 Lousada","J100","2026-05-18","2026-05-24","Eliminado","R64","","https://www.itftennis.com/en/tournament/j100-lousada/por/2026/j-j100-por-2026-002/draws-and-results/","Encontrado na ITF (MD); leitura do draw: ITF API: derrota encontrada."
"nina-mehrle","Nina Mehrle","Doubles","J100 Lousada","J100","2026-05-18","2026-05-24","Eliminado","R32","","https://www.itftennis.com/en/tournament/j100-lousada/por/2026/j-j100-por-2026-002/draws-and-results/","Encontrado na ITF; leitura do draw de duplas: ITF API: derrota encontrada."
"nina-mehrle","Nina Mehrle","Singles","J100 Lousada","J100","2026-05-18","2026-05-24","Eliminado","Q2","","https://www.itftennis.com/en/tournament/j100-lousada/por/2026/j-j100-por-2026-002/draws-and-results/","Encontrado na ITF (MD); leitura do draw: ITF API: derrota encontrada."
"noa-freitas","Noa Freitas","Doubles","J100 Lousada","J100","2026-05-18","2026-05-24","Eliminado","R32","","https://www.itftennis.com/en/tournament/j100-lousada/por/2026/j-j100-por-2026-002/draws-and-results/","Encontrado na ITF; leitura do draw de duplas: ITF API: derrota encontrada."
"noa-freitas","Noa Freitas","Singles","J100 Lousada","J100","2026-05-18","2026-05-24","Eliminado","R64","","https://www.itftennis.com/en/tournament/j100-lousada/por/2026/j-j100-por-2026-002/draws-and-results/","Encontrado na ITF (MD); leitura do draw: ITF API: derrota encontrada."
"noah-jon-tomas-martin","Noah-Jon Tomas Martin","Singles","J100 Lousada","J100","2026-05-18","2026-05-24","Eliminado","Q2","","https://www.itftennis.com/en/tournament/j100-lousada/por/2026/j-j100-por-2026-002/draws-and-results/","Encontrado na ITF (Q); leitura do draw: ITF API: derrota encontrada."
"nuno-graca-moura","Nuno Graca Moura","Singles","J100 Lousada","J100","2026-05-18","2026-05-24","Eliminado","Q1","","https://www.itftennis.com/en/tournament/j100-lousada/por/2026/j-j100-por-2026-002/draws-and-results/","Encontrado na ITF (Q); leitura do draw: ITF API: derrota encontrada."
"octave-pujo","Octave Pujo","Doubles","J100 Lousada","J100","2026-05-18","2026-05-24","Eliminado","QF","","https://www.itftennis.com/en/tournament/j100-lousada/por/2026/j-j100-por-2026-002/draws-and-results/","Encontrado na ITF; leitura do draw de duplas: ITF API: derrota encontrada."
"octave-pujo","Octave Pujo","Singles","J100 Lousada","J100","2026-05-18","2026-05-24","Eliminado","R32","","https://www.itftennis.com/en/tournament/j100-lousada/por/2026/j-j100-por-2026-002/draws-and-results/","Encontrado na ITF (MD); leitura do draw: ITF API: derrota encontrada."
"oleg-covian","Oleg Covian","Doubles","J100 Lousada","J100","2026-05-18","2026-05-24","Eliminado","R16","","https://www.itftennis.com/en/tournament/j100-lousada/por/2026/j-j100-por-2026-002/draws-and-results/","Encontrado na ITF; leitura do draw de duplas: ITF API: derrota encontrada."
"oleg-covian","Oleg Covian","Singles","J100 Lousada","J100","2026-05-18","2026-05-24","Eliminado","SF","","https://www.itftennis.com/en/tournament/j100-lousada/por/2026/j-j100-por-2026-002/draws-and-results/","Encontrado na ITF (MD); leitura do draw: ITF API: derrota encontrada."
"paavo-skogster","Paavo Skogster","Singles","J100 Lousada","J100","2026-05-18","2026-05-24","Eliminado","Q1","","https://www.itftennis.com/en/tournament/j100-lousada/por/2026/j-j100-por-2026-002/draws-and-results/","Encontrado na ITF (Q); leitura do draw: ITF API: derrota encontrada."
"pedro-anton-ruibal","Pedro Anton Ruibal","Doubles","J100 Lousada","J100","2026-05-18","2026-05-24","Eliminado","R32","","https://www.itftennis.com/en/tournament/j100-lousada/por/2026/j-j100-por-2026-002/draws-and-results/","Encontrado na ITF; leitura do draw de duplas: ITF API: derrota encontrada."
"pedro-anton-ruibal","Pedro Anton Ruibal","Singles","J100 Lousada","J100","2026-05-18","2026-05-24","Eliminado","Q2","","https://www.itftennis.com/en/tournament/j100-lousada/por/2026/j-j100-por-2026-002/draws-and-results/","Encontrado na ITF (MD); leitura do draw: ITF API: derrota encontrada."
"pedro-esparteiro","Pedro Esparteiro","Singles","J100 Lousada","J100","2026-05-18","2026-05-24","Eliminado","Q1","","https://www.itftennis.com/en/tournament/j100-lousada/por/2026/j-j100-por-2026-002/draws-and-results/","Encontrado na ITF (Q); leitura do draw: ITF API: derrota encontrada."
"ramon-talin-maiz","Ramon Talin maiz","Doubles","J100 Lousada","J100","2026-05-18","2026-05-24","Eliminado","R32","","https://www.itftennis.com/en/tournament/j100-lousada/por/2026/j-j100-por-2026-002/draws-and-results/","Encontrado na ITF; leitura do draw de duplas: ITF API: derrota encontrada."
"ramon-talin-maiz","Ramon Talin maiz","Singles","J100 Lousada","J100","2026-05-18","2026-05-24","Eliminado","R64","","https://www.itftennis.com/en/tournament/j100-lousada/por/2026/j-j100-por-2026-002/draws-and-results/","Encontrado na ITF (MD); leitura do draw: ITF API: derrota encontrada."
"rodolfo-federico-de-andreis","Rodolfo Federico De Andreis","Doubles","J100 Lousada","J100","2026-05-18","2026-05-24","Eliminado","R16","","https://www.itftennis.com/en/tournament/j100-lousada/por/2026/j-j100-por-2026-002/draws-and-results/","Encontrado na ITF; leitura do draw de duplas: ITF API: derrota encontrada."
"rodolfo-federico-de-andreis","Rodolfo Federico De Andreis","Singles","J100 Lousada","J100","2026-05-18","2026-05-24","Eliminado","QF","","https://www.itftennis.com/en/tournament/j100-lousada/por/2026/j-j100-por-2026-002/draws-and-results/","Encontrado na ITF (MD); leitura do draw: ITF API: derrota encontrada."
"rodrigo-duarte","Rodrigo Duarte","Doubles","J100 Lousada","J100","2026-05-18","2026-05-24","Eliminado","R32","","https://www.itftennis.com/en/tournament/j100-lousada/por/2026/j-j100-por-2026-002/draws-and-results/","Encontrado na ITF; leitura do draw de duplas: ITF API: derrota encontrada."
"rodrigo-duarte","Rodrigo Duarte","Singles","J100 Lousada","J100","2026-05-18","2026-05-24","Eliminado","R64","","https://www.itftennis.com/en/tournament/j100-lousada/por/2026/j-j100-por-2026-002/draws-and-results/","Encontrado na ITF (MD); leitura do draw: ITF API: derrota encontrada."
"rodrigo-leal","Rodrigo Leal","Doubles","J100 Lousada","J100","2026-05-18","2026-05-24","Eliminado","SF","","https://www.itftennis.com/en/tournament/j100-lousada/por/2026/j-j100-por-2026-002/draws-and-results/","Encontrado na ITF; leitura do draw de duplas: ITF API: derrota encontrada."
"rodrigo-leal","Rodrigo Leal","Singles","J100 Lousada","J100","2026-05-18","2026-05-24","Eliminado","R32","","https://www.itftennis.com/en/tournament/j100-lousada/por/2026/j-j100-por-2026-002/draws-and-results/","Encontrado na ITF (MD); leitura do draw: ITF API: derrota encontrada."
"rui-veloso","Rui Veloso","Singles","J100 Lousada","J100","2026-05-18","2026-05-24","Eliminado","Q2","","https://www.itftennis.com/en/tournament/j100-lousada/por/2026/j-j100-por-2026-002/draws-and-results/","Encontrado na ITF (Q); leitura do draw: ITF API: derrota encontrada."
"sacha-bouillard","Sacha Bouillard","Doubles","J100 Lousada","J100","2026-05-18","2026-05-24","Eliminado","R16","","https://www.itftennis.com/en/tournament/j100-lousada/por/2026/j-j100-por-2026-002/draws-and-results/","Encontrado na ITF; leitura do draw de duplas: ITF API: derrota encontrada."
"sacha-bouillard","Sacha Bouillard","Singles","J100 Lousada","J100","2026-05-18","2026-05-24","Eliminado","R32","","https://www.itftennis.com/en/tournament/j100-lousada/por/2026/j-j100-por-2026-002/draws-and-results/","Encontrado na ITF (MD); leitura do draw: ITF API: derrota encontrada."
"santiago-vasco","Santiago Vasco","Singles","J100 Lousada","J100","2026-05-18","2026-05-24","Eliminado","Q2","","https://www.itftennis.com/en/tournament/j100-lousada/por/2026/j-j100-por-2026-002/draws-and-results/","Encontrado na ITF (Q); leitura do draw: ITF API: derrota encontrada."
"scarlett-dattoli","Scarlett Dattoli","Doubles","J100 Lousada","J100","2026-05-18","2026-05-24","Eliminado","R16","","https://www.itftennis.com/en/tournament/j100-lousada/por/2026/j-j100-por-2026-002/draws-and-results/","Encontrado na ITF; leitura do draw de duplas: ITF API: derrota encontrada."
"scarlett-dattoli","Scarlett Dattoli","Singles","J100 Lousada","J100","2026-05-18","2026-05-24","Eliminado","R16","","https://www.itftennis.com/en/tournament/j100-lousada/por/2026/j-j100-por-2026-002/draws-and-results/","Encontrado na ITF (MD); leitura do draw: ITF API: derrota encontrada."
"sean-grosman","Sean Grosman","Doubles","J100 Lousada","J100","2026-05-18","2026-05-24","Ativo","W","","https://www.itftennis.com/en/tournament/j100-lousada/por/2026/j-j100-por-2026-002/draws-and-results/","Encontrado na ITF; leitura do draw de duplas: ITF API: vitoria encontrada."
"sean-grosman","Sean Grosman","Singles","J100 Lousada","J100","2026-05-18","2026-05-24","Eliminado","R16","","https://www.itftennis.com/en/tournament/j100-lousada/por/2026/j-j100-por-2026-002/draws-and-results/","Encontrado na ITF (MD); leitura do draw: ITF API: derrota encontrada."
"sofia-almeida","Sofia Almeida","Doubles","J100 Lousada","J100","2026-05-18","2026-05-24","Eliminado","R16","","https://www.itftennis.com/en/tournament/j100-lousada/por/2026/j-j100-por-2026-002/draws-and-results/","Encontrado na ITF; leitura do draw de duplas: ITF API: derrota encontrada."
"sofia-almeida","Sofia Almeida","Singles","J100 Lousada","J100","2026-05-18","2026-05-24","Eliminado","R64","","https://www.itftennis.com/en/tournament/j100-lousada/por/2026/j-j100-por-2026-002/draws-and-results/","Encontrado na ITF (MD); leitura do draw: ITF API: derrota encontrada."
"sofia-skrypnichenko","Sofia Skrypnichenko","Doubles","J100 Lousada","J100","2026-05-18","2026-05-24","Eliminado","R32","","https://www.itftennis.com/en/tournament/j100-lousada/por/2026/j-j100-por-2026-002/draws-and-results/","Encontrado na ITF; leitura do draw de duplas: ITF API: derrota encontrada."
"sofia-skrypnichenko","Sofia Skrypnichenko","Singles","J100 Lousada","J100","2026-05-18","2026-05-24","Eliminado","Q1","","https://www.itftennis.com/en/tournament/j100-lousada/por/2026/j-j100-por-2026-002/draws-and-results/","Encontrado na ITF (MD); leitura do draw: ITF API: derrota encontrada."
"thomas-piot","Thomas PIOT","Doubles","J100 Lousada","J100","2026-05-18","2026-05-24","Eliminado","SF","","https://www.itftennis.com/en/tournament/j100-lousada/por/2026/j-j100-por-2026-002/draws-and-results/","Encontrado na ITF; leitura do draw de duplas: ITF API: derrota encontrada."
"thomas-piot","Thomas PIOT","Singles","J100 Lousada","J100","2026-05-18","2026-05-24","Eliminado","R32","","https://www.itftennis.com/en/tournament/j100-lousada/por/2026/j-j100-por-2026-002/draws-and-results/","Encontrado na ITF (MD); leitura do draw: ITF API: derrota encontrada."
"tinatini-mtvarelishvili","Tinatini Mtvarelishvili","Doubles","J100 Lousada","J100","2026-05-18","2026-05-24","Eliminado","R32","","https://www.itftennis.com/en/tournament/j100-lousada/por/2026/j-j100-por-2026-002/draws-and-results/","Encontrado na ITF; leitura do draw de duplas: ITF API: derrota encontrada."
"tinatini-mtvarelishvili","Tinatini Mtvarelishvili","Singles","J100 Lousada","J100","2026-05-18","2026-05-24","Eliminado","R32","","https://www.itftennis.com/en/tournament/j100-lousada/por/2026/j-j100-por-2026-002/draws-and-results/","Encontrado na ITF (MD); leitura do draw: ITF API: derrota encontrada."
"tomas-maduro","Tomas Maduro","Singles","J100 Lousada","J100","2026-05-18","2026-05-24","Eliminado","Q1","","https://www.itftennis.com/en/tournament/j100-lousada/por/2026/j-j100-por-2026-002/draws-and-results/","Encontrado na ITF (Q); leitura do draw: ITF API: derrota encontrada."
"tomas-saraiva","Tomas Saraiva","Doubles","J100 Lousada","J100","2026-05-18","2026-05-24","Eliminado","QF","","https://www.itftennis.com/en/tournament/j100-lousada/por/2026/j-j100-por-2026-002/draws-and-results/","Encontrado na ITF; leitura do draw de duplas: ITF API: derrota encontrada."
"tomas-saraiva","Tomas Saraiva","Singles","J100 Lousada","J100","2026-05-18","2026-05-24","Eliminado","R64","","https://www.itftennis.com/en/tournament/j100-lousada/por/2026/j-j100-por-2026-002/draws-and-results/","Encontrado na ITF (MD); leitura do draw: ITF API: derrota encontrada."
"tomas-silveira","Tomas Silveira","Singles","J100 Lousada","J100","2026-05-18","2026-05-24","Eliminado","Q1","","https://www.itftennis.com/en/tournament/j100-lousada/por/2026/j-j100-por-2026-002/draws-and-results/","Encontrado na ITF (Q); leitura do draw: ITF API: derrota encontrada."
"tomas-tocha","Tomas Tocha","Singles","J100 Lousada","J100","2026-05-18","2026-05-24","Eliminado","Q2","","https://www.itftennis.com/en/tournament/j100-lousada/por/2026/j-j100-por-2026-002/draws-and-results/","Encontrado na ITF (Q); leitura do draw: ITF API: derrota encontrada."
"tomas-vilaca","Tomas Vilaca","Doubles","J100 Lousada","J100","2026-05-18","2026-05-24","Eliminado","R32","","https://www.itftennis.com/en/tournament/j100-lousada/por/2026/j-j100-por-2026-002/draws-and-results/","Encontrado na ITF; leitura do draw de duplas: ITF API: derrota encontrada."
"tomas-vilaca","Tomas Vilaca","Singles","J100 Lousada","J100","2026-05-18","2026-05-24","Eliminado","R64","","https://www.itftennis.com/en/tournament/j100-lousada/por/2026/j-j100-por-2026-002/draws-and-results/","Encontrado na ITF (MD); leitura do draw: ITF API: derrota encontrada."
"tymofii-grytsenko","Tymofii Grytsenko","Doubles","J100 Lousada","J100","2026-05-18","2026-05-24","Eliminado","QF","","https://www.itftennis.com/en/tournament/j100-lousada/por/2026/j-j100-por-2026-002/draws-and-results/","Encontrado na ITF; leitura do draw de duplas: ITF API: derrota encontrada."
"tymofii-grytsenko","Tymofii Grytsenko","Singles","J100 Lousada","J100","2026-05-18","2026-05-24","Eliminado","R64","","https://www.itftennis.com/en/tournament/j100-lousada/por/2026/j-j100-por-2026-002/draws-and-results/","Encontrado na ITF (MD); leitura do draw: ITF API: derrota encontrada."
"valentina-carreras-medina","Valentina Carreras Medina","Doubles","J100 Lousada","J100","2026-05-18","2026-05-24","Eliminado","R16","","https://www.itftennis.com/en/tournament/j100-lousada/por/2026/j-j100-por-2026-002/draws-and-results/","Encontrado na ITF; leitura do draw de duplas: ITF API: derrota encontrada."
"valentina-carreras-medina","Valentina Carreras Medina","Singles","J100 Lousada","J100","2026-05-18","2026-05-24","Eliminado","R32","","https://www.itftennis.com/en/tournament/j100-lousada/por/2026/j-j100-por-2026-002/draws-and-results/","Encontrado na ITF (MD); leitura do draw: ITF API: derrota encontrada."
"valentina-soinatkvitz-martinez","Valentina Soinatkvitz Martinez","Singles","J100 Lousada","J100","2026-05-18","2026-05-24","Eliminado","Q1","","https://www.itftennis.com/en/tournament/j100-lousada/por/2026/j-j100-por-2026-002/draws-and-results/","Encontrado na ITF (Q); leitura do draw: ITF API: derrota encontrada."
"valentine-charrier","Valentine Charrier","Singles","J100 Lousada","J100","2026-05-18","2026-05-24","Eliminado","Q2","","https://www.itftennis.com/en/tournament/j100-lousada/por/2026/j-j100-por-2026-002/draws-and-results/","Encontrado na ITF (Q); leitura do draw: ITF API: derrota encontrada."
"veronika-navratilova","Veronika Navratilova","Doubles","J100 Lousada","J100","2026-05-18","2026-05-24","Ativo","W","","https://www.itftennis.com/en/tournament/j100-lousada/por/2026/j-j100-por-2026-002/draws-and-results/","Encontrado na ITF; leitura do draw de duplas: ITF API: vitoria encontrada."
"veronika-navratilova","Veronika Navratilova","Singles","J100 Lousada","J100","2026-05-18","2026-05-24","Eliminado","R32","","https://www.itftennis.com/en/tournament/j100-lousada/por/2026/j-j100-por-2026-002/draws-and-results/","Encontrado na ITF (MD); leitura do draw: ITF API: derrota encontrada."
"vicente-pessoa-ribeiro","Vicente Pessoa RIBEIRO","Singles","J100 Lousada","J100","2026-05-18","2026-05-24","Eliminado","R64","","https://www.itftennis.com/en/tournament/j100-lousada/por/2026/j-j100-por-2026-002/draws-and-results/","Encontrado na ITF (MD); leitura do draw: ITF API: derrota encontrada."
"viktoriia-sedenkova","Viktoriia Sedenkova","Doubles","J100 Lousada","J100","2026-05-18","2026-05-24","Eliminado","QF","","https://www.itftennis.com/en/tournament/j100-lousada/por/2026/j-j100-por-2026-002/draws-and-results/","Encontrado na ITF; leitura do draw de duplas: ITF API: derrota encontrada."
"viktoriia-sedenkova","Viktoriia Sedenkova","Singles","J100 Lousada","J100","2026-05-18","2026-05-24","Eliminado","R32","","https://www.itftennis.com/en/tournament/j100-lousada/por/2026/j-j100-por-2026-002/draws-and-results/","Encontrado na ITF (MD); leitura do draw: ITF API: derrota encontrada."
"vlad-secara","Vlad Secara","Doubles","J100 Lousada","J100","2026-05-18","2026-05-24","Eliminado","QF","","https://www.itftennis.com/en/tournament/j100-lousada/por/2026/j-j100-por-2026-002/draws-and-results/","Encontrado na ITF; leitura do draw de duplas: ITF API: derrota encontrada."
"vlad-secara","Vlad Secara","Singles","J100 Lousada","J100","2026-05-18","2026-05-24","Eliminado","F","","https://www.itftennis.com/en/tournament/j100-lousada/por/2026/j-j100-por-2026-002/draws-and-results/","Encontrado na ITF (MD); leitura do draw: ITF API: derrota encontrada."
"xiang-liu","Xiang Liu","Doubles","J100 Lousada","J100","2026-05-18","2026-05-24","Eliminado","R16","","https://www.itftennis.com/en/tournament/j100-lousada/por/2026/j-j100-por-2026-002/draws-and-results/","Encontrado na ITF; leitura do draw de duplas: ITF API: derrota encontrada."
"xiang-liu","Xiang Liu","Singles","J100 Lousada","J100","2026-05-18","2026-05-24","Eliminado","QF","","https://www.itftennis.com/en/tournament/j100-lousada/por/2026/j-j100-por-2026-002/draws-and-results/","Encontrado na ITF (MD); leitura do draw: ITF API: derrota encontrada."
"zeliha-nil-cukurluoglu","Zeliha Nil Cukurluoglu","Doubles","J100 Lousada","J100","2026-05-18","2026-05-24","Eliminado","QF","","https://www.itftennis.com/en/tournament/j100-lousada/por/2026/j-j100-por-2026-002/draws-and-results/","Encontrado na ITF; leitura do draw de duplas: ITF API: derrota encontrada."
"zeliha-nil-cukurluoglu","Zeliha Nil Cukurluoglu","Singles","J100 Lousada","J100","2026-05-18","2026-05-24","Eliminado","SF","","https://www.itftennis.com/en/tournament/j100-lousada/por/2026/j-j100-por-2026-002/draws-and-results/","Encontrado na ITF (MD); leitura do draw: ITF API: derrota encontrada."
"abril-goded-luna","Abril Goded Luna","Doubles","J100 Punta Cana","J100","2026-05-18","2026-05-23","Eliminado","QF","","https://www.itftennis.com/en/tournament/j100-punta-cana/dom/2026/j-j100-dom-2026-002/draws-and-results/","Encontrado na ITF; leitura do draw de duplas: ITF API: derrota encontrada."
"abril-goded-luna","Abril Goded Luna","Singles","J100 Punta Cana","J100","2026-05-18","2026-05-23","Eliminado","R32","","https://www.itftennis.com/en/tournament/j100-punta-cana/dom/2026/j-j100-dom-2026-002/draws-and-results/","Encontrado na ITF (MD); leitura do draw: ITF API: derrota encontrada."
"adriana-khomyakova","Adriana Khomyakova","Doubles","J100 Punta Cana","J100","2026-05-18","2026-05-23","Eliminado","F","","https://www.itftennis.com/en/tournament/j100-punta-cana/dom/2026/j-j100-dom-2026-002/draws-and-results/","Encontrado na ITF; leitura do draw de duplas: ITF API: derrota encontrada."
"adriana-khomyakova","Adriana Khomyakova","Singles","J100 Punta Cana","J100","2026-05-18","2026-05-23","Eliminado","R32","","https://www.itftennis.com/en/tournament/j100-punta-cana/dom/2026/j-j100-dom-2026-002/draws-and-results/","Encontrado na ITF (MD); leitura do draw: ITF API: derrota encontrada."
"aleksandrina-artomenko","Aleksandrina Artomenko","Doubles","J100 Punta Cana","J100","2026-05-18","2026-05-23","Eliminado","QF","","https://www.itftennis.com/en/tournament/j100-punta-cana/dom/2026/j-j100-dom-2026-002/draws-and-results/","Encontrado na ITF; leitura do draw de duplas: ITF API: derrota encontrada."
"aleksandrina-artomenko","Aleksandrina Artomenko","Singles","J100 Punta Cana","J100","2026-05-18","2026-05-23","Eliminado","R64","","https://www.itftennis.com/en/tournament/j100-punta-cana/dom/2026/j-j100-dom-2026-002/draws-and-results/","Encontrado na ITF (MD); leitura do draw: ITF API: derrota encontrada."
"alice-luiza-semenova","Alice Luiza Semenova","Singles","J100 Punta Cana","J100","2026-05-18","2026-05-23","Eliminado","R64","","https://www.itftennis.com/en/tournament/j100-punta-cana/dom/2026/j-j100-dom-2026-002/draws-and-results/","Encontrado na ITF (MD); leitura do draw: ITF API: derrota encontrada."
"ambra-marsiletti","Ambra Marsiletti","Doubles","J100 Punta Cana","J100","2026-05-18","2026-05-23","Eliminado","QF","","https://www.itftennis.com/en/tournament/j100-punta-cana/dom/2026/j-j100-dom-2026-002/draws-and-results/","Encontrado na ITF; leitura do draw de duplas: ITF API: derrota encontrada."
"ambra-marsiletti","Ambra Marsiletti","Singles","J100 Punta Cana","J100","2026-05-18","2026-05-23","Eliminado","R32","","https://www.itftennis.com/en/tournament/j100-punta-cana/dom/2026/j-j100-dom-2026-002/draws-and-results/","Encontrado na ITF (MD); leitura do draw: ITF API: derrota encontrada."
"andre-monestina","Andre Monestina","Singles","J100 Punta Cana","J100","2026-05-18","2026-05-23","Eliminado","R64","","https://www.itftennis.com/en/tournament/j100-punta-cana/dom/2026/j-j100-dom-2026-002/draws-and-results/","Encontrado na ITF (MD); leitura do draw: ITF API: derrota encontrada."
"annalyn-mckee","Annalyn McKee","Singles","J100 Punta Cana","J100","2026-05-18","2026-05-23","Eliminado","QF","","https://www.itftennis.com/en/tournament/j100-punta-cana/dom/2026/j-j100-dom-2026-002/draws-and-results/","Encontrado na ITF (MD); leitura do draw: ITF API: derrota encontrada."
"audrey-kao","Audrey Kao","Doubles","J100 Punta Cana","J100","2026-05-18","2026-05-23","Ativo","W","","https://www.itftennis.com/en/tournament/j100-punta-cana/dom/2026/j-j100-dom-2026-002/draws-and-results/","Encontrado na ITF; leitura do draw de duplas: ITF API: vitoria encontrada."
"audrey-kao","Audrey Kao","Singles","J100 Punta Cana","J100","2026-05-18","2026-05-23","Eliminado","F","","https://www.itftennis.com/en/tournament/j100-punta-cana/dom/2026/j-j100-dom-2026-002/draws-and-results/","Encontrado na ITF (MD); leitura do draw: ITF API: derrota encontrada."
"ava-quincy-brewer","Ava Quincy Brewer","Doubles","J100 Punta Cana","J100","2026-05-18","2026-05-23","Eliminado","SF","","https://www.itftennis.com/en/tournament/j100-punta-cana/dom/2026/j-j100-dom-2026-002/draws-and-results/","Encontrado na ITF; leitura do draw de duplas: ITF API: derrota encontrada."
"ava-quincy-brewer","Ava Quincy Brewer","Singles","J100 Punta Cana","J100","2026-05-18","2026-05-23","Eliminado","R32","","https://www.itftennis.com/en/tournament/j100-punta-cana/dom/2026/j-j100-dom-2026-002/draws-and-results/","Encontrado na ITF (MD); leitura do draw: ITF API: derrota encontrada."
"baotong-xu","Baotong Xu","Doubles","J100 Punta Cana","J100","2026-05-18","2026-05-23","Eliminado","SF","","https://www.itftennis.com/en/tournament/j100-punta-cana/dom/2026/j-j100-dom-2026-002/draws-and-results/","Encontrado na ITF; leitura do draw de duplas: ITF API: derrota encontrada."
"baotong-xu","Baotong Xu","Singles","J100 Punta Cana","J100","2026-05-18","2026-05-23","Eliminado","R64","","https://www.itftennis.com/en/tournament/j100-punta-cana/dom/2026/j-j100-dom-2026-002/draws-and-results/","Encontrado na ITF (MD); leitura do draw: ITF API: derrota encontrada."
"brandon-brisbane","Brandon Brisbane","Singles","J100 Punta Cana","J100","2026-05-18","2026-05-23","Eliminado","R64","","https://www.itftennis.com/en/tournament/j100-punta-cana/dom/2026/j-j100-dom-2026-002/draws-and-results/","Encontrado na ITF (MD); leitura do draw: ITF API: derrota encontrada."
"byron-zhagnay","Byron Zhagnay","Singles","J100 Punta Cana","J100","2026-05-18","2026-05-23","Eliminado","Q1","","https://www.itftennis.com/en/tournament/j100-punta-cana/dom/2026/j-j100-dom-2026-002/draws-and-results/","Encontrado na ITF (Q); leitura do draw: ITF API: derrota encontrada."
"carlos-raul-rodriguez-chiriboga","Carlos Raul Rodriguez Chiriboga","Singles","J100 Punta Cana","J100","2026-05-18","2026-05-23","Ativo","Q2","0","https://www.itftennis.com/en/tournament/j100-punta-cana/dom/2026/j-j100-dom-2026-002/draws-and-results/","Encontrado na ITF (Q); leitura do draw: ITF API: bye encontrado; atleta avancou sem pontuar."
"cristobal-plasencia-robles","Cristobal Plasencia Robles","Doubles","J100 Punta Cana","J100","2026-05-18","2026-05-23","Eliminado","QF","","https://www.itftennis.com/en/tournament/j100-punta-cana/dom/2026/j-j100-dom-2026-002/draws-and-results/","Encontrado na ITF; leitura do draw de duplas: ITF API: derrota encontrada."
"cristobal-plasencia-robles","Cristobal Plasencia Robles","Singles","J100 Punta Cana","J100","2026-05-18","2026-05-23","Eliminado","QF","","https://www.itftennis.com/en/tournament/j100-punta-cana/dom/2026/j-j100-dom-2026-002/draws-and-results/","Encontrado na ITF (MD); leitura do draw: ITF API: derrota encontrada."
"daniel-pessoa","Daniel Pessoa","Doubles","J100 Punta Cana","J100","2026-05-18","2026-05-23","Eliminado","R32","","https://www.itftennis.com/en/tournament/j100-punta-cana/dom/2026/j-j100-dom-2026-002/draws-and-results/","Encontrado na ITF; leitura do draw de duplas: ITF API: derrota encontrada."
"daniel-pessoa","Daniel Pessoa","Singles","J100 Punta Cana","J100","2026-05-18","2026-05-23","Eliminado","R32","","https://www.itftennis.com/en/tournament/j100-punta-cana/dom/2026/j-j100-dom-2026-002/draws-and-results/","Encontrado na ITF (MD); leitura do draw: ITF API: derrota encontrada."
"diana-maria-shcherbinina","Diana Maria Shcherbinina","Singles","J100 Punta Cana","J100","2026-05-18","2026-05-23","Eliminado","R64","","https://www.itftennis.com/en/tournament/j100-punta-cana/dom/2026/j-j100-dom-2026-002/draws-and-results/","Encontrado na ITF (MD); leitura do draw: ITF API: derrota encontrada."
"diego-lovaton","Diego Lovaton","Doubles","J100 Punta Cana","J100","2026-05-18","2026-05-23","Eliminado","R32","","https://www.itftennis.com/en/tournament/j100-punta-cana/dom/2026/j-j100-dom-2026-002/draws-and-results/","Encontrado na ITF; leitura do draw de duplas: ITF API: derrota encontrada."
"diego-lovaton","Diego Lovaton","Singles","J100 Punta Cana","J100","2026-05-18","2026-05-23","Eliminado","R64","","https://www.itftennis.com/en/tournament/j100-punta-cana/dom/2026/j-j100-dom-2026-002/draws-and-results/","Encontrado na ITF (MD); leitura do draw: ITF API: derrota encontrada."
"eaden-zack-harron","Eaden-Zack Harron","Doubles","J100 Punta Cana","J100","2026-05-18","2026-05-23","Eliminado","QF","","https://www.itftennis.com/en/tournament/j100-punta-cana/dom/2026/j-j100-dom-2026-002/draws-and-results/","Encontrado na ITF; leitura do draw de duplas: ITF API: derrota encontrada."
"eaden-zack-harron","Eaden-Zack Harron","Singles","J100 Punta Cana","J100","2026-05-18","2026-05-23","Eliminado","R64","","https://www.itftennis.com/en/tournament/j100-punta-cana/dom/2026/j-j100-dom-2026-002/draws-and-results/","Encontrado na ITF (MD); leitura do draw: ITF API: derrota encontrada."
"eduardo-licairac","Eduardo Licairac","Doubles","J100 Punta Cana","J100","2026-05-18","2026-05-23","Eliminado","R32","","https://www.itftennis.com/en/tournament/j100-punta-cana/dom/2026/j-j100-dom-2026-002/draws-and-results/","Encontrado na ITF; leitura do draw de duplas: ITF API: derrota encontrada."
"eduardo-licairac","Eduardo Licairac","Singles","J100 Punta Cana","J100","2026-05-18","2026-05-23","Eliminado","R32","","https://www.itftennis.com/en/tournament/j100-punta-cana/dom/2026/j-j100-dom-2026-002/draws-and-results/","Encontrado na ITF (MD); leitura do draw: ITF API: derrota encontrada."
"enmanuel-felix","ENMANUEL FELIX","Doubles","J100 Punta Cana","J100","2026-05-18","2026-05-23","Eliminado","R32","","https://www.itftennis.com/en/tournament/j100-punta-cana/dom/2026/j-j100-dom-2026-002/draws-and-results/","Encontrado na ITF; leitura do draw de duplas: ITF API: derrota encontrada."
"enmanuel-felix","ENMANUEL FELIX","Singles","J100 Punta Cana","J100","2026-05-18","2026-05-23","Eliminado","R32","","https://www.itftennis.com/en/tournament/j100-punta-cana/dom/2026/j-j100-dom-2026-002/draws-and-results/","Encontrado na ITF (MD); leitura do draw: ITF API: derrota encontrada."
"filipa-delgado","Filipa Delgado","Doubles","J100 Punta Cana","J100","2026-05-18","2026-05-23","Eliminado","SF","","https://www.itftennis.com/en/tournament/j100-punta-cana/dom/2026/j-j100-dom-2026-002/draws-and-results/","Encontrado na ITF; leitura do draw de duplas: ITF API: derrota encontrada."
"filipa-delgado","Filipa Delgado","Singles","J100 Punta Cana","J100","2026-05-18","2026-05-23","Eliminado","SF","","https://www.itftennis.com/en/tournament/j100-punta-cana/dom/2026/j-j100-dom-2026-002/draws-and-results/","Encontrado na ITF (MD); leitura do draw: ITF API: derrota encontrada."
"gabriela-guapindaia-soares","Gabriela Guapindaia Soares","Doubles","J100 Punta Cana","J100","2026-05-18","2026-05-23","Eliminado","QF","","https://www.itftennis.com/en/tournament/j100-punta-cana/dom/2026/j-j100-dom-2026-002/draws-and-results/","Encontrado na ITF; leitura do draw de duplas: ITF API: derrota encontrada."
"gabriela-guapindaia-soares","Gabriela Guapindaia Soares","Singles","J100 Punta Cana","J100","2026-05-18","2026-05-23","Eliminado","R64","","https://www.itftennis.com/en/tournament/j100-punta-cana/dom/2026/j-j100-dom-2026-002/draws-and-results/","Encontrado na ITF (MD); leitura do draw: ITF API: derrota encontrada."
"guillermo-andres-rodriguez","Guillermo Andres Rodriguez","Doubles","J100 Punta Cana","J100","2026-05-18","2026-05-23","Eliminado","R32","","https://www.itftennis.com/en/tournament/j100-punta-cana/dom/2026/j-j100-dom-2026-002/draws-and-results/","Encontrado na ITF; leitura do draw de duplas: ITF API: derrota encontrada."
"guillermo-andres-rodriguez","Guillermo Andres Rodriguez","Singles","J100 Punta Cana","J100","2026-05-18","2026-05-23","Eliminado","R64","","https://www.itftennis.com/en/tournament/j100-punta-cana/dom/2026/j-j100-dom-2026-002/draws-and-results/","Encontrado na ITF (MD); leitura do draw: ITF API: derrota encontrada."
"guillermo-narcio","Guillermo Narcio","Doubles","J100 Punta Cana","J100","2026-05-18","2026-05-23","Eliminado","SF","","https://www.itftennis.com/en/tournament/j100-punta-cana/dom/2026/j-j100-dom-2026-002/draws-and-results/","Encontrado na ITF; leitura do draw de duplas: ITF API: derrota encontrada."
"guillermo-narcio","Guillermo Narcio","Singles","J100 Punta Cana","J100","2026-05-18","2026-05-23","Eliminado","QF","","https://www.itftennis.com/en/tournament/j100-punta-cana/dom/2026/j-j100-dom-2026-002/draws-and-results/","Encontrado na ITF (MD); leitura do draw: ITF API: derrota encontrada."
"henrique-pissetti-vialle","Henrique Pissetti Vialle","Doubles","J100 Punta Cana","J100","2026-05-18","2026-05-23","Eliminado","F","","https://www.itftennis.com/en/tournament/j100-punta-cana/dom/2026/j-j100-dom-2026-002/draws-and-results/","Encontrado na ITF; leitura do draw de duplas: ITF API: derrota encontrada."
"henrique-pissetti-vialle","Henrique Pissetti Vialle","Singles","J100 Punta Cana","J100","2026-05-18","2026-05-23","Eliminado","F","","https://www.itftennis.com/en/tournament/j100-punta-cana/dom/2026/j-j100-dom-2026-002/draws-and-results/","Encontrado na ITF (MD); leitura do draw: ITF API: derrota encontrada."
"isaac-guerrero-hernandez","Isaac Guerrero Hernandez","Singles","J100 Punta Cana","J100","2026-05-18","2026-05-23","Eliminado","R64","","https://www.itftennis.com/en/tournament/j100-punta-cana/dom/2026/j-j100-dom-2026-002/draws-and-results/","Encontrado na ITF (MD); leitura do draw: ITF API: derrota encontrada."
"isabella-bosso","Isabella Bosso","Doubles","J100 Punta Cana","J100","2026-05-18","2026-05-23","Eliminado","F","","https://www.itftennis.com/en/tournament/j100-punta-cana/dom/2026/j-j100-dom-2026-002/draws-and-results/","Encontrado na ITF; leitura do draw de duplas: ITF API: derrota encontrada."
"isabella-bosso","Isabella Bosso","Singles","J100 Punta Cana","J100","2026-05-18","2026-05-23","Eliminado","SF","","https://www.itftennis.com/en/tournament/j100-punta-cana/dom/2026/j-j100-dom-2026-002/draws-and-results/","Encontrado na ITF (MD); leitura do draw: ITF API: derrota encontrada."
"isabella-ruyu-yan","Isabella Ruyu Yan","Singles","J100 Punta Cana","J100","2026-05-18","2026-05-23","Eliminado","R32","","https://www.itftennis.com/en/tournament/j100-punta-cana/dom/2026/j-j100-dom-2026-002/draws-and-results/","Encontrado na ITF (MD); leitura do draw: ITF API: derrota encontrada."
"jan-skrzynski","Jan Skrzynski","Doubles","J100 Punta Cana","J100","2026-05-18","2026-05-23","Ativo","W","","https://www.itftennis.com/en/tournament/j100-punta-cana/dom/2026/j-j100-dom-2026-002/draws-and-results/","Encontrado na ITF; leitura do draw de duplas: ITF API: vitoria encontrada."
"jan-skrzynski","Jan Skrzynski","Singles","J100 Punta Cana","J100","2026-05-18","2026-05-23","Eliminado","R64","","https://www.itftennis.com/en/tournament/j100-punta-cana/dom/2026/j-j100-dom-2026-002/draws-and-results/","Encontrado na ITF (MD); leitura do draw: ITF API: derrota encontrada."
"juan-pablo-barriga-martinez","Juan Pablo Barriga Martinez","Doubles","J100 Punta Cana","J100","2026-05-18","2026-05-23","Eliminado","SF","","https://www.itftennis.com/en/tournament/j100-punta-cana/dom/2026/j-j100-dom-2026-002/draws-and-results/","Encontrado na ITF; leitura do draw de duplas: ITF API: derrota encontrada."
"juan-pablo-barriga-martinez","Juan Pablo Barriga Martinez","Singles","J100 Punta Cana","J100","2026-05-18","2026-05-23","Eliminado","R32","","https://www.itftennis.com/en/tournament/j100-punta-cana/dom/2026/j-j100-dom-2026-002/draws-and-results/","Encontrado na ITF (MD); leitura do draw: ITF API: derrota encontrada."
"julianny-de-la-cruz-champagne","Julianny De La Cruz Champagne","Singles","J100 Punta Cana","J100","2026-05-18","2026-05-23","Eliminado","R32","","https://www.itftennis.com/en/tournament/j100-punta-cana/dom/2026/j-j100-dom-2026-002/draws-and-results/","Encontrado na ITF (MD); leitura do draw: ITF API: derrota encontrada."
"kaya-baker","Kaya Baker","Doubles","J100 Punta Cana","J100","2026-05-18","2026-05-23","Ativo","W","","https://www.itftennis.com/en/tournament/j100-punta-cana/dom/2026/j-j100-dom-2026-002/draws-and-results/","Encontrado na ITF; leitura do draw de duplas: ITF API: vitoria encontrada."
"kaya-baker","Kaya Baker","Singles","J100 Punta Cana","J100","2026-05-18","2026-05-23","Eliminado","QF","","https://www.itftennis.com/en/tournament/j100-punta-cana/dom/2026/j-j100-dom-2026-002/draws-and-results/","Encontrado na ITF (MD); leitura do draw: ITF API: derrota encontrada."
"leon-achurra-correa","Leon Achurra Correa","Doubles","J100 Punta Cana","J100","2026-05-18","2026-05-23","Eliminado","QF","","https://www.itftennis.com/en/tournament/j100-punta-cana/dom/2026/j-j100-dom-2026-002/draws-and-results/","Encontrado na ITF; leitura do draw de duplas: ITF API: derrota encontrada."
"leon-achurra-correa","Leon Achurra Correa","Singles","J100 Punta Cana","J100","2026-05-18","2026-05-23","Eliminado","R64","","https://www.itftennis.com/en/tournament/j100-punta-cana/dom/2026/j-j100-dom-2026-002/draws-and-results/","Encontrado na ITF (MD); leitura do draw: ITF API: derrota encontrada."
"lucas-pontes","Lucas Pontes","Doubles","J100 Punta Cana","J100","2026-05-18","2026-05-23","Eliminado","SF","","https://www.itftennis.com/en/tournament/j100-punta-cana/dom/2026/j-j100-dom-2026-002/draws-and-results/","Encontrado na ITF; leitura do draw de duplas: ITF API: derrota encontrada."
"lucas-pontes","Lucas Pontes","Singles","J100 Punta Cana","J100","2026-05-18","2026-05-23","Eliminado","R32","","https://www.itftennis.com/en/tournament/j100-punta-cana/dom/2026/j-j100-dom-2026-002/draws-and-results/","Encontrado na ITF (MD); leitura do draw: ITF API: derrota encontrada."
"maia-giannattasio","Maia Giannattasio","Singles","J100 Punta Cana","J100","2026-05-18","2026-05-23","Eliminado","R64","","https://www.itftennis.com/en/tournament/j100-punta-cana/dom/2026/j-j100-dom-2026-002/draws-and-results/","Encontrado na ITF (MD); leitura do draw: ITF API: derrota encontrada."
"maria-fernanda-poma-coronado","Maria Fernanda Poma Coronado","Doubles","J100 Punta Cana","J100","2026-05-18","2026-05-23","Eliminado","QF","","https://www.itftennis.com/en/tournament/j100-punta-cana/dom/2026/j-j100-dom-2026-002/draws-and-results/","Encontrado na ITF; leitura do draw de duplas: ITF API: derrota encontrada."
"maria-fernanda-poma-coronado","Maria Fernanda Poma Coronado","Singles","J100 Punta Cana","J100","2026-05-18","2026-05-23","Eliminado","QF","","https://www.itftennis.com/en/tournament/j100-punta-cana/dom/2026/j-j100-dom-2026-002/draws-and-results/","Encontrado na ITF (MD); leitura do draw: ITF API: derrota encontrada."
"mason-vaughan","Mason Vaughan","Doubles","J100 Punta Cana","J100","2026-05-18","2026-05-23","Eliminado","QF","","https://www.itftennis.com/en/tournament/j100-punta-cana/dom/2026/j-j100-dom-2026-002/draws-and-results/","Encontrado na ITF; leitura do draw de duplas: ITF API: derrota encontrada."
"mason-vaughan","Mason Vaughan","Singles","J100 Punta Cana","J100","2026-05-18","2026-05-23","Eliminado","QF","","https://www.itftennis.com/en/tournament/j100-punta-cana/dom/2026/j-j100-dom-2026-002/draws-and-results/","Encontrado na ITF (MD); leitura do draw: ITF API: derrota encontrada."
"mathias-mendez","Mathias Mendez","Doubles","J100 Punta Cana","J100","2026-05-18","2026-05-23","Eliminado","R32","","https://www.itftennis.com/en/tournament/j100-punta-cana/dom/2026/j-j100-dom-2026-002/draws-and-results/","Encontrado na ITF; leitura do draw de duplas: ITF API: derrota encontrada."
"mathias-mendez","Mathias Mendez","Singles","J100 Punta Cana","J100","2026-05-18","2026-05-23","Eliminado","R32","","https://www.itftennis.com/en/tournament/j100-punta-cana/dom/2026/j-j100-dom-2026-002/draws-and-results/","Encontrado na ITF (MD); leitura do draw: ITF API: derrota encontrada."
"matthew-shapiro","Matthew Shapiro","Doubles","J100 Punta Cana","J100","2026-05-18","2026-05-23","Eliminado","QF","","https://www.itftennis.com/en/tournament/j100-punta-cana/dom/2026/j-j100-dom-2026-002/draws-and-results/","Encontrado na ITF; leitura do draw de duplas: ITF API: derrota encontrada."
"matthew-shapiro","Matthew Shapiro","Singles","J100 Punta Cana","J100","2026-05-18","2026-05-23","Eliminado","QF","","https://www.itftennis.com/en/tournament/j100-punta-cana/dom/2026/j-j100-dom-2026-002/draws-and-results/","Encontrado na ITF (MD); leitura do draw: ITF API: derrota encontrada."
"maximilian-alexander-gershevitskiy-voytova","Maximilian Alexander Gershevitskiy Voytova","Doubles","J100 Punta Cana","J100","2026-05-18","2026-05-23","Eliminado","R32","","https://www.itftennis.com/en/tournament/j100-punta-cana/dom/2026/j-j100-dom-2026-002/draws-and-results/","Encontrado na ITF; leitura do draw de duplas: ITF API: derrota encontrada."
"maximilian-alexander-gershevitskiy-voytova","Maximilian Alexander Gershevitskiy Voytova","Singles","J100 Punta Cana","J100","2026-05-18","2026-05-23","Eliminado","R64","","https://www.itftennis.com/en/tournament/j100-punta-cana/dom/2026/j-j100-dom-2026-002/draws-and-results/","Encontrado na ITF (MD); leitura do draw: ITF API: derrota encontrada."
"miguel-baquero","Miguel Baquero","Doubles","J100 Punta Cana","J100","2026-05-18","2026-05-23","Eliminado","R32","","https://www.itftennis.com/en/tournament/j100-punta-cana/dom/2026/j-j100-dom-2026-002/draws-and-results/","Encontrado na ITF; leitura do draw de duplas: ITF API: derrota encontrada."
"miguel-baquero","Miguel Baquero","Singles","J100 Punta Cana","J100","2026-05-18","2026-05-23","Eliminado","R64","","https://www.itftennis.com/en/tournament/j100-punta-cana/dom/2026/j-j100-dom-2026-002/draws-and-results/","Encontrado na ITF (MD); leitura do draw: ITF API: derrota encontrada."
"milagros-belen-laino","Milagros Belen Laino","Doubles","J100 Punta Cana","J100","2026-05-18","2026-05-23","Eliminado","QF","","https://www.itftennis.com/en/tournament/j100-punta-cana/dom/2026/j-j100-dom-2026-002/draws-and-results/","Encontrado na ITF; leitura do draw de duplas: ITF API: derrota encontrada."
"milagros-belen-laino","Milagros Belen Laino","Singles","J100 Punta Cana","J100","2026-05-18","2026-05-23","Eliminado","R64","","https://www.itftennis.com/en/tournament/j100-punta-cana/dom/2026/j-j100-dom-2026-002/draws-and-results/","Encontrado na ITF (MD); leitura do draw: ITF API: derrota encontrada."
"monserrat-montano","Monserrat Montano","Doubles","J100 Punta Cana","J100","2026-05-18","2026-05-23","Eliminado","QF","","https://www.itftennis.com/en/tournament/j100-punta-cana/dom/2026/j-j100-dom-2026-002/draws-and-results/","Encontrado na ITF; leitura do draw de duplas: ITF API: derrota encontrada."
"monserrat-montano","Monserrat Montano","Singles","J100 Punta Cana","J100","2026-05-18","2026-05-23","Eliminado","R32","","https://www.itftennis.com/en/tournament/j100-punta-cana/dom/2026/j-j100-dom-2026-002/draws-and-results/","Encontrado na ITF (MD); leitura do draw: ITF API: derrota encontrada."
"montserrat-temprana-falco","Montserrat Temprana Falco","Doubles","J100 Punta Cana","J100","2026-05-18","2026-05-23","Eliminado","QF","","https://www.itftennis.com/en/tournament/j100-punta-cana/dom/2026/j-j100-dom-2026-002/draws-and-results/","Encontrado na ITF; leitura do draw de duplas: ITF API: derrota encontrada."
"montserrat-temprana-falco","Montserrat Temprana Falco","Singles","J100 Punta Cana","J100","2026-05-18","2026-05-23","Eliminado","R32","","https://www.itftennis.com/en/tournament/j100-punta-cana/dom/2026/j-j100-dom-2026-002/draws-and-results/","Encontrado na ITF (MD); leitura do draw: ITF API: derrota encontrada."
"nasko-dobrev","Nasko Dobrev","Doubles","J100 Punta Cana","J100","2026-05-18","2026-05-23","Eliminado","R32","","https://www.itftennis.com/en/tournament/j100-punta-cana/dom/2026/j-j100-dom-2026-002/draws-and-results/","Encontrado na ITF; leitura do draw de duplas: ITF API: derrota encontrada."
"nasko-dobrev","Nasko Dobrev","Singles","J100 Punta Cana","J100","2026-05-18","2026-05-23","Eliminado","R64","","https://www.itftennis.com/en/tournament/j100-punta-cana/dom/2026/j-j100-dom-2026-002/draws-and-results/","Encontrado na ITF (MD); leitura do draw: ITF API: derrota encontrada."
"nicolas-dagda-mireles","Nicolas Dagda Mireles","Doubles","J100 Punta Cana","J100","2026-05-18","2026-05-23","Eliminado","SF","","https://www.itftennis.com/en/tournament/j100-punta-cana/dom/2026/j-j100-dom-2026-002/draws-and-results/","Encontrado na ITF; leitura do draw de duplas: ITF API: derrota encontrada."
"nicolas-dagda-mireles","Nicolas Dagda Mireles","Singles","J100 Punta Cana","J100","2026-05-18","2026-05-23","Eliminado","R32","","https://www.itftennis.com/en/tournament/j100-punta-cana/dom/2026/j-j100-dom-2026-002/draws-and-results/","Encontrado na ITF (MD); leitura do draw: ITF API: derrota encontrada."
"olivia-de-los-reyes","Olivia De Los Reyes","Singles","J100 Punta Cana","J100","2026-05-18","2026-05-23","Ativo","W","","https://www.itftennis.com/en/tournament/j100-punta-cana/dom/2026/j-j100-dom-2026-002/draws-and-results/","Encontrado na ITF (MD); leitura do draw: ITF API: vitoria encontrada."
"patrick-kana","Patrick Kana","Doubles","J100 Punta Cana","J100","2026-05-18","2026-05-23","Eliminado","QF","","https://www.itftennis.com/en/tournament/j100-punta-cana/dom/2026/j-j100-dom-2026-002/draws-and-results/","Encontrado na ITF; leitura do draw de duplas: ITF API: derrota encontrada."
"patrick-kana","Patrick Kana","Singles","J100 Punta Cana","J100","2026-05-18","2026-05-23","Eliminado","R64","","https://www.itftennis.com/en/tournament/j100-punta-cana/dom/2026/j-j100-dom-2026-002/draws-and-results/","Encontrado na ITF (MD); leitura do draw: ITF API: derrota encontrada."
"ray-chetewy-ungar","Ray Chetewy Ungar","Doubles","J100 Punta Cana","J100","2026-05-18","2026-05-23","Eliminado","QF","","https://www.itftennis.com/en/tournament/j100-punta-cana/dom/2026/j-j100-dom-2026-002/draws-and-results/","Encontrado na ITF; leitura do draw de duplas: ITF API: derrota encontrada."
"ray-chetewy-ungar","Ray Chetewy Ungar","Singles","J100 Punta Cana","J100","2026-05-18","2026-05-23","Eliminado","R32","","https://www.itftennis.com/en/tournament/j100-punta-cana/dom/2026/j-j100-dom-2026-002/draws-and-results/","Encontrado na ITF (MD); leitura do draw: ITF API: derrota encontrada."
"rodrigo-montero","Rodrigo Montero","Singles","J100 Punta Cana","J100","2026-05-18","2026-05-23","Eliminado","R64","","https://www.itftennis.com/en/tournament/j100-punta-cana/dom/2026/j-j100-dom-2026-002/draws-and-results/","Encontrado na ITF (MD); leitura do draw: ITF API: derrota encontrada."
"samim-filiz","Samim Filiz","Singles","J100 Punta Cana","J100","2026-05-18","2026-05-23","Ativo","W","","https://www.itftennis.com/en/tournament/j100-punta-cana/dom/2026/j-j100-dom-2026-002/draws-and-results/","Encontrado na ITF (MD); leitura do draw: ITF API: vitoria encontrada."
"shrriman-narayanan","Shrriman Narayanan","Doubles","J100 Punta Cana","J100","2026-05-18","2026-05-23","Eliminado","R32","","https://www.itftennis.com/en/tournament/j100-punta-cana/dom/2026/j-j100-dom-2026-002/draws-and-results/","Encontrado na ITF; leitura do draw de duplas: ITF API: derrota encontrada."
"shrriman-narayanan","Shrriman Narayanan","Singles","J100 Punta Cana","J100","2026-05-18","2026-05-23","Eliminado","R64","","https://www.itftennis.com/en/tournament/j100-punta-cana/dom/2026/j-j100-dom-2026-002/draws-and-results/","Encontrado na ITF (MD); leitura do draw: ITF API: derrota encontrada."
"sofia-kedrin","Sofia Kedrin","Doubles","J100 Punta Cana","J100","2026-05-18","2026-05-23","Eliminado","SF","","https://www.itftennis.com/en/tournament/j100-punta-cana/dom/2026/j-j100-dom-2026-002/draws-and-results/","Encontrado na ITF; leitura do draw de duplas: ITF API: derrota encontrada."
"sofia-kedrin","Sofia Kedrin","Singles","J100 Punta Cana","J100","2026-05-18","2026-05-23","Eliminado","QF","","https://www.itftennis.com/en/tournament/j100-punta-cana/dom/2026/j-j100-dom-2026-002/draws-and-results/","Encontrado na ITF (MD); leitura do draw: ITF API: derrota encontrada."
"victor-pignaton","Victor Pignaton","Doubles","J100 Punta Cana","J100","2026-05-18","2026-05-23","Eliminado","F","","https://www.itftennis.com/en/tournament/j100-punta-cana/dom/2026/j-j100-dom-2026-002/draws-and-results/","Encontrado na ITF; leitura do draw de duplas: ITF API: derrota encontrada."
"victor-pignaton","Victor Pignaton","Singles","J100 Punta Cana","J100","2026-05-18","2026-05-23","Eliminado","SF","","https://www.itftennis.com/en/tournament/j100-punta-cana/dom/2026/j-j100-dom-2026-002/draws-and-results/","Encontrado na ITF (MD); leitura do draw: ITF API: derrota encontrada."
"wiktor-jez","Wiktor Jez","Doubles","J100 Punta Cana","J100","2026-05-18","2026-05-23","Ativo","W","","https://www.itftennis.com/en/tournament/j100-punta-cana/dom/2026/j-j100-dom-2026-002/draws-and-results/","Encontrado na ITF; leitura do draw de duplas: ITF API: vitoria encontrada."
"wiktor-jez","Wiktor Jez","Singles","J100 Punta Cana","J100","2026-05-18","2026-05-23","Eliminado","SF","","https://www.itftennis.com/en/tournament/j100-punta-cana/dom/2026/j-j100-dom-2026-002/draws-and-results/","Encontrado na ITF (MD); leitura do draw: ITF API: derrota encontrada."
"xavier-tonioni","Xavier Tonioni","Doubles","J100 Punta Cana","J100","2026-05-18","2026-05-23","Eliminado","QF","","https://www.itftennis.com/en/tournament/j100-punta-cana/dom/2026/j-j100-dom-2026-002/draws-and-results/","Encontrado na ITF; leitura do draw de duplas: ITF API: derrota encontrada."
"xavier-tonioni","Xavier Tonioni","Singles","J100 Punta Cana","J100","2026-05-18","2026-05-23","Eliminado","R64","","https://www.itftennis.com/en/tournament/j100-punta-cana/dom/2026/j-j100-dom-2026-002/draws-and-results/","Encontrado na ITF (MD); leitura do draw: ITF API: derrota encontrada."
"aaron-gabet","Aaron Gabet","Singles","J200 Targu Jiu","J200","2026-05-18","2026-05-22","Eliminado","QF","","https://www.itftennis.com/en/tournament/j200-targu-jiu/rou/2026/j-j200-rou-2026-001/draws-and-results/","Encontrado na ITF (MD); leitura do draw: ITF API: derrota encontrada."
"adina-negrii-coila","Adina Negrii Coila","Singles","J200 Targu Jiu","J200","2026-05-18","2026-05-22","Eliminado","Q1","","https://www.itftennis.com/en/tournament/j200-targu-jiu/rou/2026/j-j200-rou-2026-001/draws-and-results/","Encontrado na ITF (Q); leitura do draw: ITF API: derrota encontrada."
"adrian-oltean-achacollo","Adrian Oltean Achacollo","Singles","J200 Targu Jiu","J200","2026-05-18","2026-05-22","Eliminado","R64","","https://www.itftennis.com/en/tournament/j200-targu-jiu/rou/2026/j-j200-rou-2026-001/draws-and-results/","Encontrado na ITF (MD); leitura do draw: ITF API: derrota encontrada."
"ainhoa-dican","Ainhoa Dican","Singles","J200 Targu Jiu","J200","2026-05-18","2026-05-22","Eliminado","Q1","","https://www.itftennis.com/en/tournament/j200-targu-jiu/rou/2026/j-j200-rou-2026-001/draws-and-results/","Encontrado na ITF (Q); leitura do draw: ITF API: derrota encontrada."
"alan-aiukhanov","Alan Aiukhanov","Singles","J200 Targu Jiu","J200","2026-05-18","2026-05-22","Eliminado","R64","","https://www.itftennis.com/en/tournament/j200-targu-jiu/rou/2026/j-j200-rou-2026-001/draws-and-results/","Encontrado na ITF (MD); leitura do draw: ITF API: derrota encontrada."
"albert-ionut-ivan","Albert Ionut Ivan","Singles","J200 Targu Jiu","J200","2026-05-18","2026-05-22","Eliminado","R64","","https://www.itftennis.com/en/tournament/j200-targu-jiu/rou/2026/j-j200-rou-2026-001/draws-and-results/","Encontrado na ITF (MD); leitura do draw: ITF API: derrota encontrada."
"albert-luca-dieac","Albert Luca Dieac","Singles","J200 Targu Jiu","J200","2026-05-18","2026-05-22","Eliminado","Q1","","https://www.itftennis.com/en/tournament/j200-targu-jiu/rou/2026/j-j200-rou-2026-001/draws-and-results/","Encontrado na ITF (Q); leitura do draw: ITF API: derrota encontrada."
"aleksandra-rangelova","Aleksandra Rangelova","Doubles","J200 Targu Jiu","J200","2026-05-18","2026-05-22","Eliminado","R32","","https://www.itftennis.com/en/tournament/j200-targu-jiu/rou/2026/j-j200-rou-2026-001/draws-and-results/","Encontrado na ITF; leitura do draw de duplas: ITF API: derrota encontrada."
"aleksandra-rangelova","Aleksandra Rangelova","Singles","J200 Targu Jiu","J200","2026-05-18","2026-05-22","Eliminado","R64","","https://www.itftennis.com/en/tournament/j200-targu-jiu/rou/2026/j-j200-rou-2026-001/draws-and-results/","Encontrado na ITF (MD); leitura do draw: ITF API: derrota encontrada."
"alexandra-radu","Alexandra Radu","Singles","J200 Targu Jiu","J200","2026-05-18","2026-05-22","Eliminado","Q3","","https://www.itftennis.com/en/tournament/j200-targu-jiu/rou/2026/j-j200-rou-2026-001/draws-and-results/","Encontrado na ITF (Q); leitura do draw: ITF API: derrota encontrada."
"alexey-shibaev","Alexey Shibaev","Singles","J200 Targu Jiu","J200","2026-05-18","2026-05-22","Eliminado","R64","","https://www.itftennis.com/en/tournament/j200-targu-jiu/rou/2026/j-j200-rou-2026-001/draws-and-results/","Encontrado na ITF (MD); leitura do draw: ITF API: derrota encontrada."
"alexia-mihaela-man","Alexia Mihaela Man","Singles","J200 Targu Jiu","J200","2026-05-18","2026-05-22","Eliminado","Q1","","https://www.itftennis.com/en/tournament/j200-targu-jiu/rou/2026/j-j200-rou-2026-001/draws-and-results/","Encontrado na ITF (Q); leitura do draw: ITF API: derrota encontrada."
"ali-missoum","Ali Missoum","Singles","J200 Targu Jiu","J200","2026-05-18","2026-05-22","Eliminado","R64","","https://www.itftennis.com/en/tournament/j200-targu-jiu/rou/2026/j-j200-rou-2026-001/draws-and-results/","Encontrado na ITF (MD); leitura do draw: ITF API: derrota encontrada."
"ana-chindris","Ana Chindris","Doubles","J200 Targu Jiu","J200","2026-05-18","2026-05-22","Eliminado","R32","","https://www.itftennis.com/en/tournament/j200-targu-jiu/rou/2026/j-j200-rou-2026-001/draws-and-results/","Encontrado na ITF; leitura do draw de duplas: ITF API: derrota encontrada."
"ana-chindris","Ana Chindris","Singles","J200 Targu Jiu","J200","2026-05-18","2026-05-22","Eliminado","QF","","https://www.itftennis.com/en/tournament/j200-targu-jiu/rou/2026/j-j200-rou-2026-001/draws-and-results/","Encontrado na ITF (MD); leitura do draw: ITF API: derrota encontrada."
"ana-ioana-varsa","Ana Ioana Varsa","Doubles","J200 Targu Jiu","J200","2026-05-18","2026-05-22","Eliminado","QF","","https://www.itftennis.com/en/tournament/j200-targu-jiu/rou/2026/j-j200-rou-2026-001/draws-and-results/","Encontrado na ITF; leitura do draw de duplas: ITF API: derrota encontrada."
"ana-ioana-varsa","Ana Ioana Varsa","Singles","J200 Targu Jiu","J200","2026-05-18","2026-05-22","Eliminado","R32","","https://www.itftennis.com/en/tournament/j200-targu-jiu/rou/2026/j-j200-rou-2026-001/draws-and-results/","Encontrado na ITF (MD); leitura do draw: ITF API: derrota encontrada."
"ana-maria-popa-lazar","Ana Maria Popa Lazar","Singles","J200 Targu Jiu","J200","2026-05-18","2026-05-22","Eliminado","Q3","","https://www.itftennis.com/en/tournament/j200-targu-jiu/rou/2026/j-j200-rou-2026-001/draws-and-results/","Encontrado na ITF (Q); leitura do draw: ITF API: derrota encontrada."
"anastasiia-nikolaieva","Anastasiia Nikolaieva","Doubles","J200 Targu Jiu","J200","2026-05-18","2026-05-22","Eliminado","QF","","https://www.itftennis.com/en/tournament/j200-targu-jiu/rou/2026/j-j200-rou-2026-001/draws-and-results/","Encontrado na ITF; leitura do draw de duplas: ITF API: derrota encontrada."
"anastasiia-nikolaieva","Anastasiia Nikolaieva","Singles","J200 Targu Jiu","J200","2026-05-18","2026-05-22","Eliminado","F","","https://www.itftennis.com/en/tournament/j200-targu-jiu/rou/2026/j-j200-rou-2026-001/draws-and-results/","Encontrado na ITF (MD); leitura do draw: ITF API: derrota encontrada."
"andreea-radu","Andreea Radu","Singles","J200 Targu Jiu","J200","2026-05-18","2026-05-22","Eliminado","Q2","","https://www.itftennis.com/en/tournament/j200-targu-jiu/rou/2026/j-j200-rou-2026-001/draws-and-results/","Encontrado na ITF (Q); leitura do draw: ITF API: derrota encontrada."
"andrei-radu","Andrei Radu","Singles","J200 Targu Jiu","J200","2026-05-18","2026-05-22","Eliminado","R64","","https://www.itftennis.com/en/tournament/j200-targu-jiu/rou/2026/j-j200-rou-2026-001/draws-and-results/","Encontrado na ITF (MD); leitura do draw: ITF API: derrota encontrada."
"arman-dubreuil","Arman Dubreuil","Singles","J200 Targu Jiu","J200","2026-05-18","2026-05-22","Eliminado","Q3","","https://www.itftennis.com/en/tournament/j200-targu-jiu/rou/2026/j-j200-rou-2026-001/draws-and-results/","Encontrado na ITF (Q); leitura do draw: ITF API: derrota encontrada."
"bogdan-alexandru-musat","Bogdan Alexandru Musat","Singles","J200 Targu Jiu","J200","2026-05-18","2026-05-22","Eliminado","Q1","","https://www.itftennis.com/en/tournament/j200-targu-jiu/rou/2026/j-j200-rou-2026-001/draws-and-results/","Encontrado na ITF (Q); leitura do draw: ITF API: derrota encontrada."
"brooke-wallman","Brooke Wallman","Doubles","J200 Targu Jiu","J200","2026-05-18","2026-05-22","Ativo","W","","https://www.itftennis.com/en/tournament/j200-targu-jiu/rou/2026/j-j200-rou-2026-001/draws-and-results/","Encontrado na ITF; leitura do draw de duplas: ITF API: vitoria encontrada."
"brooke-wallman","Brooke Wallman","Singles","J200 Targu Jiu","J200","2026-05-18","2026-05-22","Eliminado","R64","","https://www.itftennis.com/en/tournament/j200-targu-jiu/rou/2026/j-j200-rou-2026-001/draws-and-results/","Encontrado na ITF (MD); leitura do draw: ITF API: derrota encontrada."
"daniel-baranes","Daniel Baranes","Doubles","J200 Targu Jiu","J200","2026-05-18","2026-05-22","Eliminado","F","","https://www.itftennis.com/en/tournament/j200-targu-jiu/rou/2026/j-j200-rou-2026-001/draws-and-results/","Encontrado na ITF; leitura do draw de duplas: ITF API: derrota encontrada."
"daniel-baranes","Daniel Baranes","Singles","J200 Targu Jiu","J200","2026-05-18","2026-05-22","Eliminado","R64","","https://www.itftennis.com/en/tournament/j200-targu-jiu/rou/2026/j-j200-rou-2026-001/draws-and-results/","Encontrado na ITF (MD); leitura do draw: ITF API: derrota encontrada."
"daniel-rat","Daniel Rat","Singles","J200 Targu Jiu","J200","2026-05-18","2026-05-22","Eliminado","Q3","","https://www.itftennis.com/en/tournament/j200-targu-jiu/rou/2026/j-j200-rou-2026-001/draws-and-results/","Encontrado na ITF (Q); leitura do draw: ITF API: derrota encontrada."
"daria-maria-marioara","Daria Maria Marioara","Singles","J200 Targu Jiu","J200","2026-05-18","2026-05-22","Eliminado","Q2","","https://www.itftennis.com/en/tournament/j200-targu-jiu/rou/2026/j-j200-rou-2026-001/draws-and-results/","Encontrado na ITF (Q); leitura do draw: ITF API: derrota encontrada."
"dariana-maria-roata","DARIANA MARIA ROATA","Singles","J200 Targu Jiu","J200","2026-05-18","2026-05-22","Eliminado","Q1","","https://www.itftennis.com/en/tournament/j200-targu-jiu/rou/2026/j-j200-rou-2026-001/draws-and-results/","Encontrado na ITF (Q); leitura do draw: ITF API: derrota encontrada."
"david-andrei-balan","David-Andrei Balan","Singles","J200 Targu Jiu","J200","2026-05-18","2026-05-22","Eliminado","Q1","","https://www.itftennis.com/en/tournament/j200-targu-jiu/rou/2026/j-j200-rou-2026-001/draws-and-results/","Encontrado na ITF (Q); leitura do draw: ITF API: derrota encontrada."
"dmytro-vterkovskiy","Dmytro Vterkovskiy","Singles","J200 Targu Jiu","J200","2026-05-18","2026-05-22","Eliminado","R32","","https://www.itftennis.com/en/tournament/j200-targu-jiu/rou/2026/j-j200-rou-2026-001/draws-and-results/","Encontrado na ITF (MD); leitura do draw: ITF API: derrota encontrada."
"dominik-macej","Dominik Macej","Singles","J200 Targu Jiu","J200","2026-05-18","2026-05-22","Eliminado","QF","","https://www.itftennis.com/en/tournament/j200-targu-jiu/rou/2026/j-j200-rou-2026-001/draws-and-results/","Encontrado na ITF (MD); leitura do draw: ITF API: derrota encontrada."
"dominik-vagner","Dominik Vagner","Singles","J200 Targu Jiu","J200","2026-05-18","2026-05-22","Eliminado","R32","","https://www.itftennis.com/en/tournament/j200-targu-jiu/rou/2026/j-j200-rou-2026-001/draws-and-results/","Encontrado na ITF (MD); leitura do draw: ITF API: derrota encontrada."
"dusica-popovski","Dusica Popovski","Singles","J200 Targu Jiu","J200","2026-05-18","2026-05-22","Eliminado","QF","","https://www.itftennis.com/en/tournament/j200-targu-jiu/rou/2026/j-j200-rou-2026-001/draws-and-results/","Encontrado na ITF (MD); leitura do draw: ITF API: derrota encontrada."
"eduard-dragomir","Eduard Dragomir","Singles","J200 Targu Jiu","J200","2026-05-18","2026-05-22","Eliminado","Q1","","https://www.itftennis.com/en/tournament/j200-targu-jiu/rou/2026/j-j200-rou-2026-001/draws-and-results/","Encontrado na ITF (Q); leitura do draw: ITF API: derrota encontrada."
"eduard-gabriel-antonescu","Eduard Gabriel Antonescu","Singles","J200 Targu Jiu","J200","2026-05-18","2026-05-22","Eliminado","Q1","","https://www.itftennis.com/en/tournament/j200-targu-jiu/rou/2026/j-j200-rou-2026-001/draws-and-results/","Encontrado na ITF (Q); leitura do draw: ITF API: derrota encontrada."
"egor-shcherbakov","Egor Shcherbakov","Singles","J200 Targu Jiu","J200","2026-05-18","2026-05-22","Eliminado","R64","","https://www.itftennis.com/en/tournament/j200-targu-jiu/rou/2026/j-j200-rou-2026-001/draws-and-results/","Encontrado na ITF (MD); leitura do draw: ITF API: derrota encontrada."
"ekaterina-duvanova","Ekaterina Duvanova","Singles","J200 Targu Jiu","J200","2026-05-18","2026-05-22","Eliminado","Q1","","https://www.itftennis.com/en/tournament/j200-targu-jiu/rou/2026/j-j200-rou-2026-001/draws-and-results/","Encontrado na ITF (Q); leitura do draw: ITF API: derrota encontrada."
"elena-papadopoulou","Elena Papadopoulou","Doubles","J200 Targu Jiu","J200","2026-05-18","2026-05-22","Eliminado","R32","","https://www.itftennis.com/en/tournament/j200-targu-jiu/rou/2026/j-j200-rou-2026-001/draws-and-results/","Encontrado na ITF; leitura do draw de duplas: ITF API: derrota encontrada."
"elena-papadopoulou","Elena Papadopoulou","Singles","J200 Targu Jiu","J200","2026-05-18","2026-05-22","Eliminado","R64","","https://www.itftennis.com/en/tournament/j200-targu-jiu/rou/2026/j-j200-rou-2026-001/draws-and-results/","Encontrado na ITF (MD); leitura do draw: ITF API: derrota encontrada."
"elizaveta-anikina","Elizaveta Anikina","Doubles","J200 Targu Jiu","J200","2026-05-18","2026-05-22","Eliminado","R32","","https://www.itftennis.com/en/tournament/j200-targu-jiu/rou/2026/j-j200-rou-2026-001/draws-and-results/","Encontrado na ITF; leitura do draw de duplas: ITF API: derrota encontrada."
"elizaveta-anikina","Elizaveta Anikina","Singles","J200 Targu Jiu","J200","2026-05-18","2026-05-22","Eliminado","SF","","https://www.itftennis.com/en/tournament/j200-targu-jiu/rou/2026/j-j200-rou-2026-001/draws-and-results/","Encontrado na ITF (MD); leitura do draw: ITF API: derrota encontrada."
"ema-chladova","Ema Chladova","Doubles","J200 Targu Jiu","J200","2026-05-18","2026-05-22","Eliminado","R32","","https://www.itftennis.com/en/tournament/j200-targu-jiu/rou/2026/j-j200-rou-2026-001/draws-and-results/","Encontrado na ITF; leitura do draw de duplas: ITF API: derrota encontrada."
"ema-chladova","Ema Chladova","Singles","J200 Targu Jiu","J200","2026-05-18","2026-05-22","Eliminado","R64","","https://www.itftennis.com/en/tournament/j200-targu-jiu/rou/2026/j-j200-rou-2026-001/draws-and-results/","Encontrado na ITF (MD); leitura do draw: ITF API: derrota encontrada."
"ena-ilic","Ena Ilic","Doubles","J200 Targu Jiu","J200","2026-05-18","2026-05-22","Eliminado","R32","","https://www.itftennis.com/en/tournament/j200-targu-jiu/rou/2026/j-j200-rou-2026-001/draws-and-results/","Encontrado na ITF; leitura do draw de duplas: ITF API: derrota encontrada."
"ena-ilic","Ena Ilic","Singles","J200 Targu Jiu","J200","2026-05-18","2026-05-22","Eliminado","R32","","https://www.itftennis.com/en/tournament/j200-targu-jiu/rou/2026/j-j200-rou-2026-001/draws-and-results/","Encontrado na ITF (MD); leitura do draw: ITF API: derrota encontrada."
"eric-morna","Eric Morna","Singles","J200 Targu Jiu","J200","2026-05-18","2026-05-22","Eliminado","R64","","https://www.itftennis.com/en/tournament/j200-targu-jiu/rou/2026/j-j200-rou-2026-001/draws-and-results/","Encontrado na ITF (MD); leitura do draw: ITF API: derrota encontrada."
"erich-andrei-pop","Erich Andrei Pop","Singles","J200 Targu Jiu","J200","2026-05-18","2026-05-22","Eliminado","R64","","https://www.itftennis.com/en/tournament/j200-targu-jiu/rou/2026/j-j200-rou-2026-001/draws-and-results/","Encontrado na ITF (MD); leitura do draw: ITF API: derrota encontrada."
"eva-elena-rosca","Eva Elena Rosca","Singles","J200 Targu Jiu","J200","2026-05-18","2026-05-22","Eliminado","Q2","","https://www.itftennis.com/en/tournament/j200-targu-jiu/rou/2026/j-j200-rou-2026-001/draws-and-results/","Encontrado na ITF (Q); leitura do draw: ITF API: derrota encontrada."
"eva-maria-bulai","Eva Maria Bulai","Doubles","J200 Targu Jiu","J200","2026-05-18","2026-05-22","Eliminado","R32","","https://www.itftennis.com/en/tournament/j200-targu-jiu/rou/2026/j-j200-rou-2026-001/draws-and-results/","Encontrado na ITF; leitura do draw de duplas: ITF API: derrota encontrada."
"eva-maria-bulai","Eva Maria Bulai","Singles","J200 Targu Jiu","J200","2026-05-18","2026-05-22","Eliminado","R32","","https://www.itftennis.com/en/tournament/j200-targu-jiu/rou/2026/j-j200-rou-2026-001/draws-and-results/","Encontrado na ITF (MD); leitura do draw: ITF API: derrota encontrada."
"gabriel-vlad","Gabriel Vlad","Singles","J200 Targu Jiu","J200","2026-05-18","2026-05-22","Eliminado","Q2","","https://www.itftennis.com/en/tournament/j200-targu-jiu/rou/2026/j-j200-rou-2026-001/draws-and-results/","Encontrado na ITF (Q); leitura do draw: ITF API: derrota encontrada."
"gabriela-iordachescu","Gabriela Iordachescu","Singles","J200 Targu Jiu","J200","2026-05-18","2026-05-22","Eliminado","Q1","","https://www.itftennis.com/en/tournament/j200-targu-jiu/rou/2026/j-j200-rou-2026-001/draws-and-results/","Encontrado na ITF (Q); leitura do draw: ITF API: derrota encontrada."
"georgios-mitalas","Georgios Mitalas","Singles","J200 Targu Jiu","J200","2026-05-18","2026-05-22","Eliminado","Q2","","https://www.itftennis.com/en/tournament/j200-targu-jiu/rou/2026/j-j200-rou-2026-001/draws-and-results/","Encontrado na ITF (Q); leitura do draw: ITF API: derrota encontrada."
"gwendolyn-fedel","Gwendolyn Fedel","Doubles","J200 Targu Jiu","J200","2026-05-18","2026-05-22","Eliminado","R32","","https://www.itftennis.com/en/tournament/j200-targu-jiu/rou/2026/j-j200-rou-2026-001/draws-and-results/","Encontrado na ITF; leitura do draw de duplas: ITF API: derrota encontrada."
"gwendolyn-fedel","Gwendolyn Fedel","Singles","J200 Targu Jiu","J200","2026-05-18","2026-05-22","Eliminado","SF","","https://www.itftennis.com/en/tournament/j200-targu-jiu/rou/2026/j-j200-rou-2026-001/draws-and-results/","Encontrado na ITF (MD); leitura do draw: ITF API: derrota encontrada."
"hila-buhadana","Hila Buhadana","Doubles","J200 Targu Jiu","J200","2026-05-18","2026-05-22","Eliminado","SF","","https://www.itftennis.com/en/tournament/j200-targu-jiu/rou/2026/j-j200-rou-2026-001/draws-and-results/","Encontrado na ITF; leitura do draw de duplas: ITF API: derrota encontrada."
"hila-buhadana","Hila Buhadana","Singles","J200 Targu Jiu","J200","2026-05-18","2026-05-22","Eliminado","R64","","https://www.itftennis.com/en/tournament/j200-targu-jiu/rou/2026/j-j200-rou-2026-001/draws-and-results/","Encontrado na ITF (MD); leitura do draw: ITF API: derrota encontrada."
"ignacio-de-armas","Ignacio De Armas","Singles","J200 Targu Jiu","J200","2026-05-18","2026-05-22","Eliminado","R64","","https://www.itftennis.com/en/tournament/j200-targu-jiu/rou/2026/j-j200-rou-2026-001/draws-and-results/","Encontrado na ITF (MD); leitura do draw: ITF API: derrota encontrada."
"ilya-mosolkin","Ilya Mosolkin","Singles","J200 Targu Jiu","J200","2026-05-18","2026-05-22","Eliminado","R32","","https://www.itftennis.com/en/tournament/j200-targu-jiu/rou/2026/j-j200-rou-2026-001/draws-and-results/","Encontrado na ITF (MD); leitura do draw: ITF API: derrota encontrada."
"ioana-cristina-selner","Ioana Cristina Selner","Singles","J200 Targu Jiu","J200","2026-05-18","2026-05-22","Eliminado","Q1","","https://www.itftennis.com/en/tournament/j200-targu-jiu/rou/2026/j-j200-rou-2026-001/draws-and-results/","Encontrado na ITF (Q); leitura do draw: ITF API: derrota encontrada."
"ioana-maria-sandru","Ioana Maria Sandru","Doubles","J200 Targu Jiu","J200","2026-05-18","2026-05-22","Eliminado","R32","","https://www.itftennis.com/en/tournament/j200-targu-jiu/rou/2026/j-j200-rou-2026-001/draws-and-results/","Encontrado na ITF; leitura do draw de duplas: ITF API: derrota encontrada."
"ioana-maria-sandru","Ioana Maria Sandru","Singles","J200 Targu Jiu","J200","2026-05-18","2026-05-22","Eliminado","R32","","https://www.itftennis.com/en/tournament/j200-targu-jiu/rou/2026/j-j200-rou-2026-001/draws-and-results/","Encontrado na ITF (MD); leitura do draw: ITF API: derrota encontrada."
"ireland-obrien","Ireland O'Brien","Doubles","J200 Targu Jiu","J200","2026-05-18","2026-05-22","Eliminado","R32","","https://www.itftennis.com/en/tournament/j200-targu-jiu/rou/2026/j-j200-rou-2026-001/draws-and-results/","Encontrado na ITF; leitura do draw de duplas: ITF API: derrota encontrada."
"ireland-obrien","Ireland O'Brien","Singles","J200 Targu Jiu","J200","2026-05-18","2026-05-22","Eliminado","R64","","https://www.itftennis.com/en/tournament/j200-targu-jiu/rou/2026/j-j200-rou-2026-001/draws-and-results/","Encontrado na ITF (MD); leitura do draw: ITF API: derrota encontrada."
"isolde-brennan","Isolde Brennan","Doubles","J200 Targu Jiu","J200","2026-05-18","2026-05-22","Eliminado","R32","","https://www.itftennis.com/en/tournament/j200-targu-jiu/rou/2026/j-j200-rou-2026-001/draws-and-results/","Encontrado na ITF; leitura do draw de duplas: ITF API: derrota encontrada."
"isolde-brennan","Isolde Brennan","Singles","J200 Targu Jiu","J200","2026-05-18","2026-05-22","Eliminado","Q2","","https://www.itftennis.com/en/tournament/j200-targu-jiu/rou/2026/j-j200-rou-2026-001/draws-and-results/","Encontrado na ITF (MD); leitura do draw: ITF API: derrota encontrada."
"jahnie-van-zyl","Jahnie Van Zyl","Doubles","J200 Targu Jiu","J200","2026-05-18","2026-05-22","Eliminado","SF","","https://www.itftennis.com/en/tournament/j200-targu-jiu/rou/2026/j-j200-rou-2026-001/draws-and-results/","Encontrado na ITF; leitura do draw de duplas: ITF API: derrota encontrada."
"jahnie-van-zyl","Jahnie Van Zyl","Singles","J200 Targu Jiu","J200","2026-05-18","2026-05-22","Eliminado","R64","","https://www.itftennis.com/en/tournament/j200-targu-jiu/rou/2026/j-j200-rou-2026-001/draws-and-results/","Encontrado na ITF (MD); leitura do draw: ITF API: derrota encontrada."
"jan-chlodnicki","Jan Chlodnicki","Singles","J200 Targu Jiu","J200","2026-05-18","2026-05-22","Eliminado","R64","","https://www.itftennis.com/en/tournament/j200-targu-jiu/rou/2026/j-j200-rou-2026-001/draws-and-results/","Encontrado na ITF (MD); leitura do draw: ITF API: derrota encontrada."
"jan-patrick-sinescu","Jan Patrick Sinescu","Singles","J200 Targu Jiu","J200","2026-05-18","2026-05-22","Eliminado","Q2","","https://www.itftennis.com/en/tournament/j200-targu-jiu/rou/2026/j-j200-rou-2026-001/draws-and-results/","Encontrado na ITF (Q); leitura do draw: ITF API: derrota encontrada."
"jia-hu","Jia Hu","Singles","J200 Targu Jiu","J200","2026-05-18","2026-05-22","Eliminado","R64","","https://www.itftennis.com/en/tournament/j200-targu-jiu/rou/2026/j-j200-rou-2026-001/draws-and-results/","Encontrado na ITF (MD); leitura do draw: ITF API: derrota encontrada."
"kalista-papadopoulos","Kalista Papadopoulos","Doubles","J200 Targu Jiu","J200","2026-05-18","2026-05-22","Eliminado","QF","","https://www.itftennis.com/en/tournament/j200-targu-jiu/rou/2026/j-j200-rou-2026-001/draws-and-results/","Encontrado na ITF; leitura do draw de duplas: ITF API: derrota encontrada."
"kalista-papadopoulos","Kalista Papadopoulos","Singles","J200 Targu Jiu","J200","2026-05-18","2026-05-22","Eliminado","R32","","https://www.itftennis.com/en/tournament/j200-targu-jiu/rou/2026/j-j200-rou-2026-001/draws-and-results/","Encontrado na ITF (MD); leitura do draw: ITF API: derrota encontrada."
"kaloyan-shikov","Kaloyan Shikov","Singles","J200 Targu Jiu","J200","2026-05-18","2026-05-22","Eliminado","SF","","https://www.itftennis.com/en/tournament/j200-targu-jiu/rou/2026/j-j200-rou-2026-001/draws-and-results/","Encontrado na ITF (MD); leitura do draw: ITF API: derrota encontrada."
"kamil-stolarczyk","Kamil Stolarczyk","Singles","J200 Targu Jiu","J200","2026-05-18","2026-05-22","Eliminado","QF","","https://www.itftennis.com/en/tournament/j200-targu-jiu/rou/2026/j-j200-rou-2026-001/draws-and-results/","Encontrado na ITF (MD); leitura do draw: ITF API: derrota encontrada."
"karina-elena-gabriela-dumitru","Karina Elena Gabriela Dumitru","Doubles","J200 Targu Jiu","J200","2026-05-18","2026-05-22","Eliminado","QF","","https://www.itftennis.com/en/tournament/j200-targu-jiu/rou/2026/j-j200-rou-2026-001/draws-and-results/","Encontrado na ITF; leitura do draw de duplas: ITF API: derrota encontrada."
"karina-elena-gabriela-dumitru","Karina Elena Gabriela Dumitru","Singles","J200 Targu Jiu","J200","2026-05-18","2026-05-22","Eliminado","R64","","https://www.itftennis.com/en/tournament/j200-targu-jiu/rou/2026/j-j200-rou-2026-001/draws-and-results/","Encontrado na ITF (MD); leitura do draw: ITF API: derrota encontrada."
"kenzie-ana-rabbat","Kenzie Ana Rabbat","Singles","J200 Targu Jiu","J200","2026-05-18","2026-05-22","Eliminado","Q2","","https://www.itftennis.com/en/tournament/j200-targu-jiu/rou/2026/j-j200-rou-2026-001/draws-and-results/","Encontrado na ITF (Q); leitura do draw: ITF API: derrota encontrada."
"luca-alexandru-marc","Luca Alexandru Marc","Singles","J200 Targu Jiu","J200","2026-05-18","2026-05-22","Eliminado","Q2","","https://www.itftennis.com/en/tournament/j200-targu-jiu/rou/2026/j-j200-rou-2026-001/draws-and-results/","Encontrado na ITF (Q); leitura do draw: ITF API: derrota encontrada."
"luca-stefan-prunescu-nita","Luca Stefan Prunescu Nita","Singles","J200 Targu Jiu","J200","2026-05-18","2026-05-22","Eliminado","R32","","https://www.itftennis.com/en/tournament/j200-targu-jiu/rou/2026/j-j200-rou-2026-001/draws-and-results/","Encontrado na ITF (MD); leitura do draw: ITF API: derrota encontrada."
"lucas-alexandru-milos","Lucas Alexandru Milos","Singles","J200 Targu Jiu","J200","2026-05-18","2026-05-22","Eliminado","R64","","https://www.itftennis.com/en/tournament/j200-targu-jiu/rou/2026/j-j200-rou-2026-001/draws-and-results/","Encontrado na ITF (MD); leitura do draw: ITF API: derrota encontrada."
"lucian-stefan-andrei","Lucian Stefan Andrei","Singles","J200 Targu Jiu","J200","2026-05-18","2026-05-22","Eliminado","Q2","","https://www.itftennis.com/en/tournament/j200-targu-jiu/rou/2026/j-j200-rou-2026-001/draws-and-results/","Encontrado na ITF (Q); leitura do draw: ITF API: derrota encontrada."
"luka-ceramilac","Luka Ceramilac","Singles","J200 Targu Jiu","J200","2026-05-18","2026-05-22","Eliminado","R64","","https://www.itftennis.com/en/tournament/j200-targu-jiu/rou/2026/j-j200-rou-2026-001/draws-and-results/","Encontrado na ITF (MD); leitura do draw: ITF API: derrota encontrada."
"lydia-brennan","Lydia Brennan","Doubles","J200 Targu Jiu","J200","2026-05-18","2026-05-22","Eliminado","SF","","https://www.itftennis.com/en/tournament/j200-targu-jiu/rou/2026/j-j200-rou-2026-001/draws-and-results/","Encontrado na ITF; leitura do draw de duplas: ITF API: derrota encontrada."
"lydia-brennan","Lydia Brennan","Singles","J200 Targu Jiu","J200","2026-05-18","2026-05-22","Eliminado","Q2","","https://www.itftennis.com/en/tournament/j200-targu-jiu/rou/2026/j-j200-rou-2026-001/draws-and-results/","Encontrado na ITF (MD); leitura do draw: ITF API: derrota encontrada."
"maja-pawelska","Maja Pawelska","Doubles","J200 Targu Jiu","J200","2026-05-18","2026-05-22","Eliminado","QF","","https://www.itftennis.com/en/tournament/j200-targu-jiu/rou/2026/j-j200-rou-2026-001/draws-and-results/","Encontrado na ITF; leitura do draw de duplas: ITF API: derrota encontrada."
"maja-pawelska","Maja Pawelska","Singles","J200 Targu Jiu","J200","2026-05-18","2026-05-22","Eliminado","R32","","https://www.itftennis.com/en/tournament/j200-targu-jiu/rou/2026/j-j200-rou-2026-001/draws-and-results/","Encontrado na ITF (MD); leitura do draw: ITF API: derrota encontrada."
"mara-elena-marincean","Mara Elena Marincean","Singles","J200 Targu Jiu","J200","2026-05-18","2026-05-22","Eliminado","Q2","","https://www.itftennis.com/en/tournament/j200-targu-jiu/rou/2026/j-j200-rou-2026-001/draws-and-results/","Encontrado na ITF (Q); leitura do draw: ITF API: derrota encontrada."
"maria-malina-rosca","Maria Malina Rosca","Singles","J200 Targu Jiu","J200","2026-05-18","2026-05-22","Eliminado","Q1","","https://www.itftennis.com/en/tournament/j200-targu-jiu/rou/2026/j-j200-rou-2026-001/draws-and-results/","Encontrado na ITF (Q); leitura do draw: ITF API: derrota encontrada."
"marin-abadzhiev","Marin Abadzhiev","Singles","J200 Targu Jiu","J200","2026-05-18","2026-05-22","Eliminado","Q2","","https://www.itftennis.com/en/tournament/j200-targu-jiu/rou/2026/j-j200-rou-2026-001/draws-and-results/","Encontrado na ITF (Q); leitura do draw: ITF API: derrota encontrada."
"mario-andrei-mihaila","Mario Andrei Mihaila","Singles","J200 Targu Jiu","J200","2026-05-18","2026-05-22","Eliminado","Q1","","https://www.itftennis.com/en/tournament/j200-targu-jiu/rou/2026/j-j200-rou-2026-001/draws-and-results/","Encontrado na ITF (Q); leitura do draw: ITF API: derrota encontrada."
"masa-jankovic","Masa Jankovic","Doubles","J200 Targu Jiu","J200","2026-05-18","2026-05-22","Eliminado","SF","","https://www.itftennis.com/en/tournament/j200-targu-jiu/rou/2026/j-j200-rou-2026-001/draws-and-results/","Encontrado na ITF; leitura do draw de duplas: ITF API: derrota encontrada."
"masa-jankovic","Masa Jankovic","Singles","J200 Targu Jiu","J200","2026-05-18","2026-05-22","Eliminado","QF","","https://www.itftennis.com/en/tournament/j200-targu-jiu/rou/2026/j-j200-rou-2026-001/draws-and-results/","Encontrado na ITF (MD); leitura do draw: ITF API: derrota encontrada."
"mattia-aiassa","Mattia Aiassa","Singles","J200 Targu Jiu","J200","2026-05-18","2026-05-22","Eliminado","Q2","","https://www.itftennis.com/en/tournament/j200-targu-jiu/rou/2026/j-j200-rou-2026-001/draws-and-results/","Encontrado na ITF (Q); leitura do draw: ITF API: derrota encontrada."
"melissa-maria-mingea","Melissa Maria Mingea","Singles","J200 Targu Jiu","J200","2026-05-18","2026-05-22","Eliminado","Q1","","https://www.itftennis.com/en/tournament/j200-targu-jiu/rou/2026/j-j200-rou-2026-001/draws-and-results/","Encontrado na ITF (Q); leitura do draw: ITF API: derrota encontrada."
"mihai-andrei-blaga","Mihai Andrei Blaga","Singles","J200 Targu Jiu","J200","2026-05-18","2026-05-22","Eliminado","Q1","","https://www.itftennis.com/en/tournament/j200-targu-jiu/rou/2026/j-j200-rou-2026-001/draws-and-results/","Encontrado na ITF (Q); leitura do draw: ITF API: derrota encontrada."
"mina-markovic","Mina Markovic","Singles","J200 Targu Jiu","J200","2026-05-18","2026-05-22","Eliminado","R64","","https://www.itftennis.com/en/tournament/j200-targu-jiu/rou/2026/j-j200-rou-2026-001/draws-and-results/","Encontrado na ITF (MD); leitura do draw: ITF API: derrota encontrada."
"natalia-maria-dicu","Natalia Maria Dicu","Doubles","J200 Targu Jiu","J200","2026-05-18","2026-05-22","Eliminado","R32","","https://www.itftennis.com/en/tournament/j200-targu-jiu/rou/2026/j-j200-rou-2026-001/draws-and-results/","Encontrado na ITF; leitura do draw de duplas: ITF API: derrota encontrada."
"natalia-maria-dicu","Natalia Maria Dicu","Singles","J200 Targu Jiu","J200","2026-05-18","2026-05-22","Eliminado","R64","","https://www.itftennis.com/en/tournament/j200-targu-jiu/rou/2026/j-j200-rou-2026-001/draws-and-results/","Encontrado na ITF (MD); leitura do draw: ITF API: derrota encontrada."
"navneet-raghuram","Navneet Raghuram","Singles","J200 Targu Jiu","J200","2026-05-18","2026-05-22","Eliminado","R32","","https://www.itftennis.com/en/tournament/j200-targu-jiu/rou/2026/j-j200-rou-2026-001/draws-and-results/","Encontrado na ITF (MD); leitura do draw: ITF API: derrota encontrada."
"nehir-dogan","Nehir Dogan","Singles","J200 Targu Jiu","J200","2026-05-18","2026-05-22","Eliminado","R64","","https://www.itftennis.com/en/tournament/j200-targu-jiu/rou/2026/j-j200-rou-2026-001/draws-and-results/","Encontrado na ITF (MD); leitura do draw: ITF API: derrota encontrada."
"ninon-carpentier","Ninon Carpentier","Doubles","J200 Targu Jiu","J200","2026-05-18","2026-05-22","Eliminado","F","","https://www.itftennis.com/en/tournament/j200-targu-jiu/rou/2026/j-j200-rou-2026-001/draws-and-results/","Encontrado na ITF; leitura do draw de duplas: ITF API: derrota encontrada."
"ninon-carpentier","Ninon Carpentier","Singles","J200 Targu Jiu","J200","2026-05-18","2026-05-22","Eliminado","R64","","https://www.itftennis.com/en/tournament/j200-targu-jiu/rou/2026/j-j200-rou-2026-001/draws-and-results/","Encontrado na ITF (MD); leitura do draw: ITF API: derrota encontrada."
"ofir-manhard","ofir manhard","Doubles","J200 Targu Jiu","J200","2026-05-18","2026-05-22","Eliminado","QF","","https://www.itftennis.com/en/tournament/j200-targu-jiu/rou/2026/j-j200-rou-2026-001/draws-and-results/","Encontrado na ITF; leitura do draw de duplas: ITF API: derrota encontrada."
"ofir-manhard","ofir manhard","Singles","J200 Targu Jiu","J200","2026-05-18","2026-05-22","Eliminado","R64","","https://www.itftennis.com/en/tournament/j200-targu-jiu/rou/2026/j-j200-rou-2026-001/draws-and-results/","Encontrado na ITF (MD); leitura do draw: ITF API: derrota encontrada."
"oliver-majdandzic","Oliver Majdandzic","Singles","J200 Targu Jiu","J200","2026-05-18","2026-05-22","Eliminado","F","","https://www.itftennis.com/en/tournament/j200-targu-jiu/rou/2026/j-j200-rou-2026-001/draws-and-results/","Encontrado na ITF (MD); leitura do draw: ITF API: derrota encontrada."
"oliwia-sybicka","Oliwia Sybicka","Doubles","J200 Targu Jiu","J200","2026-05-18","2026-05-22","Eliminado","R32","","https://www.itftennis.com/en/tournament/j200-targu-jiu/rou/2026/j-j200-rou-2026-001/draws-and-results/","Encontrado na ITF; leitura do draw de duplas: ITF API: derrota encontrada."
"oliwia-sybicka","Oliwia Sybicka","Singles","J200 Targu Jiu","J200","2026-05-18","2026-05-22","Ativo","W","","https://www.itftennis.com/en/tournament/j200-targu-jiu/rou/2026/j-j200-rou-2026-001/draws-and-results/","Encontrado na ITF (MD); leitura do draw: ITF API: vitoria encontrada."
"ollie-knight","Ollie Knight","Singles","J200 Targu Jiu","J200","2026-05-18","2026-05-22","Eliminado","Q2","","https://www.itftennis.com/en/tournament/j200-targu-jiu/rou/2026/j-j200-rou-2026-001/draws-and-results/","Encontrado na ITF (Q); leitura do draw: ITF API: derrota encontrada."
"pavel-skvortcov","Pavel Skvortcov","Singles","J200 Targu Jiu","J200","2026-05-18","2026-05-22","Eliminado","R64","","https://www.itftennis.com/en/tournament/j200-targu-jiu/rou/2026/j-j200-rou-2026-001/draws-and-results/","Encontrado na ITF (MD); leitura do draw: ITF API: derrota encontrada."
"pedro-albuquerque-dietrich","Pedro Albuquerque Dietrich","Singles","J200 Targu Jiu","J200","2026-05-18","2026-05-22","Eliminado","QF","","https://www.itftennis.com/en/tournament/j200-targu-jiu/rou/2026/j-j200-rou-2026-001/draws-and-results/","Encontrado na ITF (MD); leitura do draw: ITF API: derrota encontrada."
"radu-stefan-stoica","Radu Stefan Stoica","Singles","J200 Targu Jiu","J200","2026-05-18","2026-05-22","Eliminado","Q3","","https://www.itftennis.com/en/tournament/j200-targu-jiu/rou/2026/j-j200-rou-2026-001/draws-and-results/","Encontrado na ITF (Q); leitura do draw: ITF API: derrota encontrada."
"rafael-asadullin","Rafael Asadullin","Singles","J200 Targu Jiu","J200","2026-05-18","2026-05-22","Eliminado","R32","","https://www.itftennis.com/en/tournament/j200-targu-jiu/rou/2026/j-j200-rou-2026-001/draws-and-results/","Encontrado na ITF (MD); leitura do draw: ITF API: derrota encontrada."
"riyo-yoshida","Riyo Yoshida","Doubles","J200 Targu Jiu","J200","2026-05-18","2026-05-22","Eliminado","R32","","https://www.itftennis.com/en/tournament/j200-targu-jiu/rou/2026/j-j200-rou-2026-001/draws-and-results/","Encontrado na ITF; leitura do draw de duplas: ITF API: derrota encontrada."
"riyo-yoshida","Riyo Yoshida","Singles","J200 Targu Jiu","J200","2026-05-18","2026-05-22","Eliminado","R64","","https://www.itftennis.com/en/tournament/j200-targu-jiu/rou/2026/j-j200-rou-2026-001/draws-and-results/","Encontrado na ITF (MD); leitura do draw: ITF API: derrota encontrada."
"rozalie-vrajikova","Rozalie Vrajikova","Doubles","J200 Targu Jiu","J200","2026-05-18","2026-05-22","Eliminado","R32","","https://www.itftennis.com/en/tournament/j200-targu-jiu/rou/2026/j-j200-rou-2026-001/draws-and-results/","Encontrado na ITF; leitura do draw de duplas: ITF API: derrota encontrada."
"rozalie-vrajikova","Rozalie Vrajikova","Singles","J200 Targu Jiu","J200","2026-05-18","2026-05-22","Eliminado","R32","","https://www.itftennis.com/en/tournament/j200-targu-jiu/rou/2026/j-j200-rou-2026-001/draws-and-results/","Encontrado na ITF (MD); leitura do draw: ITF API: derrota encontrada."
"safir-azam","Safir Azam","Singles","J200 Targu Jiu","J200","2026-05-18","2026-05-22","Eliminado","SF","","https://www.itftennis.com/en/tournament/j200-targu-jiu/rou/2026/j-j200-rou-2026-001/draws-and-results/","Encontrado na ITF (MD); leitura do draw: ITF API: derrota encontrada."
"samarth-sahita","Samarth Sahita","Singles","J200 Targu Jiu","J200","2026-05-18","2026-05-22","Eliminado","R32","","https://www.itftennis.com/en/tournament/j200-targu-jiu/rou/2026/j-j200-rou-2026-001/draws-and-results/","Encontrado na ITF (MD); leitura do draw: ITF API: derrota encontrada."
"sara-cozma","Sara Cozma","Doubles","J200 Targu Jiu","J200","2026-05-18","2026-05-22","Eliminado","QF","","https://www.itftennis.com/en/tournament/j200-targu-jiu/rou/2026/j-j200-rou-2026-001/draws-and-results/","Encontrado na ITF; leitura do draw de duplas: ITF API: derrota encontrada."
"sara-cozma","Sara Cozma","Singles","J200 Targu Jiu","J200","2026-05-18","2026-05-22","Eliminado","R64","","https://www.itftennis.com/en/tournament/j200-targu-jiu/rou/2026/j-j200-rou-2026-001/draws-and-results/","Encontrado na ITF (MD); leitura do draw: ITF API: derrota encontrada."
"scarlett-elena-palade","Scarlett Elena Palade","Singles","J200 Targu Jiu","J200","2026-05-18","2026-05-22","Eliminado","Q1","","https://www.itftennis.com/en/tournament/j200-targu-jiu/rou/2026/j-j200-rou-2026-001/draws-and-results/","Encontrado na ITF (Q); leitura do draw: ITF API: derrota encontrada."
"sebastian-bejan","Sebastian Bejan","Singles","J200 Targu Jiu","J200","2026-05-18","2026-05-22","Eliminado","Q1","","https://www.itftennis.com/en/tournament/j200-targu-jiu/rou/2026/j-j200-rou-2026-001/draws-and-results/","Encontrado na ITF (Q); leitura do draw: ITF API: derrota encontrada."
"sofia-tatu","Sofia Tatu","Doubles","J200 Targu Jiu","J200","2026-05-18","2026-05-22","Eliminado","R32","","https://www.itftennis.com/en/tournament/j200-targu-jiu/rou/2026/j-j200-rou-2026-001/draws-and-results/","Encontrado na ITF; leitura do draw de duplas: ITF API: derrota encontrada."
"sofia-tatu","Sofia Tatu","Singles","J200 Targu Jiu","J200","2026-05-18","2026-05-22","Eliminado","Q3","","https://www.itftennis.com/en/tournament/j200-targu-jiu/rou/2026/j-j200-rou-2026-001/draws-and-results/","Encontrado na ITF (MD); leitura do draw: ITF API: derrota encontrada."
"sofie-hettlerova","Sofie Hettlerova","Doubles","J200 Targu Jiu","J200","2026-05-18","2026-05-22","Eliminado","QF","","https://www.itftennis.com/en/tournament/j200-targu-jiu/rou/2026/j-j200-rou-2026-001/draws-and-results/","Encontrado na ITF; leitura do draw de duplas: ITF API: derrota encontrada."
"sofie-hettlerova","Sofie Hettlerova","Singles","J200 Targu Jiu","J200","2026-05-18","2026-05-22","Eliminado","QF","","https://www.itftennis.com/en/tournament/j200-targu-jiu/rou/2026/j-j200-rou-2026-001/draws-and-results/","Encontrado na ITF (MD); leitura do draw: ITF API: derrota encontrada."
"sonia-erika-butuc-cerchez","Sonia Erika Butuc Cerchez","Singles","J200 Targu Jiu","J200","2026-05-18","2026-05-22","Eliminado","Q2","","https://www.itftennis.com/en/tournament/j200-targu-jiu/rou/2026/j-j200-rou-2026-001/draws-and-results/","Encontrado na ITF (Q); leitura do draw: ITF API: derrota encontrada."
"stefan-robert-szabo","Stefan Robert SZABO","Singles","J200 Targu Jiu","J200","2026-05-18","2026-05-22","Eliminado","Q1","","https://www.itftennis.com/en/tournament/j200-targu-jiu/rou/2026/j-j200-rou-2026-001/draws-and-results/","Encontrado na ITF (Q); leitura do draw: ITF API: derrota encontrada."
"stefan-cristian-enache","Stefan-Cristian Enache","Singles","J200 Targu Jiu","J200","2026-05-18","2026-05-22","Eliminado","Q1","","https://www.itftennis.com/en/tournament/j200-targu-jiu/rou/2026/j-j200-rou-2026-001/draws-and-results/","Encontrado na ITF (Q); leitura do draw: ITF API: derrota encontrada."
"svit-suljic","Svit Suljic","Singles","J200 Targu Jiu","J200","2026-05-18","2026-05-22","Ativo","W","","https://www.itftennis.com/en/tournament/j200-targu-jiu/rou/2026/j-j200-rou-2026-001/draws-and-results/","Encontrado na ITF (MD); leitura do draw: ITF API: vitoria encontrada."
"tudor-alexandru-zecheru","Tudor Alexandru Zecheru","Singles","J200 Targu Jiu","J200","2026-05-18","2026-05-22","Eliminado","Q1","","https://www.itftennis.com/en/tournament/j200-targu-jiu/rou/2026/j-j200-rou-2026-001/draws-and-results/","Encontrado na ITF (Q); leitura do draw: ITF API: derrota encontrada."
"veronica-cervac","Veronica Cervac","Singles","J200 Targu Jiu","J200","2026-05-18","2026-05-22","Eliminado","Q1","","https://www.itftennis.com/en/tournament/j200-targu-jiu/rou/2026/j-j200-rou-2026-001/draws-and-results/","Encontrado na ITF (Q); leitura do draw: ITF API: derrota encontrada."
"victor-barreira-bonzom","Victor Barreira Bonzom","Singles","J200 Targu Jiu","J200","2026-05-18","2026-05-22","Eliminado","R64","","https://www.itftennis.com/en/tournament/j200-targu-jiu/rou/2026/j-j200-rou-2026-001/draws-and-results/","Encontrado na ITF (MD); leitura do draw: ITF API: derrota encontrada."
"william-repakis","William Repakis","Singles","J200 Targu Jiu","J200","2026-05-18","2026-05-22","Eliminado","R32","","https://www.itftennis.com/en/tournament/j200-targu-jiu/rou/2026/j-j200-rou-2026-001/draws-and-results/","Encontrado na ITF (MD); leitura do draw: ITF API: derrota encontrada."
"xiaotong-wang","Xiaotong Wang","Doubles","J200 Targu Jiu","J200","2026-05-18","2026-05-22","Ativo","W","","https://www.itftennis.com/en/tournament/j200-targu-jiu/rou/2026/j-j200-rou-2026-001/draws-and-results/","Encontrado na ITF; leitura do draw de duplas: ITF API: vitoria encontrada."
"xiaotong-wang","Xiaotong Wang","Singles","J200 Targu Jiu","J200","2026-05-18","2026-05-22","Eliminado","R32","","https://www.itftennis.com/en/tournament/j200-targu-jiu/rou/2026/j-j200-rou-2026-001/draws-and-results/","Encontrado na ITF (MD); leitura do draw: ITF API: derrota encontrada."
"adilet-nurumbet","Adilet Nurumbet","Doubles","J30 Cholpon-Ata","J30","2026-05-18","2026-05-23","Eliminado","R32","","https://www.itftennis.com/en/tournament/j30-cholpon-ata/kgz/2026/j-j30-kgz-2026-001/draws-and-results/","Encontrado na ITF; leitura do draw de duplas: ITF API: derrota encontrada."
"adilet-nurumbet","Adilet Nurumbet","Singles","J30 Cholpon-Ata","J30","2026-05-18","2026-05-23","Eliminado","R64","","https://www.itftennis.com/en/tournament/j30-cholpon-ata/kgz/2026/j-j30-kgz-2026-001/draws-and-results/","Encontrado na ITF (MD); leitura do draw: ITF API: derrota encontrada."
"adiya-kenzhetay","Adiya Kenzhetay","Doubles","J30 Cholpon-Ata","J30","2026-05-18","2026-05-23","Eliminado","QF","","https://www.itftennis.com/en/tournament/j30-cholpon-ata/kgz/2026/j-j30-kgz-2026-001/draws-and-results/","Encontrado na ITF; leitura do draw de duplas: ITF API: derrota encontrada."
"aisha-sairan","Aisha Sairan","Doubles","J30 Cholpon-Ata","J30","2026-05-18","2026-05-23","Eliminado","R32","","https://www.itftennis.com/en/tournament/j30-cholpon-ata/kgz/2026/j-j30-kgz-2026-001/draws-and-results/","Encontrado na ITF; leitura do draw de duplas: ITF API: derrota encontrada."
"aisha-sairan","Aisha Sairan","Singles","J30 Cholpon-Ata","J30","2026-05-18","2026-05-23","Eliminado","Q2","","https://www.itftennis.com/en/tournament/j30-cholpon-ata/kgz/2026/j-j30-kgz-2026-001/draws-and-results/","Encontrado na ITF (MD); leitura do draw: ITF API: derrota encontrada."
"aitemir-yeraliyev","Aitemir Yeraliyev","Singles","J30 Cholpon-Ata","J30","2026-05-18","2026-05-23","Eliminado","Q2","","https://www.itftennis.com/en/tournament/j30-cholpon-ata/kgz/2026/j-j30-kgz-2026-001/draws-and-results/","Encontrado na ITF (Q); leitura do draw: ITF API: derrota encontrada."
"aleksandra-ozerova","Aleksandra Ozerova","Singles","J30 Cholpon-Ata","J30","2026-05-18","2026-05-23","Eliminado","Q1","","https://www.itftennis.com/en/tournament/j30-cholpon-ata/kgz/2026/j-j30-kgz-2026-001/draws-and-results/","Encontrado na ITF (Q); leitura do draw: ITF API: derrota encontrada."
"alexandr-sofrygin","Alexandr Sofrygin","Doubles","J30 Cholpon-Ata","J30","2026-05-18","2026-05-23","Eliminado","QF","","https://www.itftennis.com/en/tournament/j30-cholpon-ata/kgz/2026/j-j30-kgz-2026-001/draws-and-results/","Encontrado na ITF; leitura do draw de duplas: ITF API: derrota encontrada."
"alexandr-sofrygin","Alexandr Sofrygin","Singles","J30 Cholpon-Ata","J30","2026-05-18","2026-05-23","Eliminado","Q3","","https://www.itftennis.com/en/tournament/j30-cholpon-ata/kgz/2026/j-j30-kgz-2026-001/draws-and-results/","Encontrado na ITF (MD); leitura do draw: ITF API: derrota encontrada."
"alina-shilova","Alina Shilova","Singles","J30 Cholpon-Ata","J30","2026-05-18","2026-05-23","Eliminado","Q1","","https://www.itftennis.com/en/tournament/j30-cholpon-ata/kgz/2026/j-j30-kgz-2026-001/draws-and-results/","Encontrado na ITF (Q); leitura do draw: ITF API: derrota encontrada."
"amina-subkhangulova","Amina Subkhangulova","Doubles","J30 Cholpon-Ata","J30","2026-05-18","2026-05-23","Eliminado","QF","","https://www.itftennis.com/en/tournament/j30-cholpon-ata/kgz/2026/j-j30-kgz-2026-001/draws-and-results/","Encontrado na ITF; leitura do draw de duplas: ITF API: derrota encontrada."
"amir-askar","Amir Askar","Doubles","J30 Cholpon-Ata","J30","2026-05-18","2026-05-23","Eliminado","QF","","https://www.itftennis.com/en/tournament/j30-cholpon-ata/kgz/2026/j-j30-kgz-2026-001/draws-and-results/","Encontrado na ITF; leitura do draw de duplas: ITF API: derrota encontrada."
"amir-askar","Amir Askar","Singles","J30 Cholpon-Ata","J30","2026-05-18","2026-05-23","Eliminado","QF","","https://www.itftennis.com/en/tournament/j30-cholpon-ata/kgz/2026/j-j30-kgz-2026-001/draws-and-results/","Encontrado na ITF (MD); leitura do draw: ITF API: derrota encontrada."
"anastasiya-kukarkina","Anastasiya Kukarkina","Doubles","J30 Cholpon-Ata","J30","2026-05-18","2026-05-23","Eliminado","QF","","https://www.itftennis.com/en/tournament/j30-cholpon-ata/kgz/2026/j-j30-kgz-2026-001/draws-and-results/","Encontrado na ITF; leitura do draw de duplas: ITF API: derrota encontrada."
"anna-kulikova","Anna Kulikova","Doubles","J30 Cholpon-Ata","J30","2026-05-18","2026-05-23","Eliminado","SF","","https://www.itftennis.com/en/tournament/j30-cholpon-ata/kgz/2026/j-j30-kgz-2026-001/draws-and-results/","Encontrado na ITF; leitura do draw de duplas: ITF API: derrota encontrada."
"arafat-mustafa-mustafa","Arafat Mustafa Mustafa","Doubles","J30 Cholpon-Ata","J30","2026-05-18","2026-05-23","Eliminado","QF","","https://www.itftennis.com/en/tournament/j30-cholpon-ata/kgz/2026/j-j30-kgz-2026-001/draws-and-results/","Encontrado na ITF; leitura do draw de duplas: ITF API: derrota encontrada."
"arafat-mustafa-mustafa","Arafat Mustafa Mustafa","Singles","J30 Cholpon-Ata","J30","2026-05-18","2026-05-23","Eliminado","SF","","https://www.itftennis.com/en/tournament/j30-cholpon-ata/kgz/2026/j-j30-kgz-2026-001/draws-and-results/","Encontrado na ITF (MD); leitura do draw: ITF API: derrota encontrada."
"artem-ozerov","Artem Ozerov","Doubles","J30 Cholpon-Ata","J30","2026-05-18","2026-05-23","Eliminado","R32","","https://www.itftennis.com/en/tournament/j30-cholpon-ata/kgz/2026/j-j30-kgz-2026-001/draws-and-results/","Encontrado na ITF; leitura do draw de duplas: ITF API: derrota encontrada."
"artem-ozerov","Artem Ozerov","Singles","J30 Cholpon-Ata","J30","2026-05-18","2026-05-23","Eliminado","R64","","https://www.itftennis.com/en/tournament/j30-cholpon-ata/kgz/2026/j-j30-kgz-2026-001/draws-and-results/","Encontrado na ITF (MD); leitura do draw: ITF API: derrota encontrada."
"artyom-fremd","Artyom Fremd","Doubles","J30 Cholpon-Ata","J30","2026-05-18","2026-05-23","Eliminado","R32","","https://www.itftennis.com/en/tournament/j30-cholpon-ata/kgz/2026/j-j30-kgz-2026-001/draws-and-results/","Encontrado na ITF; leitura do draw de duplas: ITF API: derrota encontrada."
"artyom-fremd","Artyom Fremd","Singles","J30 Cholpon-Ata","J30","2026-05-18","2026-05-23","Eliminado","R64","","https://www.itftennis.com/en/tournament/j30-cholpon-ata/kgz/2026/j-j30-kgz-2026-001/draws-and-results/","Encontrado na ITF (MD); leitura do draw: ITF API: derrota encontrada."
"assan-sarmanov","Assan Sarmanov","Doubles","J30 Cholpon-Ata","J30","2026-05-18","2026-05-23","Ativo","W","","https://www.itftennis.com/en/tournament/j30-cholpon-ata/kgz/2026/j-j30-kgz-2026-001/draws-and-results/","Encontrado na ITF; leitura do draw de duplas: ITF API: vitoria encontrada."
"assan-sarmanov","Assan Sarmanov","Singles","J30 Cholpon-Ata","J30","2026-05-18","2026-05-23","Eliminado","QF","","https://www.itftennis.com/en/tournament/j30-cholpon-ata/kgz/2026/j-j30-kgz-2026-001/draws-and-results/","Encontrado na ITF (MD); leitura do draw: ITF API: derrota encontrada."
"atai-aseinov","Atai Aseinov","Doubles","J30 Cholpon-Ata","J30","2026-05-18","2026-05-23","Eliminado","R32","","https://www.itftennis.com/en/tournament/j30-cholpon-ata/kgz/2026/j-j30-kgz-2026-001/draws-and-results/","Encontrado na ITF; leitura do draw de duplas: ITF API: derrota encontrada."
"atai-aseinov","Atai Aseinov","Singles","J30 Cholpon-Ata","J30","2026-05-18","2026-05-23","Eliminado","R64","","https://www.itftennis.com/en/tournament/j30-cholpon-ata/kgz/2026/j-j30-kgz-2026-001/draws-and-results/","Encontrado na ITF (MD); leitura do draw: ITF API: derrota encontrada."
"ayana-shadubekova","Ayana Shadubekova","Doubles","J30 Cholpon-Ata","J30","2026-05-18","2026-05-23","Eliminado","R32","","https://www.itftennis.com/en/tournament/j30-cholpon-ata/kgz/2026/j-j30-kgz-2026-001/draws-and-results/","Encontrado na ITF; leitura do draw de duplas: ITF API: derrota encontrada."
"clara-abilova","Clara Abilova","Singles","J30 Cholpon-Ata","J30","2026-05-18","2026-05-23","Eliminado","Q1","","https://www.itftennis.com/en/tournament/j30-cholpon-ata/kgz/2026/j-j30-kgz-2026-001/draws-and-results/","Encontrado na ITF (Q); leitura do draw: ITF API: derrota encontrada."
"damir-niyazov","Damir Niyazov","Doubles","J30 Cholpon-Ata","J30","2026-05-18","2026-05-23","Eliminado","R32","","https://www.itftennis.com/en/tournament/j30-cholpon-ata/kgz/2026/j-j30-kgz-2026-001/draws-and-results/","Encontrado na ITF; leitura do draw de duplas: ITF API: derrota encontrada."
"damir-niyazov","Damir Niyazov","Singles","J30 Cholpon-Ata","J30","2026-05-18","2026-05-23","Eliminado","R64","","https://www.itftennis.com/en/tournament/j30-cholpon-ata/kgz/2026/j-j30-kgz-2026-001/draws-and-results/","Encontrado na ITF (MD); leitura do draw: ITF API: derrota encontrada."
"dana-zabolotskaia","Dana Zabolotskaia","Doubles","J30 Cholpon-Ata","J30","2026-05-18","2026-05-23","Eliminado","R32","","https://www.itftennis.com/en/tournament/j30-cholpon-ata/kgz/2026/j-j30-kgz-2026-001/draws-and-results/","Encontrado na ITF; leitura do draw de duplas: ITF API: derrota encontrada."
"daniel-yurekli","Daniel Yurekli","Doubles","J30 Cholpon-Ata","J30","2026-05-18","2026-05-23","Eliminado","QF","","https://www.itftennis.com/en/tournament/j30-cholpon-ata/kgz/2026/j-j30-kgz-2026-001/draws-and-results/","Encontrado na ITF; leitura do draw de duplas: ITF API: derrota encontrada."
"daniel-yurekli","Daniel Yurekli","Singles","J30 Cholpon-Ata","J30","2026-05-18","2026-05-23","Ativo","W","","https://www.itftennis.com/en/tournament/j30-cholpon-ata/kgz/2026/j-j30-kgz-2026-001/draws-and-results/","Encontrado na ITF (MD); leitura do draw: ITF API: vitoria encontrada."
"daniial-karymbaev","Daniial Karymbaev","Singles","J30 Cholpon-Ata","J30","2026-05-18","2026-05-23","Eliminado","R64","","https://www.itftennis.com/en/tournament/j30-cholpon-ata/kgz/2026/j-j30-kgz-2026-001/draws-and-results/","Encontrado na ITF (MD); leitura do draw: ITF API: derrota encontrada."
"dastan-arsenov","Dastan Arsenov","Singles","J30 Cholpon-Ata","J30","2026-05-18","2026-05-23","Eliminado","Q2","","https://www.itftennis.com/en/tournament/j30-cholpon-ata/kgz/2026/j-j30-kgz-2026-001/draws-and-results/","Encontrado na ITF (Q); leitura do draw: ITF API: derrota encontrada."
"datkaiym-urmatbekova","Datkaiym Urmatbekova","Doubles","J30 Cholpon-Ata","J30","2026-05-18","2026-05-23","Eliminado","QF","","https://www.itftennis.com/en/tournament/j30-cholpon-ata/kgz/2026/j-j30-kgz-2026-001/draws-and-results/","Encontrado na ITF; leitura do draw de duplas: ITF API: derrota encontrada."
"david-mogilevsky","DAVID MOGILEVSKY","Doubles","J30 Cholpon-Ata","J30","2026-05-18","2026-05-23","Eliminado","SF","","https://www.itftennis.com/en/tournament/j30-cholpon-ata/kgz/2026/j-j30-kgz-2026-001/draws-and-results/","Encontrado na ITF; leitura do draw de duplas: ITF API: derrota encontrada."
"david-mogilevsky","DAVID MOGILEVSKY","Singles","J30 Cholpon-Ata","J30","2026-05-18","2026-05-23","Eliminado","QF","","https://www.itftennis.com/en/tournament/j30-cholpon-ata/kgz/2026/j-j30-kgz-2026-001/draws-and-results/","Encontrado na ITF (MD); leitura do draw: ITF API: derrota encontrada."
"dhanush-m","Dhanush M","Singles","J30 Cholpon-Ata","J30","2026-05-18","2026-05-23","Eliminado","Q2","","https://www.itftennis.com/en/tournament/j30-cholpon-ata/kgz/2026/j-j30-kgz-2026-001/draws-and-results/","Encontrado na ITF (Q); leitura do draw: ITF API: derrota encontrada."
"dmitry-mosov","Dmitry Mosov","Singles","J30 Cholpon-Ata","J30","2026-05-18","2026-05-23","Eliminado","Q1","","https://www.itftennis.com/en/tournament/j30-cholpon-ata/kgz/2026/j-j30-kgz-2026-001/draws-and-results/","Encontrado na ITF (Q); leitura do draw: ITF API: derrota encontrada."
"emiliya-starusseva","Emiliya Starusseva","Doubles","J30 Cholpon-Ata","J30","2026-05-18","2026-05-23","Eliminado","QF","","https://www.itftennis.com/en/tournament/j30-cholpon-ata/kgz/2026/j-j30-kgz-2026-001/draws-and-results/","Encontrado na ITF; leitura do draw de duplas: ITF API: derrota encontrada."
"emiliya-starusseva","Emiliya Starusseva","Singles","J30 Cholpon-Ata","J30","2026-05-18","2026-05-23","Ativo","Q3","","https://www.itftennis.com/en/tournament/j30-cholpon-ata/kgz/2026/j-j30-kgz-2026-001/draws-and-results/","Encontrado na ITF (MD); leitura do draw: ITF API: vitoria encontrada."
"eva-gavshina","Eva Gavshina","Doubles","J30 Cholpon-Ata","J30","2026-05-18","2026-05-23","Eliminado","R32","","https://www.itftennis.com/en/tournament/j30-cholpon-ata/kgz/2026/j-j30-kgz-2026-001/draws-and-results/","Encontrado na ITF; leitura do draw de duplas: ITF API: derrota encontrada."
"eva-kozlova","Eva Kozlova","Doubles","J30 Cholpon-Ata","J30","2026-05-18","2026-05-23","Eliminado","F","","https://www.itftennis.com/en/tournament/j30-cholpon-ata/kgz/2026/j-j30-kgz-2026-001/draws-and-results/","Encontrado na ITF; leitura do draw de duplas: ITF API: derrota encontrada."
"evelina-dzepa","Evelina Dzepa","Doubles","J30 Cholpon-Ata","J30","2026-05-18","2026-05-23","Eliminado","SF","","https://www.itftennis.com/en/tournament/j30-cholpon-ata/kgz/2026/j-j30-kgz-2026-001/draws-and-results/","Encontrado na ITF; leitura do draw de duplas: ITF API: derrota encontrada."
"fedor-evdokimov","Fedor Evdokimov","Doubles","J30 Cholpon-Ata","J30","2026-05-18","2026-05-23","Eliminado","SF","","https://www.itftennis.com/en/tournament/j30-cholpon-ata/kgz/2026/j-j30-kgz-2026-001/draws-and-results/","Encontrado na ITF; leitura do draw de duplas: ITF API: derrota encontrada."
"fedor-evdokimov","Fedor Evdokimov","Singles","J30 Cholpon-Ata","J30","2026-05-18","2026-05-23","Eliminado","SF","","https://www.itftennis.com/en/tournament/j30-cholpon-ata/kgz/2026/j-j30-kgz-2026-001/draws-and-results/","Encontrado na ITF (MD); leitura do draw: ITF API: derrota encontrada."
"iana-kopylova","Iana Kopylova","Doubles","J30 Cholpon-Ata","J30","2026-05-18","2026-05-23","Eliminado","SF","","https://www.itftennis.com/en/tournament/j30-cholpon-ata/kgz/2026/j-j30-kgz-2026-001/draws-and-results/","Encontrado na ITF; leitura do draw de duplas: ITF API: derrota encontrada."
"iana-kopylova","Iana Kopylova","Singles","J30 Cholpon-Ata","J30","2026-05-18","2026-05-23","Ativo","Q3","","https://www.itftennis.com/en/tournament/j30-cholpon-ata/kgz/2026/j-j30-kgz-2026-001/draws-and-results/","Encontrado na ITF (MD); leitura do draw: ITF API: vitoria encontrada."
"igor-markelov","Igor Markelov","Singles","J30 Cholpon-Ata","J30","2026-05-18","2026-05-23","Eliminado","Q3","","https://www.itftennis.com/en/tournament/j30-cholpon-ata/kgz/2026/j-j30-kgz-2026-001/draws-and-results/","Encontrado na ITF (Q); leitura do draw: ITF API: derrota encontrada."
"iskander-murat","Iskander Murat","Doubles","J30 Cholpon-Ata","J30","2026-05-18","2026-05-23","Eliminado","R32","","https://www.itftennis.com/en/tournament/j30-cholpon-ata/kgz/2026/j-j30-kgz-2026-001/draws-and-results/","Encontrado na ITF; leitura do draw de duplas: ITF API: derrota encontrada."
"iskander-murat","Iskander Murat","Singles","J30 Cholpon-Ata","J30","2026-05-18","2026-05-23","Eliminado","R32","","https://www.itftennis.com/en/tournament/j30-cholpon-ata/kgz/2026/j-j30-kgz-2026-001/draws-and-results/","Encontrado na ITF (MD); leitura do draw: ITF API: derrota encontrada."
"ivan-bondarenko","Ivan Bondarenko","Singles","J30 Cholpon-Ata","J30","2026-05-18","2026-05-23","Eliminado","Q2","","https://www.itftennis.com/en/tournament/j30-cholpon-ata/kgz/2026/j-j30-kgz-2026-001/draws-and-results/","Encontrado na ITF (Q); leitura do draw: ITF API: derrota encontrada."
"ivan-prytula","Ivan Prytula","Doubles","J30 Cholpon-Ata","J30","2026-05-18","2026-05-23","Eliminado","SF","","https://www.itftennis.com/en/tournament/j30-cholpon-ata/kgz/2026/j-j30-kgz-2026-001/draws-and-results/","Encontrado na ITF; leitura do draw de duplas: ITF API: derrota encontrada."
"ivan-prytula","Ivan Prytula","Singles","J30 Cholpon-Ata","J30","2026-05-18","2026-05-23","Eliminado","R32","","https://www.itftennis.com/en/tournament/j30-cholpon-ata/kgz/2026/j-j30-kgz-2026-001/draws-and-results/","Encontrado na ITF (MD); leitura do draw: ITF API: derrota encontrada."
"julia-knorr","Julia Knorr","Singles","J30 Cholpon-Ata","J30","2026-05-18","2026-05-23","Eliminado","Q1","","https://www.itftennis.com/en/tournament/j30-cholpon-ata/kgz/2026/j-j30-kgz-2026-001/draws-and-results/","Encontrado na ITF (Q); leitura do draw: ITF API: derrota encontrada."
"kalys-kazakbaev","Kalys Kazakbaev","Doubles","J30 Cholpon-Ata","J30","2026-05-18","2026-05-23","Eliminado","R32","","https://www.itftennis.com/en/tournament/j30-cholpon-ata/kgz/2026/j-j30-kgz-2026-001/draws-and-results/","Encontrado na ITF; leitura do draw de duplas: ITF API: derrota encontrada."
"kalys-kazakbaev","Kalys Kazakbaev","Singles","J30 Cholpon-Ata","J30","2026-05-18","2026-05-23","Eliminado","R64","","https://www.itftennis.com/en/tournament/j30-cholpon-ata/kgz/2026/j-j30-kgz-2026-001/draws-and-results/","Encontrado na ITF (MD); leitura do draw: ITF API: derrota encontrada."
"kamilla-kayumova","Kamilla Kayumova","Doubles","J30 Cholpon-Ata","J30","2026-05-18","2026-05-23","Eliminado","R32","","https://www.itftennis.com/en/tournament/j30-cholpon-ata/kgz/2026/j-j30-kgz-2026-001/draws-and-results/","Encontrado na ITF; leitura do draw de duplas: ITF API: derrota encontrada."
"kirill-ponomarev","Kirill Ponomarev","Doubles","J30 Cholpon-Ata","J30","2026-05-18","2026-05-23","Eliminado","R32","","https://www.itftennis.com/en/tournament/j30-cholpon-ata/kgz/2026/j-j30-kgz-2026-001/draws-and-results/","Encontrado na ITF; leitura do draw de duplas: ITF API: derrota encontrada."
"kirill-ponomarev","Kirill Ponomarev","Singles","J30 Cholpon-Ata","J30","2026-05-18","2026-05-23","Eliminado","Q3","","https://www.itftennis.com/en/tournament/j30-cholpon-ata/kgz/2026/j-j30-kgz-2026-001/draws-and-results/","Encontrado na ITF (MD); leitura do draw: ITF API: derrota encontrada."
"kirill-roshchektaev","Kirill Roshchektaev","Doubles","J30 Cholpon-Ata","J30","2026-05-18","2026-05-23","Eliminado","R32","","https://www.itftennis.com/en/tournament/j30-cholpon-ata/kgz/2026/j-j30-kgz-2026-001/draws-and-results/","Encontrado na ITF; leitura do draw de duplas: ITF API: derrota encontrada."
"kirill-roshchektaev","Kirill Roshchektaev","Singles","J30 Cholpon-Ata","J30","2026-05-18","2026-05-23","Eliminado","R64","","https://www.itftennis.com/en/tournament/j30-cholpon-ata/kgz/2026/j-j30-kgz-2026-001/draws-and-results/","Encontrado na ITF (MD); leitura do draw: ITF API: derrota encontrada."
"kirill-voroshilov","Kirill Voroshilov","Doubles","J30 Cholpon-Ata","J30","2026-05-18","2026-05-23","Eliminado","F","","https://www.itftennis.com/en/tournament/j30-cholpon-ata/kgz/2026/j-j30-kgz-2026-001/draws-and-results/","Encontrado na ITF; leitura do draw de duplas: ITF API: derrota encontrada."
"kirill-voroshilov","Kirill Voroshilov","Singles","J30 Cholpon-Ata","J30","2026-05-18","2026-05-23","Eliminado","Q3","","https://www.itftennis.com/en/tournament/j30-cholpon-ata/kgz/2026/j-j30-kgz-2026-001/draws-and-results/","Encontrado na ITF (MD); leitura do draw: ITF API: derrota encontrada."
"kristina-kruchenko","Kristina Kruchenko","Doubles","J30 Cholpon-Ata","J30","2026-05-18","2026-05-23","Ativo","W","","https://www.itftennis.com/en/tournament/j30-cholpon-ata/kgz/2026/j-j30-kgz-2026-001/draws-and-results/","Encontrado na ITF; leitura do draw de duplas: ITF API: vitoria encontrada."
"leila-iliasova","Leila Iliasova","Doubles","J30 Cholpon-Ata","J30","2026-05-18","2026-05-23","Eliminado","R32","","https://www.itftennis.com/en/tournament/j30-cholpon-ata/kgz/2026/j-j30-kgz-2026-001/draws-and-results/","Encontrado na ITF; leitura do draw de duplas: ITF API: derrota encontrada."
"leisan-iliasova","Leisan Iliasova","Doubles","J30 Cholpon-Ata","J30","2026-05-18","2026-05-23","Eliminado","R32","","https://www.itftennis.com/en/tournament/j30-cholpon-ata/kgz/2026/j-j30-kgz-2026-001/draws-and-results/","Encontrado na ITF; leitura do draw de duplas: ITF API: derrota encontrada."
"leisan-iliasova","Leisan Iliasova","Singles","J30 Cholpon-Ata","J30","2026-05-18","2026-05-23","Eliminado","Q2","","https://www.itftennis.com/en/tournament/j30-cholpon-ata/kgz/2026/j-j30-kgz-2026-001/draws-and-results/","Encontrado na ITF (MD); leitura do draw: ITF API: derrota encontrada."
"lev-klimov","Lev Klimov","Doubles","J30 Cholpon-Ata","J30","2026-05-18","2026-05-23","Eliminado","R32","","https://www.itftennis.com/en/tournament/j30-cholpon-ata/kgz/2026/j-j30-kgz-2026-001/draws-and-results/","Encontrado na ITF; leitura do draw de duplas: ITF API: derrota encontrada."
"lev-klimov","Lev Klimov","Singles","J30 Cholpon-Ata","J30","2026-05-18","2026-05-23","Eliminado","R32","","https://www.itftennis.com/en/tournament/j30-cholpon-ata/kgz/2026/j-j30-kgz-2026-001/draws-and-results/","Encontrado na ITF (MD); leitura do draw: ITF API: derrota encontrada."
"linara-bulesheva","Linara Bulesheva","Doubles","J30 Cholpon-Ata","J30","2026-05-18","2026-05-23","Ativo","W","","https://www.itftennis.com/en/tournament/j30-cholpon-ata/kgz/2026/j-j30-kgz-2026-001/draws-and-results/","Encontrado na ITF; leitura do draw de duplas: ITF API: vitoria encontrada."
"mariia-markevich","Mariia Markevich","Doubles","J30 Cholpon-Ata","J30","2026-05-18","2026-05-23","Eliminado","R32","","https://www.itftennis.com/en/tournament/j30-cholpon-ata/kgz/2026/j-j30-kgz-2026-001/draws-and-results/","Encontrado na ITF; leitura do draw de duplas: ITF API: derrota encontrada."
"marsel-alexeyev","Marsel Alexeyev","Doubles","J30 Cholpon-Ata","J30","2026-05-18","2026-05-23","Eliminado","QF","","https://www.itftennis.com/en/tournament/j30-cholpon-ata/kgz/2026/j-j30-kgz-2026-001/draws-and-results/","Encontrado na ITF; leitura do draw de duplas: ITF API: derrota encontrada."
"marsel-alexeyev","Marsel Alexeyev","Singles","J30 Cholpon-Ata","J30","2026-05-18","2026-05-23","Eliminado","R64","","https://www.itftennis.com/en/tournament/j30-cholpon-ata/kgz/2026/j-j30-kgz-2026-001/draws-and-results/","Encontrado na ITF (MD); leitura do draw: ITF API: derrota encontrada."
"maxim-bocharov","Maxim Bocharov","Doubles","J30 Cholpon-Ata","J30","2026-05-18","2026-05-23","Eliminado","SF","","https://www.itftennis.com/en/tournament/j30-cholpon-ata/kgz/2026/j-j30-kgz-2026-001/draws-and-results/","Encontrado na ITF; leitura do draw de duplas: ITF API: derrota encontrada."
"maxim-bocharov","Maxim Bocharov","Singles","J30 Cholpon-Ata","J30","2026-05-18","2026-05-23","Eliminado","F","","https://www.itftennis.com/en/tournament/j30-cholpon-ata/kgz/2026/j-j30-kgz-2026-001/draws-and-results/","Encontrado na ITF (MD); leitura do draw: ITF API: derrota encontrada."
"medina-otepbergen","Medina Otepbergen","Doubles","J30 Cholpon-Ata","J30","2026-05-18","2026-05-23","Eliminado","R32","","https://www.itftennis.com/en/tournament/j30-cholpon-ata/kgz/2026/j-j30-kgz-2026-001/draws-and-results/","Encontrado na ITF; leitura do draw de duplas: ITF API: derrota encontrada."
"meruert-turgan","Meruert Turgan","Doubles","J30 Cholpon-Ata","J30","2026-05-18","2026-05-23","Eliminado","QF","","https://www.itftennis.com/en/tournament/j30-cholpon-ata/kgz/2026/j-j30-kgz-2026-001/draws-and-results/","Encontrado na ITF; leitura do draw de duplas: ITF API: derrota encontrada."
"mikhail-khegay","Mikhail KHegay","Singles","J30 Cholpon-Ata","J30","2026-05-18","2026-05-23","Eliminado","Q2","","https://www.itftennis.com/en/tournament/j30-cholpon-ata/kgz/2026/j-j30-kgz-2026-001/draws-and-results/","Encontrado na ITF (Q); leitura do draw: ITF API: derrota encontrada."
"milana-podlesnaya","Milana Podlesnaya","Doubles","J30 Cholpon-Ata","J30","2026-05-18","2026-05-23","Eliminado","R32","","https://www.itftennis.com/en/tournament/j30-cholpon-ata/kgz/2026/j-j30-kgz-2026-001/draws-and-results/","Encontrado na ITF; leitura do draw de duplas: ITF API: derrota encontrada."
"naeema-kubanychbekova","Naeema Kubanychbekova","Doubles","J30 Cholpon-Ata","J30","2026-05-18","2026-05-23","Eliminado","R32","","https://www.itftennis.com/en/tournament/j30-cholpon-ata/kgz/2026/j-j30-kgz-2026-001/draws-and-results/","Encontrado na ITF; leitura do draw de duplas: ITF API: derrota encontrada."
"nika-mosina","Nika Mosina","Doubles","J30 Cholpon-Ata","J30","2026-05-18","2026-05-23","Eliminado","R32","","https://www.itftennis.com/en/tournament/j30-cholpon-ata/kgz/2026/j-j30-kgz-2026-001/draws-and-results/","Encontrado na ITF; leitura do draw de duplas: ITF API: derrota encontrada."
"nikita-gafurov","Nikita Gafurov","Doubles","J30 Cholpon-Ata","J30","2026-05-18","2026-05-23","Ativo","W","","https://www.itftennis.com/en/tournament/j30-cholpon-ata/kgz/2026/j-j30-kgz-2026-001/draws-and-results/","Encontrado na ITF; leitura do draw de duplas: ITF API: vitoria encontrada."
"nikita-gafurov","Nikita Gafurov","Singles","J30 Cholpon-Ata","J30","2026-05-18","2026-05-23","Eliminado","R32","","https://www.itftennis.com/en/tournament/j30-cholpon-ata/kgz/2026/j-j30-kgz-2026-001/draws-and-results/","Encontrado na ITF (MD); leitura do draw: ITF API: derrota encontrada."
"nikita-mironov","Nikita Mironov","Singles","J30 Cholpon-Ata","J30","2026-05-18","2026-05-23","Eliminado","Q2","","https://www.itftennis.com/en/tournament/j30-cholpon-ata/kgz/2026/j-j30-kgz-2026-001/draws-and-results/","Encontrado na ITF (Q); leitura do draw: ITF API: derrota encontrada."
"nurislam-musa","Nurislam Musa","Doubles","J30 Cholpon-Ata","J30","2026-05-18","2026-05-23","Eliminado","R32","","https://www.itftennis.com/en/tournament/j30-cholpon-ata/kgz/2026/j-j30-kgz-2026-001/draws-and-results/","Encontrado na ITF; leitura do draw de duplas: ITF API: derrota encontrada."
"nurislam-musa","Nurislam Musa","Singles","J30 Cholpon-Ata","J30","2026-05-18","2026-05-23","Eliminado","R64","","https://www.itftennis.com/en/tournament/j30-cholpon-ata/kgz/2026/j-j30-kgz-2026-001/draws-and-results/","Encontrado na ITF (MD); leitura do draw: ITF API: derrota encontrada."
"rafael-sharapov","Rafael Sharapov","Doubles","J30 Cholpon-Ata","J30","2026-05-18","2026-05-23","Eliminado","R32","","https://www.itftennis.com/en/tournament/j30-cholpon-ata/kgz/2026/j-j30-kgz-2026-001/draws-and-results/","Encontrado na ITF; leitura do draw de duplas: ITF API: derrota encontrada."
"rafael-sharapov","Rafael Sharapov","Singles","J30 Cholpon-Ata","J30","2026-05-18","2026-05-23","Eliminado","R64","","https://www.itftennis.com/en/tournament/j30-cholpon-ata/kgz/2026/j-j30-kgz-2026-001/draws-and-results/","Encontrado na ITF (MD); leitura do draw: ITF API: derrota encontrada."
"ramazan-kozhakhmet","Ramazan Kozhakhmet","Singles","J30 Cholpon-Ata","J30","2026-05-18","2026-05-23","Eliminado","Q1","","https://www.itftennis.com/en/tournament/j30-cholpon-ata/kgz/2026/j-j30-kgz-2026-001/draws-and-results/","Encontrado na ITF (Q); leitura do draw: ITF API: derrota encontrada."
"raphael-kalyuzhnov","Raphael Kalyuzhnov","Singles","J30 Cholpon-Ata","J30","2026-05-18","2026-05-23","Eliminado","Q2","","https://www.itftennis.com/en/tournament/j30-cholpon-ata/kgz/2026/j-j30-kgz-2026-001/draws-and-results/","Encontrado na ITF (Q); leitura do draw: ITF API: derrota encontrada."
"riana-rayeva","Riana Rayeva","Doubles","J30 Cholpon-Ata","J30","2026-05-18","2026-05-23","Eliminado","R32","","https://www.itftennis.com/en/tournament/j30-cholpon-ata/kgz/2026/j-j30-kgz-2026-001/draws-and-results/","Encontrado na ITF; leitura do draw de duplas: ITF API: derrota encontrada."
"riana-rayeva","Riana Rayeva","Singles","J30 Cholpon-Ata","J30","2026-05-18","2026-05-23","Ativo","Q3","","https://www.itftennis.com/en/tournament/j30-cholpon-ata/kgz/2026/j-j30-kgz-2026-001/draws-and-results/","Encontrado na ITF (MD); leitura do draw: ITF API: vitoria encontrada."
"ridvan-loianov","Ridvan Loianov","Doubles","J30 Cholpon-Ata","J30","2026-05-18","2026-05-23","Eliminado","R32","","https://www.itftennis.com/en/tournament/j30-cholpon-ata/kgz/2026/j-j30-kgz-2026-001/draws-and-results/","Encontrado na ITF; leitura do draw de duplas: ITF API: derrota encontrada."
"ridvan-loianov","Ridvan Loianov","Singles","J30 Cholpon-Ata","J30","2026-05-18","2026-05-23","Eliminado","R64","","https://www.itftennis.com/en/tournament/j30-cholpon-ata/kgz/2026/j-j30-kgz-2026-001/draws-and-results/","Encontrado na ITF (MD); leitura do draw: ITF API: derrota encontrada."
"saara-myzaeva","Saara Myzaeva","Doubles","J30 Cholpon-Ata","J30","2026-05-18","2026-05-23","Eliminado","QF","","https://www.itftennis.com/en/tournament/j30-cholpon-ata/kgz/2026/j-j30-kgz-2026-001/draws-and-results/","Encontrado na ITF; leitura do draw de duplas: ITF API: derrota encontrada."
"safina-khabibrakhmanova","Safina Khabibrakhmanova","Doubles","J30 Cholpon-Ata","J30","2026-05-18","2026-05-23","Eliminado","F","","https://www.itftennis.com/en/tournament/j30-cholpon-ata/kgz/2026/j-j30-kgz-2026-001/draws-and-results/","Encontrado na ITF; leitura do draw de duplas: ITF API: derrota encontrada."
"safina-safiulina","Safina Safiulina","Doubles","J30 Cholpon-Ata","J30","2026-05-18","2026-05-23","Eliminado","QF","","https://www.itftennis.com/en/tournament/j30-cholpon-ata/kgz/2026/j-j30-kgz-2026-001/draws-and-results/","Encontrado na ITF; leitura do draw de duplas: ITF API: derrota encontrada."
"saidumar-saidakbarov","Saidumar Saidakbarov","Doubles","J30 Cholpon-Ata","J30","2026-05-18","2026-05-23","Eliminado","QF","","https://www.itftennis.com/en/tournament/j30-cholpon-ata/kgz/2026/j-j30-kgz-2026-001/draws-and-results/","Encontrado na ITF; leitura do draw de duplas: ITF API: derrota encontrada."
"saidumar-saidakbarov","Saidumar Saidakbarov","Singles","J30 Cholpon-Ata","J30","2026-05-18","2026-05-23","Eliminado","R64","","https://www.itftennis.com/en/tournament/j30-cholpon-ata/kgz/2026/j-j30-kgz-2026-001/draws-and-results/","Encontrado na ITF (MD); leitura do draw: ITF API: derrota encontrada."
"sarvar-atabaev","Sarvar Atabaev","Doubles","J30 Cholpon-Ata","J30","2026-05-18","2026-05-23","Eliminado","QF","","https://www.itftennis.com/en/tournament/j30-cholpon-ata/kgz/2026/j-j30-kgz-2026-001/draws-and-results/","Encontrado na ITF; leitura do draw de duplas: ITF API: derrota encontrada."
"sarvar-atabaev","Sarvar Atabaev","Singles","J30 Cholpon-Ata","J30","2026-05-18","2026-05-23","Eliminado","R64","","https://www.itftennis.com/en/tournament/j30-cholpon-ata/kgz/2026/j-j30-kgz-2026-001/draws-and-results/","Encontrado na ITF (MD); leitura do draw: ITF API: derrota encontrada."
"sergey-iliasov","Sergey Iliasov","Doubles","J30 Cholpon-Ata","J30","2026-05-18","2026-05-23","Eliminado","R32","","https://www.itftennis.com/en/tournament/j30-cholpon-ata/kgz/2026/j-j30-kgz-2026-001/draws-and-results/","Encontrado na ITF; leitura do draw de duplas: ITF API: derrota encontrada."
"sergey-iliasov","Sergey Iliasov","Singles","J30 Cholpon-Ata","J30","2026-05-18","2026-05-23","Eliminado","R64","","https://www.itftennis.com/en/tournament/j30-cholpon-ata/kgz/2026/j-j30-kgz-2026-001/draws-and-results/","Encontrado na ITF (MD); leitura do draw: ITF API: derrota encontrada."
"sofiya-pak","Sofiya Pak","Singles","J30 Cholpon-Ata","J30","2026-05-18","2026-05-23","Eliminado","Q2","","https://www.itftennis.com/en/tournament/j30-cholpon-ata/kgz/2026/j-j30-kgz-2026-001/draws-and-results/","Encontrado na ITF (Q); leitura do draw: ITF API: derrota encontrada."
"sumedh-shivaji-gutte","Sumedh Shivaji Gutte","Singles","J30 Cholpon-Ata","J30","2026-05-18","2026-05-23","Eliminado","Q2","","https://www.itftennis.com/en/tournament/j30-cholpon-ata/kgz/2026/j-j30-kgz-2026-001/draws-and-results/","Encontrado na ITF (Q); leitura do draw: ITF API: derrota encontrada."
"victoria-bitiyeva","Victoria Bitiyeva","Doubles","J30 Cholpon-Ata","J30","2026-05-18","2026-05-23","Eliminado","R32","","https://www.itftennis.com/en/tournament/j30-cholpon-ata/kgz/2026/j-j30-kgz-2026-001/draws-and-results/","Encontrado na ITF; leitura do draw de duplas: ITF API: derrota encontrada."
"viktor-serikov","Viktor Serikov","Doubles","J30 Cholpon-Ata","J30","2026-05-18","2026-05-23","Eliminado","R32","","https://www.itftennis.com/en/tournament/j30-cholpon-ata/kgz/2026/j-j30-kgz-2026-001/draws-and-results/","Encontrado na ITF; leitura do draw de duplas: ITF API: derrota encontrada."
"viktor-serikov","Viktor Serikov","Singles","J30 Cholpon-Ata","J30","2026-05-18","2026-05-23","Eliminado","R64","","https://www.itftennis.com/en/tournament/j30-cholpon-ata/kgz/2026/j-j30-kgz-2026-001/draws-and-results/","Encontrado na ITF (MD); leitura do draw: ITF API: derrota encontrada."
"viktoriya-oleinikova","Viktoriya OLEINIKOVA","Doubles","J30 Cholpon-Ata","J30","2026-05-18","2026-05-23","Eliminado","R32","","https://www.itftennis.com/en/tournament/j30-cholpon-ata/kgz/2026/j-j30-kgz-2026-001/draws-and-results/","Encontrado na ITF; leitura do draw de duplas: ITF API: derrota encontrada."
"viktoriya-oleinikova","Viktoriya OLEINIKOVA","Singles","J30 Cholpon-Ata","J30","2026-05-18","2026-05-23","Ativo","Q3","","https://www.itftennis.com/en/tournament/j30-cholpon-ata/kgz/2026/j-j30-kgz-2026-001/draws-and-results/","Encontrado na ITF (MD); leitura do draw: ITF API: vitoria encontrada."
"xeniya-semenova","Xeniya Semenova","Doubles","J30 Cholpon-Ata","J30","2026-05-18","2026-05-23","Eliminado","R32","","https://www.itftennis.com/en/tournament/j30-cholpon-ata/kgz/2026/j-j30-kgz-2026-001/draws-and-results/","Encontrado na ITF; leitura do draw de duplas: ITF API: derrota encontrada."
"yaroslav-beganskii","Yaroslav Beganskii","Doubles","J30 Cholpon-Ata","J30","2026-05-18","2026-05-23","Eliminado","F","","https://www.itftennis.com/en/tournament/j30-cholpon-ata/kgz/2026/j-j30-kgz-2026-001/draws-and-results/","Encontrado na ITF; leitura do draw de duplas: ITF API: derrota encontrada."
"yaroslav-beganskii","Yaroslav Beganskii","Singles","J30 Cholpon-Ata","J30","2026-05-18","2026-05-23","Eliminado","R32","","https://www.itftennis.com/en/tournament/j30-cholpon-ata/kgz/2026/j-j30-kgz-2026-001/draws-and-results/","Encontrado na ITF (MD); leitura do draw: ITF API: derrota encontrada."
"yaroslav-ivanov","Yaroslav Ivanov","Singles","J30 Cholpon-Ata","J30","2026-05-18","2026-05-23","Eliminado","R32","","https://www.itftennis.com/en/tournament/j30-cholpon-ata/kgz/2026/j-j30-kgz-2026-001/draws-and-results/","Encontrado na ITF (MD); leitura do draw: ITF API: derrota encontrada."
"yaroslav-bobrov-bobrov-yaroslav","Yaroslav-Bobrov Bobrov-Yaroslav","Singles","J30 Cholpon-Ata","J30","2026-05-18","2026-05-23","Eliminado","R32","","https://www.itftennis.com/en/tournament/j30-cholpon-ata/kgz/2026/j-j30-kgz-2026-001/draws-and-results/","Encontrado na ITF (MD); leitura do draw: ITF API: derrota encontrada."
"yegor-sorokin","Yegor Sorokin","Doubles","J30 Cholpon-Ata","J30","2026-05-18","2026-05-23","Eliminado","QF","","https://www.itftennis.com/en/tournament/j30-cholpon-ata/kgz/2026/j-j30-kgz-2026-001/draws-and-results/","Encontrado na ITF; leitura do draw de duplas: ITF API: derrota encontrada."
"yegor-sorokin","Yegor Sorokin","Singles","J30 Cholpon-Ata","J30","2026-05-18","2026-05-23","Eliminado","R32","","https://www.itftennis.com/en/tournament/j30-cholpon-ata/kgz/2026/j-j30-kgz-2026-001/draws-and-results/","Encontrado na ITF (MD); leitura do draw: ITF API: derrota encontrada."
"yelizaveta-slepchenko","Yelizaveta Slepchenko","Doubles","J30 Cholpon-Ata","J30","2026-05-18","2026-05-23","Eliminado","SF","","https://www.itftennis.com/en/tournament/j30-cholpon-ata/kgz/2026/j-j30-kgz-2026-001/draws-and-results/","Encontrado na ITF; leitura do draw de duplas: ITF API: derrota encontrada."
"yerika-narbekova","Yerika Narbekova","Singles","J30 Cholpon-Ata","J30","2026-05-18","2026-05-23","Eliminado","Q2","","https://www.itftennis.com/en/tournament/j30-cholpon-ata/kgz/2026/j-j30-kgz-2026-001/draws-and-results/","Encontrado na ITF (Q); leitura do draw: ITF API: derrota encontrada."
"zolbayar-ganbold","Zolbayar Ganbold","Doubles","J30 Cholpon-Ata","J30","2026-05-18","2026-05-23","Eliminado","R32","","https://www.itftennis.com/en/tournament/j30-cholpon-ata/kgz/2026/j-j30-kgz-2026-001/draws-and-results/","Encontrado na ITF; leitura do draw de duplas: ITF API: derrota encontrada."
"zolbayar-ganbold","Zolbayar Ganbold","Singles","J30 Cholpon-Ata","J30","2026-05-18","2026-05-23","Eliminado","QF","","https://www.itftennis.com/en/tournament/j30-cholpon-ata/kgz/2026/j-j30-kgz-2026-001/draws-and-results/","Encontrado na ITF (MD); leitura do draw: ITF API: derrota encontrada."
"aaron-kelle","Aaron Kelle","Doubles","J30 Tallinn","J30","2026-05-18","2026-05-23","Eliminado","QF","","https://www.itftennis.com/en/tournament/j30-tallinn/est/2026/j-j30-est-2026-003/draws-and-results/","Encontrado na ITF; leitura do draw de duplas: ITF API: derrota encontrada."
"aaron-kelle","Aaron Kelle","Singles","J30 Tallinn","J30","2026-05-18","2026-05-23","Eliminado","R64","","https://www.itftennis.com/en/tournament/j30-tallinn/est/2026/j-j30-est-2026-003/draws-and-results/","Encontrado na ITF (MD); leitura do draw: ITF API: derrota encontrada."
"adelija-danheli","Adelija Danheli","Singles","J30 Tallinn","J30","2026-05-18","2026-05-23","Eliminado","Q3","","https://www.itftennis.com/en/tournament/j30-tallinn/est/2026/j-j30-est-2026-003/draws-and-results/","Encontrado na ITF (Q); leitura do draw: ITF API: derrota encontrada."
"akseli-finnila","Akseli Finnila","Doubles","J30 Tallinn","J30","2026-05-18","2026-05-23","Eliminado","SF","","https://www.itftennis.com/en/tournament/j30-tallinn/est/2026/j-j30-est-2026-003/draws-and-results/","Encontrado na ITF; leitura do draw de duplas: ITF API: derrota encontrada."
"akseli-finnila","Akseli Finnila","Singles","J30 Tallinn","J30","2026-05-18","2026-05-23","Eliminado","F","","https://www.itftennis.com/en/tournament/j30-tallinn/est/2026/j-j30-est-2026-003/draws-and-results/","Encontrado na ITF (MD); leitura do draw: ITF API: derrota encontrada."
"aleksi-hast","Aleksi Hast","Doubles","J30 Tallinn","J30","2026-05-18","2026-05-23","Eliminado","QF","","https://www.itftennis.com/en/tournament/j30-tallinn/est/2026/j-j30-est-2026-003/draws-and-results/","Encontrado na ITF; leitura do draw de duplas: ITF API: derrota encontrada."
"aleksi-hast","Aleksi Hast","Singles","J30 Tallinn","J30","2026-05-18","2026-05-23","Eliminado","R32","","https://www.itftennis.com/en/tournament/j30-tallinn/est/2026/j-j30-est-2026-003/draws-and-results/","Encontrado na ITF (MD); leitura do draw: ITF API: derrota encontrada."
"alexandra-jensrud","Alexandra Jensrud","Singles","J30 Tallinn","J30","2026-05-18","2026-05-23","Eliminado","R64","","https://www.itftennis.com/en/tournament/j30-tallinn/est/2026/j-j30-est-2026-003/draws-and-results/","Encontrado na ITF (MD); leitura do draw: ITF API: derrota encontrada."
"aliaksandr-viarsotski","ALIAKSANDR VIARSOTSKI","Doubles","J30 Tallinn","J30","2026-05-18","2026-05-23","Eliminado","R32","","https://www.itftennis.com/en/tournament/j30-tallinn/est/2026/j-j30-est-2026-003/draws-and-results/","Encontrado na ITF; leitura do draw de duplas: ITF API: derrota encontrada."
"aliaksandr-viarsotski","ALIAKSANDR VIARSOTSKI","Singles","J30 Tallinn","J30","2026-05-18","2026-05-23","Eliminado","R64","","https://www.itftennis.com/en/tournament/j30-tallinn/est/2026/j-j30-est-2026-003/draws-and-results/","Encontrado na ITF (MD); leitura do draw: ITF API: derrota encontrada."
"amelia-maljugina","Amelia Maljugina","Doubles","J30 Tallinn","J30","2026-05-18","2026-05-23","Eliminado","R32","","https://www.itftennis.com/en/tournament/j30-tallinn/est/2026/j-j30-est-2026-003/draws-and-results/","Encontrado na ITF; leitura do draw de duplas: ITF API: derrota encontrada."
"amelia-maljugina","Amelia Maljugina","Singles","J30 Tallinn","J30","2026-05-18","2026-05-23","Eliminado","Q2","","https://www.itftennis.com/en/tournament/j30-tallinn/est/2026/j-j30-est-2026-003/draws-and-results/","Encontrado na ITF (MD); leitura do draw: ITF API: derrota encontrada."
"andreas-kuum","Andreas Kuum","Doubles","J30 Tallinn","J30","2026-05-18","2026-05-23","Eliminado","SF","","https://www.itftennis.com/en/tournament/j30-tallinn/est/2026/j-j30-est-2026-003/draws-and-results/","Encontrado na ITF; leitura do draw de duplas: ITF API: derrota encontrada."
"andreas-kuum","Andreas Kuum","Singles","J30 Tallinn","J30","2026-05-18","2026-05-23","Eliminado","R32","","https://www.itftennis.com/en/tournament/j30-tallinn/est/2026/j-j30-est-2026-003/draws-and-results/","Encontrado na ITF (MD); leitura do draw: ITF API: derrota encontrada."
"andzelika-marija-raciunaite","Andzelika Marija Raciunaite","Singles","J30 Tallinn","J30","2026-05-18","2026-05-23","Eliminado","Q3","","https://www.itftennis.com/en/tournament/j30-tallinn/est/2026/j-j30-est-2026-003/draws-and-results/","Encontrado na ITF (Q); leitura do draw: ITF API: derrota encontrada."
"anna-kotchetkov","Anna Kotchetkov","Doubles","J30 Tallinn","J30","2026-05-18","2026-05-23","Eliminado","QF","","https://www.itftennis.com/en/tournament/j30-tallinn/est/2026/j-j30-est-2026-003/draws-and-results/","Encontrado na ITF; leitura do draw de duplas: ITF API: derrota encontrada."
"anna-kotchetkov","Anna Kotchetkov","Singles","J30 Tallinn","J30","2026-05-18","2026-05-23","Eliminado","QF","","https://www.itftennis.com/en/tournament/j30-tallinn/est/2026/j-j30-est-2026-003/draws-and-results/","Encontrado na ITF (MD); leitura do draw: ITF API: derrota encontrada."
"anna-lee-young","Anna Lee Young","Singles","J30 Tallinn","J30","2026-05-18","2026-05-23","Eliminado","R64","","https://www.itftennis.com/en/tournament/j30-tallinn/est/2026/j-j30-est-2026-003/draws-and-results/","Encontrado na ITF (MD); leitura do draw: ITF API: derrota encontrada."
"antonina-zielinska","Antonina Zielinska","Singles","J30 Tallinn","J30","2026-05-18","2026-05-23","Eliminado","SF","","https://www.itftennis.com/en/tournament/j30-tallinn/est/2026/j-j30-est-2026-003/draws-and-results/","Encontrado na ITF (MD); leitura do draw: ITF API: derrota encontrada."
"christofer-tull","Christofer Tull","Doubles","J30 Tallinn","J30","2026-05-18","2026-05-23","Eliminado","QF","","https://www.itftennis.com/en/tournament/j30-tallinn/est/2026/j-j30-est-2026-003/draws-and-results/","Encontrado na ITF; leitura do draw de duplas: ITF API: derrota encontrada."
"christofer-tull","Christofer Tull","Singles","J30 Tallinn","J30","2026-05-18","2026-05-23","Eliminado","R64","","https://www.itftennis.com/en/tournament/j30-tallinn/est/2026/j-j30-est-2026-003/draws-and-results/","Encontrado na ITF (MD); leitura do draw: ITF API: derrota encontrada."
"daniel-bronner-lesoil","Daniel Bronner Lesoil","Singles","J30 Tallinn","J30","2026-05-18","2026-05-23","Eliminado","QF","","https://www.itftennis.com/en/tournament/j30-tallinn/est/2026/j-j30-est-2026-003/draws-and-results/","Encontrado na ITF (MD); leitura do draw: ITF API: derrota encontrada."
"dominykas-grusas","Dominykas Grusas","Singles","J30 Tallinn","J30","2026-05-18","2026-05-23","Eliminado","R64","","https://www.itftennis.com/en/tournament/j30-tallinn/est/2026/j-j30-est-2026-003/draws-and-results/","Encontrado na ITF (MD); leitura do draw: ITF API: derrota encontrada."
"egert-trave","Egert Trave","Doubles","J30 Tallinn","J30","2026-05-18","2026-05-23","Eliminado","F","","https://www.itftennis.com/en/tournament/j30-tallinn/est/2026/j-j30-est-2026-003/draws-and-results/","Encontrado na ITF; leitura do draw de duplas: ITF API: derrota encontrada."
"egert-trave","Egert Trave","Singles","J30 Tallinn","J30","2026-05-18","2026-05-23","Eliminado","R64","","https://www.itftennis.com/en/tournament/j30-tallinn/est/2026/j-j30-est-2026-003/draws-and-results/","Encontrado na ITF (MD); leitura do draw: ITF API: derrota encontrada."
"eleanora-roos","Eleanora Roos","Doubles","J30 Tallinn","J30","2026-05-18","2026-05-23","Eliminado","QF","","https://www.itftennis.com/en/tournament/j30-tallinn/est/2026/j-j30-est-2026-003/draws-and-results/","Encontrado na ITF; leitura do draw de duplas: ITF API: derrota encontrada."
"eleanora-roos","Eleanora Roos","Singles","J30 Tallinn","J30","2026-05-18","2026-05-23","Eliminado","R64","","https://www.itftennis.com/en/tournament/j30-tallinn/est/2026/j-j30-est-2026-003/draws-and-results/","Encontrado na ITF (MD); leitura do draw: ITF API: derrota encontrada."
"eliza-mangule","Eliza Mangule","Singles","J30 Tallinn","J30","2026-05-18","2026-05-23","Eliminado","Q3","","https://www.itftennis.com/en/tournament/j30-tallinn/est/2026/j-j30-est-2026-003/draws-and-results/","Encontrado na ITF (Q); leitura do draw: ITF API: derrota encontrada."
"elizabeth-averjanov","Elizabeth Averjanov","Doubles","J30 Tallinn","J30","2026-05-18","2026-05-23","Eliminado","R32","","https://www.itftennis.com/en/tournament/j30-tallinn/est/2026/j-j30-est-2026-003/draws-and-results/","Encontrado na ITF; leitura do draw de duplas: ITF API: derrota encontrada."
"elizabeth-averjanov","Elizabeth Averjanov","Singles","J30 Tallinn","J30","2026-05-18","2026-05-23","Eliminado","R64","","https://www.itftennis.com/en/tournament/j30-tallinn/est/2026/j-j30-est-2026-003/draws-and-results/","Encontrado na ITF (MD); leitura do draw: ITF API: derrota encontrada."
"ella-maria-vosu","Ella-Maria Vosu","Singles","J30 Tallinn","J30","2026-05-18","2026-05-23","Eliminado","Q2","","https://www.itftennis.com/en/tournament/j30-tallinn/est/2026/j-j30-est-2026-003/draws-and-results/","Encontrado na ITF (Q); leitura do draw: ITF API: derrota encontrada."
"eva-maria-adamchuk","Eva-Maria Adamchuk","Doubles","J30 Tallinn","J30","2026-05-18","2026-05-23","Eliminado","R32","","https://www.itftennis.com/en/tournament/j30-tallinn/est/2026/j-j30-est-2026-003/draws-and-results/","Encontrado na ITF; leitura do draw de duplas: ITF API: derrota encontrada."
"eva-maria-adamchuk","Eva-Maria Adamchuk","Singles","J30 Tallinn","J30","2026-05-18","2026-05-23","Eliminado","R64","","https://www.itftennis.com/en/tournament/j30-tallinn/est/2026/j-j30-est-2026-003/draws-and-results/","Encontrado na ITF (MD); leitura do draw: ITF API: derrota encontrada."
"felix-standertskjold-nordenstam","Felix Standertskjold-Nordenstam","Doubles","J30 Tallinn","J30","2026-05-18","2026-05-23","Eliminado","QF","","https://www.itftennis.com/en/tournament/j30-tallinn/est/2026/j-j30-est-2026-003/draws-and-results/","Encontrado na ITF; leitura do draw de duplas: ITF API: derrota encontrada."
"felix-standertskjold-nordenstam","Felix Standertskjold-Nordenstam","Singles","J30 Tallinn","J30","2026-05-18","2026-05-23","Eliminado","R64","","https://www.itftennis.com/en/tournament/j30-tallinn/est/2026/j-j30-est-2026-003/draws-and-results/","Encontrado na ITF (MD); leitura do draw: ITF API: derrota encontrada."
"filippa-foxby-munch","Filippa Foxby Munch","Doubles","J30 Tallinn","J30","2026-05-18","2026-05-23","Eliminado","SF","","https://www.itftennis.com/en/tournament/j30-tallinn/est/2026/j-j30-est-2026-003/draws-and-results/","Encontrado na ITF; leitura do draw de duplas: ITF API: derrota encontrada."
"filippa-foxby-munch","Filippa Foxby Munch","Singles","J30 Tallinn","J30","2026-05-18","2026-05-23","Eliminado","R32","","https://www.itftennis.com/en/tournament/j30-tallinn/est/2026/j-j30-est-2026-003/draws-and-results/","Encontrado na ITF (MD); leitura do draw: ITF API: derrota encontrada."
"frans-ronnholm","Frans Ronnholm","Doubles","J30 Tallinn","J30","2026-05-18","2026-05-23","Eliminado","R32","","https://www.itftennis.com/en/tournament/j30-tallinn/est/2026/j-j30-est-2026-003/draws-and-results/","Encontrado na ITF; leitura do draw de duplas: ITF API: derrota encontrada."
"frans-ronnholm","Frans Ronnholm","Singles","J30 Tallinn","J30","2026-05-18","2026-05-23","Eliminado","R64","","https://www.itftennis.com/en/tournament/j30-tallinn/est/2026/j-j30-est-2026-003/draws-and-results/","Encontrado na ITF (MD); leitura do draw: ITF API: derrota encontrada."
"greta-klimaviciute","Greta Klimaviciute","Singles","J30 Tallinn","J30","2026-05-18","2026-05-23","Eliminado","R64","","https://www.itftennis.com/en/tournament/j30-tallinn/est/2026/j-j30-est-2026-003/draws-and-results/","Encontrado na ITF (MD); leitura do draw: ITF API: derrota encontrada."
"guste-matulionyte","Guste Matulionyte","Doubles","J30 Tallinn","J30","2026-05-18","2026-05-23","Eliminado","R32","","https://www.itftennis.com/en/tournament/j30-tallinn/est/2026/j-j30-est-2026-003/draws-and-results/","Encontrado na ITF; leitura do draw de duplas: ITF API: derrota encontrada."
"guste-matulionyte","Guste Matulionyte","Singles","J30 Tallinn","J30","2026-05-18","2026-05-23","Eliminado","R64","","https://www.itftennis.com/en/tournament/j30-tallinn/est/2026/j-j30-est-2026-003/draws-and-results/","Encontrado na ITF (MD); leitura do draw: ITF API: derrota encontrada."
"hannah-schwaiger","Hannah Schwaiger","Doubles","J30 Tallinn","J30","2026-05-18","2026-05-23","Eliminado","F","","https://www.itftennis.com/en/tournament/j30-tallinn/est/2026/j-j30-est-2026-003/draws-and-results/","Encontrado na ITF; leitura do draw de duplas: ITF API: derrota encontrada."
"hannah-schwaiger","Hannah Schwaiger","Singles","J30 Tallinn","J30","2026-05-18","2026-05-23","Eliminado","QF","","https://www.itftennis.com/en/tournament/j30-tallinn/est/2026/j-j30-est-2026-003/draws-and-results/","Encontrado na ITF (MD); leitura do draw: ITF API: derrota encontrada."
"hans-thomas-teiv","Hans Thomas Teiv","Doubles","J30 Tallinn","J30","2026-05-18","2026-05-23","Eliminado","R32","","https://www.itftennis.com/en/tournament/j30-tallinn/est/2026/j-j30-est-2026-003/draws-and-results/","Encontrado na ITF; leitura do draw de duplas: ITF API: derrota encontrada."
"henriette-jarv","Henriette Jarv","Singles","J30 Tallinn","J30","2026-05-18","2026-05-23","Eliminado","Q2","","https://www.itftennis.com/en/tournament/j30-tallinn/est/2026/j-j30-est-2026-003/draws-and-results/","Encontrado na ITF (Q); leitura do draw: ITF API: derrota encontrada."
"hugo-narmont","Hugo Narmont","Doubles","J30 Tallinn","J30","2026-05-18","2026-05-23","Ativo","W","","https://www.itftennis.com/en/tournament/j30-tallinn/est/2026/j-j30-est-2026-003/draws-and-results/","Encontrado na ITF; leitura do draw de duplas: ITF API: vitoria encontrada."
"hugo-narmont","Hugo Narmont","Singles","J30 Tallinn","J30","2026-05-18","2026-05-23","Eliminado","SF","","https://www.itftennis.com/en/tournament/j30-tallinn/est/2026/j-j30-est-2026-003/draws-and-results/","Encontrado na ITF (MD); leitura do draw: ITF API: derrota encontrada."
"hugo-thor-teiv","Hugo Thor Teiv","Doubles","J30 Tallinn","J30","2026-05-18","2026-05-23","Eliminado","R32","","https://www.itftennis.com/en/tournament/j30-tallinn/est/2026/j-j30-est-2026-003/draws-and-results/","Encontrado na ITF; leitura do draw de duplas: ITF API: derrota encontrada."
"hugo-thor-teiv","Hugo Thor Teiv","Singles","J30 Tallinn","J30","2026-05-18","2026-05-23","Eliminado","R64","","https://www.itftennis.com/en/tournament/j30-tallinn/est/2026/j-j30-est-2026-003/draws-and-results/","Encontrado na ITF (MD); leitura do draw: ITF API: derrota encontrada."
"jan-elmar-sarapik","Jan-Elmar Sarapik","Doubles","J30 Tallinn","J30","2026-05-18","2026-05-23","Eliminado","F","","https://www.itftennis.com/en/tournament/j30-tallinn/est/2026/j-j30-est-2026-003/draws-and-results/","Encontrado na ITF; leitura do draw de duplas: ITF API: derrota encontrada."
"johann-juergen-huenerson","Johann Juergen Huenerson","Doubles","J30 Tallinn","J30","2026-05-18","2026-05-23","Eliminado","R32","","https://www.itftennis.com/en/tournament/j30-tallinn/est/2026/j-j30-est-2026-003/draws-and-results/","Encontrado na ITF; leitura do draw de duplas: ITF API: derrota encontrada."
"johann-juergen-huenerson","Johann Juergen Huenerson","Singles","J30 Tallinn","J30","2026-05-18","2026-05-23","Eliminado","R32","","https://www.itftennis.com/en/tournament/j30-tallinn/est/2026/j-j30-est-2026-003/draws-and-results/","Encontrado na ITF (MD); leitura do draw: ITF API: derrota encontrada."
"julia-debicka","Julia Debicka","Doubles","J30 Tallinn","J30","2026-05-18","2026-05-23","Eliminado","QF","","https://www.itftennis.com/en/tournament/j30-tallinn/est/2026/j-j30-est-2026-003/draws-and-results/","Encontrado na ITF; leitura do draw de duplas: ITF API: derrota encontrada."
"julia-debicka","Julia Debicka","Singles","J30 Tallinn","J30","2026-05-18","2026-05-23","Eliminado","SF","","https://www.itftennis.com/en/tournament/j30-tallinn/est/2026/j-j30-est-2026-003/draws-and-results/","Encontrado na ITF (MD); leitura do draw: ITF API: derrota encontrada."
"juozas-juozapavicius","Juozas Juozapavicius","Doubles","J30 Tallinn","J30","2026-05-18","2026-05-23","Eliminado","R32","","https://www.itftennis.com/en/tournament/j30-tallinn/est/2026/j-j30-est-2026-003/draws-and-results/","Encontrado na ITF; leitura do draw de duplas: ITF API: derrota encontrada."
"juozas-juozapavicius","Juozas Juozapavicius","Singles","J30 Tallinn","J30","2026-05-18","2026-05-23","Eliminado","R64","","https://www.itftennis.com/en/tournament/j30-tallinn/est/2026/j-j30-est-2026-003/draws-and-results/","Encontrado na ITF (MD); leitura do draw: ITF API: derrota encontrada."
"kalina-zielinska","Kalina Zielinska","Singles","J30 Tallinn","J30","2026-05-18","2026-05-23","Eliminado","R32","","https://www.itftennis.com/en/tournament/j30-tallinn/est/2026/j-j30-est-2026-003/draws-and-results/","Encontrado na ITF (MD); leitura do draw: ITF API: derrota encontrada."
"kalle-ollila","Kalle Ollila","Singles","J30 Tallinn","J30","2026-05-18","2026-05-23","Eliminado","R32","","https://www.itftennis.com/en/tournament/j30-tallinn/est/2026/j-j30-est-2026-003/draws-and-results/","Encontrado na ITF (MD); leitura do draw: ITF API: derrota encontrada."
"kerola-gulbe","Kerola Gulbe","Singles","J30 Tallinn","J30","2026-05-18","2026-05-23","Eliminado","Q2","","https://www.itftennis.com/en/tournament/j30-tallinn/est/2026/j-j30-est-2026-003/draws-and-results/","Encontrado na ITF (Q); leitura do draw: ITF API: derrota encontrada."
"kiira-pashkov","Kiira Pashkov","Doubles","J30 Tallinn","J30","2026-05-18","2026-05-23","Ativo","W","","https://www.itftennis.com/en/tournament/j30-tallinn/est/2026/j-j30-est-2026-003/draws-and-results/","Encontrado na ITF; leitura do draw de duplas: ITF API: vitoria encontrada."
"kiira-pashkov","Kiira Pashkov","Singles","J30 Tallinn","J30","2026-05-18","2026-05-23","Ativo","W","","https://www.itftennis.com/en/tournament/j30-tallinn/est/2026/j-j30-est-2026-003/draws-and-results/","Encontrado na ITF (MD); leitura do draw: ITF API: vitoria encontrada."
"krete-visnapuu","Krete Visnapuu","Doubles","J30 Tallinn","J30","2026-05-18","2026-05-23","Eliminado","R32","","https://www.itftennis.com/en/tournament/j30-tallinn/est/2026/j-j30-est-2026-003/draws-and-results/","Encontrado na ITF; leitura do draw de duplas: ITF API: derrota encontrada."
"krete-visnapuu","Krete Visnapuu","Singles","J30 Tallinn","J30","2026-05-18","2026-05-23","Eliminado","Q1","","https://www.itftennis.com/en/tournament/j30-tallinn/est/2026/j-j30-est-2026-003/draws-and-results/","Encontrado na ITF (MD); leitura do draw: ITF API: derrota encontrada."
"kristian-ruudi-sepp","Kristian Ruudi Sepp","Doubles","J30 Tallinn","J30","2026-05-18","2026-05-23","Eliminado","R32","","https://www.itftennis.com/en/tournament/j30-tallinn/est/2026/j-j30-est-2026-003/draws-and-results/","Encontrado na ITF; leitura do draw de duplas: ITF API: derrota encontrada."
"kristian-ruudi-sepp","Kristian Ruudi Sepp","Singles","J30 Tallinn","J30","2026-05-18","2026-05-23","Eliminado","R64","","https://www.itftennis.com/en/tournament/j30-tallinn/est/2026/j-j30-est-2026-003/draws-and-results/","Encontrado na ITF (MD); leitura do draw: ITF API: derrota encontrada."
"kristo-vellerand","Kristo Vellerand","Doubles","J30 Tallinn","J30","2026-05-18","2026-05-23","Eliminado","SF","","https://www.itftennis.com/en/tournament/j30-tallinn/est/2026/j-j30-est-2026-003/draws-and-results/","Encontrado na ITF; leitura do draw de duplas: ITF API: derrota encontrada."
"kristo-vellerand","Kristo Vellerand","Singles","J30 Tallinn","J30","2026-05-18","2026-05-23","Eliminado","R64","","https://www.itftennis.com/en/tournament/j30-tallinn/est/2026/j-j30-est-2026-003/draws-and-results/","Encontrado na ITF (MD); leitura do draw: ITF API: derrota encontrada."
"kristofers-krumins","Kristofers Krumins","Doubles","J30 Tallinn","J30","2026-05-18","2026-05-23","Eliminado","R32","","https://www.itftennis.com/en/tournament/j30-tallinn/est/2026/j-j30-est-2026-003/draws-and-results/","Encontrado na ITF; leitura do draw de duplas: ITF API: derrota encontrada."
"kristofers-krumins","Kristofers Krumins","Singles","J30 Tallinn","J30","2026-05-18","2026-05-23","Eliminado","R64","","https://www.itftennis.com/en/tournament/j30-tallinn/est/2026/j-j30-est-2026-003/draws-and-results/","Encontrado na ITF (MD); leitura do draw: ITF API: derrota encontrada."
"ksenia-semjonova","Ksenia Semjonova","Singles","J30 Tallinn","J30","2026-05-18","2026-05-23","Eliminado","Q3","","https://www.itftennis.com/en/tournament/j30-tallinn/est/2026/j-j30-est-2026-003/draws-and-results/","Encontrado na ITF (Q); leitura do draw: ITF API: derrota encontrada."
"laurits-oestergaard","Laurits Oestergaard","Singles","J30 Tallinn","J30","2026-05-18","2026-05-23","Eliminado","R64","","https://www.itftennis.com/en/tournament/j30-tallinn/est/2026/j-j30-est-2026-003/draws-and-results/","Encontrado na ITF (MD); leitura do draw: ITF API: derrota encontrada."
"liepa-klimaviciute","Liepa Klimaviciute","Singles","J30 Tallinn","J30","2026-05-18","2026-05-23","Eliminado","Q2","","https://www.itftennis.com/en/tournament/j30-tallinn/est/2026/j-j30-est-2026-003/draws-and-results/","Encontrado na ITF (Q); leitura do draw: ITF API: derrota encontrada."
"lisette-leppik","Lisette Leppik","Doubles","J30 Tallinn","J30","2026-05-18","2026-05-23","Eliminado","QF","","https://www.itftennis.com/en/tournament/j30-tallinn/est/2026/j-j30-est-2026-003/draws-and-results/","Encontrado na ITF; leitura do draw de duplas: ITF API: derrota encontrada."
"lisette-leppik","Lisette Leppik","Singles","J30 Tallinn","J30","2026-05-18","2026-05-23","Eliminado","R64","","https://www.itftennis.com/en/tournament/j30-tallinn/est/2026/j-j30-est-2026-003/draws-and-results/","Encontrado na ITF (MD); leitura do draw: ITF API: derrota encontrada."
"luukas-raudkivi","Luukas Raudkivi","Doubles","J30 Tallinn","J30","2026-05-18","2026-05-23","Ativo","W","","https://www.itftennis.com/en/tournament/j30-tallinn/est/2026/j-j30-est-2026-003/draws-and-results/","Encontrado na ITF; leitura do draw de duplas: ITF API: vitoria encontrada."
"luukas-raudkivi","Luukas Raudkivi","Singles","J30 Tallinn","J30","2026-05-18","2026-05-23","Eliminado","R32","","https://www.itftennis.com/en/tournament/j30-tallinn/est/2026/j-j30-est-2026-003/draws-and-results/","Encontrado na ITF (MD); leitura do draw: ITF API: derrota encontrada."
"maja-maksimowicz","Maja Maksimowicz","Singles","J30 Tallinn","J30","2026-05-18","2026-05-23","Eliminado","Q2","","https://www.itftennis.com/en/tournament/j30-tallinn/est/2026/j-j30-est-2026-003/draws-and-results/","Encontrado na ITF (Q); leitura do draw: ITF API: derrota encontrada."
"margarita-novik","Margarita Novik","Doubles","J30 Tallinn","J30","2026-05-18","2026-05-23","Eliminado","QF","","https://www.itftennis.com/en/tournament/j30-tallinn/est/2026/j-j30-est-2026-003/draws-and-results/","Encontrado na ITF; leitura do draw de duplas: ITF API: derrota encontrada."
"margarita-novik","Margarita Novik","Singles","J30 Tallinn","J30","2026-05-18","2026-05-23","Eliminado","QF","","https://www.itftennis.com/en/tournament/j30-tallinn/est/2026/j-j30-est-2026-003/draws-and-results/","Encontrado na ITF (MD); leitura do draw: ITF API: derrota encontrada."
"maria-manethe-irdoja","Maria Manethe IRDOJA","Singles","J30 Tallinn","J30","2026-05-18","2026-05-23","Eliminado","R32","","https://www.itftennis.com/en/tournament/j30-tallinn/est/2026/j-j30-est-2026-003/draws-and-results/","Encontrado na ITF (MD); leitura do draw: ITF API: derrota encontrada."
"marie-johanna-lapimaa","Marie Johanna Lapimaa","Doubles","J30 Tallinn","J30","2026-05-18","2026-05-23","Ativo","W","","https://www.itftennis.com/en/tournament/j30-tallinn/est/2026/j-j30-est-2026-003/draws-and-results/","Encontrado na ITF; leitura do draw de duplas: ITF API: vitoria encontrada."
"marie-johanna-lapimaa","Marie Johanna Lapimaa","Singles","J30 Tallinn","J30","2026-05-18","2026-05-23","Eliminado","F","","https://www.itftennis.com/en/tournament/j30-tallinn/est/2026/j-j30-est-2026-003/draws-and-results/","Encontrado na ITF (MD); leitura do draw: ITF API: derrota encontrada."
"marie-roomussaar","Marie Roomussaar","Singles","J30 Tallinn","J30","2026-05-18","2026-05-23","Eliminado","Q2","","https://www.itftennis.com/en/tournament/j30-tallinn/est/2026/j-j30-est-2026-003/draws-and-results/","Encontrado na ITF (Q); leitura do draw: ITF API: derrota encontrada."
"marta-vellerand","Marta Vellerand","Doubles","J30 Tallinn","J30","2026-05-18","2026-05-23","Eliminado","QF","","https://www.itftennis.com/en/tournament/j30-tallinn/est/2026/j-j30-est-2026-003/draws-and-results/","Encontrado na ITF; leitura do draw de duplas: ITF API: derrota encontrada."
"marta-vellerand","Marta Vellerand","Singles","J30 Tallinn","J30","2026-05-18","2026-05-23","Eliminado","Q2","","https://www.itftennis.com/en/tournament/j30-tallinn/est/2026/j-j30-est-2026-003/draws-and-results/","Encontrado na ITF (MD); leitura do draw: ITF API: derrota encontrada."
"maximilian-schlawitz","Maximilian Schlawitz","Singles","J30 Tallinn","J30","2026-05-18","2026-05-23","Eliminado","R64","","https://www.itftennis.com/en/tournament/j30-tallinn/est/2026/j-j30-est-2026-003/draws-and-results/","Encontrado na ITF (MD); leitura do draw: ITF API: derrota encontrada."
"mette-maria-jurvetson","Mette Maria Jurvetson","Doubles","J30 Tallinn","J30","2026-05-18","2026-05-23","Eliminado","R32","","https://www.itftennis.com/en/tournament/j30-tallinn/est/2026/j-j30-est-2026-003/draws-and-results/","Encontrado na ITF; leitura do draw de duplas: ITF API: derrota encontrada."
"mette-maria-jurvetson","Mette Maria Jurvetson","Singles","J30 Tallinn","J30","2026-05-18","2026-05-23","Eliminado","R64","","https://www.itftennis.com/en/tournament/j30-tallinn/est/2026/j-j30-est-2026-003/draws-and-results/","Encontrado na ITF (MD); leitura do draw: ITF API: derrota encontrada."
"mia-elise-pink","Mia Elise Pink","Doubles","J30 Tallinn","J30","2026-05-18","2026-05-23","Eliminado","QF","","https://www.itftennis.com/en/tournament/j30-tallinn/est/2026/j-j30-est-2026-003/draws-and-results/","Encontrado na ITF; leitura do draw de duplas: ITF API: derrota encontrada."
"mia-elise-pink","Mia Elise Pink","Singles","J30 Tallinn","J30","2026-05-18","2026-05-23","Eliminado","R64","","https://www.itftennis.com/en/tournament/j30-tallinn/est/2026/j-j30-est-2026-003/draws-and-results/","Encontrado na ITF (MD); leitura do draw: ITF API: derrota encontrada."
"miia-mihailov","Miia Mihailov","Singles","J30 Tallinn","J30","2026-05-18","2026-05-23","Eliminado","R32","","https://www.itftennis.com/en/tournament/j30-tallinn/est/2026/j-j30-est-2026-003/draws-and-results/","Encontrado na ITF (MD); leitura do draw: ITF API: derrota encontrada."
"mile-cibulskyte","Mile Cibulskyte","Singles","J30 Tallinn","J30","2026-05-18","2026-05-23","Eliminado","R32","","https://www.itftennis.com/en/tournament/j30-tallinn/est/2026/j-j30-est-2026-003/draws-and-results/","Encontrado na ITF (MD); leitura do draw: ITF API: derrota encontrada."
"mina-kondo","Mina Kondo","Doubles","J30 Tallinn","J30","2026-05-18","2026-05-23","Eliminado","R32","","https://www.itftennis.com/en/tournament/j30-tallinn/est/2026/j-j30-est-2026-003/draws-and-results/","Encontrado na ITF; leitura do draw de duplas: ITF API: derrota encontrada."
"mina-kondo","Mina Kondo","Singles","J30 Tallinn","J30","2026-05-18","2026-05-23","Eliminado","R32","","https://www.itftennis.com/en/tournament/j30-tallinn/est/2026/j-j30-est-2026-003/draws-and-results/","Encontrado na ITF (MD); leitura do draw: ITF API: derrota encontrada."
"moritz-freitag","Moritz Freitag","Doubles","J30 Tallinn","J30","2026-05-18","2026-05-23","Eliminado","QF","","https://www.itftennis.com/en/tournament/j30-tallinn/est/2026/j-j30-est-2026-003/draws-and-results/","Encontrado na ITF; leitura do draw de duplas: ITF API: derrota encontrada."
"moritz-freitag","Moritz Freitag","Singles","J30 Tallinn","J30","2026-05-18","2026-05-23","Ativo","W","","https://www.itftennis.com/en/tournament/j30-tallinn/est/2026/j-j30-est-2026-003/draws-and-results/","Encontrado na ITF (MD); leitura do draw: ITF API: vitoria encontrada."
"otto-herman-pikk","Otto Herman Pikk","Doubles","J30 Tallinn","J30","2026-05-18","2026-05-23","Eliminado","R32","","https://www.itftennis.com/en/tournament/j30-tallinn/est/2026/j-j30-est-2026-003/draws-and-results/","Encontrado na ITF; leitura do draw de duplas: ITF API: derrota encontrada."
"otto-herman-pikk","Otto Herman Pikk","Singles","J30 Tallinn","J30","2026-05-18","2026-05-23","Eliminado","R32","","https://www.itftennis.com/en/tournament/j30-tallinn/est/2026/j-j30-est-2026-003/draws-and-results/","Encontrado na ITF (MD); leitura do draw: ITF API: derrota encontrada."
"patrick-grigore","Patrick Grigore","Doubles","J30 Tallinn","J30","2026-05-18","2026-05-23","Eliminado","QF","","https://www.itftennis.com/en/tournament/j30-tallinn/est/2026/j-j30-est-2026-003/draws-and-results/","Encontrado na ITF; leitura do draw de duplas: ITF API: derrota encontrada."
"patrick-grigore","Patrick Grigore","Singles","J30 Tallinn","J30","2026-05-18","2026-05-23","Eliminado","R64","","https://www.itftennis.com/en/tournament/j30-tallinn/est/2026/j-j30-est-2026-003/draws-and-results/","Encontrado na ITF (MD); leitura do draw: ITF API: derrota encontrada."
"ralfs-upenieks","Ralfs Upenieks","Doubles","J30 Tallinn","J30","2026-05-18","2026-05-23","Eliminado","R32","","https://www.itftennis.com/en/tournament/j30-tallinn/est/2026/j-j30-est-2026-003/draws-and-results/","Encontrado na ITF; leitura do draw de duplas: ITF API: derrota encontrada."
"ralfs-upenieks","Ralfs Upenieks","Singles","J30 Tallinn","J30","2026-05-18","2026-05-23","Eliminado","QF","","https://www.itftennis.com/en/tournament/j30-tallinn/est/2026/j-j30-est-2026-003/draws-and-results/","Encontrado na ITF (MD); leitura do draw: ITF API: derrota encontrada."
"robin-rait-rikberg","Robin Rait Rikberg","Doubles","J30 Tallinn","J30","2026-05-18","2026-05-23","Eliminado","QF","","https://www.itftennis.com/en/tournament/j30-tallinn/est/2026/j-j30-est-2026-003/draws-and-results/","Encontrado na ITF; leitura do draw de duplas: ITF API: derrota encontrada."
"robin-rait-rikberg","Robin Rait Rikberg","Singles","J30 Tallinn","J30","2026-05-18","2026-05-23","Eliminado","R32","","https://www.itftennis.com/en/tournament/j30-tallinn/est/2026/j-j30-est-2026-003/draws-and-results/","Encontrado na ITF (MD); leitura do draw: ITF API: derrota encontrada."
"simona-sepp","Simona Sepp","Doubles","J30 Tallinn","J30","2026-05-18","2026-05-23","Eliminado","R32","","https://www.itftennis.com/en/tournament/j30-tallinn/est/2026/j-j30-est-2026-003/draws-and-results/","Encontrado na ITF; leitura do draw de duplas: ITF API: derrota encontrada."
"simona-sepp","Simona Sepp","Singles","J30 Tallinn","J30","2026-05-18","2026-05-23","Eliminado","R64","","https://www.itftennis.com/en/tournament/j30-tallinn/est/2026/j-j30-est-2026-003/draws-and-results/","Encontrado na ITF (MD); leitura do draw: ITF API: derrota encontrada."
"sisu-makinen","Sisu Makinen","Doubles","J30 Tallinn","J30","2026-05-18","2026-05-23","Eliminado","R32","","https://www.itftennis.com/en/tournament/j30-tallinn/est/2026/j-j30-est-2026-003/draws-and-results/","Encontrado na ITF; leitura do draw de duplas: ITF API: derrota encontrada."
"sisu-makinen","Sisu Makinen","Singles","J30 Tallinn","J30","2026-05-18","2026-05-23","Eliminado","R32","","https://www.itftennis.com/en/tournament/j30-tallinn/est/2026/j-j30-est-2026-003/draws-and-results/","Encontrado na ITF (MD); leitura do draw: ITF API: derrota encontrada."
"sofie-jirakova","Sofie Jirakova","Doubles","J30 Tallinn","J30","2026-05-18","2026-05-23","Eliminado","F","","https://www.itftennis.com/en/tournament/j30-tallinn/est/2026/j-j30-est-2026-003/draws-and-results/","Encontrado na ITF; leitura do draw de duplas: ITF API: derrota encontrada."
"sofie-jirakova","Sofie Jirakova","Singles","J30 Tallinn","J30","2026-05-18","2026-05-23","Eliminado","R32","","https://www.itftennis.com/en/tournament/j30-tallinn/est/2026/j-j30-est-2026-003/draws-and-results/","Encontrado na ITF (MD); leitura do draw: ITF API: derrota encontrada."
"sonia-sirenius","Sonia Sirenius","Doubles","J30 Tallinn","J30","2026-05-18","2026-05-23","Eliminado","R32","","https://www.itftennis.com/en/tournament/j30-tallinn/est/2026/j-j30-est-2026-003/draws-and-results/","Encontrado na ITF; leitura do draw de duplas: ITF API: derrota encontrada."
"sonia-sirenius","Sonia Sirenius","Singles","J30 Tallinn","J30","2026-05-18","2026-05-23","Eliminado","R64","","https://www.itftennis.com/en/tournament/j30-tallinn/est/2026/j-j30-est-2026-003/draws-and-results/","Encontrado na ITF (MD); leitura do draw: ITF API: derrota encontrada."
"tomass-dalderis","Tomass Dalderis","Doubles","J30 Tallinn","J30","2026-05-18","2026-05-23","Eliminado","SF","","https://www.itftennis.com/en/tournament/j30-tallinn/est/2026/j-j30-est-2026-003/draws-and-results/","Encontrado na ITF; leitura do draw de duplas: ITF API: derrota encontrada."
"tomass-dalderis","Tomass Dalderis","Singles","J30 Tallinn","J30","2026-05-18","2026-05-23","Eliminado","SF","","https://www.itftennis.com/en/tournament/j30-tallinn/est/2026/j-j30-est-2026-003/draws-and-results/","Encontrado na ITF (MD); leitura do draw: ITF API: derrota encontrada."
"vaclav-barina","VACLAV BARINA","Doubles","J30 Tallinn","J30","2026-05-18","2026-05-23","Eliminado","R32","","https://www.itftennis.com/en/tournament/j30-tallinn/est/2026/j-j30-est-2026-003/draws-and-results/","Encontrado na ITF; leitura do draw de duplas: ITF API: derrota encontrada."
"vaclav-barina","VACLAV BARINA","Singles","J30 Tallinn","J30","2026-05-18","2026-05-23","Eliminado","QF","","https://www.itftennis.com/en/tournament/j30-tallinn/est/2026/j-j30-est-2026-003/draws-and-results/","Encontrado na ITF (MD); leitura do draw: ITF API: derrota encontrada."
"varvara-trifonova","Varvara Trifonova","Doubles","J30 Tallinn","J30","2026-05-18","2026-05-23","Eliminado","R32","","https://www.itftennis.com/en/tournament/j30-tallinn/est/2026/j-j30-est-2026-003/draws-and-results/","Encontrado na ITF; leitura do draw de duplas: ITF API: derrota encontrada."
"varvara-trifonova","Varvara Trifonova","Singles","J30 Tallinn","J30","2026-05-18","2026-05-23","Eliminado","R64","","https://www.itftennis.com/en/tournament/j30-tallinn/est/2026/j-j30-est-2026-003/draws-and-results/","Encontrado na ITF (MD); leitura do draw: ITF API: derrota encontrada."
"vasare-stanaityte","Vasare Stanaityte","Doubles","J30 Tallinn","J30","2026-05-18","2026-05-23","Eliminado","SF","","https://www.itftennis.com/en/tournament/j30-tallinn/est/2026/j-j30-est-2026-003/draws-and-results/","Encontrado na ITF; leitura do draw de duplas: ITF API: derrota encontrada."
"vasare-stanaityte","Vasare Stanaityte","Singles","J30 Tallinn","J30","2026-05-18","2026-05-23","Eliminado","R64","","https://www.itftennis.com/en/tournament/j30-tallinn/est/2026/j-j30-est-2026-003/draws-and-results/","Encontrado na ITF (MD); leitura do draw: ITF API: derrota encontrada."
"viktoria-sidorenkova","Viktoria Sidorenkova","Singles","J30 Tallinn","J30","2026-05-18","2026-05-23","Eliminado","QF","","https://www.itftennis.com/en/tournament/j30-tallinn/est/2026/j-j30-est-2026-003/draws-and-results/","Encontrado na ITF (MD); leitura do draw: ITF API: derrota encontrada."
"wilhelmina-lindorff","Wilhelmina Lindorff","Doubles","J30 Tallinn","J30","2026-05-18","2026-05-23","Eliminado","SF","","https://www.itftennis.com/en/tournament/j30-tallinn/est/2026/j-j30-est-2026-003/draws-and-results/","Encontrado na ITF; leitura do draw de duplas: ITF API: derrota encontrada."
"wilhelmina-lindorff","Wilhelmina Lindorff","Singles","J30 Tallinn","J30","2026-05-18","2026-05-23","Eliminado","R64","","https://www.itftennis.com/en/tournament/j30-tallinn/est/2026/j-j30-est-2026-003/draws-and-results/","Encontrado na ITF (MD); leitura do draw: ITF API: derrota encontrada."
"william-silvstedt-warholm","William Silvstedt Warholm","Doubles","J30 Tallinn","J30","2026-05-18","2026-05-23","Eliminado","QF","","https://www.itftennis.com/en/tournament/j30-tallinn/est/2026/j-j30-est-2026-003/draws-and-results/","Encontrado na ITF; leitura do draw de duplas: ITF API: derrota encontrada."
"william-silvstedt-warholm","William Silvstedt Warholm","Singles","J30 Tallinn","J30","2026-05-18","2026-05-23","Eliminado","QF","","https://www.itftennis.com/en/tournament/j30-tallinn/est/2026/j-j30-est-2026-003/draws-and-results/","Encontrado na ITF (MD); leitura do draw: ITF API: derrota encontrada."
"yaroslav-makovetsky","Yaroslav Makovetsky","Singles","J30 Tallinn","J30","2026-05-18","2026-05-23","Eliminado","R64","","https://www.itftennis.com/en/tournament/j30-tallinn/est/2026/j-j30-est-2026-003/draws-and-results/","Encontrado na ITF (MD); leitura do draw: ITF API: derrota encontrada."
"zofia-jaruga","Zofia Jaruga","Doubles","J30 Tallinn","J30","2026-05-18","2026-05-23","Eliminado","QF","","https://www.itftennis.com/en/tournament/j30-tallinn/est/2026/j-j30-est-2026-003/draws-and-results/","Encontrado na ITF; leitura do draw de duplas: ITF API: derrota encontrada."
"zofia-jaruga","Zofia Jaruga","Singles","J30 Tallinn","J30","2026-05-18","2026-05-23","Eliminado","R64","","https://www.itftennis.com/en/tournament/j30-tallinn/est/2026/j-j30-est-2026-003/draws-and-results/","Encontrado na ITF (MD); leitura do draw: ITF API: derrota encontrada."
"zosia-bielus","Zosia Bielus","Doubles","J30 Tallinn","J30","2026-05-18","2026-05-23","Eliminado","SF","","https://www.itftennis.com/en/tournament/j30-tallinn/est/2026/j-j30-est-2026-003/draws-and-results/","Encontrado na ITF; leitura do draw de duplas: ITF API: derrota encontrada."
"zosia-bielus","Zosia Bielus","Singles","J30 Tallinn","J30","2026-05-18","2026-05-23","Eliminado","R32","","https://www.itftennis.com/en/tournament/j30-tallinn/est/2026/j-j30-est-2026-003/draws-and-results/","Encontrado na ITF (MD); leitura do draw: ITF API: derrota encontrada."
"aidan-gionis","Aidan Gionis","Singles","J30 Tirana","J30","2026-05-18","2026-05-23","Eliminado","Q2","","https://www.itftennis.com/en/tournament/j30-tirana/alb/2026/j-j30-alb-2026-002/draws-and-results/","Encontrado na ITF (Q); leitura do draw: ITF API: derrota encontrada."
"aiym-kanagatova","Aiym Kanagatova","Doubles","J30 Tirana","J30","2026-05-18","2026-05-23","Eliminado","R32","","https://www.itftennis.com/en/tournament/j30-tirana/alb/2026/j-j30-alb-2026-002/draws-and-results/","Encontrado na ITF; leitura do draw de duplas: ITF API: derrota encontrada."
"alessandro-riccardi","Alessandro Riccardi","Singles","J30 Tirana","J30","2026-05-18","2026-05-23","Eliminado","Q1","","https://www.itftennis.com/en/tournament/j30-tirana/alb/2026/j-j30-alb-2026-002/draws-and-results/","Encontrado na ITF (Q); leitura do draw: ITF API: derrota encontrada."
"alessia-caselli","Alessia Caselli","Doubles","J30 Tirana","J30","2026-05-18","2026-05-23","Eliminado","R32","","https://www.itftennis.com/en/tournament/j30-tirana/alb/2026/j-j30-alb-2026-002/draws-and-results/","Encontrado na ITF; leitura do draw de duplas: ITF API: derrota encontrada."
"alex-prifti","Alex Prifti","Singles","J30 Tirana","J30","2026-05-18","2026-05-23","Eliminado","R64","","https://www.itftennis.com/en/tournament/j30-tirana/alb/2026/j-j30-alb-2026-002/draws-and-results/","Encontrado na ITF (MD); leitura do draw: ITF API: derrota encontrada."
"alexander-van-san","Alexander Van San","Singles","J30 Tirana","J30","2026-05-18","2026-05-23","Eliminado","Q1","","https://www.itftennis.com/en/tournament/j30-tirana/alb/2026/j-j30-alb-2026-002/draws-and-results/","Encontrado na ITF (Q); leitura do draw: ITF API: derrota encontrada."
"alice-di-santo","Alice Di Santo","Singles","J30 Tirana","J30","2026-05-18","2026-05-23","Eliminado","Q1","","https://www.itftennis.com/en/tournament/j30-tirana/alb/2026/j-j30-alb-2026-002/draws-and-results/","Encontrado na ITF (Q); leitura do draw: ITF API: derrota encontrada."
"alice-sclafani","Alice Sclafani","Doubles","J30 Tirana","J30","2026-05-18","2026-05-23","Eliminado","R32","","https://www.itftennis.com/en/tournament/j30-tirana/alb/2026/j-j30-alb-2026-002/draws-and-results/","Encontrado na ITF; leitura do draw de duplas: ITF API: derrota encontrada."
"altea-hajrizi","Altea Hajrizi","Doubles","J30 Tirana","J30","2026-05-18","2026-05-23","Eliminado","R32","","https://www.itftennis.com/en/tournament/j30-tirana/alb/2026/j-j30-alb-2026-002/draws-and-results/","Encontrado na ITF; leitura do draw de duplas: ITF API: derrota encontrada."
"anna-lou-bottosso","Anna Lou Bottosso","Doubles","J30 Tirana","J30","2026-05-18","2026-05-23","Eliminado","SF","","https://www.itftennis.com/en/tournament/j30-tirana/alb/2026/j-j30-alb-2026-002/draws-and-results/","Encontrado na ITF; leitura do draw de duplas: ITF API: derrota encontrada."
"anna-lou-bottosso","Anna Lou Bottosso","Singles","J30 Tirana","J30","2026-05-18","2026-05-23","Ativo","Q3","","https://www.itftennis.com/en/tournament/j30-tirana/alb/2026/j-j30-alb-2026-002/draws-and-results/","Encontrado na ITF (MD); leitura do draw: ITF API: vitoria encontrada."
"antonia-bell","Antonia Bell","Doubles","J30 Tirana","J30","2026-05-18","2026-05-23","Eliminado","QF","","https://www.itftennis.com/en/tournament/j30-tirana/alb/2026/j-j30-alb-2026-002/draws-and-results/","Encontrado na ITF; leitura do draw de duplas: ITF API: derrota encontrada."
"antonio-genduso-genduso","Antonio Genduso Genduso","Doubles","J30 Tirana","J30","2026-05-18","2026-05-23","Eliminado","R32","","https://www.itftennis.com/en/tournament/j30-tirana/alb/2026/j-j30-alb-2026-002/draws-and-results/","Encontrado na ITF; leitura do draw de duplas: ITF API: derrota encontrada."
"antonio-genduso-genduso","Antonio Genduso Genduso","Singles","J30 Tirana","J30","2026-05-18","2026-05-23","Eliminado","Q3","","https://www.itftennis.com/en/tournament/j30-tirana/alb/2026/j-j30-alb-2026-002/draws-and-results/","Encontrado na ITF (MD); leitura do draw: ITF API: derrota encontrada."
"arber-dano","Arber Dano","Doubles","J30 Tirana","J30","2026-05-18","2026-05-23","Eliminado","R32","","https://www.itftennis.com/en/tournament/j30-tirana/alb/2026/j-j30-alb-2026-002/draws-and-results/","Encontrado na ITF; leitura do draw de duplas: ITF API: derrota encontrada."
"arber-dano","Arber Dano","Singles","J30 Tirana","J30","2026-05-18","2026-05-23","Eliminado","R64","","https://www.itftennis.com/en/tournament/j30-tirana/alb/2026/j-j30-alb-2026-002/draws-and-results/","Encontrado na ITF (MD); leitura do draw: ITF API: derrota encontrada."
"ares-ferhati","Ares Ferhati","Singles","J30 Tirana","J30","2026-05-18","2026-05-23","Eliminado","Q1","","https://www.itftennis.com/en/tournament/j30-tirana/alb/2026/j-j30-alb-2026-002/draws-and-results/","Encontrado na ITF (Q); leitura do draw: ITF API: derrota encontrada."
"ariel-sulovari","ARIEL SULOVARI","Doubles","J30 Tirana","J30","2026-05-18","2026-05-23","Eliminado","R32","","https://www.itftennis.com/en/tournament/j30-tirana/alb/2026/j-j30-alb-2026-002/draws-and-results/","Encontrado na ITF; leitura do draw de duplas: ITF API: derrota encontrada."
"arnas-viktoravicius","Arnas Viktoravicius","Singles","J30 Tirana","J30","2026-05-18","2026-05-23","Eliminado","Q2","","https://www.itftennis.com/en/tournament/j30-tirana/alb/2026/j-j30-alb-2026-002/draws-and-results/","Encontrado na ITF (Q); leitura do draw: ITF API: derrota encontrada."
"artem-golikov","Artem Golikov","Singles","J30 Tirana","J30","2026-05-18","2026-05-23","Eliminado","R64","","https://www.itftennis.com/en/tournament/j30-tirana/alb/2026/j-j30-alb-2026-002/draws-and-results/","Encontrado na ITF (MD); leitura do draw: ITF API: derrota encontrada."
"attila-montague","Attila Montague","Doubles","J30 Tirana","J30","2026-05-18","2026-05-23","Eliminado","QF","","https://www.itftennis.com/en/tournament/j30-tirana/alb/2026/j-j30-alb-2026-002/draws-and-results/","Encontrado na ITF; leitura do draw de duplas: ITF API: derrota encontrada."
"attila-montague","Attila Montague","Singles","J30 Tirana","J30","2026-05-18","2026-05-23","Eliminado","SF","","https://www.itftennis.com/en/tournament/j30-tirana/alb/2026/j-j30-alb-2026-002/draws-and-results/","Encontrado na ITF (MD); leitura do draw: ITF API: derrota encontrada."
"aurelia-schober","Aurelia Schober","Doubles","J30 Tirana","J30","2026-05-18","2026-05-23","Eliminado","QF","","https://www.itftennis.com/en/tournament/j30-tirana/alb/2026/j-j30-alb-2026-002/draws-and-results/","Encontrado na ITF; leitura do draw de duplas: ITF API: derrota encontrada."
"aurelia-zaffuto","Aurelia Zaffuto","Doubles","J30 Tirana","J30","2026-05-18","2026-05-23","Eliminado","F","","https://www.itftennis.com/en/tournament/j30-tirana/alb/2026/j-j30-alb-2026-002/draws-and-results/","Encontrado na ITF; leitura do draw de duplas: ITF API: derrota encontrada."
"ayris-tokac","Ayris Tokac","Doubles","J30 Tirana","J30","2026-05-18","2026-05-23","Eliminado","QF","","https://www.itftennis.com/en/tournament/j30-tirana/alb/2026/j-j30-alb-2026-002/draws-and-results/","Encontrado na ITF; leitura do draw de duplas: ITF API: derrota encontrada."
"camilla-cecchia","Camilla Cecchia","Doubles","J30 Tirana","J30","2026-05-18","2026-05-23","Eliminado","R32","","https://www.itftennis.com/en/tournament/j30-tirana/alb/2026/j-j30-alb-2026-002/draws-and-results/","Encontrado na ITF; leitura do draw de duplas: ITF API: derrota encontrada."
"clarissa-santi","Clarissa Santi","Doubles","J30 Tirana","J30","2026-05-18","2026-05-23","Eliminado","SF","","https://www.itftennis.com/en/tournament/j30-tirana/alb/2026/j-j30-alb-2026-002/draws-and-results/","Encontrado na ITF; leitura do draw de duplas: ITF API: derrota encontrada."
"daniel-bakonyi","Daniel Bakonyi","Doubles","J30 Tirana","J30","2026-05-18","2026-05-23","Eliminado","SF","","https://www.itftennis.com/en/tournament/j30-tirana/alb/2026/j-j30-alb-2026-002/draws-and-results/","Encontrado na ITF; leitura do draw de duplas: ITF API: derrota encontrada."
"daniel-bakonyi","Daniel Bakonyi","Singles","J30 Tirana","J30","2026-05-18","2026-05-23","Eliminado","R64","","https://www.itftennis.com/en/tournament/j30-tirana/alb/2026/j-j30-alb-2026-002/draws-and-results/","Encontrado na ITF (MD); leitura do draw: ITF API: derrota encontrada."
"daniil-valter","Daniil Valter","Singles","J30 Tirana","J30","2026-05-18","2026-05-23","Eliminado","R64","","https://www.itftennis.com/en/tournament/j30-tirana/alb/2026/j-j30-alb-2026-002/draws-and-results/","Encontrado na ITF (MD); leitura do draw: ITF API: derrota encontrada."
"denis-gaba","Denis Gaba","Doubles","J30 Tirana","J30","2026-05-18","2026-05-23","Eliminado","R32","","https://www.itftennis.com/en/tournament/j30-tirana/alb/2026/j-j30-alb-2026-002/draws-and-results/","Encontrado na ITF; leitura do draw de duplas: ITF API: derrota encontrada."
"denis-gaba","Denis Gaba","Singles","J30 Tirana","J30","2026-05-18","2026-05-23","Eliminado","R32","","https://www.itftennis.com/en/tournament/j30-tirana/alb/2026/j-j30-alb-2026-002/draws-and-results/","Encontrado na ITF (MD); leitura do draw: ITF API: derrota encontrada."
"deren-cetinkaya","Deren Cetinkaya","Doubles","J30 Tirana","J30","2026-05-18","2026-05-23","Eliminado","R32","","https://www.itftennis.com/en/tournament/j30-tirana/alb/2026/j-j30-alb-2026-002/draws-and-results/","Encontrado na ITF; leitura do draw de duplas: ITF API: derrota encontrada."
"deren-cetinkaya","Deren Cetinkaya","Singles","J30 Tirana","J30","2026-05-18","2026-05-23","Ativo","Q3","0","https://www.itftennis.com/en/tournament/j30-tirana/alb/2026/j-j30-alb-2026-002/draws-and-results/","Encontrado na ITF (MD); leitura do draw: ITF API: bye encontrado; atleta avancou sem pontuar."
"desch-cole","Desch Cole","Singles","J30 Tirana","J30","2026-05-18","2026-05-23","Eliminado","Q1","","https://www.itftennis.com/en/tournament/j30-tirana/alb/2026/j-j30-alb-2026-002/draws-and-results/","Encontrado na ITF (Q); leitura do draw: ITF API: derrota encontrada."
"deva-raposo-serrano","Deva Raposo Serrano","Doubles","J30 Tirana","J30","2026-05-18","2026-05-23","Eliminado","R32","","https://www.itftennis.com/en/tournament/j30-tirana/alb/2026/j-j30-alb-2026-002/draws-and-results/","Encontrado na ITF; leitura do draw de duplas: ITF API: derrota encontrada."
"diar-ymeri","Diar Ymeri","Singles","J30 Tirana","J30","2026-05-18","2026-05-23","Eliminado","R64","","https://www.itftennis.com/en/tournament/j30-tirana/alb/2026/j-j30-alb-2026-002/draws-and-results/","Encontrado na ITF (MD); leitura do draw: ITF API: derrota encontrada."
"elena-corsi","Elena Corsi","Doubles","J30 Tirana","J30","2026-05-18","2026-05-23","Eliminado","QF","","https://www.itftennis.com/en/tournament/j30-tirana/alb/2026/j-j30-alb-2026-002/draws-and-results/","Encontrado na ITF; leitura do draw de duplas: ITF API: derrota encontrada."
"elia-bonaduce","Elia Bonaduce","Singles","J30 Tirana","J30","2026-05-18","2026-05-23","Eliminado","Q2","","https://www.itftennis.com/en/tournament/j30-tirana/alb/2026/j-j30-alb-2026-002/draws-and-results/","Encontrado na ITF (Q); leitura do draw: ITF API: derrota encontrada."
"elisa-corsi","Elisa Corsi","Doubles","J30 Tirana","J30","2026-05-18","2026-05-23","Eliminado","QF","","https://www.itftennis.com/en/tournament/j30-tirana/alb/2026/j-j30-alb-2026-002/draws-and-results/","Encontrado na ITF; leitura do draw de duplas: ITF API: derrota encontrada."
"elisa-corsi","Elisa Corsi","Singles","J30 Tirana","J30","2026-05-18","2026-05-23","Eliminado","Q1","","https://www.itftennis.com/en/tournament/j30-tirana/alb/2026/j-j30-alb-2026-002/draws-and-results/","Encontrado na ITF (MD); leitura do draw: ITF API: derrota encontrada."
"emma-delija","Emma Delija","Singles","J30 Tirana","J30","2026-05-18","2026-05-23","Ativo","Q1","","https://www.itftennis.com/en/tournament/j30-tirana/alb/2026/j-j30-alb-2026-002/draws-and-results/","Encontrado na ITF (Q); leitura do draw: ITF API: partida pendente."
"francesca-fuzio","Francesca Fuzio","Doubles","J30 Tirana","J30","2026-05-18","2026-05-23","Eliminado","SF","","https://www.itftennis.com/en/tournament/j30-tirana/alb/2026/j-j30-alb-2026-002/draws-and-results/","Encontrado na ITF; leitura do draw de duplas: ITF API: derrota encontrada."
"francesca-ponti","Francesca Ponti","Doubles","J30 Tirana","J30","2026-05-18","2026-05-23","Eliminado","R32","","https://www.itftennis.com/en/tournament/j30-tirana/alb/2026/j-j30-alb-2026-002/draws-and-results/","Encontrado na ITF; leitura do draw de duplas: ITF API: derrota encontrada."
"francesca-ponti","Francesca Ponti","Singles","J30 Tirana","J30","2026-05-18","2026-05-23","Ativo","Q3","","https://www.itftennis.com/en/tournament/j30-tirana/alb/2026/j-j30-alb-2026-002/draws-and-results/","Encontrado na ITF (MD); leitura do draw: ITF API: vitoria encontrada."
"franciszek-niezwiesny","Franciszek Niezwiesny","Singles","J30 Tirana","J30","2026-05-18","2026-05-23","Eliminado","R64","","https://www.itftennis.com/en/tournament/j30-tirana/alb/2026/j-j30-alb-2026-002/draws-and-results/","Encontrado na ITF (MD); leitura do draw: ITF API: derrota encontrada."
"franz-stich","Franz Stich","Doubles","J30 Tirana","J30","2026-05-18","2026-05-23","Eliminado","R32","","https://www.itftennis.com/en/tournament/j30-tirana/alb/2026/j-j30-alb-2026-002/draws-and-results/","Encontrado na ITF; leitura do draw de duplas: ITF API: derrota encontrada."
"franz-stich","Franz Stich","Singles","J30 Tirana","J30","2026-05-18","2026-05-23","Eliminado","Q1","","https://www.itftennis.com/en/tournament/j30-tirana/alb/2026/j-j30-alb-2026-002/draws-and-results/","Encontrado na ITF (MD); leitura do draw: ITF API: derrota encontrada."
"giorgia-rosa-rossi","Giorgia Rosa Rossi","Doubles","J30 Tirana","J30","2026-05-18","2026-05-23","Eliminado","QF","","https://www.itftennis.com/en/tournament/j30-tirana/alb/2026/j-j30-alb-2026-002/draws-and-results/","Encontrado na ITF; leitura do draw de duplas: ITF API: derrota encontrada."
"giulio-borriello","Giulio Borriello","Singles","J30 Tirana","J30","2026-05-18","2026-05-23","Eliminado","Q1","","https://www.itftennis.com/en/tournament/j30-tirana/alb/2026/j-j30-alb-2026-002/draws-and-results/","Encontrado na ITF (Q); leitura do draw: ITF API: derrota encontrada."
"giuseppe-antonio-benedetto","Giuseppe Antonio Benedetto","Doubles","J30 Tirana","J30","2026-05-18","2026-05-23","Eliminado","R32","","https://www.itftennis.com/en/tournament/j30-tirana/alb/2026/j-j30-alb-2026-002/draws-and-results/","Encontrado na ITF; leitura do draw de duplas: ITF API: derrota encontrada."
"giuseppe-antonio-benedetto","Giuseppe Antonio Benedetto","Singles","J30 Tirana","J30","2026-05-18","2026-05-23","Eliminado","Q3","","https://www.itftennis.com/en/tournament/j30-tirana/alb/2026/j-j30-alb-2026-002/draws-and-results/","Encontrado na ITF (MD); leitura do draw: ITF API: derrota encontrada."
"gustavs-gutans","Gustavs Gutans","Doubles","J30 Tirana","J30","2026-05-18","2026-05-23","Eliminado","R32","","https://www.itftennis.com/en/tournament/j30-tirana/alb/2026/j-j30-alb-2026-002/draws-and-results/","Encontrado na ITF; leitura do draw de duplas: ITF API: derrota encontrada."
"gustavs-gutans","Gustavs Gutans","Singles","J30 Tirana","J30","2026-05-18","2026-05-23","Eliminado","R32","","https://www.itftennis.com/en/tournament/j30-tirana/alb/2026/j-j30-alb-2026-002/draws-and-results/","Encontrado na ITF (MD); leitura do draw: ITF API: derrota encontrada."
"hasan-efe-kayik","Hasan Efe Kayik","Doubles","J30 Tirana","J30","2026-05-18","2026-05-23","Eliminado","R32","","https://www.itftennis.com/en/tournament/j30-tirana/alb/2026/j-j30-alb-2026-002/draws-and-results/","Encontrado na ITF; leitura do draw de duplas: ITF API: derrota encontrada."
"hasan-efe-kayik","Hasan Efe Kayik","Singles","J30 Tirana","J30","2026-05-18","2026-05-23","Eliminado","Q2","","https://www.itftennis.com/en/tournament/j30-tirana/alb/2026/j-j30-alb-2026-002/draws-and-results/","Encontrado na ITF (MD); leitura do draw: ITF API: derrota encontrada."
"hector-freitas","Hector Freitas","Singles","J30 Tirana","J30","2026-05-18","2026-05-23","Eliminado","Q3","","https://www.itftennis.com/en/tournament/j30-tirana/alb/2026/j-j30-alb-2026-002/draws-and-results/","Encontrado na ITF (Q); leitura do draw: ITF API: derrota encontrada."
"iker-fernandez-rincon","Iker Fernandez Rincon","Singles","J30 Tirana","J30","2026-05-18","2026-05-23","Eliminado","Q1","","https://www.itftennis.com/en/tournament/j30-tirana/alb/2026/j-j30-alb-2026-002/draws-and-results/","Encontrado na ITF (Q); leitura do draw: ITF API: derrota encontrada."
"ioannis-motsakos","Ioannis Motsakos","Doubles","J30 Tirana","J30","2026-05-18","2026-05-23","Eliminado","F","","https://www.itftennis.com/en/tournament/j30-tirana/alb/2026/j-j30-alb-2026-002/draws-and-results/","Encontrado na ITF; leitura do draw de duplas: ITF API: derrota encontrada."
"ioannis-motsakos","Ioannis Motsakos","Singles","J30 Tirana","J30","2026-05-18","2026-05-23","Eliminado","Q2","","https://www.itftennis.com/en/tournament/j30-tirana/alb/2026/j-j30-alb-2026-002/draws-and-results/","Encontrado na ITF (MD); leitura do draw: ITF API: derrota encontrada."
"iris-masetto","Iris Masetto","Singles","J30 Tirana","J30","2026-05-18","2026-05-23","Eliminado","Q1","","https://www.itftennis.com/en/tournament/j30-tirana/alb/2026/j-j30-alb-2026-002/draws-and-results/","Encontrado na ITF (Q); leitura do draw: ITF API: derrota encontrada."
"ivan-stepanov","Ivan Stepanov","Singles","J30 Tirana","J30","2026-05-18","2026-05-23","Eliminado","R64","","https://www.itftennis.com/en/tournament/j30-tirana/alb/2026/j-j30-alb-2026-002/draws-and-results/","Encontrado na ITF (MD); leitura do draw: ITF API: derrota encontrada."
"ivo-palczynski","Ivo Palczynski","Singles","J30 Tirana","J30","2026-05-18","2026-05-23","Eliminado","Q1","","https://www.itftennis.com/en/tournament/j30-tirana/alb/2026/j-j30-alb-2026-002/draws-and-results/","Encontrado na ITF (Q); leitura do draw: ITF API: derrota encontrada."
"jacek-biernacki","Jacek Biernacki","Doubles","J30 Tirana","J30","2026-05-18","2026-05-23","Eliminado","SF","","https://www.itftennis.com/en/tournament/j30-tirana/alb/2026/j-j30-alb-2026-002/draws-and-results/","Encontrado na ITF; leitura do draw de duplas: ITF API: derrota encontrada."
"jacek-biernacki","Jacek Biernacki","Singles","J30 Tirana","J30","2026-05-18","2026-05-23","Eliminado","Q3","","https://www.itftennis.com/en/tournament/j30-tirana/alb/2026/j-j30-alb-2026-002/draws-and-results/","Encontrado na ITF (MD); leitura do draw: ITF API: derrota encontrada."
"jonathan-rusnak","Jonathan Rusnak","Singles","J30 Tirana","J30","2026-05-18","2026-05-23","Eliminado","Q2","","https://www.itftennis.com/en/tournament/j30-tirana/alb/2026/j-j30-alb-2026-002/draws-and-results/","Encontrado na ITF (Q); leitura do draw: ITF API: derrota encontrada."
"julia-ehrenberger","Julia Ehrenberger","Doubles","J30 Tirana","J30","2026-05-18","2026-05-23","Ativo","W","","https://www.itftennis.com/en/tournament/j30-tirana/alb/2026/j-j30-alb-2026-002/draws-and-results/","Encontrado na ITF; leitura do draw de duplas: ITF API: vitoria encontrada."
"kitti-szabo","Kitti Szabo","Doubles","J30 Tirana","J30","2026-05-18","2026-05-23","Eliminado","R32","","https://www.itftennis.com/en/tournament/j30-tirana/alb/2026/j-j30-alb-2026-002/draws-and-results/","Encontrado na ITF; leitura do draw de duplas: ITF API: derrota encontrada."
"kyle-wan","Kyle Wan","Doubles","J30 Tirana","J30","2026-05-18","2026-05-23","Eliminado","R32","","https://www.itftennis.com/en/tournament/j30-tirana/alb/2026/j-j30-alb-2026-002/draws-and-results/","Encontrado na ITF; leitura do draw de duplas: ITF API: derrota encontrada."
"kyle-wan","Kyle Wan","Singles","J30 Tirana","J30","2026-05-18","2026-05-23","Eliminado","R32","","https://www.itftennis.com/en/tournament/j30-tirana/alb/2026/j-j30-alb-2026-002/draws-and-results/","Encontrado na ITF (MD); leitura do draw: ITF API: derrota encontrada."
"lara-da-silva","Lara Da Silva","Doubles","J30 Tirana","J30","2026-05-18","2026-05-23","Eliminado","R32","","https://www.itftennis.com/en/tournament/j30-tirana/alb/2026/j-j30-alb-2026-002/draws-and-results/","Encontrado na ITF; leitura do draw de duplas: ITF API: derrota encontrada."
"learta-muharremi","Learta Muharremi","Doubles","J30 Tirana","J30","2026-05-18","2026-05-23","Eliminado","R32","","https://www.itftennis.com/en/tournament/j30-tirana/alb/2026/j-j30-alb-2026-002/draws-and-results/","Encontrado na ITF; leitura do draw de duplas: ITF API: derrota encontrada."
"lena-raposo-serrano","LENA RAPOSO SERRANO","Doubles","J30 Tirana","J30","2026-05-18","2026-05-23","Eliminado","R32","","https://www.itftennis.com/en/tournament/j30-tirana/alb/2026/j-j30-alb-2026-002/draws-and-results/","Encontrado na ITF; leitura do draw de duplas: ITF API: derrota encontrada."
"leonardo-barbero","leonardo barbero","Doubles","J30 Tirana","J30","2026-05-18","2026-05-23","Eliminado","QF","","https://www.itftennis.com/en/tournament/j30-tirana/alb/2026/j-j30-alb-2026-002/draws-and-results/","Encontrado na ITF; leitura do draw de duplas: ITF API: derrota encontrada."
"leonardo-barbero","leonardo barbero","Singles","J30 Tirana","J30","2026-05-18","2026-05-23","Eliminado","QF","","https://www.itftennis.com/en/tournament/j30-tirana/alb/2026/j-j30-alb-2026-002/draws-and-results/","Encontrado na ITF (MD); leitura do draw: ITF API: derrota encontrada."
"lionel-hermans","Lionel Hermans","Doubles","J30 Tirana","J30","2026-05-18","2026-05-23","Eliminado","QF","","https://www.itftennis.com/en/tournament/j30-tirana/alb/2026/j-j30-alb-2026-002/draws-and-results/","Encontrado na ITF; leitura do draw de duplas: ITF API: derrota encontrada."
"lionel-hermans","Lionel Hermans","Singles","J30 Tirana","J30","2026-05-18","2026-05-23","Eliminado","R32","","https://www.itftennis.com/en/tournament/j30-tirana/alb/2026/j-j30-alb-2026-002/draws-and-results/","Encontrado na ITF (MD); leitura do draw: ITF API: derrota encontrada."
"luca-maria-pomilio","Luca Maria Pomilio","Doubles","J30 Tirana","J30","2026-05-18","2026-05-23","Eliminado","R32","","https://www.itftennis.com/en/tournament/j30-tirana/alb/2026/j-j30-alb-2026-002/draws-and-results/","Encontrado na ITF; leitura do draw de duplas: ITF API: derrota encontrada."
"luca-maria-pomilio","Luca Maria Pomilio","Singles","J30 Tirana","J30","2026-05-18","2026-05-23","Eliminado","R64","","https://www.itftennis.com/en/tournament/j30-tirana/alb/2026/j-j30-alb-2026-002/draws-and-results/","Encontrado na ITF (MD); leitura do draw: ITF API: derrota encontrada."
"lucrezia-cavalieri","LUCREZIA CAVALIERI","Singles","J30 Tirana","J30","2026-05-18","2026-05-23","Ativo","Q1","","https://www.itftennis.com/en/tournament/j30-tirana/alb/2026/j-j30-alb-2026-002/draws-and-results/","Encontrado na ITF (Q); leitura do draw: ITF API: partida pendente."
"marco-hofer","Marco HOFER","Doubles","J30 Tirana","J30","2026-05-18","2026-05-23","Ativo","W","","https://www.itftennis.com/en/tournament/j30-tirana/alb/2026/j-j30-alb-2026-002/draws-and-results/","Encontrado na ITF; leitura do draw de duplas: ITF API: vitoria encontrada."
"marco-hofer","Marco HOFER","Singles","J30 Tirana","J30","2026-05-18","2026-05-23","Eliminado","R64","","https://www.itftennis.com/en/tournament/j30-tirana/alb/2026/j-j30-alb-2026-002/draws-and-results/","Encontrado na ITF (MD); leitura do draw: ITF API: derrota encontrada."
"maria-victoria-herrera-mena","Maria Victoria Herrera Mena","Doubles","J30 Tirana","J30","2026-05-18","2026-05-23","Eliminado","QF","","https://www.itftennis.com/en/tournament/j30-tirana/alb/2026/j-j30-alb-2026-002/draws-and-results/","Encontrado na ITF; leitura do draw de duplas: ITF API: derrota encontrada."
"maria-victoria-herrera-mena","Maria Victoria Herrera Mena","Singles","J30 Tirana","J30","2026-05-18","2026-05-23","Eliminado","Q2","","https://www.itftennis.com/en/tournament/j30-tirana/alb/2026/j-j30-alb-2026-002/draws-and-results/","Encontrado na ITF (MD); leitura do draw: ITF API: derrota encontrada."
"maria-vittoria-franzoi","Maria Vittoria Franzoi","Doubles","J30 Tirana","J30","2026-05-18","2026-05-23","Eliminado","SF","","https://www.itftennis.com/en/tournament/j30-tirana/alb/2026/j-j30-alb-2026-002/draws-and-results/","Encontrado na ITF; leitura do draw de duplas: ITF API: derrota encontrada."
"maria-vittoria-franzoi","Maria Vittoria Franzoi","Singles","J30 Tirana","J30","2026-05-18","2026-05-23","Ativo","Q3","","https://www.itftennis.com/en/tournament/j30-tirana/alb/2026/j-j30-alb-2026-002/draws-and-results/","Encontrado na ITF (MD); leitura do draw: ITF API: vitoria encontrada."
"matteo-santoro","MATTEO SANTORO","Doubles","J30 Tirana","J30","2026-05-18","2026-05-23","Eliminado","R32","","https://www.itftennis.com/en/tournament/j30-tirana/alb/2026/j-j30-alb-2026-002/draws-and-results/","Encontrado na ITF; leitura do draw de duplas: ITF API: derrota encontrada."
"matteo-santoro","MATTEO SANTORO","Singles","J30 Tirana","J30","2026-05-18","2026-05-23","Eliminado","R64","","https://www.itftennis.com/en/tournament/j30-tirana/alb/2026/j-j30-alb-2026-002/draws-and-results/","Encontrado na ITF (MD); leitura do draw: ITF API: derrota encontrada."
"matthew-kiernan","Matthew Kiernan","Doubles","J30 Tirana","J30","2026-05-18","2026-05-23","Eliminado","SF","","https://www.itftennis.com/en/tournament/j30-tirana/alb/2026/j-j30-alb-2026-002/draws-and-results/","Encontrado na ITF; leitura do draw de duplas: ITF API: derrota encontrada."
"matthew-kiernan","Matthew Kiernan","Singles","J30 Tirana","J30","2026-05-18","2026-05-23","Eliminado","R64","","https://www.itftennis.com/en/tournament/j30-tirana/alb/2026/j-j30-alb-2026-002/draws-and-results/","Encontrado na ITF (MD); leitura do draw: ITF API: derrota encontrada."
"mattia-autorino","Mattia Autorino","Doubles","J30 Tirana","J30","2026-05-18","2026-05-23","Eliminado","R32","","https://www.itftennis.com/en/tournament/j30-tirana/alb/2026/j-j30-alb-2026-002/draws-and-results/","Encontrado na ITF; leitura do draw de duplas: ITF API: derrota encontrada."
"mattia-autorino","Mattia Autorino","Singles","J30 Tirana","J30","2026-05-18","2026-05-23","Eliminado","QF","","https://www.itftennis.com/en/tournament/j30-tirana/alb/2026/j-j30-alb-2026-002/draws-and-results/","Encontrado na ITF (MD); leitura do draw: ITF API: derrota encontrada."
"meina-bonomi","Meina Bonomi","Doubles","J30 Tirana","J30","2026-05-18","2026-05-23","Eliminado","QF","","https://www.itftennis.com/en/tournament/j30-tirana/alb/2026/j-j30-alb-2026-002/draws-and-results/","Encontrado na ITF; leitura do draw de duplas: ITF API: derrota encontrada."
"mia-neumueller","Mia Neumueller","Doubles","J30 Tirana","J30","2026-05-18","2026-05-23","Ativo","W","","https://www.itftennis.com/en/tournament/j30-tirana/alb/2026/j-j30-alb-2026-002/draws-and-results/","Encontrado na ITF; leitura do draw de duplas: ITF API: vitoria encontrada."
"milosz-szczypka","Milosz Szczypka","Doubles","J30 Tirana","J30","2026-05-18","2026-05-23","Eliminado","SF","","https://www.itftennis.com/en/tournament/j30-tirana/alb/2026/j-j30-alb-2026-002/draws-and-results/","Encontrado na ITF; leitura do draw de duplas: ITF API: derrota encontrada."
"milosz-szczypka","Milosz Szczypka","Singles","J30 Tirana","J30","2026-05-18","2026-05-23","Eliminado","R32","","https://www.itftennis.com/en/tournament/j30-tirana/alb/2026/j-j30-alb-2026-002/draws-and-results/","Encontrado na ITF (MD); leitura do draw: ITF API: derrota encontrada."
"nathan-baum","Nathan Baum","Doubles","J30 Tirana","J30","2026-05-18","2026-05-23","Eliminado","QF","","https://www.itftennis.com/en/tournament/j30-tirana/alb/2026/j-j30-alb-2026-002/draws-and-results/","Encontrado na ITF; leitura do draw de duplas: ITF API: derrota encontrada."
"nathan-baum","Nathan Baum","Singles","J30 Tirana","J30","2026-05-18","2026-05-23","Eliminado","Q1","","https://www.itftennis.com/en/tournament/j30-tirana/alb/2026/j-j30-alb-2026-002/draws-and-results/","Encontrado na ITF (MD); leitura do draw: ITF API: derrota encontrada."
"nico-sommer","Nico Sommer","Doubles","J30 Tirana","J30","2026-05-18","2026-05-23","Eliminado","QF","","https://www.itftennis.com/en/tournament/j30-tirana/alb/2026/j-j30-alb-2026-002/draws-and-results/","Encontrado na ITF; leitura do draw de duplas: ITF API: derrota encontrada."
"nico-sommer","Nico Sommer","Singles","J30 Tirana","J30","2026-05-18","2026-05-23","Eliminado","R32","","https://www.itftennis.com/en/tournament/j30-tirana/alb/2026/j-j30-alb-2026-002/draws-and-results/","Encontrado na ITF (MD); leitura do draw: ITF API: derrota encontrada."
"nikola-ivaskovic","Nikola Ivaskovic","Singles","J30 Tirana","J30","2026-05-18","2026-05-23","Eliminado","Q2","","https://www.itftennis.com/en/tournament/j30-tirana/alb/2026/j-j30-alb-2026-002/draws-and-results/","Encontrado na ITF (Q); leitura do draw: ITF API: derrota encontrada."
"paul-ghimbasan","PAUL GHIMBASAN","Doubles","J30 Tirana","J30","2026-05-18","2026-05-23","Eliminado","R32","","https://www.itftennis.com/en/tournament/j30-tirana/alb/2026/j-j30-alb-2026-002/draws-and-results/","Encontrado na ITF; leitura do draw de duplas: ITF API: derrota encontrada."
"paul-ghimbasan","PAUL GHIMBASAN","Singles","J30 Tirana","J30","2026-05-18","2026-05-23","Eliminado","R32","","https://www.itftennis.com/en/tournament/j30-tirana/alb/2026/j-j30-alb-2026-002/draws-and-results/","Encontrado na ITF (MD); leitura do draw: ITF API: derrota encontrada."
"rafael-antonios-gakopoulos","Rafael Antonios Gakopoulos","Doubles","J30 Tirana","J30","2026-05-18","2026-05-23","Eliminado","F","","https://www.itftennis.com/en/tournament/j30-tirana/alb/2026/j-j30-alb-2026-002/draws-and-results/","Encontrado na ITF; leitura do draw de duplas: ITF API: derrota encontrada."
"rafael-antonios-gakopoulos","Rafael Antonios Gakopoulos","Singles","J30 Tirana","J30","2026-05-18","2026-05-23","Eliminado","SF","","https://www.itftennis.com/en/tournament/j30-tirana/alb/2026/j-j30-alb-2026-002/draws-and-results/","Encontrado na ITF (MD); leitura do draw: ITF API: derrota encontrada."
"rafael-gheorghe-marin","Rafael Gheorghe Marin","Doubles","J30 Tirana","J30","2026-05-18","2026-05-23","Eliminado","R32","","https://www.itftennis.com/en/tournament/j30-tirana/alb/2026/j-j30-alb-2026-002/draws-and-results/","Encontrado na ITF; leitura do draw de duplas: ITF API: derrota encontrada."
"rafael-gheorghe-marin","Rafael Gheorghe Marin","Singles","J30 Tirana","J30","2026-05-18","2026-05-23","Eliminado","QF","","https://www.itftennis.com/en/tournament/j30-tirana/alb/2026/j-j30-alb-2026-002/draws-and-results/","Encontrado na ITF (MD); leitura do draw: ITF API: derrota encontrada."
"riccardo-bogdan-pastrav","RICCARDO BOGDAN PASTRAV","Doubles","J30 Tirana","J30","2026-05-18","2026-05-23","Eliminado","QF","","https://www.itftennis.com/en/tournament/j30-tirana/alb/2026/j-j30-alb-2026-002/draws-and-results/","Encontrado na ITF; leitura do draw de duplas: ITF API: derrota encontrada."
"riccardo-bogdan-pastrav","RICCARDO BOGDAN PASTRAV","Singles","J30 Tirana","J30","2026-05-18","2026-05-23","Eliminado","QF","","https://www.itftennis.com/en/tournament/j30-tirana/alb/2026/j-j30-alb-2026-002/draws-and-results/","Encontrado na ITF (MD); leitura do draw: ITF API: derrota encontrada."
"riccardo-pontigia","Riccardo Pontigia","Doubles","J30 Tirana","J30","2026-05-18","2026-05-23","Eliminado","R32","","https://www.itftennis.com/en/tournament/j30-tirana/alb/2026/j-j30-alb-2026-002/draws-and-results/","Encontrado na ITF; leitura do draw de duplas: ITF API: derrota encontrada."
"riccardo-pontigia","Riccardo Pontigia","Singles","J30 Tirana","J30","2026-05-18","2026-05-23","Eliminado","R64","","https://www.itftennis.com/en/tournament/j30-tirana/alb/2026/j-j30-alb-2026-002/draws-and-results/","Encontrado na ITF (MD); leitura do draw: ITF API: derrota encontrada."
"riccardo-pretolani","Riccardo Pretolani","Doubles","J30 Tirana","J30","2026-05-18","2026-05-23","Eliminado","QF","","https://www.itftennis.com/en/tournament/j30-tirana/alb/2026/j-j30-alb-2026-002/draws-and-results/","Encontrado na ITF; leitura do draw de duplas: ITF API: derrota encontrada."
"riccardo-pretolani","Riccardo Pretolani","Singles","J30 Tirana","J30","2026-05-18","2026-05-23","Ativo","W","","https://www.itftennis.com/en/tournament/j30-tirana/alb/2026/j-j30-alb-2026-002/draws-and-results/","Encontrado na ITF (MD); leitura do draw: ITF API: vitoria encontrada."
"salidin-rama","Salidin Rama","Singles","J30 Tirana","J30","2026-05-18","2026-05-23","Eliminado","R64","","https://www.itftennis.com/en/tournament/j30-tirana/alb/2026/j-j30-alb-2026-002/draws-and-results/","Encontrado na ITF (MD); leitura do draw: ITF API: derrota encontrada."
"santo-agnello","Santo Agnello","Doubles","J30 Tirana","J30","2026-05-18","2026-05-23","Ativo","W","","https://www.itftennis.com/en/tournament/j30-tirana/alb/2026/j-j30-alb-2026-002/draws-and-results/","Encontrado na ITF; leitura do draw de duplas: ITF API: vitoria encontrada."
"santo-agnello","Santo Agnello","Singles","J30 Tirana","J30","2026-05-18","2026-05-23","Eliminado","R32","","https://www.itftennis.com/en/tournament/j30-tirana/alb/2026/j-j30-alb-2026-002/draws-and-results/","Encontrado na ITF (MD); leitura do draw: ITF API: derrota encontrada."
"shanyi-zhou","Shanyi Zhou","Doubles","J30 Tirana","J30","2026-05-18","2026-05-23","Eliminado","F","","https://www.itftennis.com/en/tournament/j30-tirana/alb/2026/j-j30-alb-2026-002/draws-and-results/","Encontrado na ITF; leitura do draw de duplas: ITF API: derrota encontrada."
"stanislaw-zaranski","Stanislaw Zaranski","Singles","J30 Tirana","J30","2026-05-18","2026-05-23","Eliminado","Q1","","https://www.itftennis.com/en/tournament/j30-tirana/alb/2026/j-j30-alb-2026-002/draws-and-results/","Encontrado na ITF (Q); leitura do draw: ITF API: derrota encontrada."
"tahir-ruzgar-ozcalabi","Tahir Ruzgar Ozcalabi","Singles","J30 Tirana","J30","2026-05-18","2026-05-23","Eliminado","Q1","","https://www.itftennis.com/en/tournament/j30-tirana/alb/2026/j-j30-alb-2026-002/draws-and-results/","Encontrado na ITF (Q); leitura do draw: ITF API: derrota encontrada."
"thelma-zimova","Thelma Zimova","Singles","J30 Tirana","J30","2026-05-18","2026-05-23","Eliminado","Q2","","https://www.itftennis.com/en/tournament/j30-tirana/alb/2026/j-j30-alb-2026-002/draws-and-results/","Encontrado na ITF (Q); leitura do draw: ITF API: derrota encontrada."
"valentin-tascon-piquet","Valentin TASCON--PIQUET","Singles","J30 Tirana","J30","2026-05-18","2026-05-23","Eliminado","Q2","","https://www.itftennis.com/en/tournament/j30-tirana/alb/2026/j-j30-alb-2026-002/draws-and-results/","Encontrado na ITF (Q); leitura do draw: ITF API: derrota encontrada."
"varun-vijay-kumar","Varun Vijay Kumar","Singles","J30 Tirana","J30","2026-05-18","2026-05-23","Eliminado","Q1","","https://www.itftennis.com/en/tournament/j30-tirana/alb/2026/j-j30-alb-2026-002/draws-and-results/","Encontrado na ITF (Q); leitura do draw: ITF API: derrota encontrada."
"vincent-visker","Vincent Visker","Doubles","J30 Tirana","J30","2026-05-18","2026-05-23","Eliminado","R32","","https://www.itftennis.com/en/tournament/j30-tirana/alb/2026/j-j30-alb-2026-002/draws-and-results/","Encontrado na ITF; leitura do draw de duplas: ITF API: derrota encontrada."
"vincent-visker","Vincent Visker","Singles","J30 Tirana","J30","2026-05-18","2026-05-23","Eliminado","R64","","https://www.itftennis.com/en/tournament/j30-tirana/alb/2026/j-j30-alb-2026-002/draws-and-results/","Encontrado na ITF (MD); leitura do draw: ITF API: derrota encontrada."
"vittorio-peluffo","Vittorio Peluffo","Doubles","J30 Tirana","J30","2026-05-18","2026-05-23","Eliminado","QF","","https://www.itftennis.com/en/tournament/j30-tirana/alb/2026/j-j30-alb-2026-002/draws-and-results/","Encontrado na ITF; leitura do draw de duplas: ITF API: derrota encontrada."
"vittorio-peluffo","Vittorio Peluffo","Singles","J30 Tirana","J30","2026-05-18","2026-05-23","Eliminado","R64","","https://www.itftennis.com/en/tournament/j30-tirana/alb/2026/j-j30-alb-2026-002/draws-and-results/","Encontrado na ITF (MD); leitura do draw: ITF API: derrota encontrada."
"vivien-szabo","Vivien Szabo","Doubles","J30 Tirana","J30","2026-05-18","2026-05-23","Eliminado","R32","","https://www.itftennis.com/en/tournament/j30-tirana/alb/2026/j-j30-alb-2026-002/draws-and-results/","Encontrado na ITF; leitura do draw de duplas: ITF API: derrota encontrada."
"vivien-szabo","Vivien Szabo","Singles","J30 Tirana","J30","2026-05-18","2026-05-23","Eliminado","Q2","","https://www.itftennis.com/en/tournament/j30-tirana/alb/2026/j-j30-alb-2026-002/draws-and-results/","Encontrado na ITF (MD); leitura do draw: ITF API: derrota encontrada."
"yitian-lou","Yitian Lou","Doubles","J30 Tirana","J30","2026-05-18","2026-05-23","Eliminado","R32","","https://www.itftennis.com/en/tournament/j30-tirana/alb/2026/j-j30-alb-2026-002/draws-and-results/","Encontrado na ITF; leitura do draw de duplas: ITF API: derrota encontrada."
"yitian-lou","Yitian Lou","Singles","J30 Tirana","J30","2026-05-18","2026-05-23","Eliminado","F","","https://www.itftennis.com/en/tournament/j30-tirana/alb/2026/j-j30-alb-2026-002/draws-and-results/","Encontrado na ITF (MD); leitura do draw: ITF API: derrota encontrada."
"yuri-colturi","Yuri Colturi","Singles","J30 Tirana","J30","2026-05-18","2026-05-23","Eliminado","Q1","","https://www.itftennis.com/en/tournament/j30-tirana/alb/2026/j-j30-alb-2026-002/draws-and-results/","Encontrado na ITF (Q); leitura do draw: ITF API: derrota encontrada."
"alara-iveta-sisman","Alara Iveta Sisman","Doubles","J30 Vadul lui Voda","J30","2026-05-18","2026-05-24","Eliminado","R32","","https://www.itftennis.com/en/tournament/j30-vadul-lui-voda/mda/2026/j-j30-mda-2026-002/draws-and-results/","Encontrado na ITF; leitura do draw de duplas: ITF API: derrota encontrada."
"alara-iveta-sisman","Alara Iveta Sisman","Singles","J30 Vadul lui Voda","J30","2026-05-18","2026-05-24","Eliminado","R64","","https://www.itftennis.com/en/tournament/j30-vadul-lui-voda/mda/2026/j-j30-mda-2026-002/draws-and-results/","Encontrado na ITF (MD); leitura do draw: ITF API: derrota encontrada."
"aleksandra-nazarenko","Aleksandra Nazarenko","Doubles","J30 Vadul lui Voda","J30","2026-05-18","2026-05-24","Eliminado","R32","","https://www.itftennis.com/en/tournament/j30-vadul-lui-voda/mda/2026/j-j30-mda-2026-002/draws-and-results/","Encontrado na ITF; leitura do draw de duplas: ITF API: derrota encontrada."
"aleksandra-nazarenko","Aleksandra Nazarenko","Singles","J30 Vadul lui Voda","J30","2026-05-18","2026-05-24","Eliminado","Q3","","https://www.itftennis.com/en/tournament/j30-vadul-lui-voda/mda/2026/j-j30-mda-2026-002/draws-and-results/","Encontrado na ITF (MD); leitura do draw: ITF API: derrota encontrada."
"alessandro-ballini","Alessandro Ballini","Singles","J30 Vadul lui Voda","J30","2026-05-18","2026-05-24","Eliminado","Q2","","https://www.itftennis.com/en/tournament/j30-vadul-lui-voda/mda/2026/j-j30-mda-2026-002/draws-and-results/","Encontrado na ITF (Q); leitura do draw: ITF API: derrota encontrada."
"alexandra-shreider","Alexandra Shreider","Doubles","J30 Vadul lui Voda","J30","2026-05-18","2026-05-24","Eliminado","F","","https://www.itftennis.com/en/tournament/j30-vadul-lui-voda/mda/2026/j-j30-mda-2026-002/draws-and-results/","Encontrado na ITF; leitura do draw de duplas: ITF API: derrota encontrada."
"alexandra-shreider","Alexandra Shreider","Singles","J30 Vadul lui Voda","J30","2026-05-18","2026-05-24","Eliminado","QF","","https://www.itftennis.com/en/tournament/j30-vadul-lui-voda/mda/2026/j-j30-mda-2026-002/draws-and-results/","Encontrado na ITF (MD); leitura do draw: ITF API: derrota encontrada."
"alexandru-constantin","ALEXANDRU CONSTANTIN","Doubles","J30 Vadul lui Voda","J30","2026-05-18","2026-05-24","Eliminado","R32","","https://www.itftennis.com/en/tournament/j30-vadul-lui-voda/mda/2026/j-j30-mda-2026-002/draws-and-results/","Encontrado na ITF; leitura do draw de duplas: ITF API: derrota encontrada."
"alexandru-constantin","ALEXANDRU CONSTANTIN","Singles","J30 Vadul lui Voda","J30","2026-05-18","2026-05-24","Eliminado","R64","","https://www.itftennis.com/en/tournament/j30-vadul-lui-voda/mda/2026/j-j30-mda-2026-002/draws-and-results/","Encontrado na ITF (MD); leitura do draw: ITF API: derrota encontrada."
"alexandru-darius-craciun","Alexandru Darius Craciun","Doubles","J30 Vadul lui Voda","J30","2026-05-18","2026-05-24","Eliminado","R32","","https://www.itftennis.com/en/tournament/j30-vadul-lui-voda/mda/2026/j-j30-mda-2026-002/draws-and-results/","Encontrado na ITF; leitura do draw de duplas: ITF API: derrota encontrada."
"alexandru-darius-craciun","Alexandru Darius Craciun","Singles","J30 Vadul lui Voda","J30","2026-05-18","2026-05-24","Eliminado","R32","","https://www.itftennis.com/en/tournament/j30-vadul-lui-voda/mda/2026/j-j30-mda-2026-002/draws-and-results/","Encontrado na ITF (MD); leitura do draw: ITF API: derrota encontrada."
"alexandru-gliga","Alexandru Gliga","Singles","J30 Vadul lui Voda","J30","2026-05-18","2026-05-24","Eliminado","R64","","https://www.itftennis.com/en/tournament/j30-vadul-lui-voda/mda/2026/j-j30-mda-2026-002/draws-and-results/","Encontrado na ITF (MD); leitura do draw: ITF API: derrota encontrada."
"alexia-ciornei","Alexia Ciornei","Singles","J30 Vadul lui Voda","J30","2026-05-18","2026-05-24","Eliminado","R64","","https://www.itftennis.com/en/tournament/j30-vadul-lui-voda/mda/2026/j-j30-mda-2026-002/draws-and-results/","Encontrado na ITF (MD); leitura do draw: ITF API: derrota encontrada."
"alexia-enache","alexia enache","Doubles","J30 Vadul lui Voda","J30","2026-05-18","2026-05-24","Eliminado","SF","","https://www.itftennis.com/en/tournament/j30-vadul-lui-voda/mda/2026/j-j30-mda-2026-002/draws-and-results/","Encontrado na ITF; leitura do draw de duplas: ITF API: derrota encontrada."
"alexia-enache","alexia enache","Singles","J30 Vadul lui Voda","J30","2026-05-18","2026-05-24","Eliminado","R32","","https://www.itftennis.com/en/tournament/j30-vadul-lui-voda/mda/2026/j-j30-mda-2026-002/draws-and-results/","Encontrado na ITF (MD); leitura do draw: ITF API: derrota encontrada."
"ana-maria-viciu","ANA MARIA VICIU","Doubles","J30 Vadul lui Voda","J30","2026-05-18","2026-05-24","Eliminado","R32","","https://www.itftennis.com/en/tournament/j30-vadul-lui-voda/mda/2026/j-j30-mda-2026-002/draws-and-results/","Encontrado na ITF; leitura do draw de duplas: ITF API: derrota encontrada."
"ana-maria-viciu","ANA MARIA VICIU","Singles","J30 Vadul lui Voda","J30","2026-05-18","2026-05-24","Eliminado","R64","","https://www.itftennis.com/en/tournament/j30-vadul-lui-voda/mda/2026/j-j30-mda-2026-002/draws-and-results/","Encontrado na ITF (MD); leitura do draw: ITF API: derrota encontrada."
"anastasia-maria-ciuhrii","Anastasia Maria Ciuhrii","Doubles","J30 Vadul lui Voda","J30","2026-05-18","2026-05-24","Eliminado","R32","","https://www.itftennis.com/en/tournament/j30-vadul-lui-voda/mda/2026/j-j30-mda-2026-002/draws-and-results/","Encontrado na ITF; leitura do draw de duplas: ITF API: derrota encontrada."
"anastasiia-iezerska","Anastasiia Iezerska","Doubles","J30 Vadul lui Voda","J30","2026-05-18","2026-05-24","Eliminado","R32","","https://www.itftennis.com/en/tournament/j30-vadul-lui-voda/mda/2026/j-j30-mda-2026-002/draws-and-results/","Encontrado na ITF; leitura do draw de duplas: ITF API: derrota encontrada."
"anastasiia-iezerska","Anastasiia Iezerska","Singles","J30 Vadul lui Voda","J30","2026-05-18","2026-05-24","Eliminado","R32","","https://www.itftennis.com/en/tournament/j30-vadul-lui-voda/mda/2026/j-j30-mda-2026-002/draws-and-results/","Encontrado na ITF (MD); leitura do draw: ITF API: derrota encontrada."
"anastasiia-salenko","Anastasiia Salenko","Doubles","J30 Vadul lui Voda","J30","2026-05-18","2026-05-24","Eliminado","R32","","https://www.itftennis.com/en/tournament/j30-vadul-lui-voda/mda/2026/j-j30-mda-2026-002/draws-and-results/","Encontrado na ITF; leitura do draw de duplas: ITF API: derrota encontrada."
"anastasiia-salenko","Anastasiia Salenko","Singles","J30 Vadul lui Voda","J30","2026-05-18","2026-05-24","Eliminado","R32","","https://www.itftennis.com/en/tournament/j30-vadul-lui-voda/mda/2026/j-j30-mda-2026-002/draws-and-results/","Encontrado na ITF (MD); leitura do draw: ITF API: derrota encontrada."
"andi-matei-virna","Andi Matei VIRNA","Singles","J30 Vadul lui Voda","J30","2026-05-18","2026-05-24","Eliminado","Q1","","https://www.itftennis.com/en/tournament/j30-vadul-lui-voda/mda/2026/j-j30-mda-2026-002/draws-and-results/","Encontrado na ITF (Q); leitura do draw: ITF API: derrota encontrada."
"andreea-stanciuc","Andreea Stanciuc","Doubles","J30 Vadul lui Voda","J30","2026-05-18","2026-05-24","Eliminado","SF","","https://www.itftennis.com/en/tournament/j30-vadul-lui-voda/mda/2026/j-j30-mda-2026-002/draws-and-results/","Encontrado na ITF; leitura do draw de duplas: ITF API: derrota encontrada."
"andreea-stanciuc","Andreea Stanciuc","Singles","J30 Vadul lui Voda","J30","2026-05-18","2026-05-24","Eliminado","Q2","","https://www.itftennis.com/en/tournament/j30-vadul-lui-voda/mda/2026/j-j30-mda-2026-002/draws-and-results/","Encontrado na ITF (MD); leitura do draw: ITF API: derrota encontrada."
"andrei-manolache","Andrei Manolache","Doubles","J30 Vadul lui Voda","J30","2026-05-18","2026-05-24","Eliminado","R32","","https://www.itftennis.com/en/tournament/j30-vadul-lui-voda/mda/2026/j-j30-mda-2026-002/draws-and-results/","Encontrado na ITF; leitura do draw de duplas: ITF API: derrota encontrada."
"andrei-manolache","Andrei Manolache","Singles","J30 Vadul lui Voda","J30","2026-05-18","2026-05-24","Eliminado","Q2","","https://www.itftennis.com/en/tournament/j30-vadul-lui-voda/mda/2026/j-j30-mda-2026-002/draws-and-results/","Encontrado na ITF (MD); leitura do draw: ITF API: derrota encontrada."
"andrei-timaru","Andrei Timaru","Singles","J30 Vadul lui Voda","J30","2026-05-18","2026-05-24","Eliminado","Q1","","https://www.itftennis.com/en/tournament/j30-vadul-lui-voda/mda/2026/j-j30-mda-2026-002/draws-and-results/","Encontrado na ITF (Q); leitura do draw: ITF API: derrota encontrada."
"andriy-maksymenko","Andriy Maksymenko","Doubles","J30 Vadul lui Voda","J30","2026-05-18","2026-05-24","Ativo","W","","https://www.itftennis.com/en/tournament/j30-vadul-lui-voda/mda/2026/j-j30-mda-2026-002/draws-and-results/","Encontrado na ITF; leitura do draw de duplas: ITF API: vitoria encontrada."
"andriy-maksymenko","Andriy Maksymenko","Singles","J30 Vadul lui Voda","J30","2026-05-18","2026-05-24","Eliminado","R32","","https://www.itftennis.com/en/tournament/j30-vadul-lui-voda/mda/2026/j-j30-mda-2026-002/draws-and-results/","Encontrado na ITF (MD); leitura do draw: ITF API: derrota encontrada."
"anisia-ghica","Anisia Ghica","Doubles","J30 Vadul lui Voda","J30","2026-05-18","2026-05-24","Eliminado","R32","","https://www.itftennis.com/en/tournament/j30-vadul-lui-voda/mda/2026/j-j30-mda-2026-002/draws-and-results/","Encontrado na ITF; leitura do draw de duplas: ITF API: derrota encontrada."
"anisia-ghica","Anisia Ghica","Singles","J30 Vadul lui Voda","J30","2026-05-18","2026-05-24","Eliminado","R64","","https://www.itftennis.com/en/tournament/j30-vadul-lui-voda/mda/2026/j-j30-mda-2026-002/draws-and-results/","Encontrado na ITF (MD); leitura do draw: ITF API: derrota encontrada."
"anna-bashkatova","Anna Bashkatova","Doubles","J30 Vadul lui Voda","J30","2026-05-18","2026-05-24","Eliminado","QF","","https://www.itftennis.com/en/tournament/j30-vadul-lui-voda/mda/2026/j-j30-mda-2026-002/draws-and-results/","Encontrado na ITF; leitura do draw de duplas: ITF API: derrota encontrada."
"anna-bashkatova","Anna Bashkatova","Singles","J30 Vadul lui Voda","J30","2026-05-18","2026-05-24","Eliminado","R32","","https://www.itftennis.com/en/tournament/j30-vadul-lui-voda/mda/2026/j-j30-mda-2026-002/draws-and-results/","Encontrado na ITF (MD); leitura do draw: ITF API: derrota encontrada."
"antonia-gaugas","Antonia Gaugas","Doubles","J30 Vadul lui Voda","J30","2026-05-18","2026-05-24","Eliminado","R32","","https://www.itftennis.com/en/tournament/j30-vadul-lui-voda/mda/2026/j-j30-mda-2026-002/draws-and-results/","Encontrado na ITF; leitura do draw de duplas: ITF API: derrota encontrada."
"antonia-gaugas","Antonia Gaugas","Singles","J30 Vadul lui Voda","J30","2026-05-18","2026-05-24","Eliminado","Q3","","https://www.itftennis.com/en/tournament/j30-vadul-lui-voda/mda/2026/j-j30-mda-2026-002/draws-and-results/","Encontrado na ITF (MD); leitura do draw: ITF API: derrota encontrada."
"antonia-gabriela-voicu","Antonia-Gabriela Voicu","Singles","J30 Vadul lui Voda","J30","2026-05-18","2026-05-24","Eliminado","R32","","https://www.itftennis.com/en/tournament/j30-vadul-lui-voda/mda/2026/j-j30-mda-2026-002/draws-and-results/","Encontrado na ITF (MD); leitura do draw: ITF API: derrota encontrada."
"artem-pandrak","Artem Pandrak","Doubles","J30 Vadul lui Voda","J30","2026-05-18","2026-05-24","Eliminado","QF","","https://www.itftennis.com/en/tournament/j30-vadul-lui-voda/mda/2026/j-j30-mda-2026-002/draws-and-results/","Encontrado na ITF; leitura do draw de duplas: ITF API: derrota encontrada."
"artem-pandrak","Artem Pandrak","Singles","J30 Vadul lui Voda","J30","2026-05-18","2026-05-24","Eliminado","R32","","https://www.itftennis.com/en/tournament/j30-vadul-lui-voda/mda/2026/j-j30-mda-2026-002/draws-and-results/","Encontrado na ITF (MD); leitura do draw: ITF API: derrota encontrada."
"aurora-di-gaetano","Aurora Di Gaetano","Singles","J30 Vadul lui Voda","J30","2026-05-18","2026-05-24","Eliminado","R64","","https://www.itftennis.com/en/tournament/j30-vadul-lui-voda/mda/2026/j-j30-mda-2026-002/draws-and-results/","Encontrado na ITF (MD); leitura do draw: ITF API: derrota encontrada."
"bianca-maria-mihaila","Bianca Maria Mihaila","Doubles","J30 Vadul lui Voda","J30","2026-05-18","2026-05-24","Eliminado","QF","","https://www.itftennis.com/en/tournament/j30-vadul-lui-voda/mda/2026/j-j30-mda-2026-002/draws-and-results/","Encontrado na ITF; leitura do draw de duplas: ITF API: derrota encontrada."
"bianca-maria-mihaila","Bianca Maria Mihaila","Singles","J30 Vadul lui Voda","J30","2026-05-18","2026-05-24","Eliminado","QF","","https://www.itftennis.com/en/tournament/j30-vadul-lui-voda/mda/2026/j-j30-mda-2026-002/draws-and-results/","Encontrado na ITF (MD); leitura do draw: ITF API: derrota encontrada."
"bianca-timeea-stirbetz","Bianca Timeea Stirbetz","Singles","J30 Vadul lui Voda","J30","2026-05-18","2026-05-24","Eliminado","Q1","","https://www.itftennis.com/en/tournament/j30-vadul-lui-voda/mda/2026/j-j30-mda-2026-002/draws-and-results/","Encontrado na ITF (Q); leitura do draw: ITF API: derrota encontrada."
"bogdan-popa","Bogdan Popa","Singles","J30 Vadul lui Voda","J30","2026-05-18","2026-05-24","Eliminado","Q3","","https://www.itftennis.com/en/tournament/j30-vadul-lui-voda/mda/2026/j-j30-mda-2026-002/draws-and-results/","Encontrado na ITF (Q); leitura do draw: ITF API: derrota encontrada."
"bohodistyi-hrihorii","Bohodistyi Hrihorii","Doubles","J30 Vadul lui Voda","J30","2026-05-18","2026-05-24","Eliminado","SF","","https://www.itftennis.com/en/tournament/j30-vadul-lui-voda/mda/2026/j-j30-mda-2026-002/draws-and-results/","Encontrado na ITF; leitura do draw de duplas: ITF API: derrota encontrada."
"bohodistyi-hrihorii","Bohodistyi Hrihorii","Singles","J30 Vadul lui Voda","J30","2026-05-18","2026-05-24","Eliminado","R32","","https://www.itftennis.com/en/tournament/j30-vadul-lui-voda/mda/2026/j-j30-mda-2026-002/draws-and-results/","Encontrado na ITF (MD); leitura do draw: ITF API: derrota encontrada."
"carina-calancea","CARINA CALANCEA","Singles","J30 Vadul lui Voda","J30","2026-05-18","2026-05-24","Eliminado","Q2","","https://www.itftennis.com/en/tournament/j30-vadul-lui-voda/mda/2026/j-j30-mda-2026-002/draws-and-results/","Encontrado na ITF (Q); leitura do draw: ITF API: derrota encontrada."
"caroline-anamaria-ciobotaru","Caroline Anamaria Ciobotaru","Doubles","J30 Vadul lui Voda","J30","2026-05-18","2026-05-24","Eliminado","R32","","https://www.itftennis.com/en/tournament/j30-vadul-lui-voda/mda/2026/j-j30-mda-2026-002/draws-and-results/","Encontrado na ITF; leitura do draw de duplas: ITF API: derrota encontrada."
"caroline-anamaria-ciobotaru","Caroline Anamaria Ciobotaru","Singles","J30 Vadul lui Voda","J30","2026-05-18","2026-05-24","Eliminado","R64","","https://www.itftennis.com/en/tournament/j30-vadul-lui-voda/mda/2026/j-j30-mda-2026-002/draws-and-results/","Encontrado na ITF (MD); leitura do draw: ITF API: derrota encontrada."
"cassandra-postica","Cassandra Postica","Singles","J30 Vadul lui Voda","J30","2026-05-18","2026-05-24","Eliminado","Q2","","https://www.itftennis.com/en/tournament/j30-vadul-lui-voda/mda/2026/j-j30-mda-2026-002/draws-and-results/","Encontrado na ITF (Q); leitura do draw: ITF API: derrota encontrada."
"cezar-stefan-simion","Cezar Stefan Simion","Doubles","J30 Vadul lui Voda","J30","2026-05-18","2026-05-24","Eliminado","R32","","https://www.itftennis.com/en/tournament/j30-vadul-lui-voda/mda/2026/j-j30-mda-2026-002/draws-and-results/","Encontrado na ITF; leitura do draw de duplas: ITF API: derrota encontrada."
"cezar-stefan-simion","Cezar Stefan Simion","Singles","J30 Vadul lui Voda","J30","2026-05-18","2026-05-24","Eliminado","Q1","","https://www.itftennis.com/en/tournament/j30-vadul-lui-voda/mda/2026/j-j30-mda-2026-002/draws-and-results/","Encontrado na ITF (MD); leitura do draw: ITF API: derrota encontrada."
"changpu-zhai","Changpu Zhai","Doubles","J30 Vadul lui Voda","J30","2026-05-18","2026-05-24","Eliminado","R32","","https://www.itftennis.com/en/tournament/j30-vadul-lui-voda/mda/2026/j-j30-mda-2026-002/draws-and-results/","Encontrado na ITF; leitura do draw de duplas: ITF API: derrota encontrada."
"changpu-zhai","Changpu Zhai","Singles","J30 Vadul lui Voda","J30","2026-05-18","2026-05-24","Eliminado","R64","","https://www.itftennis.com/en/tournament/j30-vadul-lui-voda/mda/2026/j-j30-mda-2026-002/draws-and-results/","Encontrado na ITF (MD); leitura do draw: ITF API: derrota encontrada."
"codrin-apostu-efremov","Codrin Apostu-Efremov","Singles","J30 Vadul lui Voda","J30","2026-05-18","2026-05-24","Eliminado","Q3","","https://www.itftennis.com/en/tournament/j30-vadul-lui-voda/mda/2026/j-j30-mda-2026-002/draws-and-results/","Encontrado na ITF (Q); leitura do draw: ITF API: derrota encontrada."
"cristian-cretu","Cristian Cretu","Doubles","J30 Vadul lui Voda","J30","2026-05-18","2026-05-24","Eliminado","R32","","https://www.itftennis.com/en/tournament/j30-vadul-lui-voda/mda/2026/j-j30-mda-2026-002/draws-and-results/","Encontrado na ITF; leitura do draw de duplas: ITF API: derrota encontrada."
"cristian-cretu","Cristian Cretu","Singles","J30 Vadul lui Voda","J30","2026-05-18","2026-05-24","Eliminado","R64","","https://www.itftennis.com/en/tournament/j30-vadul-lui-voda/mda/2026/j-j30-mda-2026-002/draws-and-results/","Encontrado na ITF (MD); leitura do draw: ITF API: derrota encontrada."
"dandan-jian","Dandan Jian","Doubles","J30 Vadul lui Voda","J30","2026-05-18","2026-05-24","Eliminado","QF","","https://www.itftennis.com/en/tournament/j30-vadul-lui-voda/mda/2026/j-j30-mda-2026-002/draws-and-results/","Encontrado na ITF; leitura do draw de duplas: ITF API: derrota encontrada."
"dandan-jian","Dandan Jian","Singles","J30 Vadul lui Voda","J30","2026-05-18","2026-05-24","Eliminado","R64","","https://www.itftennis.com/en/tournament/j30-vadul-lui-voda/mda/2026/j-j30-mda-2026-002/draws-and-results/","Encontrado na ITF (MD); leitura do draw: ITF API: derrota encontrada."
"daria-juravliova","Daria Juravliova","Singles","J30 Vadul lui Voda","J30","2026-05-18","2026-05-24","Eliminado","Q2","","https://www.itftennis.com/en/tournament/j30-vadul-lui-voda/mda/2026/j-j30-mda-2026-002/draws-and-results/","Encontrado na ITF (Q); leitura do draw: ITF API: derrota encontrada."
"david-cercel","DAVID CERCEL","Singles","J30 Vadul lui Voda","J30","2026-05-18","2026-05-24","Eliminado","QF","","https://www.itftennis.com/en/tournament/j30-vadul-lui-voda/mda/2026/j-j30-mda-2026-002/draws-and-results/","Encontrado na ITF (MD); leitura do draw: ITF API: derrota encontrada."
"david-ioan-arcip","David Ioan Arcip","Doubles","J30 Vadul lui Voda","J30","2026-05-18","2026-05-24","Eliminado","R32","","https://www.itftennis.com/en/tournament/j30-vadul-lui-voda/mda/2026/j-j30-mda-2026-002/draws-and-results/","Encontrado na ITF; leitura do draw de duplas: ITF API: derrota encontrada."
"david-ioan-arcip","David Ioan Arcip","Singles","J30 Vadul lui Voda","J30","2026-05-18","2026-05-24","Eliminado","R64","","https://www.itftennis.com/en/tournament/j30-vadul-lui-voda/mda/2026/j-j30-mda-2026-002/draws-and-results/","Encontrado na ITF (MD); leitura do draw: ITF API: derrota encontrada."
"david-popusoi","David Popusoi","Singles","J30 Vadul lui Voda","J30","2026-05-18","2026-05-24","Eliminado","Q2","","https://www.itftennis.com/en/tournament/j30-vadul-lui-voda/mda/2026/j-j30-mda-2026-002/draws-and-results/","Encontrado na ITF (Q); leitura do draw: ITF API: derrota encontrada."
"delia-maria-loghin","DELIA MARIA LOGHIN","Doubles","J30 Vadul lui Voda","J30","2026-05-18","2026-05-24","Eliminado","QF","","https://www.itftennis.com/en/tournament/j30-vadul-lui-voda/mda/2026/j-j30-mda-2026-002/draws-and-results/","Encontrado na ITF; leitura do draw de duplas: ITF API: derrota encontrada."
"delia-maria-loghin","DELIA MARIA LOGHIN","Singles","J30 Vadul lui Voda","J30","2026-05-18","2026-05-24","Eliminado","SF","","https://www.itftennis.com/en/tournament/j30-vadul-lui-voda/mda/2026/j-j30-mda-2026-002/draws-and-results/","Encontrado na ITF (MD); leitura do draw: ITF API: derrota encontrada."
"denis-andreas-sumedrea","Denis Andreas Sumedrea","Singles","J30 Vadul lui Voda","J30","2026-05-18","2026-05-24","Eliminado","Q1","","https://www.itftennis.com/en/tournament/j30-vadul-lui-voda/mda/2026/j-j30-mda-2026-002/draws-and-results/","Encontrado na ITF (Q); leitura do draw: ITF API: derrota encontrada."
"denis-stratulat","Denis Stratulat","Singles","J30 Vadul lui Voda","J30","2026-05-18","2026-05-24","Eliminado","Q1","","https://www.itftennis.com/en/tournament/j30-vadul-lui-voda/mda/2026/j-j30-mda-2026-002/draws-and-results/","Encontrado na ITF (Q); leitura do draw: ITF API: derrota encontrada."
"denis-valentin-dragomir","Denis Valentin Dragomir","Doubles","J30 Vadul lui Voda","J30","2026-05-18","2026-05-24","Eliminado","F","","https://www.itftennis.com/en/tournament/j30-vadul-lui-voda/mda/2026/j-j30-mda-2026-002/draws-and-results/","Encontrado na ITF; leitura do draw de duplas: ITF API: derrota encontrada."
"denis-valentin-dragomir","Denis Valentin Dragomir","Singles","J30 Vadul lui Voda","J30","2026-05-18","2026-05-24","Eliminado","QF","","https://www.itftennis.com/en/tournament/j30-vadul-lui-voda/mda/2026/j-j30-mda-2026-002/draws-and-results/","Encontrado na ITF (MD); leitura do draw: ITF API: derrota encontrada."
"dinu-frolu","Dinu Frolu","Singles","J30 Vadul lui Voda","J30","2026-05-18","2026-05-24","Eliminado","Q2","","https://www.itftennis.com/en/tournament/j30-vadul-lui-voda/mda/2026/j-j30-mda-2026-002/draws-and-results/","Encontrado na ITF (Q); leitura do draw: ITF API: derrota encontrada."
"dmytro-bespalyi","Dmytro Bespalyi","Singles","J30 Vadul lui Voda","J30","2026-05-18","2026-05-24","Eliminado","Q2","","https://www.itftennis.com/en/tournament/j30-vadul-lui-voda/mda/2026/j-j30-mda-2026-002/draws-and-results/","Encontrado na ITF (Q); leitura do draw: ITF API: derrota encontrada."
"dominik-gibala","Dominik Gibala","Doubles","J30 Vadul lui Voda","J30","2026-05-18","2026-05-24","Eliminado","R32","","https://www.itftennis.com/en/tournament/j30-vadul-lui-voda/mda/2026/j-j30-mda-2026-002/draws-and-results/","Encontrado na ITF; leitura do draw de duplas: ITF API: derrota encontrada."
"dominik-gibala","Dominik Gibala","Singles","J30 Vadul lui Voda","J30","2026-05-18","2026-05-24","Eliminado","R32","","https://www.itftennis.com/en/tournament/j30-vadul-lui-voda/mda/2026/j-j30-mda-2026-002/draws-and-results/","Encontrado na ITF (MD); leitura do draw: ITF API: derrota encontrada."
"edoardo-ghiselli","Edoardo Ghiselli","Doubles","J30 Vadul lui Voda","J30","2026-05-18","2026-05-24","Eliminado","QF","","https://www.itftennis.com/en/tournament/j30-vadul-lui-voda/mda/2026/j-j30-mda-2026-002/draws-and-results/","Encontrado na ITF; leitura do draw de duplas: ITF API: derrota encontrada."
"edoardo-ghiselli","Edoardo Ghiselli","Singles","J30 Vadul lui Voda","J30","2026-05-18","2026-05-24","Eliminado","R64","","https://www.itftennis.com/en/tournament/j30-vadul-lui-voda/mda/2026/j-j30-mda-2026-002/draws-and-results/","Encontrado na ITF (MD); leitura do draw: ITF API: derrota encontrada."
"elisa-andreea-cucu","Elisa Andreea Cucu","Doubles","J30 Vadul lui Voda","J30","2026-05-18","2026-05-24","Eliminado","SF","","https://www.itftennis.com/en/tournament/j30-vadul-lui-voda/mda/2026/j-j30-mda-2026-002/draws-and-results/","Encontrado na ITF; leitura do draw de duplas: ITF API: derrota encontrada."
"elisa-andreea-cucu","Elisa Andreea Cucu","Singles","J30 Vadul lui Voda","J30","2026-05-18","2026-05-24","Eliminado","R32","","https://www.itftennis.com/en/tournament/j30-vadul-lui-voda/mda/2026/j-j30-mda-2026-002/draws-and-results/","Encontrado na ITF (MD); leitura do draw: ITF API: derrota encontrada."
"eva-iurina","Eva Iurina","Doubles","J30 Vadul lui Voda","J30","2026-05-18","2026-05-24","Ativo","W","","https://www.itftennis.com/en/tournament/j30-vadul-lui-voda/mda/2026/j-j30-mda-2026-002/draws-and-results/","Encontrado na ITF; leitura do draw de duplas: ITF API: vitoria encontrada."
"eva-iurina","Eva Iurina","Singles","J30 Vadul lui Voda","J30","2026-05-18","2026-05-24","Eliminado","QF","","https://www.itftennis.com/en/tournament/j30-vadul-lui-voda/mda/2026/j-j30-mda-2026-002/draws-and-results/","Encontrado na ITF (MD); leitura do draw: ITF API: derrota encontrada."
"evelina-ioana-bichir","Evelina Ioana Bichir","Doubles","J30 Vadul lui Voda","J30","2026-05-18","2026-05-24","Eliminado","SF","","https://www.itftennis.com/en/tournament/j30-vadul-lui-voda/mda/2026/j-j30-mda-2026-002/draws-and-results/","Encontrado na ITF; leitura do draw de duplas: ITF API: derrota encontrada."
"evelina-ioana-bichir","Evelina Ioana Bichir","Singles","J30 Vadul lui Voda","J30","2026-05-18","2026-05-24","Eliminado","SF","","https://www.itftennis.com/en/tournament/j30-vadul-lui-voda/mda/2026/j-j30-mda-2026-002/draws-and-results/","Encontrado na ITF (MD); leitura do draw: ITF API: derrota encontrada."
"evelyne-andreea-harabagiu","Evelyne-Andreea Harabagiu","Doubles","J30 Vadul lui Voda","J30","2026-05-18","2026-05-24","Eliminado","R32","","https://www.itftennis.com/en/tournament/j30-vadul-lui-voda/mda/2026/j-j30-mda-2026-002/draws-and-results/","Encontrado na ITF; leitura do draw de duplas: ITF API: derrota encontrada."
"evelyne-andreea-harabagiu","Evelyne-Andreea Harabagiu","Singles","J30 Vadul lui Voda","J30","2026-05-18","2026-05-24","Eliminado","R64","","https://www.itftennis.com/en/tournament/j30-vadul-lui-voda/mda/2026/j-j30-mda-2026-002/draws-and-results/","Encontrado na ITF (MD); leitura do draw: ITF API: derrota encontrada."
"filip-cierny","Filip Cierny","Doubles","J30 Vadul lui Voda","J30","2026-05-18","2026-05-24","Eliminado","QF","","https://www.itftennis.com/en/tournament/j30-vadul-lui-voda/mda/2026/j-j30-mda-2026-002/draws-and-results/","Encontrado na ITF; leitura do draw de duplas: ITF API: derrota encontrada."
"filip-cierny","Filip Cierny","Singles","J30 Vadul lui Voda","J30","2026-05-18","2026-05-24","Eliminado","R64","","https://www.itftennis.com/en/tournament/j30-vadul-lui-voda/mda/2026/j-j30-mda-2026-002/draws-and-results/","Encontrado na ITF (MD); leitura do draw: ITF API: derrota encontrada."
"florent-clijmans","Florent Clijmans","Doubles","J30 Vadul lui Voda","J30","2026-05-18","2026-05-24","Eliminado","R32","","https://www.itftennis.com/en/tournament/j30-vadul-lui-voda/mda/2026/j-j30-mda-2026-002/draws-and-results/","Encontrado na ITF; leitura do draw de duplas: ITF API: derrota encontrada."
"florent-clijmans","Florent Clijmans","Singles","J30 Vadul lui Voda","J30","2026-05-18","2026-05-24","Eliminado","R32","","https://www.itftennis.com/en/tournament/j30-vadul-lui-voda/mda/2026/j-j30-mda-2026-002/draws-and-results/","Encontrado na ITF (MD); leitura do draw: ITF API: derrota encontrada."
"florin-robert-pantelimon","Florin Robert Pantelimon","Doubles","J30 Vadul lui Voda","J30","2026-05-18","2026-05-24","Eliminado","R32","","https://www.itftennis.com/en/tournament/j30-vadul-lui-voda/mda/2026/j-j30-mda-2026-002/draws-and-results/","Encontrado na ITF; leitura do draw de duplas: ITF API: derrota encontrada."
"florin-robert-pantelimon","Florin Robert Pantelimon","Singles","J30 Vadul lui Voda","J30","2026-05-18","2026-05-24","Eliminado","Q2","","https://www.itftennis.com/en/tournament/j30-vadul-lui-voda/mda/2026/j-j30-mda-2026-002/draws-and-results/","Encontrado na ITF (MD); leitura do draw: ITF API: derrota encontrada."
"gabriel-baciu","Gabriel Baciu","Singles","J30 Vadul lui Voda","J30","2026-05-18","2026-05-24","Eliminado","Q1","","https://www.itftennis.com/en/tournament/j30-vadul-lui-voda/mda/2026/j-j30-mda-2026-002/draws-and-results/","Encontrado na ITF (Q); leitura do draw: ITF API: derrota encontrada."
"giulia-ghirighini","Giulia Ghirighini","Singles","J30 Vadul lui Voda","J30","2026-05-18","2026-05-24","Eliminado","Q1","","https://www.itftennis.com/en/tournament/j30-vadul-lui-voda/mda/2026/j-j30-mda-2026-002/draws-and-results/","Encontrado na ITF (Q); leitura do draw: ITF API: derrota encontrada."
"ilia-sanalatii","Ilia Sanalatii","Singles","J30 Vadul lui Voda","J30","2026-05-18","2026-05-24","Eliminado","Q1","","https://www.itftennis.com/en/tournament/j30-vadul-lui-voda/mda/2026/j-j30-mda-2026-002/draws-and-results/","Encontrado na ITF (Q); leitura do draw: ITF API: derrota encontrada."
"ingrid-catalinoiu-gociman","Ingrid Catalinoiu Gociman","Singles","J30 Vadul lui Voda","J30","2026-05-18","2026-05-24","Eliminado","Q2","","https://www.itftennis.com/en/tournament/j30-vadul-lui-voda/mda/2026/j-j30-mda-2026-002/draws-and-results/","Encontrado na ITF (Q); leitura do draw: ITF API: derrota encontrada."
"irina-cretan","Irina Cretan","Doubles","J30 Vadul lui Voda","J30","2026-05-18","2026-05-24","Eliminado","QF","","https://www.itftennis.com/en/tournament/j30-vadul-lui-voda/mda/2026/j-j30-mda-2026-002/draws-and-results/","Encontrado na ITF; leitura do draw de duplas: ITF API: derrota encontrada."
"irina-cretan","Irina Cretan","Singles","J30 Vadul lui Voda","J30","2026-05-18","2026-05-24","Eliminado","R32","","https://www.itftennis.com/en/tournament/j30-vadul-lui-voda/mda/2026/j-j30-mda-2026-002/draws-and-results/","Encontrado na ITF (MD); leitura do draw: ITF API: derrota encontrada."
"irina-zaicenco","Irina Zaicenco","Singles","J30 Vadul lui Voda","J30","2026-05-18","2026-05-24","Eliminado","Q1","","https://www.itftennis.com/en/tournament/j30-vadul-lui-voda/mda/2026/j-j30-mda-2026-002/draws-and-results/","Encontrado na ITF (Q); leitura do draw: ITF API: derrota encontrada."
"kai-miller","Kai Miller","Singles","J30 Vadul lui Voda","J30","2026-05-18","2026-05-24","Eliminado","Q1","","https://www.itftennis.com/en/tournament/j30-vadul-lui-voda/mda/2026/j-j30-mda-2026-002/draws-and-results/","Encontrado na ITF (Q); leitura do draw: ITF API: derrota encontrada."
"kirill-chystikov","Kirill Chystikov","Singles","J30 Vadul lui Voda","J30","2026-05-18","2026-05-24","Eliminado","Q3","","https://www.itftennis.com/en/tournament/j30-vadul-lui-voda/mda/2026/j-j30-mda-2026-002/draws-and-results/","Encontrado na ITF (Q); leitura do draw: ITF API: derrota encontrada."
"leonardo-cicchinelli","Leonardo Cicchinelli","Doubles","J30 Vadul lui Voda","J30","2026-05-18","2026-05-24","Eliminado","QF","","https://www.itftennis.com/en/tournament/j30-vadul-lui-voda/mda/2026/j-j30-mda-2026-002/draws-and-results/","Encontrado na ITF; leitura do draw de duplas: ITF API: derrota encontrada."
"leonardo-cicchinelli","Leonardo Cicchinelli","Singles","J30 Vadul lui Voda","J30","2026-05-18","2026-05-24","Eliminado","R64","","https://www.itftennis.com/en/tournament/j30-vadul-lui-voda/mda/2026/j-j30-mda-2026-002/draws-and-results/","Encontrado na ITF (MD); leitura do draw: ITF API: derrota encontrada."
"loris-da-silva","Loris Da Silva","Doubles","J30 Vadul lui Voda","J30","2026-05-18","2026-05-24","Eliminado","QF","","https://www.itftennis.com/en/tournament/j30-vadul-lui-voda/mda/2026/j-j30-mda-2026-002/draws-and-results/","Encontrado na ITF; leitura do draw de duplas: ITF API: derrota encontrada."
"loris-da-silva","Loris Da Silva","Singles","J30 Vadul lui Voda","J30","2026-05-18","2026-05-24","Eliminado","R32","","https://www.itftennis.com/en/tournament/j30-vadul-lui-voda/mda/2026/j-j30-mda-2026-002/draws-and-results/","Encontrado na ITF (MD); leitura do draw: ITF API: derrota encontrada."
"luca-daraban","LUCA DARABAN","Doubles","J30 Vadul lui Voda","J30","2026-05-18","2026-05-24","Eliminado","SF","","https://www.itftennis.com/en/tournament/j30-vadul-lui-voda/mda/2026/j-j30-mda-2026-002/draws-and-results/","Encontrado na ITF; leitura do draw de duplas: ITF API: derrota encontrada."
"luca-daraban","LUCA DARABAN","Singles","J30 Vadul lui Voda","J30","2026-05-18","2026-05-24","Eliminado","QF","","https://www.itftennis.com/en/tournament/j30-vadul-lui-voda/mda/2026/j-j30-mda-2026-002/draws-and-results/","Encontrado na ITF (MD); leitura do draw: ITF API: derrota encontrada."
"lukas-siqueira","Lukas Siqueira","Doubles","J30 Vadul lui Voda","J30","2026-05-18","2026-05-24","Eliminado","QF","","https://www.itftennis.com/en/tournament/j30-vadul-lui-voda/mda/2026/j-j30-mda-2026-002/draws-and-results/","Encontrado na ITF; leitura do draw de duplas: ITF API: derrota encontrada."
"lukas-siqueira","Lukas Siqueira","Singles","J30 Vadul lui Voda","J30","2026-05-18","2026-05-24","Eliminado","R32","","https://www.itftennis.com/en/tournament/j30-vadul-lui-voda/mda/2026/j-j30-mda-2026-002/draws-and-results/","Encontrado na ITF (MD); leitura do draw: ITF API: derrota encontrada."
"madalina-ulianovschi","Madalina Ulianovschi","Doubles","J30 Vadul lui Voda","J30","2026-05-18","2026-05-24","Eliminado","R32","","https://www.itftennis.com/en/tournament/j30-vadul-lui-voda/mda/2026/j-j30-mda-2026-002/draws-and-results/","Encontrado na ITF; leitura do draw de duplas: ITF API: derrota encontrada."
"madalina-ulianovschi","Madalina Ulianovschi","Singles","J30 Vadul lui Voda","J30","2026-05-18","2026-05-24","Eliminado","R64","","https://www.itftennis.com/en/tournament/j30-vadul-lui-voda/mda/2026/j-j30-mda-2026-002/draws-and-results/","Encontrado na ITF (MD); leitura do draw: ITF API: derrota encontrada."
"manuel-mazzoli","Manuel Mazzoli","Singles","J30 Vadul lui Voda","J30","2026-05-18","2026-05-24","Eliminado","Q1","","https://www.itftennis.com/en/tournament/j30-vadul-lui-voda/mda/2026/j-j30-mda-2026-002/draws-and-results/","Encontrado na ITF (Q); leitura do draw: ITF API: derrota encontrada."
"margarita-iliina","Margarita Iliina","Singles","J30 Vadul lui Voda","J30","2026-05-18","2026-05-24","Eliminado","Q3","","https://www.itftennis.com/en/tournament/j30-vadul-lui-voda/mda/2026/j-j30-mda-2026-002/draws-and-results/","Encontrado na ITF (Q); leitura do draw: ITF API: derrota encontrada."
"maria-idita-cotarcea","Maria Idita Cotarcea","Singles","J30 Vadul lui Voda","J30","2026-05-18","2026-05-24","Eliminado","Q3","","https://www.itftennis.com/en/tournament/j30-vadul-lui-voda/mda/2026/j-j30-mda-2026-002/draws-and-results/","Encontrado na ITF (Q); leitura do draw: ITF API: derrota encontrada."
"maria-iustina-cheibas","Maria-Iustina Cheibas","Singles","J30 Vadul lui Voda","J30","2026-05-18","2026-05-24","Eliminado","Q2","","https://www.itftennis.com/en/tournament/j30-vadul-lui-voda/mda/2026/j-j30-mda-2026-002/draws-and-results/","Encontrado na ITF (Q); leitura do draw: ITF API: derrota encontrada."
"mariia-bielienka","Mariia Bielienka","Doubles","J30 Vadul lui Voda","J30","2026-05-18","2026-05-24","Eliminado","R32","","https://www.itftennis.com/en/tournament/j30-vadul-lui-voda/mda/2026/j-j30-mda-2026-002/draws-and-results/","Encontrado na ITF; leitura do draw de duplas: ITF API: derrota encontrada."
"mariia-bielienka","Mariia Bielienka","Singles","J30 Vadul lui Voda","J30","2026-05-18","2026-05-24","Eliminado","R64","","https://www.itftennis.com/en/tournament/j30-vadul-lui-voda/mda/2026/j-j30-mda-2026-002/draws-and-results/","Encontrado na ITF (MD); leitura do draw: ITF API: derrota encontrada."
"mark-vainberg","Mark Vainberg","Singles","J30 Vadul lui Voda","J30","2026-05-18","2026-05-24","Eliminado","R64","","https://www.itftennis.com/en/tournament/j30-vadul-lui-voda/mda/2026/j-j30-mda-2026-002/draws-and-results/","Encontrado na ITF (MD); leitura do draw: ITF API: derrota encontrada."
"maxim-tolchev","Maxim Tolchev","Doubles","J30 Vadul lui Voda","J30","2026-05-18","2026-05-24","Eliminado","R32","","https://www.itftennis.com/en/tournament/j30-vadul-lui-voda/mda/2026/j-j30-mda-2026-002/draws-and-results/","Encontrado na ITF; leitura do draw de duplas: ITF API: derrota encontrada."
"maxim-tolchev","Maxim Tolchev","Singles","J30 Vadul lui Voda","J30","2026-05-18","2026-05-24","Eliminado","R64","","https://www.itftennis.com/en/tournament/j30-vadul-lui-voda/mda/2026/j-j30-mda-2026-002/draws-and-results/","Encontrado na ITF (MD); leitura do draw: ITF API: derrota encontrada."
"milena-zanoci","Milena Zanoci","Doubles","J30 Vadul lui Voda","J30","2026-05-18","2026-05-24","Eliminado","R32","","https://www.itftennis.com/en/tournament/j30-vadul-lui-voda/mda/2026/j-j30-mda-2026-002/draws-and-results/","Encontrado na ITF; leitura do draw de duplas: ITF API: derrota encontrada."
"milena-zanoci","Milena Zanoci","Singles","J30 Vadul lui Voda","J30","2026-05-18","2026-05-24","Eliminado","R64","","https://www.itftennis.com/en/tournament/j30-vadul-lui-voda/mda/2026/j-j30-mda-2026-002/draws-and-results/","Encontrado na ITF (MD); leitura do draw: ITF API: derrota encontrada."
"myron-skakun","Myron Skakun","Singles","J30 Vadul lui Voda","J30","2026-05-18","2026-05-24","Eliminado","Q1","","https://www.itftennis.com/en/tournament/j30-vadul-lui-voda/mda/2026/j-j30-mda-2026-002/draws-and-results/","Encontrado na ITF (Q); leitura do draw: ITF API: derrota encontrada."
"natalia-drobca","Natalia Drobca","Doubles","J30 Vadul lui Voda","J30","2026-05-18","2026-05-24","Eliminado","F","","https://www.itftennis.com/en/tournament/j30-vadul-lui-voda/mda/2026/j-j30-mda-2026-002/draws-and-results/","Encontrado na ITF; leitura do draw de duplas: ITF API: derrota encontrada."
"natalia-drobca","Natalia Drobca","Singles","J30 Vadul lui Voda","J30","2026-05-18","2026-05-24","Eliminado","R64","","https://www.itftennis.com/en/tournament/j30-vadul-lui-voda/mda/2026/j-j30-mda-2026-002/draws-and-results/","Encontrado na ITF (MD); leitura do draw: ITF API: derrota encontrada."
"nichita-condratiuc","Nichita Condratiuc","Doubles","J30 Vadul lui Voda","J30","2026-05-18","2026-05-24","Eliminado","R32","","https://www.itftennis.com/en/tournament/j30-vadul-lui-voda/mda/2026/j-j30-mda-2026-002/draws-and-results/","Encontrado na ITF; leitura do draw de duplas: ITF API: derrota encontrada."
"nichita-condratiuc","Nichita Condratiuc","Singles","J30 Vadul lui Voda","J30","2026-05-18","2026-05-24","Eliminado","R64","","https://www.itftennis.com/en/tournament/j30-vadul-lui-voda/mda/2026/j-j30-mda-2026-002/draws-and-results/","Encontrado na ITF (MD); leitura do draw: ITF API: derrota encontrada."
"nichita-marcenco","Nichita Marcenco","Singles","J30 Vadul lui Voda","J30","2026-05-18","2026-05-24","Eliminado","Q1","","https://www.itftennis.com/en/tournament/j30-vadul-lui-voda/mda/2026/j-j30-mda-2026-002/draws-and-results/","Encontrado na ITF (Q); leitura do draw: ITF API: derrota encontrada."
"nicholas-marhoff","Nicholas Marhoff","Singles","J30 Vadul lui Voda","J30","2026-05-18","2026-05-24","Eliminado","Q1","","https://www.itftennis.com/en/tournament/j30-vadul-lui-voda/mda/2026/j-j30-mda-2026-002/draws-and-results/","Encontrado na ITF (Q); leitura do draw: ITF API: derrota encontrada."
"nicolae-geanta","Nicolae Geanta","Singles","J30 Vadul lui Voda","J30","2026-05-18","2026-05-24","Eliminado","Q1","","https://www.itftennis.com/en/tournament/j30-vadul-lui-voda/mda/2026/j-j30-mda-2026-002/draws-and-results/","Encontrado na ITF (Q); leitura do draw: ITF API: derrota encontrada."
"nicolai-florinta","Nicolai Florinta","Doubles","J30 Vadul lui Voda","J30","2026-05-18","2026-05-24","Eliminado","R32","","https://www.itftennis.com/en/tournament/j30-vadul-lui-voda/mda/2026/j-j30-mda-2026-002/draws-and-results/","Encontrado na ITF; leitura do draw de duplas: ITF API: derrota encontrada."
"nicolai-florinta","Nicolai Florinta","Singles","J30 Vadul lui Voda","J30","2026-05-18","2026-05-24","Eliminado","R64","","https://www.itftennis.com/en/tournament/j30-vadul-lui-voda/mda/2026/j-j30-mda-2026-002/draws-and-results/","Encontrado na ITF (MD); leitura do draw: ITF API: derrota encontrada."
"nika-koshkarova","Nika Koshkarova","Doubles","J30 Vadul lui Voda","J30","2026-05-18","2026-05-24","Eliminado","R32","","https://www.itftennis.com/en/tournament/j30-vadul-lui-voda/mda/2026/j-j30-mda-2026-002/draws-and-results/","Encontrado na ITF; leitura do draw de duplas: ITF API: derrota encontrada."
"nika-koshkarova","Nika Koshkarova","Singles","J30 Vadul lui Voda","J30","2026-05-18","2026-05-24","Eliminado","R64","","https://www.itftennis.com/en/tournament/j30-vadul-lui-voda/mda/2026/j-j30-mda-2026-002/draws-and-results/","Encontrado na ITF (MD); leitura do draw: ITF API: derrota encontrada."
"nikol-nehria","NIKOL NEHRIA","Doubles","J30 Vadul lui Voda","J30","2026-05-18","2026-05-24","Ativo","W","","https://www.itftennis.com/en/tournament/j30-vadul-lui-voda/mda/2026/j-j30-mda-2026-002/draws-and-results/","Encontrado na ITF; leitura do draw de duplas: ITF API: vitoria encontrada."
"nikol-nehria","NIKOL NEHRIA","Singles","J30 Vadul lui Voda","J30","2026-05-18","2026-05-24","Ativo","W","","https://www.itftennis.com/en/tournament/j30-vadul-lui-voda/mda/2026/j-j30-mda-2026-002/draws-and-results/","Encontrado na ITF (MD); leitura do draw: ITF API: vitoria encontrada."
"oleksii-heivashchuk","Oleksii Heivashchuk","Singles","J30 Vadul lui Voda","J30","2026-05-18","2026-05-24","Eliminado","Q2","","https://www.itftennis.com/en/tournament/j30-vadul-lui-voda/mda/2026/j-j30-mda-2026-002/draws-and-results/","Encontrado na ITF (Q); leitura do draw: ITF API: derrota encontrada."
"polina-chiriac","Polina Chiriac","Doubles","J30 Vadul lui Voda","J30","2026-05-18","2026-05-24","Eliminado","R32","","https://www.itftennis.com/en/tournament/j30-vadul-lui-voda/mda/2026/j-j30-mda-2026-002/draws-and-results/","Encontrado na ITF; leitura do draw de duplas: ITF API: derrota encontrada."
"rares-alexandru-miron","Rares Alexandru Miron","Doubles","J30 Vadul lui Voda","J30","2026-05-18","2026-05-24","Eliminado","R32","","https://www.itftennis.com/en/tournament/j30-vadul-lui-voda/mda/2026/j-j30-mda-2026-002/draws-and-results/","Encontrado na ITF; leitura do draw de duplas: ITF API: derrota encontrada."
"rares-alexandru-miron","Rares Alexandru Miron","Singles","J30 Vadul lui Voda","J30","2026-05-18","2026-05-24","Eliminado","Q3","","https://www.itftennis.com/en/tournament/j30-vadul-lui-voda/mda/2026/j-j30-mda-2026-002/draws-and-results/","Encontrado na ITF (MD); leitura do draw: ITF API: derrota encontrada."
"rares-andrei-ionescu","Rares Andrei Ionescu","Doubles","J30 Vadul lui Voda","J30","2026-05-18","2026-05-24","Eliminado","R32","","https://www.itftennis.com/en/tournament/j30-vadul-lui-voda/mda/2026/j-j30-mda-2026-002/draws-and-results/","Encontrado na ITF; leitura do draw de duplas: ITF API: derrota encontrada."
"rares-andrei-ionescu","Rares Andrei Ionescu","Singles","J30 Vadul lui Voda","J30","2026-05-18","2026-05-24","Eliminado","SF","","https://www.itftennis.com/en/tournament/j30-vadul-lui-voda/mda/2026/j-j30-mda-2026-002/draws-and-results/","Encontrado na ITF (MD); leitura do draw: ITF API: derrota encontrada."
"rares-ioan-poiana","Rares Ioan Poiana","Doubles","J30 Vadul lui Voda","J30","2026-05-18","2026-05-24","Eliminado","F","","https://www.itftennis.com/en/tournament/j30-vadul-lui-voda/mda/2026/j-j30-mda-2026-002/draws-and-results/","Encontrado na ITF; leitura do draw de duplas: ITF API: derrota encontrada."
"rares-ioan-poiana","Rares Ioan Poiana","Singles","J30 Vadul lui Voda","J30","2026-05-18","2026-05-24","Eliminado","QF","","https://www.itftennis.com/en/tournament/j30-vadul-lui-voda/mda/2026/j-j30-mda-2026-002/draws-and-results/","Encontrado na ITF (MD); leitura do draw: ITF API: derrota encontrada."
"rares-saracin","RARES SARACIN","Singles","J30 Vadul lui Voda","J30","2026-05-18","2026-05-24","Eliminado","F","","https://www.itftennis.com/en/tournament/j30-vadul-lui-voda/mda/2026/j-j30-mda-2026-002/draws-and-results/","Encontrado na ITF (MD); leitura do draw: ITF API: derrota encontrada."
"romina-hincu","Romina Hincu","Doubles","J30 Vadul lui Voda","J30","2026-05-18","2026-05-24","Eliminado","QF","","https://www.itftennis.com/en/tournament/j30-vadul-lui-voda/mda/2026/j-j30-mda-2026-002/draws-and-results/","Encontrado na ITF; leitura do draw de duplas: ITF API: derrota encontrada."
"romina-hincu","Romina Hincu","Singles","J30 Vadul lui Voda","J30","2026-05-18","2026-05-24","Eliminado","QF","","https://www.itftennis.com/en/tournament/j30-vadul-lui-voda/mda/2026/j-j30-mda-2026-002/draws-and-results/","Encontrado na ITF (MD); leitura do draw: ITF API: derrota encontrada."
"ruohan-yang","Ruohan Yang","Doubles","J30 Vadul lui Voda","J30","2026-05-18","2026-05-24","Eliminado","QF","","https://www.itftennis.com/en/tournament/j30-vadul-lui-voda/mda/2026/j-j30-mda-2026-002/draws-and-results/","Encontrado na ITF; leitura do draw de duplas: ITF API: derrota encontrada."
"ruohan-yang","Ruohan Yang","Singles","J30 Vadul lui Voda","J30","2026-05-18","2026-05-24","Eliminado","F","","https://www.itftennis.com/en/tournament/j30-vadul-lui-voda/mda/2026/j-j30-mda-2026-002/draws-and-results/","Encontrado na ITF (MD); leitura do draw: ITF API: derrota encontrada."
"samuel-sykora","Samuel Sykora","Doubles","J30 Vadul lui Voda","J30","2026-05-18","2026-05-24","Ativo","W","","https://www.itftennis.com/en/tournament/j30-vadul-lui-voda/mda/2026/j-j30-mda-2026-002/draws-and-results/","Encontrado na ITF; leitura do draw de duplas: ITF API: vitoria encontrada."
"samuel-sykora","Samuel Sykora","Singles","J30 Vadul lui Voda","J30","2026-05-18","2026-05-24","Ativo","W","","https://www.itftennis.com/en/tournament/j30-vadul-lui-voda/mda/2026/j-j30-mda-2026-002/draws-and-results/","Encontrado na ITF (MD); leitura do draw: ITF API: vitoria encontrada."
"sofia-mihaila","Sofia Mihaila","Singles","J30 Vadul lui Voda","J30","2026-05-18","2026-05-24","Eliminado","Q2","","https://www.itftennis.com/en/tournament/j30-vadul-lui-voda/mda/2026/j-j30-mda-2026-002/draws-and-results/","Encontrado na ITF (Q); leitura do draw: ITF API: derrota encontrada."
"stefan-bordeianu","Stefan Bordeianu","Singles","J30 Vadul lui Voda","J30","2026-05-18","2026-05-24","Eliminado","Q1","","https://www.itftennis.com/en/tournament/j30-vadul-lui-voda/mda/2026/j-j30-mda-2026-002/draws-and-results/","Encontrado na ITF (Q); leitura do draw: ITF API: derrota encontrada."
"stefan-chindris","Stefan Chindris","Singles","J30 Vadul lui Voda","J30","2026-05-18","2026-05-24","Eliminado","Q1","","https://www.itftennis.com/en/tournament/j30-vadul-lui-voda/mda/2026/j-j30-mda-2026-002/draws-and-results/","Encontrado na ITF (Q); leitura do draw: ITF API: derrota encontrada."
"teodora-bordeianu","Teodora Bordeianu","Singles","J30 Vadul lui Voda","J30","2026-05-18","2026-05-24","Eliminado","Q2","","https://www.itftennis.com/en/tournament/j30-vadul-lui-voda/mda/2026/j-j30-mda-2026-002/draws-and-results/","Encontrado na ITF (Q); leitura do draw: ITF API: derrota encontrada."
"teodora-georgiana-petre","TEODORA GEORGIANA PETRE","Doubles","J30 Vadul lui Voda","J30","2026-05-18","2026-05-24","Eliminado","QF","","https://www.itftennis.com/en/tournament/j30-vadul-lui-voda/mda/2026/j-j30-mda-2026-002/draws-and-results/","Encontrado na ITF; leitura do draw de duplas: ITF API: derrota encontrada."
"teodora-georgiana-petre","TEODORA GEORGIANA PETRE","Singles","J30 Vadul lui Voda","J30","2026-05-18","2026-05-24","Eliminado","R64","","https://www.itftennis.com/en/tournament/j30-vadul-lui-voda/mda/2026/j-j30-mda-2026-002/draws-and-results/","Encontrado na ITF (MD); leitura do draw: ITF API: derrota encontrada."
"tristan-ducros","TRISTAN DUCROS","Doubles","J30 Vadul lui Voda","J30","2026-05-18","2026-05-24","Eliminado","QF","","https://www.itftennis.com/en/tournament/j30-vadul-lui-voda/mda/2026/j-j30-mda-2026-002/draws-and-results/","Encontrado na ITF; leitura do draw de duplas: ITF API: derrota encontrada."
"tristan-ducros","TRISTAN DUCROS","Singles","J30 Vadul lui Voda","J30","2026-05-18","2026-05-24","Eliminado","R64","","https://www.itftennis.com/en/tournament/j30-vadul-lui-voda/mda/2026/j-j30-mda-2026-002/draws-and-results/","Encontrado na ITF (MD); leitura do draw: ITF API: derrota encontrada."
"tudor-george-petroiu","TUDOR-GEORGE PETROIU","Singles","J30 Vadul lui Voda","J30","2026-05-18","2026-05-24","Eliminado","Q2","","https://www.itftennis.com/en/tournament/j30-vadul-lui-voda/mda/2026/j-j30-mda-2026-002/draws-and-results/","Encontrado na ITF (Q); leitura do draw: ITF API: derrota encontrada."
"valeria-ifodi","Valeria Ifodi","Singles","J30 Vadul lui Voda","J30","2026-05-18","2026-05-24","Eliminado","Q1","","https://www.itftennis.com/en/tournament/j30-vadul-lui-voda/mda/2026/j-j30-mda-2026-002/draws-and-results/","Encontrado na ITF (Q); leitura do draw: ITF API: derrota encontrada."
"vanessa-beceru","VANESSA BECERU","Singles","J30 Vadul lui Voda","J30","2026-05-18","2026-05-24","Eliminado","R32","","https://www.itftennis.com/en/tournament/j30-vadul-lui-voda/mda/2026/j-j30-mda-2026-002/draws-and-results/","Encontrado na ITF (MD); leitura do draw: ITF API: derrota encontrada."
"vasilisa-zarecinaia","Vasilisa Zarecinaia","Doubles","J30 Vadul lui Voda","J30","2026-05-18","2026-05-24","Eliminado","R32","","https://www.itftennis.com/en/tournament/j30-vadul-lui-voda/mda/2026/j-j30-mda-2026-002/draws-and-results/","Encontrado na ITF; leitura do draw de duplas: ITF API: derrota encontrada."
"vasilisa-zarecinaia","Vasilisa Zarecinaia","Singles","J30 Vadul lui Voda","J30","2026-05-18","2026-05-24","Eliminado","R64","","https://www.itftennis.com/en/tournament/j30-vadul-lui-voda/mda/2026/j-j30-mda-2026-002/draws-and-results/","Encontrado na ITF (MD); leitura do draw: ITF API: derrota encontrada."
"victor-andrei-fatu","VICTOR ANDREI FATU","Doubles","J30 Vadul lui Voda","J30","2026-05-18","2026-05-24","Eliminado","R32","","https://www.itftennis.com/en/tournament/j30-vadul-lui-voda/mda/2026/j-j30-mda-2026-002/draws-and-results/","Encontrado na ITF; leitura do draw de duplas: ITF API: derrota encontrada."
"victor-andrei-fatu","VICTOR ANDREI FATU","Singles","J30 Vadul lui Voda","J30","2026-05-18","2026-05-24","Eliminado","R64","","https://www.itftennis.com/en/tournament/j30-vadul-lui-voda/mda/2026/j-j30-mda-2026-002/draws-and-results/","Encontrado na ITF (MD); leitura do draw: ITF API: derrota encontrada."
"vincent-terekhin","Vincent Terekhin","Doubles","J30 Vadul lui Voda","J30","2026-05-18","2026-05-24","Eliminado","QF","","https://www.itftennis.com/en/tournament/j30-vadul-lui-voda/mda/2026/j-j30-mda-2026-002/draws-and-results/","Encontrado na ITF; leitura do draw de duplas: ITF API: derrota encontrada."
"vincent-terekhin","Vincent Terekhin","Singles","J30 Vadul lui Voda","J30","2026-05-18","2026-05-24","Eliminado","R64","","https://www.itftennis.com/en/tournament/j30-vadul-lui-voda/mda/2026/j-j30-mda-2026-002/draws-and-results/","Encontrado na ITF (MD); leitura do draw: ITF API: derrota encontrada."
"vladimir-artiomenco","Vladimir Artiomenco","Singles","J30 Vadul lui Voda","J30","2026-05-18","2026-05-24","Eliminado","Q1","","https://www.itftennis.com/en/tournament/j30-vadul-lui-voda/mda/2026/j-j30-mda-2026-002/draws-and-results/","Encontrado na ITF (Q); leitura do draw: ITF API: derrota encontrada."
"vladyslav-bohomolkin","Vladyslav Bohomolkin","Doubles","J30 Vadul lui Voda","J30","2026-05-18","2026-05-24","Eliminado","SF","","https://www.itftennis.com/en/tournament/j30-vadul-lui-voda/mda/2026/j-j30-mda-2026-002/draws-and-results/","Encontrado na ITF; leitura do draw de duplas: ITF API: derrota encontrada."
"vladyslav-bohomolkin","Vladyslav Bohomolkin","Singles","J30 Vadul lui Voda","J30","2026-05-18","2026-05-24","Eliminado","R64","","https://www.itftennis.com/en/tournament/j30-vadul-lui-voda/mda/2026/j-j30-mda-2026-002/draws-and-results/","Encontrado na ITF (MD); leitura do draw: ITF API: derrota encontrada."
"vladyslava-vynogradova","Vladyslava Vynogradova","Singles","J30 Vadul lui Voda","J30","2026-05-18","2026-05-24","Eliminado","Q1","","https://www.itftennis.com/en/tournament/j30-vadul-lui-voda/mda/2026/j-j30-mda-2026-002/draws-and-results/","Encontrado na ITF (Q); leitura do draw: ITF API: derrota encontrada."
"yehor-romaniuta","Yehor Romaniuta","Doubles","J30 Vadul lui Voda","J30","2026-05-18","2026-05-24","Eliminado","SF","","https://www.itftennis.com/en/tournament/j30-vadul-lui-voda/mda/2026/j-j30-mda-2026-002/draws-and-results/","Encontrado na ITF; leitura do draw de duplas: ITF API: derrota encontrada."
"yehor-romaniuta","Yehor Romaniuta","Singles","J30 Vadul lui Voda","J30","2026-05-18","2026-05-24","Eliminado","SF","","https://www.itftennis.com/en/tournament/j30-vadul-lui-voda/mda/2026/j-j30-mda-2026-002/draws-and-results/","Encontrado na ITF (MD); leitura do draw: ITF API: derrota encontrada."
"yelisaveta-kryva","Yelisaveta Kryva","Singles","J30 Vadul lui Voda","J30","2026-05-18","2026-05-24","Eliminado","R64","","https://www.itftennis.com/en/tournament/j30-vadul-lui-voda/mda/2026/j-j30-mda-2026-002/draws-and-results/","Encontrado na ITF (MD); leitura do draw: ITF API: derrota encontrada."
"adelina-lacinova","Adelina Lacinova","Doubles","J500 Milan","J500","2026-05-18","2026-05-24","Eliminado","R32","","https://www.itftennis.com/en/tournament/j500-milan/ita/2026/j-j500-ita-2026-001/draws-and-results/","Encontrado na ITF; leitura do draw de duplas: ITF API: derrota encontrada."
"adelina-lacinova","Adelina Lacinova","Singles","J500 Milan","J500","2026-05-18","2026-05-24","Eliminado","QF","","https://www.itftennis.com/en/tournament/j500-milan/ita/2026/j-j500-ita-2026-001/draws-and-results/","Encontrado na ITF (MD); leitura do draw: ITF API: derrota encontrada."
"agassi-rusher","Agassi Rusher","Singles","J500 Milan","J500","2026-05-18","2026-05-24","Eliminado","Q1","","https://www.itftennis.com/en/tournament/j500-milan/ita/2026/j-j500-ita-2026-001/draws-and-results/","Encontrado na ITF (Q); leitura do draw: ITF API: derrota encontrada."
"alberto-pulido-moreno","Alberto Pulido Moreno","Singles","J500 Milan","J500","2026-05-18","2026-05-24","Eliminado","Q2","","https://www.itftennis.com/en/tournament/j500-milan/ita/2026/j-j500-ita-2026-001/draws-and-results/","Encontrado na ITF (Q); leitura do draw: ITF API: derrota encontrada."
"alessandra-fiorillo","Alessandra Fiorillo","Singles","J500 Milan","J500","2026-05-18","2026-05-24","Eliminado","Q2","","https://www.itftennis.com/en/tournament/j500-milan/ita/2026/j-j500-ita-2026-001/draws-and-results/","Encontrado na ITF (Q); leitura do draw: ITF API: derrota encontrada."
"alessia-antici","Alessia Antici","Singles","J500 Milan","J500","2026-05-18","2026-05-24","Eliminado","Q1","","https://www.itftennis.com/en/tournament/j500-milan/ita/2026/j-j500-ita-2026-001/draws-and-results/","Encontrado na ITF (Q); leitura do draw: ITF API: derrota encontrada."
"alexandra-cheishvili","Alexandra Cheishvili","Singles","J500 Milan","J500","2026-05-18","2026-05-24","Eliminado","Q3","","https://www.itftennis.com/en/tournament/j500-milan/ita/2026/j-j500-ita-2026-001/draws-and-results/","Encontrado na ITF (Q); leitura do draw: ITF API: derrota encontrada."
"alexandra-malova","Alexandra Malova","Doubles","J500 Milan","J500","2026-05-18","2026-05-24","Eliminado","R32","","https://www.itftennis.com/en/tournament/j500-milan/ita/2026/j-j500-ita-2026-001/draws-and-results/","Encontrado na ITF; leitura do draw de duplas: ITF API: derrota encontrada."
"alexandra-malova","Alexandra Malova","Singles","J500 Milan","J500","2026-05-18","2026-05-24","Eliminado","R32","","https://www.itftennis.com/en/tournament/j500-milan/ita/2026/j-j500-ita-2026-001/draws-and-results/","Encontrado na ITF (MD); leitura do draw: ITF API: derrota encontrada."
"alicia-reichel","Alicia Reichel","Singles","J500 Milan","J500","2026-05-18","2026-05-24","Eliminado","Q1","","https://www.itftennis.com/en/tournament/j500-milan/ita/2026/j-j500-ita-2026-001/draws-and-results/","Encontrado na ITF (Q); leitura do draw: ITF API: derrota encontrada."
"allegra-troise-mangoni","Allegra Troise Mangoni","Singles","J500 Milan","J500","2026-05-18","2026-05-24","Eliminado","R64","","https://www.itftennis.com/en/tournament/j500-milan/ita/2026/j-j500-ita-2026-001/draws-and-results/","Encontrado na ITF (MD); leitura do draw: ITF API: derrota encontrada."
"alyssa-james","Alyssa James","Doubles","J500 Milan","J500","2026-05-18","2026-05-24","Eliminado","R16","","https://www.itftennis.com/en/tournament/j500-milan/ita/2026/j-j500-ita-2026-001/draws-and-results/","Encontrado na ITF; leitura do draw de duplas: ITF API: derrota encontrada."
"alyssa-james","Alyssa James","Singles","J500 Milan","J500","2026-05-18","2026-05-24","Eliminado","R16","","https://www.itftennis.com/en/tournament/j500-milan/ita/2026/j-j500-ita-2026-001/draws-and-results/","Encontrado na ITF (MD); leitura do draw: ITF API: derrota encontrada."
"ana-cruz","Ana Cruz","Singles","J500 Milan","J500","2026-05-18","2026-05-24","Eliminado","Q1","","https://www.itftennis.com/en/tournament/j500-milan/ita/2026/j-j500-ita-2026-001/draws-and-results/","Encontrado na ITF (Q); leitura do draw: ITF API: derrota encontrada."
"anastasija-cvetkovic","Anastasija Cvetkovic","Doubles","J500 Milan","J500","2026-05-18","2026-05-24","Eliminado","F","","https://www.itftennis.com/en/tournament/j500-milan/ita/2026/j-j500-ita-2026-001/draws-and-results/","Encontrado na ITF; leitura do draw de duplas: ITF API: derrota encontrada."
"anastasija-cvetkovic","Anastasija Cvetkovic","Singles","J500 Milan","J500","2026-05-18","2026-05-24","Eliminado","QF","","https://www.itftennis.com/en/tournament/j500-milan/ita/2026/j-j500-ita-2026-001/draws-and-results/","Encontrado na ITF (MD); leitura do draw: ITF API: derrota encontrada."
"andrea-cabio","Andrea Cabio","Singles","J500 Milan","J500","2026-05-18","2026-05-24","Eliminado","Q2","","https://www.itftennis.com/en/tournament/j500-milan/ita/2026/j-j500-ita-2026-001/draws-and-results/","Encontrado na ITF (Q); leitura do draw: ITF API: derrota encontrada."
"andrew-johnson","Andrew Johnson","Doubles","J500 Milan","J500","2026-05-18","2026-05-24","Eliminado","R16","","https://www.itftennis.com/en/tournament/j500-milan/ita/2026/j-j500-ita-2026-001/draws-and-results/","Encontrado na ITF; leitura do draw de duplas: ITF API: derrota encontrada."
"andrew-johnson","Andrew Johnson","Singles","J500 Milan","J500","2026-05-18","2026-05-24","Eliminado","R16","","https://www.itftennis.com/en/tournament/j500-milan/ita/2026/j-j500-ita-2026-001/draws-and-results/","Encontrado na ITF (MD); leitura do draw: ITF API: derrota encontrada."
"anita-tu","Anita Tu","Singles","J500 Milan","J500","2026-05-18","2026-05-24","Eliminado","Q2","","https://www.itftennis.com/en/tournament/j500-milan/ita/2026/j-j500-ita-2026-001/draws-and-results/","Encontrado na ITF (Q); leitura do draw: ITF API: derrota encontrada."
"anna-pushkareva","Anna Pushkareva","Singles","J500 Milan","J500","2026-05-18","2026-05-24","Eliminado","R16","","https://www.itftennis.com/en/tournament/j500-milan/ita/2026/j-j500-ita-2026-001/draws-and-results/","Encontrado na ITF (MD); leitura do draw: ITF API: derrota encontrada."
"antonio-marigliano","Antonio Marigliano","Singles","J500 Milan","J500","2026-05-18","2026-05-24","Eliminado","R16","","https://www.itftennis.com/en/tournament/j500-milan/ita/2026/j-j500-ita-2026-001/draws-and-results/","Encontrado na ITF (MD); leitura do draw: ITF API: derrota encontrada."
"arnav-paparkar","Arnav Paparkar","Doubles","J500 Milan","J500","2026-05-18","2026-05-24","Eliminado","R32","","https://www.itftennis.com/en/tournament/j500-milan/ita/2026/j-j500-ita-2026-001/draws-and-results/","Encontrado na ITF; leitura do draw de duplas: ITF API: derrota encontrada."
"arnav-paparkar","Arnav Paparkar","Singles","J500 Milan","J500","2026-05-18","2026-05-24","Eliminado","R32","","https://www.itftennis.com/en/tournament/j500-milan/ita/2026/j-j500-ita-2026-001/draws-and-results/","Encontrado na ITF (MD); leitura do draw: ITF API: derrota encontrada."
"asia-basiletti","Asia Basiletti","Singles","J500 Milan","J500","2026-05-18","2026-05-24","Eliminado","Q1","","https://www.itftennis.com/en/tournament/j500-milan/ita/2026/j-j500-ita-2026-001/draws-and-results/","Encontrado na ITF (Q); leitura do draw: ITF API: derrota encontrada."
"avery-alexander","Avery Alexander","Singles","J500 Milan","J500","2026-05-18","2026-05-24","Eliminado","Q3","","https://www.itftennis.com/en/tournament/j500-milan/ita/2026/j-j500-ita-2026-001/draws-and-results/","Encontrado na ITF (Q); leitura do draw: ITF API: derrota encontrada."
"beatrice-vittoria-gatti","Beatrice Vittoria Gatti","Singles","J500 Milan","J500","2026-05-18","2026-05-24","Eliminado","Q1","","https://www.itftennis.com/en/tournament/j500-milan/ita/2026/j-j500-ita-2026-001/draws-and-results/","Encontrado na ITF (Q); leitura do draw: ITF API: derrota encontrada."
"benjamin-azar","Benjamin Azar","Doubles","J500 Milan","J500","2026-05-18","2026-05-24","Eliminado","R32","","https://www.itftennis.com/en/tournament/j500-milan/ita/2026/j-j500-ita-2026-001/draws-and-results/","Encontrado na ITF; leitura do draw de duplas: ITF API: derrota encontrada."
"benjamin-azar","Benjamin Azar","Singles","J500 Milan","J500","2026-05-18","2026-05-24","Eliminado","R64","","https://www.itftennis.com/en/tournament/j500-milan/ita/2026/j-j500-ita-2026-001/draws-and-results/","Encontrado na ITF (MD); leitura do draw: ITF API: derrota encontrada."
"bercel-sandor-takacs","Bercel Sandor Takacs","Singles","J500 Milan","J500","2026-05-18","2026-05-24","Eliminado","Q1","","https://www.itftennis.com/en/tournament/j500-milan/ita/2026/j-j500-ita-2026-001/draws-and-results/","Encontrado na ITF (Q); leitura do draw: ITF API: derrota encontrada."
"camilla-olga-castracani","Camilla Olga Castracani","Doubles","J500 Milan","J500","2026-05-18","2026-05-24","Eliminado","R32","","https://www.itftennis.com/en/tournament/j500-milan/ita/2026/j-j500-ita-2026-001/draws-and-results/","Encontrado na ITF; leitura do draw de duplas: ITF API: derrota encontrada."
"camilla-olga-castracani","Camilla Olga Castracani","Singles","J500 Milan","J500","2026-05-18","2026-05-24","Eliminado","R64","","https://www.itftennis.com/en/tournament/j500-milan/ita/2026/j-j500-ita-2026-001/draws-and-results/","Encontrado na ITF (MD); leitura do draw: ITF API: derrota encontrada."
"capucine-cedillo-vayson-de-pradenne","Capucine Cedillo- Vayson de Pradenne","Singles","J500 Milan","J500","2026-05-18","2026-05-24","Eliminado","Q1","","https://www.itftennis.com/en/tournament/j500-milan/ita/2026/j-j500-ita-2026-001/draws-and-results/","Encontrado na ITF (Q); leitura do draw: ITF API: derrota encontrada."
"carla-giambelli","Carla Giambelli","Singles","J500 Milan","J500","2026-05-18","2026-05-24","Eliminado","R64","","https://www.itftennis.com/en/tournament/j500-milan/ita/2026/j-j500-ita-2026-001/draws-and-results/","Encontrado na ITF (MD); leitura do draw: ITF API: derrota encontrada."
"carla-vazquez-alcudia","Carla Vazquez Alcudia","Singles","J500 Milan","J500","2026-05-18","2026-05-24","Eliminado","Q1","","https://www.itftennis.com/en/tournament/j500-milan/ita/2026/j-j500-ita-2026-001/draws-and-results/","Encontrado na ITF (Q); leitura do draw: ITF API: derrota encontrada."
"carlos-eduardo-lino","Carlos Eduardo Lino","Singles","J500 Milan","J500","2026-05-18","2026-05-24","Eliminado","Q1","","https://www.itftennis.com/en/tournament/j500-milan/ita/2026/j-j500-ita-2026-001/draws-and-results/","Encontrado na ITF (Q); leitura do draw: ITF API: derrota encontrada."
"carrie-anne-hoo","Carrie-Anne Hoo","Doubles","J500 Milan","J500","2026-05-18","2026-05-24","Eliminado","R32","","https://www.itftennis.com/en/tournament/j500-milan/ita/2026/j-j500-ita-2026-001/draws-and-results/","Encontrado na ITF; leitura do draw de duplas: ITF API: derrota encontrada."
"carrie-anne-hoo","Carrie-Anne Hoo","Singles","J500 Milan","J500","2026-05-18","2026-05-24","Eliminado","Q2","","https://www.itftennis.com/en/tournament/j500-milan/ita/2026/j-j500-ita-2026-001/draws-and-results/","Encontrado na ITF (MD); leitura do draw: ITF API: derrota encontrada."
"charo-esquiva-banuls","Charo Esquiva Banuls","Doubles","J500 Milan","J500","2026-05-18","2026-05-24","Ativo","W","","https://www.itftennis.com/en/tournament/j500-milan/ita/2026/j-j500-ita-2026-001/draws-and-results/","Encontrado na ITF; leitura do draw de duplas: ITF API: vitoria encontrada."
"charo-esquiva-banuls","Charo Esquiva Banuls","Singles","J500 Milan","J500","2026-05-18","2026-05-24","Eliminado","R32","","https://www.itftennis.com/en/tournament/j500-milan/ita/2026/j-j500-ita-2026-001/draws-and-results/","Encontrado na ITF (MD); leitura do draw: ITF API: derrota encontrada."
"christian-pizzolante","Christian Pizzolante","Singles","J500 Milan","J500","2026-05-18","2026-05-24","Eliminado","Q2","","https://www.itftennis.com/en/tournament/j500-milan/ita/2026/j-j500-ita-2026-001/draws-and-results/","Encontrado na ITF (Q); leitura do draw: ITF API: derrota encontrada."
"chukwumelije-clarke","Chukwumelije Clarke","Doubles","J500 Milan","J500","2026-05-18","2026-05-24","Eliminado","SF","","https://www.itftennis.com/en/tournament/j500-milan/ita/2026/j-j500-ita-2026-001/draws-and-results/","Encontrado na ITF; leitura do draw de duplas: ITF API: derrota encontrada."
"chukwumelije-clarke","Chukwumelije Clarke","Singles","J500 Milan","J500","2026-05-18","2026-05-24","Eliminado","R32","","https://www.itftennis.com/en/tournament/j500-milan/ita/2026/j-j500-ita-2026-001/draws-and-results/","Encontrado na ITF (MD); leitura do draw: ITF API: derrota encontrada."
"ciara-harding","Ciara Harding","Singles","J500 Milan","J500","2026-05-18","2026-05-24","Eliminado","Q1","","https://www.itftennis.com/en/tournament/j500-milan/ita/2026/j-j500-ita-2026-001/draws-and-results/","Encontrado na ITF (Q); leitura do draw: ITF API: derrota encontrada."
"connor-doig","Connor Doig","Doubles","J500 Milan","J500","2026-05-18","2026-05-24","Eliminado","R32","","https://www.itftennis.com/en/tournament/j500-milan/ita/2026/j-j500-ita-2026-001/draws-and-results/","Encontrado na ITF; leitura do draw de duplas: ITF API: derrota encontrada."
"connor-doig","Connor Doig","Singles","J500 Milan","J500","2026-05-18","2026-05-24","Eliminado","R32","","https://www.itftennis.com/en/tournament/j500-milan/ita/2026/j-j500-ita-2026-001/draws-and-results/","Encontrado na ITF (MD); leitura do draw: ITF API: derrota encontrada."
"constanza-fernandez-rincon","Constanza Fernandez Rincon","Singles","J500 Milan","J500","2026-05-18","2026-05-24","Eliminado","Q2","","https://www.itftennis.com/en/tournament/j500-milan/ita/2026/j-j500-ita-2026-001/draws-and-results/","Encontrado na ITF (Q); leitura do draw: ITF API: derrota encontrada."
"damir-zhalgasbay","Damir Zhalgasbay","Doubles","J500 Milan","J500","2026-05-18","2026-05-24","Eliminado","R16","","https://www.itftennis.com/en/tournament/j500-milan/ita/2026/j-j500-ita-2026-001/draws-and-results/","Encontrado na ITF; leitura do draw de duplas: ITF API: derrota encontrada."
"damir-zhalgasbay","Damir Zhalgasbay","Singles","J500 Milan","J500","2026-05-18","2026-05-24","Eliminado","QF","","https://www.itftennis.com/en/tournament/j500-milan/ita/2026/j-j500-ita-2026-001/draws-and-results/","Encontrado na ITF (MD); leitura do draw: ITF API: derrota encontrada."
"dan-brand","Dan Brand","Doubles","J500 Milan","J500","2026-05-18","2026-05-24","Eliminado","R32","","https://www.itftennis.com/en/tournament/j500-milan/ita/2026/j-j500-ita-2026-001/draws-and-results/","Encontrado na ITF; leitura do draw de duplas: ITF API: derrota encontrada."
"dan-brand","Dan Brand","Singles","J500 Milan","J500","2026-05-18","2026-05-24","Eliminado","R64","","https://www.itftennis.com/en/tournament/j500-milan/ita/2026/j-j500-ita-2026-001/draws-and-results/","Encontrado na ITF (MD); leitura do draw: ITF API: derrota encontrada."
"daniel-jovanovski","Daniel Jovanovski","Doubles","J500 Milan","J500","2026-05-18","2026-05-24","Eliminado","R32","","https://www.itftennis.com/en/tournament/j500-milan/ita/2026/j-j500-ita-2026-001/draws-and-results/","Encontrado na ITF; leitura do draw de duplas: ITF API: derrota encontrada."
"daniel-jovanovski","Daniel Jovanovski","Singles","J500 Milan","J500","2026-05-18","2026-05-24","Eliminado","R64","","https://www.itftennis.com/en/tournament/j500-milan/ita/2026/j-j500-ita-2026-001/draws-and-results/","Encontrado na ITF (MD); leitura do draw: ITF API: derrota encontrada."
"daniel-tazabekov","Daniel Tazabekov","Singles","J500 Milan","J500","2026-05-18","2026-05-24","Eliminado","Q3","","https://www.itftennis.com/en/tournament/j500-milan/ita/2026/j-j500-ita-2026-001/draws-and-results/","Encontrado na ITF (Q); leitura do draw: ITF API: derrota encontrada."
"dante-pagani","Dante Pagani","Doubles","J500 Milan","J500","2026-05-18","2026-05-24","Eliminado","R16","","https://www.itftennis.com/en/tournament/j500-milan/ita/2026/j-j500-ita-2026-001/draws-and-results/","Encontrado na ITF; leitura do draw de duplas: ITF API: derrota encontrada."
"dante-pagani","Dante Pagani","Singles","J500 Milan","J500","2026-05-18","2026-05-24","Eliminado","R32","","https://www.itftennis.com/en/tournament/j500-milan/ita/2026/j-j500-ita-2026-001/draws-and-results/","Encontrado na ITF (MD); leitura do draw: ITF API: derrota encontrada."
"davide-ciaschetti","Davide Ciaschetti","Doubles","J500 Milan","J500","2026-05-18","2026-05-24","Eliminado","R32","","https://www.itftennis.com/en/tournament/j500-milan/ita/2026/j-j500-ita-2026-001/draws-and-results/","Encontrado na ITF; leitura do draw de duplas: ITF API: derrota encontrada."
"davide-ciaschetti","Davide Ciaschetti","Singles","J500 Milan","J500","2026-05-18","2026-05-24","Eliminado","R32","","https://www.itftennis.com/en/tournament/j500-milan/ita/2026/j-j500-ita-2026-001/draws-and-results/","Encontrado na ITF (MD); leitura do draw: ITF API: derrota encontrada."
"diego-custodio-wagner","Diego Custodio Wagner","Singles","J500 Milan","J500","2026-05-18","2026-05-24","Eliminado","Q1","","https://www.itftennis.com/en/tournament/j500-milan/ita/2026/j-j500-ita-2026-001/draws-and-results/","Encontrado na ITF (Q); leitura do draw: ITF API: derrota encontrada."
"edoardo-cecchetti","Edoardo Cecchetti","Doubles","J500 Milan","J500","2026-05-18","2026-05-24","Eliminado","R32","","https://www.itftennis.com/en/tournament/j500-milan/ita/2026/j-j500-ita-2026-001/draws-and-results/","Encontrado na ITF; leitura do draw de duplas: ITF API: derrota encontrada."
"edoardo-cecchetti","Edoardo Cecchetti","Singles","J500 Milan","J500","2026-05-18","2026-05-24","Eliminado","R64","","https://www.itftennis.com/en/tournament/j500-milan/ita/2026/j-j500-ita-2026-001/draws-and-results/","Encontrado na ITF (MD); leitura do draw: ITF API: derrota encontrada."
"ellen-hirschi","Ellen Hirschi","Singles","J500 Milan","J500","2026-05-18","2026-05-24","Eliminado","Q1","","https://www.itftennis.com/en/tournament/j500-milan/ita/2026/j-j500-ita-2026-001/draws-and-results/","Encontrado na ITF (Q); leitura do draw: ITF API: derrota encontrada."
"emiliano-bratomi","Emiliano Bratomi","Singles","J500 Milan","J500","2026-05-18","2026-05-24","Eliminado","R64","","https://www.itftennis.com/en/tournament/j500-milan/ita/2026/j-j500-ita-2026-001/draws-and-results/","Encontrado na ITF (MD); leitura do draw: ITF API: derrota encontrada."
"emilio-camacho","Emilio Camacho","Doubles","J500 Milan","J500","2026-05-18","2026-05-24","Eliminado","R16","","https://www.itftennis.com/en/tournament/j500-milan/ita/2026/j-j500-ita-2026-001/draws-and-results/","Encontrado na ITF; leitura do draw de duplas: ITF API: derrota encontrada."
"emilio-camacho","Emilio Camacho","Singles","J500 Milan","J500","2026-05-18","2026-05-24","Eliminado","R32","","https://www.itftennis.com/en/tournament/j500-milan/ita/2026/j-j500-ita-2026-001/draws-and-results/","Encontrado na ITF (MD); leitura do draw: ITF API: derrota encontrada."
"eudald-gonzalez","Eudald Gonzalez","Doubles","J500 Milan","J500","2026-05-18","2026-05-24","Eliminado","QF","","https://www.itftennis.com/en/tournament/j500-milan/ita/2026/j-j500-ita-2026-001/draws-and-results/","Encontrado na ITF; leitura do draw de duplas: ITF API: derrota encontrada."
"eudald-gonzalez","Eudald Gonzalez","Singles","J500 Milan","J500","2026-05-18","2026-05-24","Eliminado","R64","","https://www.itftennis.com/en/tournament/j500-milan/ita/2026/j-j500-ita-2026-001/draws-and-results/","Encontrado na ITF (MD); leitura do draw: ITF API: derrota encontrada."
"evan-simon","Evan Simon","Singles","J500 Milan","J500","2026-05-18","2026-05-24","Eliminado","Q1","","https://www.itftennis.com/en/tournament/j500-milan/ita/2026/j-j500-ita-2026-001/draws-and-results/","Encontrado na ITF (Q); leitura do draw: ITF API: derrota encontrada."
"fedor-altukhov","Fedor Altukhov","Singles","J500 Milan","J500","2026-05-18","2026-05-24","Eliminado","Q1","","https://www.itftennis.com/en/tournament/j500-milan/ita/2026/j-j500-ita-2026-001/draws-and-results/","Encontrado na ITF (Q); leitura do draw: ITF API: derrota encontrada."
"felipe-mamede","Felipe Mamede","Singles","J500 Milan","J500","2026-05-18","2026-05-24","Eliminado","Q1","","https://www.itftennis.com/en/tournament/j500-milan/ita/2026/j-j500-ita-2026-001/draws-and-results/","Encontrado na ITF (Q); leitura do draw: ITF API: derrota encontrada."
"felitsata-dorofeeva-rybas","Felitsata Dorofeeva-Rybas","Doubles","J500 Milan","J500","2026-05-18","2026-05-24","Eliminado","R16","","https://www.itftennis.com/en/tournament/j500-milan/ita/2026/j-j500-ita-2026-001/draws-and-results/","Encontrado na ITF; leitura do draw de duplas: ITF API: derrota encontrada."
"felitsata-dorofeeva-rybas","Felitsata Dorofeeva-Rybas","Singles","J500 Milan","J500","2026-05-18","2026-05-24","Eliminado","SF","","https://www.itftennis.com/en/tournament/j500-milan/ita/2026/j-j500-ita-2026-001/draws-and-results/","Encontrado na ITF (MD); leitura do draw: ITF API: derrota encontrada."
"felix-roussel","Felix Roussel","Singles","J500 Milan","J500","2026-05-18","2026-05-24","Eliminado","Q3","","https://www.itftennis.com/en/tournament/j500-milan/ita/2026/j-j500-ita-2026-001/draws-and-results/","Encontrado na ITF (Q); leitura do draw: ITF API: derrota encontrada."
"filippo-alfano","Filippo Alfano","Singles","J500 Milan","J500","2026-05-18","2026-05-24","Eliminado","SF","","https://www.itftennis.com/en/tournament/j500-milan/ita/2026/j-j500-ita-2026-001/draws-and-results/","Encontrado na ITF (MD); leitura do draw: ITF API: derrota encontrada."
"flynn-thomas","Flynn Thomas","Singles","J500 Milan","J500","2026-05-18","2026-05-24","Eliminado","R32","","https://www.itftennis.com/en/tournament/j500-milan/ita/2026/j-j500-ita-2026-001/draws-and-results/","Encontrado na ITF (MD); leitura do draw: ITF API: derrota encontrada."
"francesco-pansecchi","Francesco Pansecchi","Singles","J500 Milan","J500","2026-05-18","2026-05-24","Eliminado","Q1","","https://www.itftennis.com/en/tournament/j500-milan/ita/2026/j-j500-ita-2026-001/draws-and-results/","Encontrado na ITF (Q); leitura do draw: ITF API: derrota encontrada."
"gavin-goode","Gavin Goode","Doubles","J500 Milan","J500","2026-05-18","2026-05-24","Eliminado","SF","","https://www.itftennis.com/en/tournament/j500-milan/ita/2026/j-j500-ita-2026-001/draws-and-results/","Encontrado na ITF; leitura do draw de duplas: ITF API: derrota encontrada."
"gavin-goode","Gavin Goode","Singles","J500 Milan","J500","2026-05-18","2026-05-24","Eliminado","R16","","https://www.itftennis.com/en/tournament/j500-milan/ita/2026/j-j500-ita-2026-001/draws-and-results/","Encontrado na ITF (MD); leitura do draw: ITF API: derrota encontrada."
"ginevra-batti","Ginevra Batti","Singles","J500 Milan","J500","2026-05-18","2026-05-24","Eliminado","Q3","","https://www.itftennis.com/en/tournament/j500-milan/ita/2026/j-j500-ita-2026-001/draws-and-results/","Encontrado na ITF (Q); leitura do draw: ITF API: derrota encontrada."
"giorgio-ghia","Giorgio Ghia","Doubles","J500 Milan","J500","2026-05-18","2026-05-24","Eliminado","R32","","https://www.itftennis.com/en/tournament/j500-milan/ita/2026/j-j500-ita-2026-001/draws-and-results/","Encontrado na ITF; leitura do draw de duplas: ITF API: derrota encontrada."
"giorgio-ghia","Giorgio Ghia","Singles","J500 Milan","J500","2026-05-18","2026-05-24","Eliminado","R64","","https://www.itftennis.com/en/tournament/j500-milan/ita/2026/j-j500-ita-2026-001/draws-and-results/","Encontrado na ITF (MD); leitura do draw: ITF API: derrota encontrada."
"giovanni-boi","Giovanni Boi","Singles","J500 Milan","J500","2026-05-18","2026-05-24","Eliminado","Q1","","https://www.itftennis.com/en/tournament/j500-milan/ita/2026/j-j500-ita-2026-001/draws-and-results/","Encontrado na ITF (Q); leitura do draw: ITF API: derrota encontrada."
"giulia-safina-popa","Giulia Safina Popa","Doubles","J500 Milan","J500","2026-05-18","2026-05-24","Eliminado","R16","","https://www.itftennis.com/en/tournament/j500-milan/ita/2026/j-j500-ita-2026-001/draws-and-results/","Encontrado na ITF; leitura do draw de duplas: ITF API: derrota encontrada."
"giulia-safina-popa","Giulia Safina Popa","Singles","J500 Milan","J500","2026-05-18","2026-05-24","Eliminado","R32","","https://www.itftennis.com/en/tournament/j500-milan/ita/2026/j-j500-ita-2026-001/draws-and-results/","Encontrado na ITF (MD); leitura do draw: ITF API: derrota encontrada."
"giuseppe-catapane","Giuseppe Catapane","Singles","J500 Milan","J500","2026-05-18","2026-05-24","Eliminado","Q1","","https://www.itftennis.com/en/tournament/j500-milan/ita/2026/j-j500-ita-2026-001/draws-and-results/","Encontrado na ITF (Q); leitura do draw: ITF API: derrota encontrada."
"hollie-smart","Hollie Smart","Doubles","J500 Milan","J500","2026-05-18","2026-05-24","Eliminado","R16","","https://www.itftennis.com/en/tournament/j500-milan/ita/2026/j-j500-ita-2026-001/draws-and-results/","Encontrado na ITF; leitura do draw de duplas: ITF API: derrota encontrada."
"hollie-smart","Hollie Smart","Singles","J500 Milan","J500","2026-05-18","2026-05-24","Eliminado","R64","","https://www.itftennis.com/en/tournament/j500-milan/ita/2026/j-j500-ita-2026-001/draws-and-results/","Encontrado na ITF (MD); leitura do draw: ITF API: derrota encontrada."
"hyu-kawanishi","Hyu Kawanishi","Doubles","J500 Milan","J500","2026-05-18","2026-05-24","Eliminado","R16","","https://www.itftennis.com/en/tournament/j500-milan/ita/2026/j-j500-ita-2026-001/draws-and-results/","Encontrado na ITF; leitura do draw de duplas: ITF API: derrota encontrada."
"hyu-kawanishi","Hyu Kawanishi","Singles","J500 Milan","J500","2026-05-18","2026-05-24","Eliminado","R32","","https://www.itftennis.com/en/tournament/j500-milan/ita/2026/j-j500-ita-2026-001/draws-and-results/","Encontrado na ITF (MD); leitura do draw: ITF API: derrota encontrada."
"ida-wobker","Ida Wobker","Doubles","J500 Milan","J500","2026-05-18","2026-05-24","Eliminado","SF","","https://www.itftennis.com/en/tournament/j500-milan/ita/2026/j-j500-ita-2026-001/draws-and-results/","Encontrado na ITF; leitura do draw de duplas: ITF API: derrota encontrada."
"ida-wobker","Ida Wobker","Singles","J500 Milan","J500","2026-05-18","2026-05-24","Eliminado","R16","","https://www.itftennis.com/en/tournament/j500-milan/ita/2026/j-j500-ita-2026-001/draws-and-results/","Encontrado na ITF (MD); leitura do draw: ITF API: derrota encontrada."
"ilary-pistola","Ilary Pistola","Doubles","J500 Milan","J500","2026-05-18","2026-05-24","Eliminado","R16","","https://www.itftennis.com/en/tournament/j500-milan/ita/2026/j-j500-ita-2026-001/draws-and-results/","Encontrado na ITF; leitura do draw de duplas: ITF API: derrota encontrada."
"ilary-pistola","Ilary Pistola","Singles","J500 Milan","J500","2026-05-18","2026-05-24","Eliminado","R32","","https://www.itftennis.com/en/tournament/j500-milan/ita/2026/j-j500-ita-2026-001/draws-and-results/","Encontrado na ITF (MD); leitura do draw: ITF API: derrota encontrada."
"isabella-johri","Isabella Johri","Singles","J500 Milan","J500","2026-05-18","2026-05-24","Eliminado","Q1","","https://www.itftennis.com/en/tournament/j500-milan/ita/2026/j-j500-ita-2026-001/draws-and-results/","Encontrado na ITF (Q); leitura do draw: ITF API: derrota encontrada."
"isabelle-thi-deluccia-deluccia","Isabelle Thi DeLuccia DeLuccia","Doubles","J500 Milan","J500","2026-05-18","2026-05-24","Eliminado","SF","","https://www.itftennis.com/en/tournament/j500-milan/ita/2026/j-j500-ita-2026-001/draws-and-results/","Encontrado na ITF; leitura do draw de duplas: ITF API: derrota encontrada."
"isabelle-thi-deluccia-deluccia","Isabelle Thi DeLuccia DeLuccia","Singles","J500 Milan","J500","2026-05-18","2026-05-24","Eliminado","Q1","","https://www.itftennis.com/en/tournament/j500-milan/ita/2026/j-j500-ita-2026-001/draws-and-results/","Encontrado na ITF (MD); leitura do draw: ITF API: derrota encontrada."
"jack-secord","Jack Secord","Doubles","J500 Milan","J500","2026-05-18","2026-05-24","Eliminado","F","","https://www.itftennis.com/en/tournament/j500-milan/ita/2026/j-j500-ita-2026-001/draws-and-results/","Encontrado na ITF; leitura do draw de duplas: ITF API: derrota encontrada."
"jack-secord","Jack Secord","Singles","J500 Milan","J500","2026-05-18","2026-05-24","Eliminado","SF","","https://www.itftennis.com/en/tournament/j500-milan/ita/2026/j-j500-ita-2026-001/draws-and-results/","Encontrado na ITF (MD); leitura do draw: ITF API: derrota encontrada."
"jamie-mackenzie","Jamie Mackenzie","Doubles","J500 Milan","J500","2026-05-18","2026-05-24","Eliminado","R16","","https://www.itftennis.com/en/tournament/j500-milan/ita/2026/j-j500-ita-2026-001/draws-and-results/","Encontrado na ITF; leitura do draw de duplas: ITF API: derrota encontrada."
"jamie-mackenzie","Jamie Mackenzie","Singles","J500 Milan","J500","2026-05-18","2026-05-24","Ativo","W","","https://www.itftennis.com/en/tournament/j500-milan/ita/2026/j-j500-ita-2026-001/draws-and-results/","Encontrado na ITF (MD); leitura do draw: ITF API: vitoria encontrada."
"jan-sadzik","Jan Sadzik","Singles","J500 Milan","J500","2026-05-18","2026-05-24","Eliminado","Q2","","https://www.itftennis.com/en/tournament/j500-milan/ita/2026/j-j500-ita-2026-001/draws-and-results/","Encontrado na ITF (Q); leitura do draw: ITF API: derrota encontrada."
"jana-kovackova","Jana Kovackova","Doubles","J500 Milan","J500","2026-05-18","2026-05-24","Eliminado","R16","","https://www.itftennis.com/en/tournament/j500-milan/ita/2026/j-j500-ita-2026-001/draws-and-results/","Encontrado na ITF; leitura do draw de duplas: ITF API: derrota encontrada."
"jana-kovackova","Jana Kovackova","Singles","J500 Milan","J500","2026-05-18","2026-05-24","Eliminado","SF","","https://www.itftennis.com/en/tournament/j500-milan/ita/2026/j-j500-ita-2026-001/draws-and-results/","Encontrado na ITF (MD); leitura do draw: ITF API: derrota encontrada."
"janae-preston","Janae Preston","Doubles","J500 Milan","J500","2026-05-18","2026-05-24","Eliminado","QF","","https://www.itftennis.com/en/tournament/j500-milan/ita/2026/j-j500-ita-2026-001/draws-and-results/","Encontrado na ITF; leitura do draw de duplas: ITF API: derrota encontrada."
"janae-preston","Janae Preston","Singles","J500 Milan","J500","2026-05-18","2026-05-24","Eliminado","R32","","https://www.itftennis.com/en/tournament/j500-milan/ita/2026/j-j500-ita-2026-001/draws-and-results/","Encontrado na ITF (MD); leitura do draw: ITF API: derrota encontrada."
"jerrid-gaines-jr","Jerrid Gaines Jr","Singles","J500 Milan","J500","2026-05-18","2026-05-24","Eliminado","Q1","","https://www.itftennis.com/en/tournament/j500-milan/ita/2026/j-j500-ita-2026-001/draws-and-results/","Encontrado na ITF (Q); leitura do draw: ITF API: derrota encontrada."
"jizelle-sibai","Jizelle Sibai","Singles","J500 Milan","J500","2026-05-18","2026-05-24","Eliminado","Q2","","https://www.itftennis.com/en/tournament/j500-milan/ita/2026/j-j500-ita-2026-001/draws-and-results/","Encontrado na ITF (Q); leitura do draw: ITF API: derrota encontrada."
"john-bothma","John Bothma","Singles","J500 Milan","J500","2026-05-18","2026-05-24","Eliminado","Q2","","https://www.itftennis.com/en/tournament/j500-milan/ita/2026/j-j500-ita-2026-001/draws-and-results/","Encontrado na ITF (Q); leitura do draw: ITF API: derrota encontrada."
"jordan-lee","Jordan Lee","Doubles","J500 Milan","J500","2026-05-18","2026-05-24","Eliminado","QF","","https://www.itftennis.com/en/tournament/j500-milan/ita/2026/j-j500-ita-2026-001/draws-and-results/","Encontrado na ITF; leitura do draw de duplas: ITF API: derrota encontrada."
"jordan-lee","Jordan Lee","Singles","J500 Milan","J500","2026-05-18","2026-05-24","Eliminado","R64","","https://www.itftennis.com/en/tournament/j500-milan/ita/2026/j-j500-ita-2026-001/draws-and-results/","Encontrado na ITF (MD); leitura do draw: ITF API: derrota encontrada."
"jordyn-hazelitt","Jordyn Hazelitt","Doubles","J500 Milan","J500","2026-05-18","2026-05-24","Eliminado","QF","","https://www.itftennis.com/en/tournament/j500-milan/ita/2026/j-j500-ita-2026-001/draws-and-results/","Encontrado na ITF; leitura do draw de duplas: ITF API: derrota encontrada."
"jordyn-hazelitt","Jordyn Hazelitt","Singles","J500 Milan","J500","2026-05-18","2026-05-24","Eliminado","R64","","https://www.itftennis.com/en/tournament/j500-milan/ita/2026/j-j500-ita-2026-001/draws-and-results/","Encontrado na ITF (MD); leitura do draw: ITF API: derrota encontrada."
"juan-miguel-bolivar-idarraga","Juan Miguel Bolivar Idarraga","Doubles","J500 Milan","J500","2026-05-18","2026-05-24","Eliminado","R32","","https://www.itftennis.com/en/tournament/j500-milan/ita/2026/j-j500-ita-2026-001/draws-and-results/","Encontrado na ITF; leitura do draw de duplas: ITF API: derrota encontrada."
"juan-miguel-bolivar-idarraga","Juan Miguel Bolivar Idarraga","Singles","J500 Milan","J500","2026-05-18","2026-05-24","Eliminado","R16","","https://www.itftennis.com/en/tournament/j500-milan/ita/2026/j-j500-ita-2026-001/draws-and-results/","Encontrado na ITF (MD); leitura do draw: ITF API: derrota encontrada."
"kai-thompson","Kai Thompson","Doubles","J500 Milan","J500","2026-05-18","2026-05-24","Eliminado","R16","","https://www.itftennis.com/en/tournament/j500-milan/ita/2026/j-j500-ita-2026-001/draws-and-results/","Encontrado na ITF; leitura do draw de duplas: ITF API: derrota encontrada."
"kai-thompson","Kai Thompson","Singles","J500 Milan","J500","2026-05-18","2026-05-24","Eliminado","R32","","https://www.itftennis.com/en/tournament/j500-milan/ita/2026/j-j500-ita-2026-001/draws-and-results/","Encontrado na ITF (MD); leitura do draw: ITF API: derrota encontrada."
"kanta-watanabe","Kanta Watanabe","Doubles","J500 Milan","J500","2026-05-18","2026-05-24","Eliminado","R16","","https://www.itftennis.com/en/tournament/j500-milan/ita/2026/j-j500-ita-2026-001/draws-and-results/","Encontrado na ITF; leitura do draw de duplas: ITF API: derrota encontrada."
"kanta-watanabe","Kanta Watanabe","Singles","J500 Milan","J500","2026-05-18","2026-05-24","Eliminado","R64","","https://www.itftennis.com/en/tournament/j500-milan/ita/2026/j-j500-ita-2026-001/draws-and-results/","Encontrado na ITF (MD); leitura do draw: ITF API: derrota encontrada."
"katerina-zajickova","Katerina Zajickova","Doubles","J500 Milan","J500","2026-05-18","2026-05-24","Eliminado","R16","","https://www.itftennis.com/en/tournament/j500-milan/ita/2026/j-j500-ita-2026-001/draws-and-results/","Encontrado na ITF; leitura do draw de duplas: ITF API: derrota encontrada."
"katerina-zajickova","Katerina Zajickova","Singles","J500 Milan","J500","2026-05-18","2026-05-24","Eliminado","R16","","https://www.itftennis.com/en/tournament/j500-milan/ita/2026/j-j500-ita-2026-001/draws-and-results/","Encontrado na ITF (MD); leitura do draw: ITF API: derrota encontrada."
"kennedy-drenser-hagmann","Kennedy Drenser-Hagmann","Singles","J500 Milan","J500","2026-05-18","2026-05-24","Eliminado","Q1","","https://www.itftennis.com/en/tournament/j500-milan/ita/2026/j-j500-ita-2026-001/draws-and-results/","Encontrado na ITF (Q); leitura do draw: ITF API: derrota encontrada."
"kirill-filaretov","Kirill Filaretov","Doubles","J500 Milan","J500","2026-05-18","2026-05-24","Eliminado","R32","","https://www.itftennis.com/en/tournament/j500-milan/ita/2026/j-j500-ita-2026-001/draws-and-results/","Encontrado na ITF; leitura do draw de duplas: ITF API: derrota encontrada."
"kirill-filaretov","Kirill Filaretov","Singles","J500 Milan","J500","2026-05-18","2026-05-24","Eliminado","R32","","https://www.itftennis.com/en/tournament/j500-milan/ita/2026/j-j500-ita-2026-001/draws-and-results/","Encontrado na ITF (MD); leitura do draw: ITF API: derrota encontrada."
"koki-nara","Koki Nara","Doubles","J500 Milan","J500","2026-05-18","2026-05-24","Eliminado","R32","","https://www.itftennis.com/en/tournament/j500-milan/ita/2026/j-j500-ita-2026-001/draws-and-results/","Encontrado na ITF; leitura do draw de duplas: ITF API: derrota encontrada."
"koki-nara","Koki Nara","Singles","J500 Milan","J500","2026-05-18","2026-05-24","Eliminado","R32","","https://www.itftennis.com/en/tournament/j500-milan/ita/2026/j-j500-ita-2026-001/draws-and-results/","Encontrado na ITF (MD); leitura do draw: ITF API: derrota encontrada."
"kuan-shou-chen","Kuan-Shou Chen","Doubles","J500 Milan","J500","2026-05-18","2026-05-24","Eliminado","SF","","https://www.itftennis.com/en/tournament/j500-milan/ita/2026/j-j500-ita-2026-001/draws-and-results/","Encontrado na ITF; leitura do draw de duplas: ITF API: derrota encontrada."
"kuan-shou-chen","Kuan-Shou Chen","Singles","J500 Milan","J500","2026-05-18","2026-05-24","Eliminado","R32","","https://www.itftennis.com/en/tournament/j500-milan/ita/2026/j-j500-ita-2026-001/draws-and-results/","Encontrado na ITF (MD); leitura do draw: ITF API: derrota encontrada."
"lana-virc","Lana Virc","Doubles","J500 Milan","J500","2026-05-18","2026-05-24","Eliminado","R16","","https://www.itftennis.com/en/tournament/j500-milan/ita/2026/j-j500-ita-2026-001/draws-and-results/","Encontrado na ITF; leitura do draw de duplas: ITF API: derrota encontrada."
"lana-virc","Lana Virc","Singles","J500 Milan","J500","2026-05-18","2026-05-24","Eliminado","R64","","https://www.itftennis.com/en/tournament/j500-milan/ita/2026/j-j500-ita-2026-001/draws-and-results/","Encontrado na ITF (MD); leitura do draw: ITF API: derrota encontrada."
"lani-chang","Lani Chang","Doubles","J500 Milan","J500","2026-05-18","2026-05-24","Eliminado","R16","","https://www.itftennis.com/en/tournament/j500-milan/ita/2026/j-j500-ita-2026-001/draws-and-results/","Encontrado na ITF; leitura do draw de duplas: ITF API: derrota encontrada."
"lani-chang","Lani Chang","Singles","J500 Milan","J500","2026-05-18","2026-05-24","Eliminado","R32","","https://www.itftennis.com/en/tournament/j500-milan/ita/2026/j-j500-ita-2026-001/draws-and-results/","Encontrado na ITF (MD); leitura do draw: ITF API: derrota encontrada."
"lavinia-guerresco","Lavinia Guerresco","Singles","J500 Milan","J500","2026-05-18","2026-05-24","Eliminado","Q1","","https://www.itftennis.com/en/tournament/j500-milan/ita/2026/j-j500-ita-2026-001/draws-and-results/","Encontrado na ITF (Q); leitura do draw: ITF API: derrota encontrada."
"leon-sloboda","Leon Sloboda","Doubles","J500 Milan","J500","2026-05-18","2026-05-24","Eliminado","QF","","https://www.itftennis.com/en/tournament/j500-milan/ita/2026/j-j500-ita-2026-001/draws-and-results/","Encontrado na ITF; leitura do draw de duplas: ITF API: derrota encontrada."
"leon-sloboda","Leon Sloboda","Singles","J500 Milan","J500","2026-05-18","2026-05-24","Eliminado","R64","","https://www.itftennis.com/en/tournament/j500-milan/ita/2026/j-j500-ita-2026-001/draws-and-results/","Encontrado na ITF (MD); leitura do draw: ITF API: derrota encontrada."
"leonardo-leti-messina","Leonardo Leti Messina","Singles","J500 Milan","J500","2026-05-18","2026-05-24","Eliminado","Q1","","https://www.itftennis.com/en/tournament/j500-milan/ita/2026/j-j500-ita-2026-001/draws-and-results/","Encontrado na ITF (Q); leitura do draw: ITF API: derrota encontrada."
"leonardo-storck-franca","Leonardo Storck Franca","Doubles","J500 Milan","J500","2026-05-18","2026-05-24","Ativo","W","","https://www.itftennis.com/en/tournament/j500-milan/ita/2026/j-j500-ita-2026-001/draws-and-results/","Encontrado na ITF; leitura do draw de duplas: ITF API: vitoria encontrada."
"leonardo-storck-franca","Leonardo Storck Franca","Singles","J500 Milan","J500","2026-05-18","2026-05-24","Eliminado","Q3","","https://www.itftennis.com/en/tournament/j500-milan/ita/2026/j-j500-ita-2026-001/draws-and-results/","Encontrado na ITF (MD); leitura do draw: ITF API: derrota encontrada."
"londyn-mccord","Londyn McCord","Singles","J500 Milan","J500","2026-05-18","2026-05-24","Eliminado","Q1","","https://www.itftennis.com/en/tournament/j500-milan/ita/2026/j-j500-ita-2026-001/draws-and-results/","Encontrado na ITF (Q); leitura do draw: ITF API: derrota encontrada."
"lorenzo-de-vizia","Lorenzo De Vizia","Singles","J500 Milan","J500","2026-05-18","2026-05-24","Eliminado","Q1","","https://www.itftennis.com/en/tournament/j500-milan/ita/2026/j-j500-ita-2026-001/draws-and-results/","Encontrado na ITF (Q); leitura do draw: ITF API: derrota encontrada."
"luca-cosimi","Luca Cosimi","Singles","J500 Milan","J500","2026-05-18","2026-05-24","Eliminado","Q1","","https://www.itftennis.com/en/tournament/j500-milan/ita/2026/j-j500-ita-2026-001/draws-and-results/","Encontrado na ITF (Q); leitura do draw: ITF API: derrota encontrada."
"lucas-yunez","Lucas Yunez","Singles","J500 Milan","J500","2026-05-18","2026-05-24","Eliminado","Q2","","https://www.itftennis.com/en/tournament/j500-milan/ita/2026/j-j500-ita-2026-001/draws-and-results/","Encontrado na ITF (Q); leitura do draw: ITF API: derrota encontrada."
"luis-andres-flores-avila","Luis Andres Flores Avila","Singles","J500 Milan","J500","2026-05-18","2026-05-24","Eliminado","Q2","","https://www.itftennis.com/en/tournament/j500-milan/ita/2026/j-j500-ita-2026-001/draws-and-results/","Encontrado na ITF (Q); leitura do draw: ITF API: derrota encontrada."
"luis-guto-miguel","Luis Guto Miguel","Doubles","J500 Milan","J500","2026-05-18","2026-05-24","Ativo","W","","https://www.itftennis.com/en/tournament/j500-milan/ita/2026/j-j500-ita-2026-001/draws-and-results/","Encontrado na ITF; leitura do draw de duplas: ITF API: vitoria encontrada."
"luis-guto-miguel","Luis Guto Miguel","Singles","J500 Milan","J500","2026-05-18","2026-05-24","Eliminado","R16","","https://www.itftennis.com/en/tournament/j500-milan/ita/2026/j-j500-ita-2026-001/draws-and-results/","Encontrado na ITF (MD); leitura do draw: ITF API: derrota encontrada."
"lujza-beviz","Lujza Beviz","Doubles","J500 Milan","J500","2026-05-18","2026-05-24","Eliminado","R32","","https://www.itftennis.com/en/tournament/j500-milan/ita/2026/j-j500-ita-2026-001/draws-and-results/","Encontrado na ITF; leitura do draw de duplas: ITF API: derrota encontrada."
"lujza-beviz","Lujza Beviz","Singles","J500 Milan","J500","2026-05-18","2026-05-24","Eliminado","R64","","https://www.itftennis.com/en/tournament/j500-milan/ita/2026/j-j500-ita-2026-001/draws-and-results/","Encontrado na ITF (MD); leitura do draw: ITF API: derrota encontrada."
"luna-maria-cinalli","Luna Maria Cinalli","Doubles","J500 Milan","J500","2026-05-18","2026-05-24","Eliminado","QF","","https://www.itftennis.com/en/tournament/j500-milan/ita/2026/j-j500-ita-2026-001/draws-and-results/","Encontrado na ITF; leitura do draw de duplas: ITF API: derrota encontrada."
"luna-maria-cinalli","Luna Maria Cinalli","Singles","J500 Milan","J500","2026-05-18","2026-05-24","Eliminado","R32","","https://www.itftennis.com/en/tournament/j500-milan/ita/2026/j-j500-ita-2026-001/draws-and-results/","Encontrado na ITF (MD); leitura do draw: ITF API: derrota encontrada."
"maaya-rajeshwaran-revathi","Maaya Rajeshwaran Revathi","Doubles","J500 Milan","J500","2026-05-18","2026-05-24","Eliminado","QF","","https://www.itftennis.com/en/tournament/j500-milan/ita/2026/j-j500-ita-2026-001/draws-and-results/","Encontrado na ITF; leitura do draw de duplas: ITF API: derrota encontrada."
"maaya-rajeshwaran-revathi","Maaya Rajeshwaran Revathi","Singles","J500 Milan","J500","2026-05-18","2026-05-24","Eliminado","R32","","https://www.itftennis.com/en/tournament/j500-milan/ita/2026/j-j500-ita-2026-001/draws-and-results/","Encontrado na ITF (MD); leitura do draw: ITF API: derrota encontrada."
"maia-ilinca-burcescu","Maia Ilinca Burcescu","Doubles","J500 Milan","J500","2026-05-18","2026-05-24","Eliminado","R16","","https://www.itftennis.com/en/tournament/j500-milan/ita/2026/j-j500-ita-2026-001/draws-and-results/","Encontrado na ITF; leitura do draw de duplas: ITF API: derrota encontrada."
"maia-ilinca-burcescu","Maia Ilinca Burcescu","Singles","J500 Milan","J500","2026-05-18","2026-05-24","Eliminado","R64","","https://www.itftennis.com/en/tournament/j500-milan/ita/2026/j-j500-ita-2026-001/draws-and-results/","Encontrado na ITF (MD); leitura do draw: ITF API: derrota encontrada."
"marat-salbiev","Marat Salbiev","Singles","J500 Milan","J500","2026-05-18","2026-05-24","Eliminado","Q2","","https://www.itftennis.com/en/tournament/j500-milan/ita/2026/j-j500-ita-2026-001/draws-and-results/","Encontrado na ITF (Q); leitura do draw: ITF API: derrota encontrada."
"maria-valentina-pop","Maria Valentina Pop","Doubles","J500 Milan","J500","2026-05-18","2026-05-24","Eliminado","R16","","https://www.itftennis.com/en/tournament/j500-milan/ita/2026/j-j500-ita-2026-001/draws-and-results/","Encontrado na ITF; leitura do draw de duplas: ITF API: derrota encontrada."
"maria-valentina-pop","Maria Valentina Pop","Singles","J500 Milan","J500","2026-05-18","2026-05-24","Eliminado","R64","","https://www.itftennis.com/en/tournament/j500-milan/ita/2026/j-j500-ita-2026-001/draws-and-results/","Encontrado na ITF (MD); leitura do draw: ITF API: derrota encontrada."
"marianne-angel","Marianne Angel","Singles","J500 Milan","J500","2026-05-18","2026-05-24","Eliminado","Q2","","https://www.itftennis.com/en/tournament/j500-milan/ita/2026/j-j500-ita-2026-001/draws-and-results/","Encontrado na ITF (Q); leitura do draw: ITF API: derrota encontrada."
"mariia-makarova","Mariia Makarova","Doubles","J500 Milan","J500","2026-05-18","2026-05-24","Eliminado","R16","","https://www.itftennis.com/en/tournament/j500-milan/ita/2026/j-j500-ita-2026-001/draws-and-results/","Encontrado na ITF; leitura do draw de duplas: ITF API: derrota encontrada."
"mariia-makarova","Mariia Makarova","Singles","J500 Milan","J500","2026-05-18","2026-05-24","Eliminado","F","","https://www.itftennis.com/en/tournament/j500-milan/ita/2026/j-j500-ita-2026-001/draws-and-results/","Encontrado na ITF (MD); leitura do draw: ITF API: derrota encontrada."
"marija-lauva","Marija Lauva","Doubles","J500 Milan","J500","2026-05-18","2026-05-24","Eliminado","R32","","https://www.itftennis.com/en/tournament/j500-milan/ita/2026/j-j500-ita-2026-001/draws-and-results/","Encontrado na ITF; leitura do draw de duplas: ITF API: derrota encontrada."
"marija-lauva","Marija Lauva","Singles","J500 Milan","J500","2026-05-18","2026-05-24","Eliminado","R32","","https://www.itftennis.com/en/tournament/j500-milan/ita/2026/j-j500-ita-2026-001/draws-and-results/","Encontrado na ITF (MD); leitura do draw: ITF API: derrota encontrada."
"mark-becirovic-novak","Mark Becirovic Novak","Singles","J500 Milan","J500","2026-05-18","2026-05-24","Eliminado","Q1","","https://www.itftennis.com/en/tournament/j500-milan/ita/2026/j-j500-ita-2026-001/draws-and-results/","Encontrado na ITF (Q); leitura do draw: ITF API: derrota encontrada."
"mark-ceban","Mark Ceban","Doubles","J500 Milan","J500","2026-05-18","2026-05-24","Eliminado","R32","","https://www.itftennis.com/en/tournament/j500-milan/ita/2026/j-j500-ita-2026-001/draws-and-results/","Encontrado na ITF; leitura do draw de duplas: ITF API: derrota encontrada."
"mark-ceban","Mark Ceban","Singles","J500 Milan","J500","2026-05-18","2026-05-24","Eliminado","R64","","https://www.itftennis.com/en/tournament/j500-milan/ita/2026/j-j500-ita-2026-001/draws-and-results/","Encontrado na ITF (MD); leitura do draw: ITF API: derrota encontrada."
"marko-bekeni","Marko Bekeni","Singles","J500 Milan","J500","2026-05-18","2026-05-24","Eliminado","Q1","","https://www.itftennis.com/en/tournament/j500-milan/ita/2026/j-j500-ita-2026-001/draws-and-results/","Encontrado na ITF (Q); leitura do draw: ITF API: derrota encontrada."
"marta-gazzetti","MARTA GAZZETTI","Singles","J500 Milan","J500","2026-05-18","2026-05-24","Eliminado","Q1","","https://www.itftennis.com/en/tournament/j500-milan/ita/2026/j-j500-ita-2026-001/draws-and-results/","Encontrado na ITF (Q); leitura do draw: ITF API: derrota encontrada."
"martina-cerbo","Martina Cerbo","Doubles","J500 Milan","J500","2026-05-18","2026-05-24","Eliminado","R32","","https://www.itftennis.com/en/tournament/j500-milan/ita/2026/j-j500-ita-2026-001/draws-and-results/","Encontrado na ITF; leitura do draw de duplas: ITF API: derrota encontrada."
"martina-cerbo","Martina Cerbo","Singles","J500 Milan","J500","2026-05-18","2026-05-24","Eliminado","Q2","","https://www.itftennis.com/en/tournament/j500-milan/ita/2026/j-j500-ita-2026-001/draws-and-results/","Encontrado na ITF (MD); leitura do draw: ITF API: derrota encontrada."
"matei-todoran","Matei Todoran","Doubles","J500 Milan","J500","2026-05-18","2026-05-24","Eliminado","R16","","https://www.itftennis.com/en/tournament/j500-milan/ita/2026/j-j500-ita-2026-001/draws-and-results/","Encontrado na ITF; leitura do draw de duplas: ITF API: derrota encontrada."
"matei-todoran","Matei Todoran","Singles","J500 Milan","J500","2026-05-18","2026-05-24","Eliminado","R64","","https://www.itftennis.com/en/tournament/j500-milan/ita/2026/j-j500-ita-2026-001/draws-and-results/","Encontrado na ITF (MD); leitura do draw: ITF API: derrota encontrada."
"matei-victor-chelemen","Matei Victor Chelemen","Singles","J500 Milan","J500","2026-05-18","2026-05-24","Eliminado","Q1","","https://www.itftennis.com/en/tournament/j500-milan/ita/2026/j-j500-ita-2026-001/draws-and-results/","Encontrado na ITF (Q); leitura do draw: ITF API: derrota encontrada."
"matisse-martin","Matisse MARTIN","Doubles","J500 Milan","J500","2026-05-18","2026-05-24","Eliminado","R32","","https://www.itftennis.com/en/tournament/j500-milan/ita/2026/j-j500-ita-2026-001/draws-and-results/","Encontrado na ITF; leitura do draw de duplas: ITF API: derrota encontrada."
"matisse-martin","Matisse MARTIN","Singles","J500 Milan","J500","2026-05-18","2026-05-24","Eliminado","R64","","https://www.itftennis.com/en/tournament/j500-milan/ita/2026/j-j500-ita-2026-001/draws-and-results/","Encontrado na ITF (MD); leitura do draw: ITF API: derrota encontrada."
"matteo-gribaldo","Matteo Gribaldo","Doubles","J500 Milan","J500","2026-05-18","2026-05-24","Eliminado","QF","","https://www.itftennis.com/en/tournament/j500-milan/ita/2026/j-j500-ita-2026-001/draws-and-results/","Encontrado na ITF; leitura do draw de duplas: ITF API: derrota encontrada."
"matteo-gribaldo","Matteo Gribaldo","Singles","J500 Milan","J500","2026-05-18","2026-05-24","Eliminado","QF","","https://www.itftennis.com/en/tournament/j500-milan/ita/2026/j-j500-ita-2026-001/draws-and-results/","Encontrado na ITF (MD); leitura do draw: ITF API: derrota encontrada."
"mattia-logrippo","Mattia Logrippo","Doubles","J500 Milan","J500","2026-05-18","2026-05-24","Eliminado","R16","","https://www.itftennis.com/en/tournament/j500-milan/ita/2026/j-j500-ita-2026-001/draws-and-results/","Encontrado na ITF; leitura do draw de duplas: ITF API: derrota encontrada."
"mattia-logrippo","Mattia Logrippo","Singles","J500 Milan","J500","2026-05-18","2026-05-24","Eliminado","R64","","https://www.itftennis.com/en/tournament/j500-milan/ita/2026/j-j500-ita-2026-001/draws-and-results/","Encontrado na ITF (MD); leitura do draw: ITF API: derrota encontrada."
"michael-antonius","Michael Antonius","Doubles","J500 Milan","J500","2026-05-18","2026-05-24","Eliminado","R16","","https://www.itftennis.com/en/tournament/j500-milan/ita/2026/j-j500-ita-2026-001/draws-and-results/","Encontrado na ITF; leitura do draw de duplas: ITF API: derrota encontrada."
"michael-antonius","Michael Antonius","Singles","J500 Milan","J500","2026-05-18","2026-05-24","Eliminado","R32","","https://www.itftennis.com/en/tournament/j500-milan/ita/2026/j-j500-ita-2026-001/draws-and-results/","Encontrado na ITF (MD); leitura do draw: ITF API: derrota encontrada."
"michelle-khomich","Michelle Khomich","Singles","J500 Milan","J500","2026-05-18","2026-05-24","Eliminado","Q2","","https://www.itftennis.com/en/tournament/j500-milan/ita/2026/j-j500-ita-2026-001/draws-and-results/","Encontrado na ITF (Q); leitura do draw: ITF API: derrota encontrada."
"min-hyuk-cho","Min Hyuk Cho","Singles","J500 Milan","J500","2026-05-18","2026-05-24","Eliminado","Q2","","https://www.itftennis.com/en/tournament/j500-milan/ita/2026/j-j500-ita-2026-001/draws-and-results/","Encontrado na ITF (Q); leitura do draw: ITF API: derrota encontrada."
"mustafa-ege-sik","Mustafa Ege Sik","Doubles","J500 Milan","J500","2026-05-18","2026-05-24","Eliminado","R32","","https://www.itftennis.com/en/tournament/j500-milan/ita/2026/j-j500-ita-2026-001/draws-and-results/","Encontrado na ITF; leitura do draw de duplas: ITF API: derrota encontrada."
"mustafa-ege-sik","Mustafa Ege Sik","Singles","J500 Milan","J500","2026-05-18","2026-05-24","Eliminado","Q3","","https://www.itftennis.com/en/tournament/j500-milan/ita/2026/j-j500-ita-2026-001/draws-and-results/","Encontrado na ITF (MD); leitura do draw: ITF API: derrota encontrada."
"nadia-affelt","Nadia Affelt","Singles","J500 Milan","J500","2026-05-18","2026-05-24","Eliminado","Q1","","https://www.itftennis.com/en/tournament/j500-milan/ita/2026/j-j500-ita-2026-001/draws-and-results/","Encontrado na ITF (Q); leitura do draw: ITF API: derrota encontrada."
"nadia-lagaev","Nadia Lagaev","Doubles","J500 Milan","J500","2026-05-18","2026-05-24","Eliminado","R16","","https://www.itftennis.com/en/tournament/j500-milan/ita/2026/j-j500-ita-2026-001/draws-and-results/","Encontrado na ITF; leitura do draw de duplas: ITF API: derrota encontrada."
"nadia-lagaev","Nadia Lagaev","Singles","J500 Milan","J500","2026-05-18","2026-05-24","Eliminado","R64","","https://www.itftennis.com/en/tournament/j500-milan/ita/2026/j-j500-ita-2026-001/draws-and-results/","Encontrado na ITF (MD); leitura do draw: ITF API: derrota encontrada."
"nancy-lee","Nancy Lee","Singles","J500 Milan","J500","2026-05-18","2026-05-24","Eliminado","Q3","","https://www.itftennis.com/en/tournament/j500-milan/ita/2026/j-j500-ita-2026-001/draws-and-results/","Encontrado na ITF (Q); leitura do draw: ITF API: derrota encontrada."
"nathalia-pontes-tourinho","Nathalia Pontes Tourinho","Singles","J500 Milan","J500","2026-05-18","2026-05-24","Eliminado","Q1","","https://www.itftennis.com/en/tournament/j500-milan/ita/2026/j-j500-ita-2026-001/draws-and-results/","Encontrado na ITF (Q); leitura do draw: ITF API: derrota encontrada."
"nauhany-vitoria-leme-da-silva","Nauhany Vitoria Leme Da Silva","Doubles","J500 Milan","J500","2026-05-18","2026-05-24","Ativo","W","","https://www.itftennis.com/en/tournament/j500-milan/ita/2026/j-j500-ita-2026-001/draws-and-results/","Encontrado na ITF; leitura do draw de duplas: ITF API: vitoria encontrada."
"nauhany-vitoria-leme-da-silva","Nauhany Vitoria Leme Da Silva","Singles","J500 Milan","J500","2026-05-18","2026-05-24","Eliminado","R16","","https://www.itftennis.com/en/tournament/j500-milan/ita/2026/j-j500-ita-2026-001/draws-and-results/","Encontrado na ITF (MD); leitura do draw: ITF API: derrota encontrada."
"nicolas-baena","Nicolas Baena","Doubles","J500 Milan","J500","2026-05-18","2026-05-24","Eliminado","R16","","https://www.itftennis.com/en/tournament/j500-milan/ita/2026/j-j500-ita-2026-001/draws-and-results/","Encontrado na ITF; leitura do draw de duplas: ITF API: derrota encontrada."
"nicolas-baena","Nicolas Baena","Singles","J500 Milan","J500","2026-05-18","2026-05-24","Eliminado","QF","","https://www.itftennis.com/en/tournament/j500-milan/ita/2026/j-j500-ita-2026-001/draws-and-results/","Encontrado na ITF (MD); leitura do draw: ITF API: derrota encontrada."
"nicolas-ciancaglini-rivera","Nicolas Ciancaglini Rivera","Singles","J500 Milan","J500","2026-05-18","2026-05-24","Eliminado","Q1","","https://www.itftennis.com/en/tournament/j500-milan/ita/2026/j-j500-ita-2026-001/draws-and-results/","Encontrado na ITF (Q); leitura do draw: ITF API: derrota encontrada."
"nikita-belozertsev","Nikita Belozertsev","Doubles","J500 Milan","J500","2026-05-18","2026-05-24","Eliminado","R16","","https://www.itftennis.com/en/tournament/j500-milan/ita/2026/j-j500-ita-2026-001/draws-and-results/","Encontrado na ITF; leitura do draw de duplas: ITF API: derrota encontrada."
"nikita-belozertsev","Nikita Belozertsev","Singles","J500 Milan","J500","2026-05-18","2026-05-24","Eliminado","R16","","https://www.itftennis.com/en/tournament/j500-milan/ita/2026/j-j500-ita-2026-001/draws-and-results/","Encontrado na ITF (MD); leitura do draw: ITF API: derrota encontrada."
"olivia-traynor","Olivia Traynor","Singles","J500 Milan","J500","2026-05-18","2026-05-24","Eliminado","Q1","","https://www.itftennis.com/en/tournament/j500-milan/ita/2026/j-j500-ita-2026-001/draws-and-results/","Encontrado na ITF (Q); leitura do draw: ITF API: derrota encontrada."
"oluwaseun-peter-ogunsakin","OLUWASEUN PETER OGUNSAKIN","Singles","J500 Milan","J500","2026-05-18","2026-05-24","Eliminado","Q2","","https://www.itftennis.com/en/tournament/j500-milan/ita/2026/j-j500-ita-2026-001/draws-and-results/","Encontrado na ITF (Q); leitura do draw: ITF API: derrota encontrada."
"ophelia-korpanec-davies","Ophelia Korpanec Davies","Doubles","J500 Milan","J500","2026-05-18","2026-05-24","Eliminado","R32","","https://www.itftennis.com/en/tournament/j500-milan/ita/2026/j-j500-ita-2026-001/draws-and-results/","Encontrado na ITF; leitura do draw de duplas: ITF API: derrota encontrada."
"ophelia-korpanec-davies","Ophelia Korpanec Davies","Singles","J500 Milan","J500","2026-05-18","2026-05-24","Eliminado","R64","","https://www.itftennis.com/en/tournament/j500-milan/ita/2026/j-j500-ita-2026-001/draws-and-results/","Encontrado na ITF (MD); leitura do draw: ITF API: derrota encontrada."
"pablo-pradat","Pablo Pradat","Singles","J500 Milan","J500","2026-05-18","2026-05-24","Eliminado","Q3","","https://www.itftennis.com/en/tournament/j500-milan/ita/2026/j-j500-ita-2026-001/draws-and-results/","Encontrado na ITF (Q); leitura do draw: ITF API: derrota encontrada."
"paola-pinera-celorio","Paola Pinera Celorio","Doubles","J500 Milan","J500","2026-05-18","2026-05-24","Eliminado","SF","","https://www.itftennis.com/en/tournament/j500-milan/ita/2026/j-j500-ita-2026-001/draws-and-results/","Encontrado na ITF; leitura do draw de duplas: ITF API: derrota encontrada."
"paola-pinera-celorio","Paola Pinera Celorio","Singles","J500 Milan","J500","2026-05-18","2026-05-24","Eliminado","QF","","https://www.itftennis.com/en/tournament/j500-milan/ita/2026/j-j500-ita-2026-001/draws-and-results/","Encontrado na ITF (MD); leitura do draw: ITF API: derrota encontrada."
"paolo-viscione","Paolo Viscione","Singles","J500 Milan","J500","2026-05-18","2026-05-24","Eliminado","Q1","","https://www.itftennis.com/en/tournament/j500-milan/ita/2026/j-j500-ita-2026-001/draws-and-results/","Encontrado na ITF (Q); leitura do draw: ITF API: derrota encontrada."
"pedro-henrique-chabalgoity","Pedro Henrique Chabalgoity","Doubles","J500 Milan","J500","2026-05-18","2026-05-24","Eliminado","QF","","https://www.itftennis.com/en/tournament/j500-milan/ita/2026/j-j500-ita-2026-001/draws-and-results/","Encontrado na ITF; leitura do draw de duplas: ITF API: derrota encontrada."
"pedro-henrique-chabalgoity","Pedro Henrique Chabalgoity","Singles","J500 Milan","J500","2026-05-18","2026-05-24","Eliminado","R16","","https://www.itftennis.com/en/tournament/j500-milan/ita/2026/j-j500-ita-2026-001/draws-and-results/","Encontrado na ITF (MD); leitura do draw: ITF API: derrota encontrada."
"pietra-rivoli","Pietra Rivoli","Doubles","J500 Milan","J500","2026-05-18","2026-05-24","Eliminado","R16","","https://www.itftennis.com/en/tournament/j500-milan/ita/2026/j-j500-ita-2026-001/draws-and-results/","Encontrado na ITF; leitura do draw de duplas: ITF API: derrota encontrada."
"pietra-rivoli","Pietra Rivoli","Singles","J500 Milan","J500","2026-05-18","2026-05-24","Eliminado","Q2","","https://www.itftennis.com/en/tournament/j500-milan/ita/2026/j-j500-ita-2026-001/draws-and-results/","Encontrado na ITF (MD); leitura do draw: ITF API: derrota encontrada."
"pietro-ricci","Pietro Ricci","Singles","J500 Milan","J500","2026-05-18","2026-05-24","Eliminado","Q1","","https://www.itftennis.com/en/tournament/j500-milan/ita/2026/j-j500-ita-2026-001/draws-and-results/","Encontrado na ITF (Q); leitura do draw: ITF API: derrota encontrada."
"polina-berezina","Polina Berezina","Doubles","J500 Milan","J500","2026-05-18","2026-05-24","Eliminado","R32","","https://www.itftennis.com/en/tournament/j500-milan/ita/2026/j-j500-ita-2026-001/draws-and-results/","Encontrado na ITF; leitura do draw de duplas: ITF API: derrota encontrada."
"polina-berezina","Polina Berezina","Singles","J500 Milan","J500","2026-05-18","2026-05-24","Eliminado","Q2","","https://www.itftennis.com/en/tournament/j500-milan/ita/2026/j-j500-ita-2026-001/draws-and-results/","Encontrado na ITF (MD); leitura do draw: ITF API: derrota encontrada."
"raffaele-ciurnelli","Raffaele Ciurnelli","Doubles","J500 Milan","J500","2026-05-18","2026-05-24","Eliminado","QF","","https://www.itftennis.com/en/tournament/j500-milan/ita/2026/j-j500-ita-2026-001/draws-and-results/","Encontrado na ITF; leitura do draw de duplas: ITF API: derrota encontrada."
"raffaele-ciurnelli","Raffaele Ciurnelli","Singles","J500 Milan","J500","2026-05-18","2026-05-24","Eliminado","R16","","https://www.itftennis.com/en/tournament/j500-milan/ita/2026/j-j500-ita-2026-001/draws-and-results/","Encontrado na ITF (MD); leitura do draw: ITF API: derrota encontrada."
"renee-alame","Renee Alame","Doubles","J500 Milan","J500","2026-05-18","2026-05-24","Eliminado","QF","","https://www.itftennis.com/en/tournament/j500-milan/ita/2026/j-j500-ita-2026-001/draws-and-results/","Encontrado na ITF; leitura do draw de duplas: ITF API: derrota encontrada."
"renee-alame","Renee Alame","Singles","J500 Milan","J500","2026-05-18","2026-05-24","Eliminado","R32","","https://www.itftennis.com/en/tournament/j500-milan/ita/2026/j-j500-ita-2026-001/draws-and-results/","Encontrado na ITF (MD); leitura do draw: ITF API: derrota encontrada."
"rhys-lawlor","Rhys Lawlor","Doubles","J500 Milan","J500","2026-05-18","2026-05-24","Eliminado","R32","","https://www.itftennis.com/en/tournament/j500-milan/ita/2026/j-j500-ita-2026-001/draws-and-results/","Encontrado na ITF; leitura do draw de duplas: ITF API: derrota encontrada."
"rhys-lawlor","Rhys Lawlor","Singles","J500 Milan","J500","2026-05-18","2026-05-24","Eliminado","Q3","","https://www.itftennis.com/en/tournament/j500-milan/ita/2026/j-j500-ita-2026-001/draws-and-results/","Encontrado na ITF (MD); leitura do draw: ITF API: derrota encontrada."
"richard-lacis","Richard Lacis","Singles","J500 Milan","J500","2026-05-18","2026-05-24","Eliminado","Q1","","https://www.itftennis.com/en/tournament/j500-milan/ita/2026/j-j500-ita-2026-001/draws-and-results/","Encontrado na ITF (Q); leitura do draw: ITF API: derrota encontrada."
"rihards-neimanis","Rihards Neimanis","Doubles","J500 Milan","J500","2026-05-18","2026-05-24","Eliminado","R16","","https://www.itftennis.com/en/tournament/j500-milan/ita/2026/j-j500-ita-2026-001/draws-and-results/","Encontrado na ITF; leitura do draw de duplas: ITF API: derrota encontrada."
"rihards-neimanis","Rihards Neimanis","Singles","J500 Milan","J500","2026-05-18","2026-05-24","Eliminado","R32","","https://www.itftennis.com/en/tournament/j500-milan/ita/2026/j-j500-ita-2026-001/draws-and-results/","Encontrado na ITF (MD); leitura do draw: ITF API: derrota encontrada."
"ru-xi-wu","Ru Xi Wu","Doubles","J500 Milan","J500","2026-05-18","2026-05-24","Eliminado","R32","","https://www.itftennis.com/en/tournament/j500-milan/ita/2026/j-j500-ita-2026-001/draws-and-results/","Encontrado na ITF; leitura do draw de duplas: ITF API: derrota encontrada."
"ru-xi-wu","Ru Xi Wu","Singles","J500 Milan","J500","2026-05-18","2026-05-24","Eliminado","R16","","https://www.itftennis.com/en/tournament/j500-milan/ita/2026/j-j500-ita-2026-001/draws-and-results/","Encontrado na ITF (MD); leitura do draw: ITF API: derrota encontrada."
"ryan-cozad","Ryan Cozad","Doubles","J500 Milan","J500","2026-05-18","2026-05-24","Eliminado","SF","","https://www.itftennis.com/en/tournament/j500-milan/ita/2026/j-j500-ita-2026-001/draws-and-results/","Encontrado na ITF; leitura do draw de duplas: ITF API: derrota encontrada."
"ryan-cozad","Ryan Cozad","Singles","J500 Milan","J500","2026-05-18","2026-05-24","Eliminado","R64","","https://www.itftennis.com/en/tournament/j500-milan/ita/2026/j-j500-ita-2026-001/draws-and-results/","Encontrado na ITF (MD); leitura do draw: ITF API: derrota encontrada."
"sabrina-balderrama","Sabrina Balderrama","Singles","J500 Milan","J500","2026-05-18","2026-05-24","Eliminado","Q1","","https://www.itftennis.com/en/tournament/j500-milan/ita/2026/j-j500-ita-2026-001/draws-and-results/","Encontrado na ITF (Q); leitura do draw: ITF API: derrota encontrada."
"sakino-miyazawa","Sakino Miyazawa","Doubles","J500 Milan","J500","2026-05-18","2026-05-24","Eliminado","R32","","https://www.itftennis.com/en/tournament/j500-milan/ita/2026/j-j500-ita-2026-001/draws-and-results/","Encontrado na ITF; leitura do draw de duplas: ITF API: derrota encontrada."
"sakino-miyazawa","Sakino Miyazawa","Singles","J500 Milan","J500","2026-05-18","2026-05-24","Eliminado","R64","","https://www.itftennis.com/en/tournament/j500-milan/ita/2026/j-j500-ita-2026-001/draws-and-results/","Encontrado na ITF (MD); leitura do draw: ITF API: derrota encontrada."
"sarah-ye","Sarah Ye","Singles","J500 Milan","J500","2026-05-18","2026-05-24","Eliminado","Q1","","https://www.itftennis.com/en/tournament/j500-milan/ita/2026/j-j500-ita-2026-001/draws-and-results/","Encontrado na ITF (Q); leitura do draw: ITF API: derrota encontrada."
"savva-rybkin","Savva Rybkin","Doubles","J500 Milan","J500","2026-05-18","2026-05-24","Eliminado","R32","","https://www.itftennis.com/en/tournament/j500-milan/ita/2026/j-j500-ita-2026-001/draws-and-results/","Encontrado na ITF; leitura do draw de duplas: ITF API: derrota encontrada."
"savva-rybkin","Savva Rybkin","Singles","J500 Milan","J500","2026-05-18","2026-05-24","Eliminado","R32","","https://www.itftennis.com/en/tournament/j500-milan/ita/2026/j-j500-ita-2026-001/draws-and-results/","Encontrado na ITF (MD); leitura do draw: ITF API: derrota encontrada."
"simone-massellani","Simone Massellani","Doubles","J500 Milan","J500","2026-05-18","2026-05-24","Eliminado","QF","","https://www.itftennis.com/en/tournament/j500-milan/ita/2026/j-j500-ita-2026-001/draws-and-results/","Encontrado na ITF; leitura do draw de duplas: ITF API: derrota encontrada."
"simone-massellani","Simone Massellani","Singles","J500 Milan","J500","2026-05-18","2026-05-24","Eliminado","R32","","https://www.itftennis.com/en/tournament/j500-milan/ita/2026/j-j500-ita-2026-001/draws-and-results/","Encontrado na ITF (MD); leitura do draw: ITF API: derrota encontrada."
"sofia-meabe","Sofia Meabe","Singles","J500 Milan","J500","2026-05-18","2026-05-24","Eliminado","Q2","","https://www.itftennis.com/en/tournament/j500-milan/ita/2026/j-j500-ita-2026-001/draws-and-results/","Encontrado na ITF (Q); leitura do draw: ITF API: derrota encontrada."
"sol-ailin-larraya-guidi","Sol Ailin Larraya Guidi","Doubles","J500 Milan","J500","2026-05-18","2026-05-24","Eliminado","F","","https://www.itftennis.com/en/tournament/j500-milan/ita/2026/j-j500-ita-2026-001/draws-and-results/","Encontrado na ITF; leitura do draw de duplas: ITF API: derrota encontrada."
"sol-ailin-larraya-guidi","Sol Ailin Larraya Guidi","Singles","J500 Milan","J500","2026-05-18","2026-05-24","Eliminado","R16","","https://www.itftennis.com/en/tournament/j500-milan/ita/2026/j-j500-ita-2026-001/draws-and-results/","Encontrado na ITF (MD); leitura do draw: ITF API: derrota encontrada."
"tanishk-konduri","Tanishk Konduri","Doubles","J500 Milan","J500","2026-05-18","2026-05-24","Eliminado","R16","","https://www.itftennis.com/en/tournament/j500-milan/ita/2026/j-j500-ita-2026-001/draws-and-results/","Encontrado na ITF; leitura do draw de duplas: ITF API: derrota encontrada."
"tanishk-konduri","Tanishk Konduri","Singles","J500 Milan","J500","2026-05-18","2026-05-24","Eliminado","R64","","https://www.itftennis.com/en/tournament/j500-milan/ita/2026/j-j500-ita-2026-001/draws-and-results/","Encontrado na ITF (MD); leitura do draw: ITF API: derrota encontrada."
"teo-mascaretti","Teo Mascaretti","Singles","J500 Milan","J500","2026-05-18","2026-05-24","Eliminado","Q1","","https://www.itftennis.com/en/tournament/j500-milan/ita/2026/j-j500-ita-2026-001/draws-and-results/","Encontrado na ITF (Q); leitura do draw: ITF API: derrota encontrada."
"tereza-hermanova","Tereza Hermanova","Singles","J500 Milan","J500","2026-05-18","2026-05-24","Eliminado","R64","","https://www.itftennis.com/en/tournament/j500-milan/ita/2026/j-j500-ita-2026-001/draws-and-results/","Encontrado na ITF (MD); leitura do draw: ITF API: derrota encontrada."
"thea-frodin","Thea Frodin","Doubles","J500 Milan","J500","2026-05-18","2026-05-24","Eliminado","QF","","https://www.itftennis.com/en/tournament/j500-milan/ita/2026/j-j500-ita-2026-001/draws-and-results/","Encontrado na ITF; leitura do draw de duplas: ITF API: derrota encontrada."
"thea-frodin","Thea Frodin","Singles","J500 Milan","J500","2026-05-18","2026-05-24","Eliminado","R32","","https://www.itftennis.com/en/tournament/j500-milan/ita/2026/j-j500-ita-2026-001/draws-and-results/","Encontrado na ITF (MD); leitura do draw: ITF API: derrota encontrada."
"thilo-behrmann","Thilo Behrmann","Doubles","J500 Milan","J500","2026-05-18","2026-05-24","Eliminado","SF","","https://www.itftennis.com/en/tournament/j500-milan/ita/2026/j-j500-ita-2026-001/draws-and-results/","Encontrado na ITF; leitura do draw de duplas: ITF API: derrota encontrada."
"thilo-behrmann","Thilo Behrmann","Singles","J500 Milan","J500","2026-05-18","2026-05-24","Eliminado","F","","https://www.itftennis.com/en/tournament/j500-milan/ita/2026/j-j500-ita-2026-001/draws-and-results/","Encontrado na ITF (MD); leitura do draw: ITF API: derrota encontrada."
"tito-chavez","Tito Chavez","Doubles","J500 Milan","J500","2026-05-18","2026-05-24","Eliminado","QF","","https://www.itftennis.com/en/tournament/j500-milan/ita/2026/j-j500-ita-2026-001/draws-and-results/","Encontrado na ITF; leitura do draw de duplas: ITF API: derrota encontrada."
"tito-chavez","Tito Chavez","Singles","J500 Milan","J500","2026-05-18","2026-05-24","Eliminado","R32","","https://www.itftennis.com/en/tournament/j500-milan/ita/2026/j-j500-ita-2026-001/draws-and-results/","Encontrado na ITF (MD); leitura do draw: ITF API: derrota encontrada."
"tommaso-pedretti","Tommaso Pedretti","Doubles","J500 Milan","J500","2026-05-18","2026-05-24","Eliminado","R16","","https://www.itftennis.com/en/tournament/j500-milan/ita/2026/j-j500-ita-2026-001/draws-and-results/","Encontrado na ITF; leitura do draw de duplas: ITF API: derrota encontrada."
"tommaso-pedretti","Tommaso Pedretti","Singles","J500 Milan","J500","2026-05-18","2026-05-24","Eliminado","Q2","","https://www.itftennis.com/en/tournament/j500-milan/ita/2026/j-j500-ita-2026-001/draws-and-results/","Encontrado na ITF (MD); leitura do draw: ITF API: derrota encontrada."
"veronica-mavero","Veronica Mavero","Singles","J500 Milan","J500","2026-05-18","2026-05-24","Eliminado","Q1","","https://www.itftennis.com/en/tournament/j500-milan/ita/2026/j-j500-ita-2026-001/draws-and-results/","Encontrado na ITF (Q); leitura do draw: ITF API: derrota encontrada."
"victoria-luiza-barros","Victoria Luiza Barros","Doubles","J500 Milan","J500","2026-05-18","2026-05-24","Eliminado","QF","","https://www.itftennis.com/en/tournament/j500-milan/ita/2026/j-j500-ita-2026-001/draws-and-results/","Encontrado na ITF; leitura do draw de duplas: ITF API: derrota encontrada."
"victoria-luiza-barros","Victoria Luiza Barros","Singles","J500 Milan","J500","2026-05-18","2026-05-24","Eliminado","QF","","https://www.itftennis.com/en/tournament/j500-milan/ita/2026/j-j500-ita-2026-001/draws-and-results/","Encontrado na ITF (MD); leitura do draw: ITF API: derrota encontrada."
"viggo-wagenknecht","Viggo Wagenknecht","Singles","J500 Milan","J500","2026-05-18","2026-05-24","Eliminado","Q1","","https://www.itftennis.com/en/tournament/j500-milan/ita/2026/j-j500-ita-2026-001/draws-and-results/","Encontrado na ITF (Q); leitura do draw: ITF API: derrota encontrada."
"viola-severi","VIOLA SEVERI","Doubles","J500 Milan","J500","2026-05-18","2026-05-24","Eliminado","R32","","https://www.itftennis.com/en/tournament/j500-milan/ita/2026/j-j500-ita-2026-001/draws-and-results/","Encontrado na ITF; leitura do draw de duplas: ITF API: derrota encontrada."
"viola-severi","VIOLA SEVERI","Singles","J500 Milan","J500","2026-05-18","2026-05-24","Eliminado","R64","","https://www.itftennis.com/en/tournament/j500-milan/ita/2026/j-j500-ita-2026-001/draws-and-results/","Encontrado na ITF (MD); leitura do draw: ITF API: derrota encontrada."
"virginia-proietti","Virginia Proietti","Singles","J500 Milan","J500","2026-05-18","2026-05-24","Eliminado","Q1","","https://www.itftennis.com/en/tournament/j500-milan/ita/2026/j-j500-ita-2026-001/draws-and-results/","Encontrado na ITF (Q); leitura do draw: ITF API: derrota encontrada."
"vittoria-medina","Vittoria Medina","Singles","J500 Milan","J500","2026-05-18","2026-05-24","Eliminado","Q1","","https://www.itftennis.com/en/tournament/j500-milan/ita/2026/j-j500-ita-2026-001/draws-and-results/","Encontrado na ITF (Q); leitura do draw: ITF API: derrota encontrada."
"vittoria-vignolini","Vittoria Vignolini","Doubles","J500 Milan","J500","2026-05-18","2026-05-24","Eliminado","R32","","https://www.itftennis.com/en/tournament/j500-milan/ita/2026/j-j500-ita-2026-001/draws-and-results/","Encontrado na ITF; leitura do draw de duplas: ITF API: derrota encontrada."
"vittoria-vignolini","Vittoria Vignolini","Singles","J500 Milan","J500","2026-05-18","2026-05-24","Eliminado","R64","","https://www.itftennis.com/en/tournament/j500-milan/ita/2026/j-j500-ita-2026-001/draws-and-results/","Encontrado na ITF (MD); leitura do draw: ITF API: derrota encontrada."
"welles-newman","Welles Newman","Doubles","J500 Milan","J500","2026-05-18","2026-05-24","Eliminado","QF","","https://www.itftennis.com/en/tournament/j500-milan/ita/2026/j-j500-ita-2026-001/draws-and-results/","Encontrado na ITF; leitura do draw de duplas: ITF API: derrota encontrada."
"welles-newman","Welles Newman","Singles","J500 Milan","J500","2026-05-18","2026-05-24","Eliminado","R32","","https://www.itftennis.com/en/tournament/j500-milan/ita/2026/j-j500-ita-2026-001/draws-and-results/","Encontrado na ITF (MD); leitura do draw: ITF API: derrota encontrada."
"william-kjellberg","William Kjellberg","Singles","J500 Milan","J500","2026-05-18","2026-05-24","Eliminado","Q1","","https://www.itftennis.com/en/tournament/j500-milan/ita/2026/j-j500-ita-2026-001/draws-and-results/","Encontrado na ITF (Q); leitura do draw: ITF API: derrota encontrada."
"xavier-massotte","Xavier Massotte","Singles","J500 Milan","J500","2026-05-18","2026-05-24","Eliminado","Q2","","https://www.itftennis.com/en/tournament/j500-milan/ita/2026/j-j500-ita-2026-001/draws-and-results/","Encontrado na ITF (Q); leitura do draw: ITF API: derrota encontrada."
"xinran-sun","Xinran Sun","Singles","J500 Milan","J500","2026-05-18","2026-05-24","Ativo","W","","https://www.itftennis.com/en/tournament/j500-milan/ita/2026/j-j500-ita-2026-001/draws-and-results/","Encontrado na ITF (MD); leitura do draw: ITF API: vitoria encontrada."
"yannik-alvarez","Yannik Alvarez","Doubles","J500 Milan","J500","2026-05-18","2026-05-24","Eliminado","F","","https://www.itftennis.com/en/tournament/j500-milan/ita/2026/j-j500-ita-2026-001/draws-and-results/","Encontrado na ITF; leitura do draw de duplas: ITF API: derrota encontrada."
"yannik-alvarez","Yannik Alvarez","Singles","J500 Milan","J500","2026-05-18","2026-05-24","Eliminado","QF","","https://www.itftennis.com/en/tournament/j500-milan/ita/2026/j-j500-ita-2026-001/draws-and-results/","Encontrado na ITF (MD); leitura do draw: ITF API: derrota encontrada."
"yen-chun-wang","Yen-Chun Wang","Singles","J500 Milan","J500","2026-05-18","2026-05-24","Eliminado","Q2","","https://www.itftennis.com/en/tournament/j500-milan/ita/2026/j-j500-ita-2026-001/draws-and-results/","Encontrado na ITF (Q); leitura do draw: ITF API: derrota encontrada."
"yeri-hong","Yeri Hong","Singles","J500 Milan","J500","2026-05-18","2026-05-24","Eliminado","Q1","","https://www.itftennis.com/en/tournament/j500-milan/ita/2026/j-j500-ita-2026-001/draws-and-results/","Encontrado na ITF (Q); leitura do draw: ITF API: derrota encontrada."
"yihan-qu","Yihan Qu","Doubles","J500 Milan","J500","2026-05-18","2026-05-24","Eliminado","R32","","https://www.itftennis.com/en/tournament/j500-milan/ita/2026/j-j500-ita-2026-001/draws-and-results/","Encontrado na ITF; leitura do draw de duplas: ITF API: derrota encontrada."
"yihan-qu","Yihan Qu","Singles","J500 Milan","J500","2026-05-18","2026-05-24","Eliminado","R32","","https://www.itftennis.com/en/tournament/j500-milan/ita/2026/j-j500-ita-2026-001/draws-and-results/","Encontrado na ITF (MD); leitura do draw: ITF API: derrota encontrada."
"yu-jun-lin","Yu Jun Lin","Doubles","J500 Milan","J500","2026-05-18","2026-05-24","Eliminado","R32","","https://www.itftennis.com/en/tournament/j500-milan/ita/2026/j-j500-ita-2026-001/draws-and-results/","Encontrado na ITF; leitura do draw de duplas: ITF API: derrota encontrada."
"yu-jun-lin","Yu Jun Lin","Singles","J500 Milan","J500","2026-05-18","2026-05-24","Eliminado","R16","","https://www.itftennis.com/en/tournament/j500-milan/ita/2026/j-j500-ita-2026-001/draws-and-results/","Encontrado na ITF (MD); leitura do draw: ITF API: derrota encontrada."
"yu-chen-lin","Yu-Chen Lin","Doubles","J500 Milan","J500","2026-05-18","2026-05-24","Eliminado","R32","","https://www.itftennis.com/en/tournament/j500-milan/ita/2026/j-j500-ita-2026-001/draws-and-results/","Encontrado na ITF; leitura do draw de duplas: ITF API: derrota encontrada."
"yu-chen-lin","Yu-Chen Lin","Singles","J500 Milan","J500","2026-05-18","2026-05-24","Eliminado","R64","","https://www.itftennis.com/en/tournament/j500-milan/ita/2026/j-j500-ita-2026-001/draws-and-results/","Encontrado na ITF (MD); leitura do draw: ITF API: derrota encontrada."
"yushan-shao","Yushan Shao","Doubles","J500 Milan","J500","2026-05-18","2026-05-24","Eliminado","R16","","https://www.itftennis.com/en/tournament/j500-milan/ita/2026/j-j500-ita-2026-001/draws-and-results/","Encontrado na ITF; leitura do draw de duplas: ITF API: derrota encontrada."
"yushan-shao","Yushan Shao","Singles","J500 Milan","J500","2026-05-18","2026-05-24","Eliminado","R32","","https://www.itftennis.com/en/tournament/j500-milan/ita/2026/j-j500-ita-2026-001/draws-and-results/","Encontrado na ITF (MD); leitura do draw: ITF API: derrota encontrada."
"zhang-qian-wei","Zhang-Qian Wei","Doubles","J500 Milan","J500","2026-05-18","2026-05-24","Eliminado","R16","","https://www.itftennis.com/en/tournament/j500-milan/ita/2026/j-j500-ita-2026-001/draws-and-results/","Encontrado na ITF; leitura do draw de duplas: ITF API: derrota encontrada."
"zhang-qian-wei","Zhang-Qian Wei","Singles","J500 Milan","J500","2026-05-18","2026-05-24","Eliminado","R32","","https://www.itftennis.com/en/tournament/j500-milan/ita/2026/j-j500-ita-2026-001/draws-and-results/","Encontrado na ITF (MD); leitura do draw: ITF API: derrota encontrada."
"adela-kempf","Adela Kempf","Doubles","J60 Fredericton","J60","2026-05-18","2026-05-23","Eliminado","R32","","https://www.itftennis.com/en/tournament/j60-fredericton/can/2026/j-j60-can-2026-001/draws-and-results/","Encontrado na ITF; leitura do draw de duplas: ITF API: derrota encontrada."
"alex-roberts","Alex Roberts","Doubles","J60 Fredericton","J60","2026-05-18","2026-05-23","Eliminado","R32","","https://www.itftennis.com/en/tournament/j60-fredericton/can/2026/j-j60-can-2026-001/draws-and-results/","Encontrado na ITF; leitura do draw de duplas: ITF API: derrota encontrada."
"alexander-stefanov","Alexander Stefanov","Doubles","J60 Fredericton","J60","2026-05-18","2026-05-23","Eliminado","QF","","https://www.itftennis.com/en/tournament/j60-fredericton/can/2026/j-j60-can-2026-001/draws-and-results/","Encontrado na ITF; leitura do draw de duplas: ITF API: derrota encontrada."
"alexander-stefanov","Alexander Stefanov","Singles","J60 Fredericton","J60","2026-05-18","2026-05-23","Ativo","Q3","","https://www.itftennis.com/en/tournament/j60-fredericton/can/2026/j-j60-can-2026-001/draws-and-results/","Encontrado na ITF (MD); leitura do draw: ITF API: vitoria encontrada."
"amaliya-bakumenko","Amaliya Bakumenko","Singles","J60 Fredericton","J60","2026-05-18","2026-05-23","Eliminado","QF","","https://www.itftennis.com/en/tournament/j60-fredericton/can/2026/j-j60-can-2026-001/draws-and-results/","Encontrado na ITF (MD); leitura do draw: ITF API: derrota encontrada."
"ananya-chaturvedi","Ananya Chaturvedi","Doubles","J60 Fredericton","J60","2026-05-18","2026-05-23","Eliminado","QF","","https://www.itftennis.com/en/tournament/j60-fredericton/can/2026/j-j60-can-2026-001/draws-and-results/","Encontrado na ITF; leitura do draw de duplas: ITF API: derrota encontrada."
"andrea-taylor","Andrea Taylor","Doubles","J60 Fredericton","J60","2026-05-18","2026-05-23","Ativo","W","","https://www.itftennis.com/en/tournament/j60-fredericton/can/2026/j-j60-can-2026-001/draws-and-results/","Encontrado na ITF; leitura do draw de duplas: ITF API: vitoria encontrada."
"andrea-taylor","Andrea Taylor","Singles","J60 Fredericton","J60","2026-05-18","2026-05-23","Eliminado","QF","","https://www.itftennis.com/en/tournament/j60-fredericton/can/2026/j-j60-can-2026-001/draws-and-results/","Encontrado na ITF (MD); leitura do draw: ITF API: derrota encontrada."
"andy-tchinda-kepche","Andy Tchinda Kepche","Doubles","J60 Fredericton","J60","2026-05-18","2026-05-23","Eliminado","F","","https://www.itftennis.com/en/tournament/j60-fredericton/can/2026/j-j60-can-2026-001/draws-and-results/","Encontrado na ITF; leitura do draw de duplas: ITF API: derrota encontrada."
"andy-tchinda-kepche","Andy Tchinda Kepche","Singles","J60 Fredericton","J60","2026-05-18","2026-05-23","Eliminado","F","","https://www.itftennis.com/en/tournament/j60-fredericton/can/2026/j-j60-can-2026-001/draws-and-results/","Encontrado na ITF (MD); leitura do draw: ITF API: derrota encontrada."
"arjun-krishnan","Arjun Krishnan","Doubles","J60 Fredericton","J60","2026-05-18","2026-05-23","Eliminado","SF","","https://www.itftennis.com/en/tournament/j60-fredericton/can/2026/j-j60-can-2026-001/draws-and-results/","Encontrado na ITF; leitura do draw de duplas: ITF API: derrota encontrada."
"arjun-krishnan","Arjun Krishnan","Singles","J60 Fredericton","J60","2026-05-18","2026-05-23","Eliminado","QF","","https://www.itftennis.com/en/tournament/j60-fredericton/can/2026/j-j60-can-2026-001/draws-and-results/","Encontrado na ITF (MD); leitura do draw: ITF API: derrota encontrada."
"arthur-zhyznomirskyy","Arthur Zhyznomirskyy","Doubles","J60 Fredericton","J60","2026-05-18","2026-05-23","Eliminado","R32","","https://www.itftennis.com/en/tournament/j60-fredericton/can/2026/j-j60-can-2026-001/draws-and-results/","Encontrado na ITF; leitura do draw de duplas: ITF API: derrota encontrada."
"arthur-zhyznomirskyy","Arthur Zhyznomirskyy","Singles","J60 Fredericton","J60","2026-05-18","2026-05-23","Eliminado","Q1","","https://www.itftennis.com/en/tournament/j60-fredericton/can/2026/j-j60-can-2026-001/draws-and-results/","Encontrado na ITF (MD); leitura do draw: ITF API: derrota encontrada."
"arya-guha","Arya Guha","Doubles","J60 Fredericton","J60","2026-05-18","2026-05-23","Eliminado","QF","","https://www.itftennis.com/en/tournament/j60-fredericton/can/2026/j-j60-can-2026-001/draws-and-results/","Encontrado na ITF; leitura do draw de duplas: ITF API: derrota encontrada."
"arya-guha","Arya Guha","Singles","J60 Fredericton","J60","2026-05-18","2026-05-23","Ativo","Q3","","https://www.itftennis.com/en/tournament/j60-fredericton/can/2026/j-j60-can-2026-001/draws-and-results/","Encontrado na ITF (MD); leitura do draw: ITF API: vitoria encontrada."
"axel-rozdilsky","Axel Rozdilsky","Singles","J60 Fredericton","J60","2026-05-18","2026-05-23","Ativo","Q3","","https://www.itftennis.com/en/tournament/j60-fredericton/can/2026/j-j60-can-2026-001/draws-and-results/","Encontrado na ITF (Q); leitura do draw: ITF API: vitoria encontrada."
"benjamin-woo","Benjamin Woo","Doubles","J60 Fredericton","J60","2026-05-18","2026-05-23","Eliminado","R32","","https://www.itftennis.com/en/tournament/j60-fredericton/can/2026/j-j60-can-2026-001/draws-and-results/","Encontrado na ITF; leitura do draw de duplas: ITF API: derrota encontrada."
"benjamin-woo","Benjamin Woo","Singles","J60 Fredericton","J60","2026-05-18","2026-05-23","Ativo","Q3","","https://www.itftennis.com/en/tournament/j60-fredericton/can/2026/j-j60-can-2026-001/draws-and-results/","Encontrado na ITF (MD); leitura do draw: ITF API: vitoria encontrada."
"bradley-barnaby","Bradley Barnaby","Singles","J60 Fredericton","J60","2026-05-18","2026-05-23","Eliminado","Q2","","https://www.itftennis.com/en/tournament/j60-fredericton/can/2026/j-j60-can-2026-001/draws-and-results/","Encontrado na ITF (Q); leitura do draw: ITF API: derrota encontrada."
"brayden-woo","Brayden Woo","Doubles","J60 Fredericton","J60","2026-05-18","2026-05-23","Ativo","W","","https://www.itftennis.com/en/tournament/j60-fredericton/can/2026/j-j60-can-2026-001/draws-and-results/","Encontrado na ITF; leitura do draw de duplas: ITF API: vitoria encontrada."
"brayden-woo","Brayden Woo","Singles","J60 Fredericton","J60","2026-05-18","2026-05-23","Eliminado","QF","","https://www.itftennis.com/en/tournament/j60-fredericton/can/2026/j-j60-can-2026-001/draws-and-results/","Encontrado na ITF (MD); leitura do draw: ITF API: derrota encontrada."
"brielle-amey","Brielle Amey","Doubles","J60 Fredericton","J60","2026-05-18","2026-05-23","Eliminado","F","","https://www.itftennis.com/en/tournament/j60-fredericton/can/2026/j-j60-can-2026-001/draws-and-results/","Encontrado na ITF; leitura do draw de duplas: ITF API: derrota encontrada."
"brielle-amey","Brielle Amey","Singles","J60 Fredericton","J60","2026-05-18","2026-05-23","Eliminado","SF","","https://www.itftennis.com/en/tournament/j60-fredericton/can/2026/j-j60-can-2026-001/draws-and-results/","Encontrado na ITF (MD); leitura do draw: ITF API: derrota encontrada."
"carter-jauffret","Carter Jauffret","Doubles","J60 Fredericton","J60","2026-05-18","2026-05-23","Eliminado","SF","","https://www.itftennis.com/en/tournament/j60-fredericton/can/2026/j-j60-can-2026-001/draws-and-results/","Encontrado na ITF; leitura do draw de duplas: ITF API: derrota encontrada."
"carter-jauffret","Carter Jauffret","Singles","J60 Fredericton","J60","2026-05-18","2026-05-23","Eliminado","QF","","https://www.itftennis.com/en/tournament/j60-fredericton/can/2026/j-j60-can-2026-001/draws-and-results/","Encontrado na ITF (MD); leitura do draw: ITF API: derrota encontrada."
"chloe-sama","Chloe Sama","Doubles","J60 Fredericton","J60","2026-05-18","2026-05-23","Eliminado","R32","","https://www.itftennis.com/en/tournament/j60-fredericton/can/2026/j-j60-can-2026-001/draws-and-results/","Encontrado na ITF; leitura do draw de duplas: ITF API: derrota encontrada."
"chloe-sama","Chloe Sama","Singles","J60 Fredericton","J60","2026-05-18","2026-05-23","Eliminado","QF","","https://www.itftennis.com/en/tournament/j60-fredericton/can/2026/j-j60-can-2026-001/draws-and-results/","Encontrado na ITF (MD); leitura do draw: ITF API: derrota encontrada."
"clara-vicol","Clara Vicol","Doubles","J60 Fredericton","J60","2026-05-18","2026-05-23","Eliminado","R32","","https://www.itftennis.com/en/tournament/j60-fredericton/can/2026/j-j60-can-2026-001/draws-and-results/","Encontrado na ITF; leitura do draw de duplas: ITF API: derrota encontrada."
"daniel-dong","Daniel Dong","Singles","J60 Fredericton","J60","2026-05-18","2026-05-23","Ativo","Q3","","https://www.itftennis.com/en/tournament/j60-fredericton/can/2026/j-j60-can-2026-001/draws-and-results/","Encontrado na ITF (Q); leitura do draw: ITF API: vitoria encontrada."
"daniel-kamhi","Daniel Kamhi","Doubles","J60 Fredericton","J60","2026-05-18","2026-05-23","Eliminado","R32","","https://www.itftennis.com/en/tournament/j60-fredericton/can/2026/j-j60-can-2026-001/draws-and-results/","Encontrado na ITF; leitura do draw de duplas: ITF API: derrota encontrada."
"deniz-karabulut","Deniz Karabulut","Doubles","J60 Fredericton","J60","2026-05-18","2026-05-23","Eliminado","QF","","https://www.itftennis.com/en/tournament/j60-fredericton/can/2026/j-j60-can-2026-001/draws-and-results/","Encontrado na ITF; leitura do draw de duplas: ITF API: derrota encontrada."
"eliot-hagege","Eliot Hagege","Singles","J60 Fredericton","J60","2026-05-18","2026-05-23","Eliminado","Q2","","https://www.itftennis.com/en/tournament/j60-fredericton/can/2026/j-j60-can-2026-001/draws-and-results/","Encontrado na ITF (Q); leitura do draw: ITF API: derrota encontrada."
"emily-allen","Emily Allen","Singles","J60 Fredericton","J60","2026-05-18","2026-05-23","Eliminado","QF","","https://www.itftennis.com/en/tournament/j60-fredericton/can/2026/j-j60-can-2026-001/draws-and-results/","Encontrado na ITF (MD); leitura do draw: ITF API: derrota encontrada."
"ethan-yichen-guo","Ethan Yichen Guo","Doubles","J60 Fredericton","J60","2026-05-18","2026-05-23","Eliminado","QF","","https://www.itftennis.com/en/tournament/j60-fredericton/can/2026/j-j60-can-2026-001/draws-and-results/","Encontrado na ITF; leitura do draw de duplas: ITF API: derrota encontrada."
"ethan-yichen-guo","Ethan Yichen Guo","Singles","J60 Fredericton","J60","2026-05-18","2026-05-23","Ativo","Q3","","https://www.itftennis.com/en/tournament/j60-fredericton/can/2026/j-j60-can-2026-001/draws-and-results/","Encontrado na ITF (MD); leitura do draw: ITF API: vitoria encontrada."
"gabriella-chase","Gabriella Chase","Doubles","J60 Fredericton","J60","2026-05-18","2026-05-23","Eliminado","QF","","https://www.itftennis.com/en/tournament/j60-fredericton/can/2026/j-j60-can-2026-001/draws-and-results/","Encontrado na ITF; leitura do draw de duplas: ITF API: derrota encontrada."
"gabriella-chase","Gabriella Chase","Singles","J60 Fredericton","J60","2026-05-18","2026-05-23","Eliminado","SF","","https://www.itftennis.com/en/tournament/j60-fredericton/can/2026/j-j60-can-2026-001/draws-and-results/","Encontrado na ITF (MD); leitura do draw: ITF API: derrota encontrada."
"gadin-arun","Gadin Arun","Doubles","J60 Fredericton","J60","2026-05-18","2026-05-23","Eliminado","SF","","https://www.itftennis.com/en/tournament/j60-fredericton/can/2026/j-j60-can-2026-001/draws-and-results/","Encontrado na ITF; leitura do draw de duplas: ITF API: derrota encontrada."
"gadin-arun","Gadin Arun","Singles","J60 Fredericton","J60","2026-05-18","2026-05-23","Ativo","W","","https://www.itftennis.com/en/tournament/j60-fredericton/can/2026/j-j60-can-2026-001/draws-and-results/","Encontrado na ITF (MD); leitura do draw: ITF API: vitoria encontrada."
"haeun-jo","Haeun Jo","Doubles","J60 Fredericton","J60","2026-05-18","2026-05-23","Eliminado","QF","","https://www.itftennis.com/en/tournament/j60-fredericton/can/2026/j-j60-can-2026-001/draws-and-results/","Encontrado na ITF; leitura do draw de duplas: ITF API: derrota encontrada."
"hubert-gelinas","Hubert Gelinas","Singles","J60 Fredericton","J60","2026-05-18","2026-05-23","Eliminado","Q2","","https://www.itftennis.com/en/tournament/j60-fredericton/can/2026/j-j60-can-2026-001/draws-and-results/","Encontrado na ITF (Q); leitura do draw: ITF API: derrota encontrada."
"ilia-dobrovolsky","Ilia Dobrovolsky","Doubles","J60 Fredericton","J60","2026-05-18","2026-05-23","Eliminado","R32","","https://www.itftennis.com/en/tournament/j60-fredericton/can/2026/j-j60-can-2026-001/draws-and-results/","Encontrado na ITF; leitura do draw de duplas: ITF API: derrota encontrada."
"isaac-leigh","Isaac Leigh","Singles","J60 Fredericton","J60","2026-05-18","2026-05-23","Eliminado","Q1","","https://www.itftennis.com/en/tournament/j60-fredericton/can/2026/j-j60-can-2026-001/draws-and-results/","Encontrado na ITF (Q); leitura do draw: ITF API: derrota encontrada."
"jack-hebert","Jack Hebert","Doubles","J60 Fredericton","J60","2026-05-18","2026-05-23","Eliminado","R32","","https://www.itftennis.com/en/tournament/j60-fredericton/can/2026/j-j60-can-2026-001/draws-and-results/","Encontrado na ITF; leitura do draw de duplas: ITF API: derrota encontrada."
"jack-hebert","Jack Hebert","Singles","J60 Fredericton","J60","2026-05-18","2026-05-23","Eliminado","Q2","","https://www.itftennis.com/en/tournament/j60-fredericton/can/2026/j-j60-can-2026-001/draws-and-results/","Encontrado na ITF (MD); leitura do draw: ITF API: derrota encontrada."
"jack-naas","Jack Naas","Singles","J60 Fredericton","J60","2026-05-18","2026-05-23","Eliminado","Q2","","https://www.itftennis.com/en/tournament/j60-fredericton/can/2026/j-j60-can-2026-001/draws-and-results/","Encontrado na ITF (Q); leitura do draw: ITF API: derrota encontrada."
"joni-colburne","Joni Colburne","Doubles","J60 Fredericton","J60","2026-05-18","2026-05-23","Eliminado","F","","https://www.itftennis.com/en/tournament/j60-fredericton/can/2026/j-j60-can-2026-001/draws-and-results/","Encontrado na ITF; leitura do draw de duplas: ITF API: derrota encontrada."
"jude-stewart","Jude Stewart","Doubles","J60 Fredericton","J60","2026-05-18","2026-05-23","Eliminado","R32","","https://www.itftennis.com/en/tournament/j60-fredericton/can/2026/j-j60-can-2026-001/draws-and-results/","Encontrado na ITF; leitura do draw de duplas: ITF API: derrota encontrada."
"jude-stewart","Jude Stewart","Singles","J60 Fredericton","J60","2026-05-18","2026-05-23","Eliminado","Q1","","https://www.itftennis.com/en/tournament/j60-fredericton/can/2026/j-j60-can-2026-001/draws-and-results/","Encontrado na ITF (MD); leitura do draw: ITF API: derrota encontrada."
"karina-berska","Karina Berska","Doubles","J60 Fredericton","J60","2026-05-18","2026-05-23","Eliminado","SF","","https://www.itftennis.com/en/tournament/j60-fredericton/can/2026/j-j60-can-2026-001/draws-and-results/","Encontrado na ITF; leitura do draw de duplas: ITF API: derrota encontrada."
"kristian-nygaard","Kristian Nygaard","Doubles","J60 Fredericton","J60","2026-05-18","2026-05-23","Eliminado","QF","","https://www.itftennis.com/en/tournament/j60-fredericton/can/2026/j-j60-can-2026-001/draws-and-results/","Encontrado na ITF; leitura do draw de duplas: ITF API: derrota encontrada."
"kristian-nygaard","Kristian Nygaard","Singles","J60 Fredericton","J60","2026-05-18","2026-05-23","Eliminado","Q2","","https://www.itftennis.com/en/tournament/j60-fredericton/can/2026/j-j60-can-2026-001/draws-and-results/","Encontrado na ITF (MD); leitura do draw: ITF API: derrota encontrada."
"lisa-konevshchynska","Lisa Konevshchynska","Doubles","J60 Fredericton","J60","2026-05-18","2026-05-23","Eliminado","R32","","https://www.itftennis.com/en/tournament/j60-fredericton/can/2026/j-j60-can-2026-001/draws-and-results/","Encontrado na ITF; leitura do draw de duplas: ITF API: derrota encontrada."
"loic-massotte","Loic Massotte","Doubles","J60 Fredericton","J60","2026-05-18","2026-05-23","Eliminado","QF","","https://www.itftennis.com/en/tournament/j60-fredericton/can/2026/j-j60-can-2026-001/draws-and-results/","Encontrado na ITF; leitura do draw de duplas: ITF API: derrota encontrada."
"loic-massotte","Loic Massotte","Singles","J60 Fredericton","J60","2026-05-18","2026-05-23","Eliminado","SF","","https://www.itftennis.com/en/tournament/j60-fredericton/can/2026/j-j60-can-2026-001/draws-and-results/","Encontrado na ITF (MD); leitura do draw: ITF API: derrota encontrada."
"lucas-wang","Lucas Wang","Doubles","J60 Fredericton","J60","2026-05-18","2026-05-23","Eliminado","R32","","https://www.itftennis.com/en/tournament/j60-fredericton/can/2026/j-j60-can-2026-001/draws-and-results/","Encontrado na ITF; leitura do draw de duplas: ITF API: derrota encontrada."
"luka-radosavljevic","Luka Radosavljevic","Doubles","J60 Fredericton","J60","2026-05-18","2026-05-23","Eliminado","SF","","https://www.itftennis.com/en/tournament/j60-fredericton/can/2026/j-j60-can-2026-001/draws-and-results/","Encontrado na ITF; leitura do draw de duplas: ITF API: derrota encontrada."
"marc-edouard-lallier","Marc-Edouard Lallier","Doubles","J60 Fredericton","J60","2026-05-18","2026-05-23","Eliminado","QF","","https://www.itftennis.com/en/tournament/j60-fredericton/can/2026/j-j60-can-2026-001/draws-and-results/","Encontrado na ITF; leitura do draw de duplas: ITF API: derrota encontrada."
"marc-edouard-lallier","Marc-Edouard Lallier","Singles","J60 Fredericton","J60","2026-05-18","2026-05-23","Eliminado","QF","","https://www.itftennis.com/en/tournament/j60-fredericton/can/2026/j-j60-can-2026-001/draws-and-results/","Encontrado na ITF (MD); leitura do draw: ITF API: derrota encontrada."
"mariana-teixeira-de-paiva","Mariana Teixeira de Paiva","Doubles","J60 Fredericton","J60","2026-05-18","2026-05-23","Eliminado","QF","","https://www.itftennis.com/en/tournament/j60-fredericton/can/2026/j-j60-can-2026-001/draws-and-results/","Encontrado na ITF; leitura do draw de duplas: ITF API: derrota encontrada."
"matteo-dal-grande","Matteo Dal Grande","Doubles","J60 Fredericton","J60","2026-05-18","2026-05-23","Eliminado","QF","","https://www.itftennis.com/en/tournament/j60-fredericton/can/2026/j-j60-can-2026-001/draws-and-results/","Encontrado na ITF; leitura do draw de duplas: ITF API: derrota encontrada."
"matteo-dal-grande","Matteo Dal Grande","Singles","J60 Fredericton","J60","2026-05-18","2026-05-23","Ativo","Q3","","https://www.itftennis.com/en/tournament/j60-fredericton/can/2026/j-j60-can-2026-001/draws-and-results/","Encontrado na ITF (MD); leitura do draw: ITF API: vitoria encontrada."
"matthew-popa","Matthew Popa","Doubles","J60 Fredericton","J60","2026-05-18","2026-05-23","Eliminado","R32","","https://www.itftennis.com/en/tournament/j60-fredericton/can/2026/j-j60-can-2026-001/draws-and-results/","Encontrado na ITF; leitura do draw de duplas: ITF API: derrota encontrada."
"matthew-popa","Matthew Popa","Singles","J60 Fredericton","J60","2026-05-18","2026-05-23","Ativo","Q3","","https://www.itftennis.com/en/tournament/j60-fredericton/can/2026/j-j60-can-2026-001/draws-and-results/","Encontrado na ITF (MD); leitura do draw: ITF API: vitoria encontrada."
"maya-hilborn","Maya Hilborn","Doubles","J60 Fredericton","J60","2026-05-18","2026-05-23","Eliminado","R32","","https://www.itftennis.com/en/tournament/j60-fredericton/can/2026/j-j60-can-2026-001/draws-and-results/","Encontrado na ITF; leitura do draw de duplas: ITF API: derrota encontrada."
"maya-lazar","Maya Lazar","Doubles","J60 Fredericton","J60","2026-05-18","2026-05-23","Eliminado","SF","","https://www.itftennis.com/en/tournament/j60-fredericton/can/2026/j-j60-can-2026-001/draws-and-results/","Encontrado na ITF; leitura do draw de duplas: ITF API: derrota encontrada."
"melissa-wang","Melissa Wang","Singles","J60 Fredericton","J60","2026-05-18","2026-05-23","Eliminado","F","","https://www.itftennis.com/en/tournament/j60-fredericton/can/2026/j-j60-can-2026-001/draws-and-results/","Encontrado na ITF (MD); leitura do draw: ITF API: derrota encontrada."
"mengtong-nie","Mengtong Nie","Doubles","J60 Fredericton","J60","2026-05-18","2026-05-23","Eliminado","QF","","https://www.itftennis.com/en/tournament/j60-fredericton/can/2026/j-j60-can-2026-001/draws-and-results/","Encontrado na ITF; leitura do draw de duplas: ITF API: derrota encontrada."
"natalina-zappia","Natalina Zappia","Doubles","J60 Fredericton","J60","2026-05-18","2026-05-23","Eliminado","SF","","https://www.itftennis.com/en/tournament/j60-fredericton/can/2026/j-j60-can-2026-001/draws-and-results/","Encontrado na ITF; leitura do draw de duplas: ITF API: derrota encontrada."
"nikola-bogojevic","Nikola Bogojevic","Doubles","J60 Fredericton","J60","2026-05-18","2026-05-23","Eliminado","R32","","https://www.itftennis.com/en/tournament/j60-fredericton/can/2026/j-j60-can-2026-001/draws-and-results/","Encontrado na ITF; leitura do draw de duplas: ITF API: derrota encontrada."
"rafael-bote","Rafael Bote","Doubles","J60 Fredericton","J60","2026-05-18","2026-05-23","Ativo","W","","https://www.itftennis.com/en/tournament/j60-fredericton/can/2026/j-j60-can-2026-001/draws-and-results/","Encontrado na ITF; leitura do draw de duplas: ITF API: vitoria encontrada."
"rafael-bote","Rafael Bote","Singles","J60 Fredericton","J60","2026-05-18","2026-05-23","Eliminado","SF","","https://www.itftennis.com/en/tournament/j60-fredericton/can/2026/j-j60-can-2026-001/draws-and-results/","Encontrado na ITF (MD); leitura do draw: ITF API: derrota encontrada."
"renata-reut","Renata Reut","Doubles","J60 Fredericton","J60","2026-05-18","2026-05-23","Eliminado","SF","","https://www.itftennis.com/en/tournament/j60-fredericton/can/2026/j-j60-can-2026-001/draws-and-results/","Encontrado na ITF; leitura do draw de duplas: ITF API: derrota encontrada."
"ryder-danis","Ryder Danis","Doubles","J60 Fredericton","J60","2026-05-18","2026-05-23","Eliminado","F","","https://www.itftennis.com/en/tournament/j60-fredericton/can/2026/j-j60-can-2026-001/draws-and-results/","Encontrado na ITF; leitura do draw de duplas: ITF API: derrota encontrada."
"sabyasachi-shubham-talukdar","Sabyasachi Shubham Talukdar","Singles","J60 Fredericton","J60","2026-05-18","2026-05-23","Eliminado","Q1","","https://www.itftennis.com/en/tournament/j60-fredericton/can/2026/j-j60-can-2026-001/draws-and-results/","Encontrado na ITF (Q); leitura do draw: ITF API: derrota encontrada."
"sam-downs","Sam Downs","Singles","J60 Fredericton","J60","2026-05-18","2026-05-23","Eliminado","Q2","","https://www.itftennis.com/en/tournament/j60-fredericton/can/2026/j-j60-can-2026-001/draws-and-results/","Encontrado na ITF (Q); leitura do draw: ITF API: derrota encontrada."
"sophie-dement","Sophie Dement","Doubles","J60 Fredericton","J60","2026-05-18","2026-05-23","Ativo","W","","https://www.itftennis.com/en/tournament/j60-fredericton/can/2026/j-j60-can-2026-001/draws-and-results/","Encontrado na ITF; leitura do draw de duplas: ITF API: vitoria encontrada."
"sophie-dement","Sophie Dement","Singles","J60 Fredericton","J60","2026-05-18","2026-05-23","Ativo","W","","https://www.itftennis.com/en/tournament/j60-fredericton/can/2026/j-j60-can-2026-001/draws-and-results/","Encontrado na ITF (MD); leitura do draw: ITF API: vitoria encontrada."
"timofey-dobrovolsky","Timofey Dobrovolsky","Doubles","J60 Fredericton","J60","2026-05-18","2026-05-23","Eliminado","R32","","https://www.itftennis.com/en/tournament/j60-fredericton/can/2026/j-j60-can-2026-001/draws-and-results/","Encontrado na ITF; leitura do draw de duplas: ITF API: derrota encontrada."
"vanya-virmani","vanya virmani","Doubles","J60 Fredericton","J60","2026-05-18","2026-05-23","Eliminado","QF","","https://www.itftennis.com/en/tournament/j60-fredericton/can/2026/j-j60-can-2026-001/draws-and-results/","Encontrado na ITF; leitura do draw de duplas: ITF API: derrota encontrada."
"victoria-koniouchine","Victoria Koniouchine","Doubles","J60 Fredericton","J60","2026-05-18","2026-05-23","Eliminado","R32","","https://www.itftennis.com/en/tournament/j60-fredericton/can/2026/j-j60-can-2026-001/draws-and-results/","Encontrado na ITF; leitura do draw de duplas: ITF API: derrota encontrada."
"vida-gonzalez--campbell","Vida Gonzalez  Campbell","Doubles","J60 Fredericton","J60","2026-05-18","2026-05-23","Eliminado","QF","","https://www.itftennis.com/en/tournament/j60-fredericton/can/2026/j-j60-can-2026-001/draws-and-results/","Encontrado na ITF; leitura do draw de duplas: ITF API: derrota encontrada."
"xavier-daigle","Xavier Daigle","Doubles","J60 Fredericton","J60","2026-05-18","2026-05-23","Eliminado","R32","","https://www.itftennis.com/en/tournament/j60-fredericton/can/2026/j-j60-can-2026-001/draws-and-results/","Encontrado na ITF; leitura do draw de duplas: ITF API: derrota encontrada."
"xavier-daigle","Xavier Daigle","Singles","J60 Fredericton","J60","2026-05-18","2026-05-23","Eliminado","Q2","","https://www.itftennis.com/en/tournament/j60-fredericton/can/2026/j-j60-can-2026-001/draws-and-results/","Encontrado na ITF (MD); leitura do draw: ITF API: derrota encontrada."
"yael-kupitman","Yael Kupitman","Doubles","J60 Fredericton","J60","2026-05-18","2026-05-23","Eliminado","QF","","https://www.itftennis.com/en/tournament/j60-fredericton/can/2026/j-j60-can-2026-001/draws-and-results/","Encontrado na ITF; leitura do draw de duplas: ITF API: derrota encontrada."
"ada-mcintyre-perez","Ada Mcintyre Perez","Doubles","J60 Les Franqueses del Vallès","J60","2026-05-18","2026-05-24","Eliminado","QF","","https://www.itftennis.com/en/tournament/j60-les-franqueses-del-valles/esp/2026/j-j60-esp-2026-004/draws-and-results/","Encontrado na ITF; leitura do draw de duplas: ITF API: derrota encontrada."
"ada-mcintyre-perez","Ada Mcintyre Perez","Singles","J60 Les Franqueses del Vallès","J60","2026-05-18","2026-05-24","Eliminado","R64","","https://www.itftennis.com/en/tournament/j60-les-franqueses-del-valles/esp/2026/j-j60-esp-2026-004/draws-and-results/","Encontrado na ITF (MD); leitura do draw: ITF API: derrota encontrada."
"adriana-calvo-lopez","Adriana Calvo Lopez","Doubles","J60 Les Franqueses del Vallès","J60","2026-05-18","2026-05-24","Eliminado","SF","","https://www.itftennis.com/en/tournament/j60-les-franqueses-del-valles/esp/2026/j-j60-esp-2026-004/draws-and-results/","Encontrado na ITF; leitura do draw de duplas: ITF API: derrota encontrada."
"adriana-calvo-lopez","Adriana Calvo Lopez","Singles","J60 Les Franqueses del Vallès","J60","2026-05-18","2026-05-24","Eliminado","R32","","https://www.itftennis.com/en/tournament/j60-les-franqueses-del-valles/esp/2026/j-j60-esp-2026-004/draws-and-results/","Encontrado na ITF (MD); leitura do draw: ITF API: derrota encontrada."
"ailana-tserenova","Ailana Tserenova","Singles","J60 Les Franqueses del Vallès","J60","2026-05-18","2026-05-24","Eliminado","R64","","https://www.itftennis.com/en/tournament/j60-les-franqueses-del-valles/esp/2026/j-j60-esp-2026-004/draws-and-results/","Encontrado na ITF (MD); leitura do draw: ITF API: derrota encontrada."
"aitana-armesto-munoz","Aitana Armesto Munoz","Singles","J60 Les Franqueses del Vallès","J60","2026-05-18","2026-05-24","Eliminado","Q3","","https://www.itftennis.com/en/tournament/j60-les-franqueses-del-valles/esp/2026/j-j60-esp-2026-004/draws-and-results/","Encontrado na ITF (Q); leitura do draw: ITF API: derrota encontrada."
"alba-almenar-zabala","Alba Almenar Zabala","Singles","J60 Les Franqueses del Vallès","J60","2026-05-18","2026-05-24","Eliminado","Q2","","https://www.itftennis.com/en/tournament/j60-les-franqueses-del-valles/esp/2026/j-j60-esp-2026-004/draws-and-results/","Encontrado na ITF (Q); leitura do draw: ITF API: derrota encontrada."
"albert-molina-martinez","Albert Molina Martinez","Doubles","J60 Les Franqueses del Vallès","J60","2026-05-18","2026-05-24","Eliminado","F","","https://www.itftennis.com/en/tournament/j60-les-franqueses-del-valles/esp/2026/j-j60-esp-2026-004/draws-and-results/","Encontrado na ITF; leitura do draw de duplas: ITF API: derrota encontrada."
"albert-molina-martinez","Albert Molina Martinez","Singles","J60 Les Franqueses del Vallès","J60","2026-05-18","2026-05-24","Eliminado","Q1","","https://www.itftennis.com/en/tournament/j60-les-franqueses-del-valles/esp/2026/j-j60-esp-2026-004/draws-and-results/","Encontrado na ITF (MD); leitura do draw: ITF API: derrota encontrada."
"alejandro-guardia","Alejandro Guardia","Doubles","J60 Les Franqueses del Vallès","J60","2026-05-18","2026-05-24","Eliminado","R32","","https://www.itftennis.com/en/tournament/j60-les-franqueses-del-valles/esp/2026/j-j60-esp-2026-004/draws-and-results/","Encontrado na ITF; leitura do draw de duplas: ITF API: derrota encontrada."
"alejandro-guardia","Alejandro Guardia","Singles","J60 Les Franqueses del Vallès","J60","2026-05-18","2026-05-24","Eliminado","Q1","","https://www.itftennis.com/en/tournament/j60-les-franqueses-del-valles/esp/2026/j-j60-esp-2026-004/draws-and-results/","Encontrado na ITF (MD); leitura do draw: ITF API: derrota encontrada."
"alejandro-marco","Alejandro Marco","Singles","J60 Les Franqueses del Vallès","J60","2026-05-18","2026-05-24","Eliminado","R32","","https://www.itftennis.com/en/tournament/j60-les-franqueses-del-valles/esp/2026/j-j60-esp-2026-004/draws-and-results/","Encontrado na ITF (MD); leitura do draw: ITF API: derrota encontrada."
"alex-bassas-vila","Alex Bassas Vila","Singles","J60 Les Franqueses del Vallès","J60","2026-05-18","2026-05-24","Eliminado","R64","","https://www.itftennis.com/en/tournament/j60-les-franqueses-del-valles/esp/2026/j-j60-esp-2026-004/draws-and-results/","Encontrado na ITF (MD); leitura do draw: ITF API: derrota encontrada."
"alex-escofet-berge","Alex Escofet Berge","Singles","J60 Les Franqueses del Vallès","J60","2026-05-18","2026-05-24","Eliminado","R64","","https://www.itftennis.com/en/tournament/j60-les-franqueses-del-valles/esp/2026/j-j60-esp-2026-004/draws-and-results/","Encontrado na ITF (MD); leitura do draw: ITF API: derrota encontrada."
"alice-haddad","Alice Haddad","Doubles","J60 Les Franqueses del Vallès","J60","2026-05-18","2026-05-24","Eliminado","R32","","https://www.itftennis.com/en/tournament/j60-les-franqueses-del-valles/esp/2026/j-j60-esp-2026-004/draws-and-results/","Encontrado na ITF; leitura do draw de duplas: ITF API: derrota encontrada."
"alice-haddad","Alice Haddad","Singles","J60 Les Franqueses del Vallès","J60","2026-05-18","2026-05-24","Eliminado","R32","","https://www.itftennis.com/en/tournament/j60-les-franqueses-del-valles/esp/2026/j-j60-esp-2026-004/draws-and-results/","Encontrado na ITF (MD); leitura do draw: ITF API: derrota encontrada."
"alla-zherlitsyna","Alla Zherlitsyna","Singles","J60 Les Franqueses del Vallès","J60","2026-05-18","2026-05-24","Eliminado","Q1","","https://www.itftennis.com/en/tournament/j60-les-franqueses-del-valles/esp/2026/j-j60-esp-2026-004/draws-and-results/","Encontrado na ITF (Q); leitura do draw: ITF API: derrota encontrada."
"alvaro-lago-furio","Alvaro Lago Furio","Doubles","J60 Les Franqueses del Vallès","J60","2026-05-18","2026-05-24","Eliminado","R32","","https://www.itftennis.com/en/tournament/j60-les-franqueses-del-valles/esp/2026/j-j60-esp-2026-004/draws-and-results/","Encontrado na ITF; leitura do draw de duplas: ITF API: derrota encontrada."
"alvaro-lago-furio","Alvaro Lago Furio","Singles","J60 Les Franqueses del Vallès","J60","2026-05-18","2026-05-24","Ativo","W","","https://www.itftennis.com/en/tournament/j60-les-franqueses-del-valles/esp/2026/j-j60-esp-2026-004/draws-and-results/","Encontrado na ITF (MD); leitura do draw: ITF API: vitoria encontrada."
"andreea-kurta","Andreea Kurta","Singles","J60 Les Franqueses del Vallès","J60","2026-05-18","2026-05-24","Eliminado","R32","","https://www.itftennis.com/en/tournament/j60-les-franqueses-del-valles/esp/2026/j-j60-esp-2026-004/draws-and-results/","Encontrado na ITF (MD); leitura do draw: ITF API: derrota encontrada."
"annapoorna-ginjupalli","Annapoorna Ginjupalli","Singles","J60 Les Franqueses del Vallès","J60","2026-05-18","2026-05-24","Eliminado","Q2","","https://www.itftennis.com/en/tournament/j60-les-franqueses-del-valles/esp/2026/j-j60-esp-2026-004/draws-and-results/","Encontrado na ITF (Q); leitura do draw: ITF API: derrota encontrada."
"arnau-escriva-gaya","Arnau Escriva Gaya","Singles","J60 Les Franqueses del Vallès","J60","2026-05-18","2026-05-24","Eliminado","Q1","","https://www.itftennis.com/en/tournament/j60-les-franqueses-del-valles/esp/2026/j-j60-esp-2026-004/draws-and-results/","Encontrado na ITF (Q); leitura do draw: ITF API: derrota encontrada."
"ayden-petrin","Ayden Petrin","Singles","J60 Les Franqueses del Vallès","J60","2026-05-18","2026-05-24","Eliminado","Q1","","https://www.itftennis.com/en/tournament/j60-les-franqueses-del-valles/esp/2026/j-j60-esp-2026-004/draws-and-results/","Encontrado na ITF (Q); leitura do draw: ITF API: derrota encontrada."
"berta-salvador","Berta Salvador","Singles","J60 Les Franqueses del Vallès","J60","2026-05-18","2026-05-24","Eliminado","Q2","","https://www.itftennis.com/en/tournament/j60-les-franqueses-del-valles/esp/2026/j-j60-esp-2026-004/draws-and-results/","Encontrado na ITF (Q); leitura do draw: ITF API: derrota encontrada."
"biel-jimenez-habermeyer","Biel Jimenez Habermeyer","Doubles","J60 Les Franqueses del Vallès","J60","2026-05-18","2026-05-24","Eliminado","R32","","https://www.itftennis.com/en/tournament/j60-les-franqueses-del-valles/esp/2026/j-j60-esp-2026-004/draws-and-results/","Encontrado na ITF; leitura do draw de duplas: ITF API: derrota encontrada."
"biel-jimenez-habermeyer","Biel Jimenez Habermeyer","Singles","J60 Les Franqueses del Vallès","J60","2026-05-18","2026-05-24","Eliminado","Q1","","https://www.itftennis.com/en/tournament/j60-les-franqueses-del-valles/esp/2026/j-j60-esp-2026-004/draws-and-results/","Encontrado na ITF (MD); leitura do draw: ITF API: derrota encontrada."
"carla-guerrero-calvo","Carla Guerrero Calvo","Doubles","J60 Les Franqueses del Vallès","J60","2026-05-18","2026-05-24","Eliminado","SF","","https://www.itftennis.com/en/tournament/j60-les-franqueses-del-valles/esp/2026/j-j60-esp-2026-004/draws-and-results/","Encontrado na ITF; leitura do draw de duplas: ITF API: derrota encontrada."
"carla-guerrero-calvo","Carla Guerrero Calvo","Singles","J60 Les Franqueses del Vallès","J60","2026-05-18","2026-05-24","Eliminado","SF","","https://www.itftennis.com/en/tournament/j60-les-franqueses-del-valles/esp/2026/j-j60-esp-2026-004/draws-and-results/","Encontrado na ITF (MD); leitura do draw: ITF API: derrota encontrada."
"carlos-marin-contreras","Carlos Marin Contreras","Doubles","J60 Les Franqueses del Vallès","J60","2026-05-18","2026-05-24","Eliminado","R32","","https://www.itftennis.com/en/tournament/j60-les-franqueses-del-valles/esp/2026/j-j60-esp-2026-004/draws-and-results/","Encontrado na ITF; leitura do draw de duplas: ITF API: derrota encontrada."
"carlos-marin-contreras","Carlos Marin Contreras","Singles","J60 Les Franqueses del Vallès","J60","2026-05-18","2026-05-24","Eliminado","R64","","https://www.itftennis.com/en/tournament/j60-les-franqueses-del-valles/esp/2026/j-j60-esp-2026-004/draws-and-results/","Encontrado na ITF (MD); leitura do draw: ITF API: derrota encontrada."
"carlota-escale-fisas","Carlota Escale Fisas","Singles","J60 Les Franqueses del Vallès","J60","2026-05-18","2026-05-24","Eliminado","Q1","","https://www.itftennis.com/en/tournament/j60-les-franqueses-del-valles/esp/2026/j-j60-esp-2026-004/draws-and-results/","Encontrado na ITF (Q); leitura do draw: ITF API: derrota encontrada."
"carlota-gomez","CARLOTA GOMEZ","Doubles","J60 Les Franqueses del Vallès","J60","2026-05-18","2026-05-24","Eliminado","R32","","https://www.itftennis.com/en/tournament/j60-les-franqueses-del-valles/esp/2026/j-j60-esp-2026-004/draws-and-results/","Encontrado na ITF; leitura do draw de duplas: ITF API: derrota encontrada."
"carlota-gomez","CARLOTA GOMEZ","Singles","J60 Les Franqueses del Vallès","J60","2026-05-18","2026-05-24","Eliminado","R64","","https://www.itftennis.com/en/tournament/j60-les-franqueses-del-valles/esp/2026/j-j60-esp-2026-004/draws-and-results/","Encontrado na ITF (MD); leitura do draw: ITF API: derrota encontrada."
"chenjia-he","Chenjia He","Singles","J60 Les Franqueses del Vallès","J60","2026-05-18","2026-05-24","Eliminado","Q2","","https://www.itftennis.com/en/tournament/j60-les-franqueses-del-valles/esp/2026/j-j60-esp-2026-004/draws-and-results/","Encontrado na ITF (Q); leitura do draw: ITF API: derrota encontrada."
"cheuk-yat-lam","Cheuk Yat LAM","Singles","J60 Les Franqueses del Vallès","J60","2026-05-18","2026-05-24","Eliminado","Q1","","https://www.itftennis.com/en/tournament/j60-les-franqueses-del-valles/esp/2026/j-j60-esp-2026-004/draws-and-results/","Encontrado na ITF (Q); leitura do draw: ITF API: derrota encontrada."
"christian-santos-domech","Christian Santos Domech","Singles","J60 Les Franqueses del Vallès","J60","2026-05-18","2026-05-24","Eliminado","Q1","","https://www.itftennis.com/en/tournament/j60-les-franqueses-del-valles/esp/2026/j-j60-esp-2026-004/draws-and-results/","Encontrado na ITF (Q); leitura do draw: ITF API: derrota encontrada."
"cristina-stetsenko","Cristina Stetsenko","Singles","J60 Les Franqueses del Vallès","J60","2026-05-18","2026-05-24","Eliminado","R64","","https://www.itftennis.com/en/tournament/j60-les-franqueses-del-valles/esp/2026/j-j60-esp-2026-004/draws-and-results/","Encontrado na ITF (MD); leitura do draw: ITF API: derrota encontrada."
"daniela-mateos","Daniela Mateos","Singles","J60 Les Franqueses del Vallès","J60","2026-05-18","2026-05-24","Eliminado","Q2","","https://www.itftennis.com/en/tournament/j60-les-franqueses-del-valles/esp/2026/j-j60-esp-2026-004/draws-and-results/","Encontrado na ITF (Q); leitura do draw: ITF API: derrota encontrada."
"david-hustin-alemany","David Hustin Alemany","Doubles","J60 Les Franqueses del Vallès","J60","2026-05-18","2026-05-24","Ativo","W","","https://www.itftennis.com/en/tournament/j60-les-franqueses-del-valles/esp/2026/j-j60-esp-2026-004/draws-and-results/","Encontrado na ITF; leitura do draw de duplas: ITF API: vitoria encontrada."
"david-hustin-alemany","David Hustin Alemany","Singles","J60 Les Franqueses del Vallès","J60","2026-05-18","2026-05-24","Eliminado","SF","","https://www.itftennis.com/en/tournament/j60-les-franqueses-del-valles/esp/2026/j-j60-esp-2026-004/draws-and-results/","Encontrado na ITF (MD); leitura do draw: ITF API: derrota encontrada."
"eduard-khaikov","Eduard Khaikov","Singles","J60 Les Franqueses del Vallès","J60","2026-05-18","2026-05-24","Eliminado","R32","","https://www.itftennis.com/en/tournament/j60-les-franqueses-del-valles/esp/2026/j-j60-esp-2026-004/draws-and-results/","Encontrado na ITF (MD); leitura do draw: ITF API: derrota encontrada."
"ekaterina-ryabtsova","Ekaterina Ryabtsova","Singles","J60 Les Franqueses del Vallès","J60","2026-05-18","2026-05-24","Eliminado","Q1","","https://www.itftennis.com/en/tournament/j60-les-franqueses-del-valles/esp/2026/j-j60-esp-2026-004/draws-and-results/","Encontrado na ITF (Q); leitura do draw: ITF API: derrota encontrada."
"elai-wiesel","Elai Wiesel","Singles","J60 Les Franqueses del Vallès","J60","2026-05-18","2026-05-24","Eliminado","Q3","","https://www.itftennis.com/en/tournament/j60-les-franqueses-del-valles/esp/2026/j-j60-esp-2026-004/draws-and-results/","Encontrado na ITF (Q); leitura do draw: ITF API: derrota encontrada."
"elena-fernandez-manent","Elena Fernandez Manent","Singles","J60 Les Franqueses del Vallès","J60","2026-05-18","2026-05-24","Eliminado","Q1","","https://www.itftennis.com/en/tournament/j60-les-franqueses-del-valles/esp/2026/j-j60-esp-2026-004/draws-and-results/","Encontrado na ITF (Q); leitura do draw: ITF API: derrota encontrada."
"elena-garriga-gogoase","Elena Garriga Gogoase","Singles","J60 Les Franqueses del Vallès","J60","2026-05-18","2026-05-24","Eliminado","Q1","","https://www.itftennis.com/en/tournament/j60-les-franqueses-del-valles/esp/2026/j-j60-esp-2026-004/draws-and-results/","Encontrado na ITF (Q); leitura do draw: ITF API: derrota encontrada."
"enric-martin-pericas","Enric Martin Pericas","Doubles","J60 Les Franqueses del Vallès","J60","2026-05-18","2026-05-24","Eliminado","R32","","https://www.itftennis.com/en/tournament/j60-les-franqueses-del-valles/esp/2026/j-j60-esp-2026-004/draws-and-results/","Encontrado na ITF; leitura do draw de duplas: ITF API: derrota encontrada."
"enric-martin-pericas","Enric Martin Pericas","Singles","J60 Les Franqueses del Vallès","J60","2026-05-18","2026-05-24","Eliminado","Q1","","https://www.itftennis.com/en/tournament/j60-les-franqueses-del-valles/esp/2026/j-j60-esp-2026-004/draws-and-results/","Encontrado na ITF (MD); leitura do draw: ITF API: derrota encontrada."
"enric-novell","Enric Novell","Doubles","J60 Les Franqueses del Vallès","J60","2026-05-18","2026-05-24","Eliminado","R32","","https://www.itftennis.com/en/tournament/j60-les-franqueses-del-valles/esp/2026/j-j60-esp-2026-004/draws-and-results/","Encontrado na ITF; leitura do draw de duplas: ITF API: derrota encontrada."
"enric-novell","Enric Novell","Singles","J60 Les Franqueses del Vallès","J60","2026-05-18","2026-05-24","Eliminado","QF","","https://www.itftennis.com/en/tournament/j60-les-franqueses-del-valles/esp/2026/j-j60-esp-2026-004/draws-and-results/","Encontrado na ITF (MD); leitura do draw: ITF API: derrota encontrada."
"eric-solano-fons","Eric Solano Fons","Doubles","J60 Les Franqueses del Vallès","J60","2026-05-18","2026-05-24","Eliminado","R32","","https://www.itftennis.com/en/tournament/j60-les-franqueses-del-valles/esp/2026/j-j60-esp-2026-004/draws-and-results/","Encontrado na ITF; leitura do draw de duplas: ITF API: derrota encontrada."
"eric-solano-fons","Eric Solano Fons","Singles","J60 Les Franqueses del Vallès","J60","2026-05-18","2026-05-24","Eliminado","Q2","","https://www.itftennis.com/en/tournament/j60-les-franqueses-del-valles/esp/2026/j-j60-esp-2026-004/draws-and-results/","Encontrado na ITF (MD); leitura do draw: ITF API: derrota encontrada."
"eugenie-marchand","EUGENIE MARCHAND","Doubles","J60 Les Franqueses del Vallès","J60","2026-05-18","2026-05-24","Eliminado","F","","https://www.itftennis.com/en/tournament/j60-les-franqueses-del-valles/esp/2026/j-j60-esp-2026-004/draws-and-results/","Encontrado na ITF; leitura do draw de duplas: ITF API: derrota encontrada."
"eugenie-marchand","EUGENIE MARCHAND","Singles","J60 Les Franqueses del Vallès","J60","2026-05-18","2026-05-24","Eliminado","R64","","https://www.itftennis.com/en/tournament/j60-les-franqueses-del-valles/esp/2026/j-j60-esp-2026-004/draws-and-results/","Encontrado na ITF (MD); leitura do draw: ITF API: derrota encontrada."
"gael-lage-toledo","Gael Lage Toledo","Singles","J60 Les Franqueses del Vallès","J60","2026-05-18","2026-05-24","Eliminado","Q1","","https://www.itftennis.com/en/tournament/j60-les-franqueses-del-valles/esp/2026/j-j60-esp-2026-004/draws-and-results/","Encontrado na ITF (Q); leitura do draw: ITF API: derrota encontrada."
"gerard-sawatzki","Gerard Sawatzki","Doubles","J60 Les Franqueses del Vallès","J60","2026-05-18","2026-05-24","Eliminado","QF","","https://www.itftennis.com/en/tournament/j60-les-franqueses-del-valles/esp/2026/j-j60-esp-2026-004/draws-and-results/","Encontrado na ITF; leitura do draw de duplas: ITF API: derrota encontrada."
"gerard-sawatzki","Gerard Sawatzki","Singles","J60 Les Franqueses del Vallès","J60","2026-05-18","2026-05-24","Eliminado","R64","","https://www.itftennis.com/en/tournament/j60-les-franqueses-del-valles/esp/2026/j-j60-esp-2026-004/draws-and-results/","Encontrado na ITF (MD); leitura do draw: ITF API: derrota encontrada."
"giulia-gomes-ferreira","Giulia Gomes Ferreira","Doubles","J60 Les Franqueses del Vallès","J60","2026-05-18","2026-05-24","Eliminado","R32","","https://www.itftennis.com/en/tournament/j60-les-franqueses-del-valles/esp/2026/j-j60-esp-2026-004/draws-and-results/","Encontrado na ITF; leitura do draw de duplas: ITF API: derrota encontrada."
"giulia-gomes-ferreira","Giulia Gomes Ferreira","Singles","J60 Les Franqueses del Vallès","J60","2026-05-18","2026-05-24","Eliminado","R32","","https://www.itftennis.com/en/tournament/j60-les-franqueses-del-valles/esp/2026/j-j60-esp-2026-004/draws-and-results/","Encontrado na ITF (MD); leitura do draw: ITF API: derrota encontrada."
"gregor-distler","Gregor Distler","Doubles","J60 Les Franqueses del Vallès","J60","2026-05-18","2026-05-24","Eliminado","F","","https://www.itftennis.com/en/tournament/j60-les-franqueses-del-valles/esp/2026/j-j60-esp-2026-004/draws-and-results/","Encontrado na ITF; leitura do draw de duplas: ITF API: derrota encontrada."
"gregor-distler","Gregor Distler","Singles","J60 Les Franqueses del Vallès","J60","2026-05-18","2026-05-24","Eliminado","R64","","https://www.itftennis.com/en/tournament/j60-les-franqueses-del-valles/esp/2026/j-j60-esp-2026-004/draws-and-results/","Encontrado na ITF (MD); leitura do draw: ITF API: derrota encontrada."
"hyeonu-nam","Hyeonu Nam","Doubles","J60 Les Franqueses del Vallès","J60","2026-05-18","2026-05-24","Eliminado","QF","","https://www.itftennis.com/en/tournament/j60-les-franqueses-del-valles/esp/2026/j-j60-esp-2026-004/draws-and-results/","Encontrado na ITF; leitura do draw de duplas: ITF API: derrota encontrada."
"hyeonu-nam","Hyeonu Nam","Singles","J60 Les Franqueses del Vallès","J60","2026-05-18","2026-05-24","Eliminado","R64","","https://www.itftennis.com/en/tournament/j60-les-franqueses-del-valles/esp/2026/j-j60-esp-2026-004/draws-and-results/","Encontrado na ITF (MD); leitura do draw: ITF API: derrota encontrada."
"ioannis-panagiotis-vasileiadis","Ioannis-Panagiotis Vasileiadis","Singles","J60 Les Franqueses del Vallès","J60","2026-05-18","2026-05-24","Eliminado","Q1","","https://www.itftennis.com/en/tournament/j60-les-franqueses-del-valles/esp/2026/j-j60-esp-2026-004/draws-and-results/","Encontrado na ITF (Q); leitura do draw: ITF API: derrota encontrada."
"irene-rueda-reyes","Irene Rueda Reyes","Singles","J60 Les Franqueses del Vallès","J60","2026-05-18","2026-05-24","Eliminado","Q2","","https://www.itftennis.com/en/tournament/j60-les-franqueses-del-valles/esp/2026/j-j60-esp-2026-004/draws-and-results/","Encontrado na ITF (Q); leitura do draw: ITF API: derrota encontrada."
"isabella-pulido-moreno","ISABELLA PULIDO MORENO","Doubles","J60 Les Franqueses del Vallès","J60","2026-05-18","2026-05-24","Eliminado","QF","","https://www.itftennis.com/en/tournament/j60-les-franqueses-del-valles/esp/2026/j-j60-esp-2026-004/draws-and-results/","Encontrado na ITF; leitura do draw de duplas: ITF API: derrota encontrada."
"isabella-pulido-moreno","ISABELLA PULIDO MORENO","Singles","J60 Les Franqueses del Vallès","J60","2026-05-18","2026-05-24","Eliminado","R64","","https://www.itftennis.com/en/tournament/j60-les-franqueses-del-valles/esp/2026/j-j60-esp-2026-004/draws-and-results/","Encontrado na ITF (MD); leitura do draw: ITF API: derrota encontrada."
"iulia-maria-pasca","Iulia Maria Pasca","Singles","J60 Les Franqueses del Vallès","J60","2026-05-18","2026-05-24","Eliminado","Q1","","https://www.itftennis.com/en/tournament/j60-les-franqueses-del-valles/esp/2026/j-j60-esp-2026-004/draws-and-results/","Encontrado na ITF (Q); leitura do draw: ITF API: derrota encontrada."
"jan-garcia","Jan Garcia","Doubles","J60 Les Franqueses del Vallès","J60","2026-05-18","2026-05-24","Eliminado","SF","","https://www.itftennis.com/en/tournament/j60-les-franqueses-del-valles/esp/2026/j-j60-esp-2026-004/draws-and-results/","Encontrado na ITF; leitura do draw de duplas: ITF API: derrota encontrada."
"jan-garcia","Jan Garcia","Singles","J60 Les Franqueses del Vallès","J60","2026-05-18","2026-05-24","Eliminado","R64","","https://www.itftennis.com/en/tournament/j60-les-franqueses-del-valles/esp/2026/j-j60-esp-2026-004/draws-and-results/","Encontrado na ITF (MD); leitura do draw: ITF API: derrota encontrada."
"jaume-casas-blasi","Jaume Casas Blasi","Doubles","J60 Les Franqueses del Vallès","J60","2026-05-18","2026-05-24","Eliminado","SF","","https://www.itftennis.com/en/tournament/j60-les-franqueses-del-valles/esp/2026/j-j60-esp-2026-004/draws-and-results/","Encontrado na ITF; leitura do draw de duplas: ITF API: derrota encontrada."
"jaume-casas-blasi","Jaume Casas Blasi","Singles","J60 Les Franqueses del Vallès","J60","2026-05-18","2026-05-24","Eliminado","R32","","https://www.itftennis.com/en/tournament/j60-les-franqueses-del-valles/esp/2026/j-j60-esp-2026-004/draws-and-results/","Encontrado na ITF (MD); leitura do draw: ITF API: derrota encontrada."
"javier-martinez-nohales","Javier Martinez Nohales","Singles","J60 Les Franqueses del Vallès","J60","2026-05-18","2026-05-24","Eliminado","Q1","","https://www.itftennis.com/en/tournament/j60-les-franqueses-del-valles/esp/2026/j-j60-esp-2026-004/draws-and-results/","Encontrado na ITF (Q); leitura do draw: ITF API: derrota encontrada."
"jiacheng-li","Jiacheng Li","Singles","J60 Les Franqueses del Vallès","J60","2026-05-18","2026-05-24","Eliminado","F","","https://www.itftennis.com/en/tournament/j60-les-franqueses-del-valles/esp/2026/j-j60-esp-2026-004/draws-and-results/","Encontrado na ITF (MD); leitura do draw: ITF API: derrota encontrada."
"jordi-garcia-barrera","Jordi Garcia Barrera","Singles","J60 Les Franqueses del Vallès","J60","2026-05-18","2026-05-24","Eliminado","Q1","","https://www.itftennis.com/en/tournament/j60-les-franqueses-del-valles/esp/2026/j-j60-esp-2026-004/draws-and-results/","Encontrado na ITF (Q); leitura do draw: ITF API: derrota encontrada."
"jose-ignacio-cuevas","Jose Ignacio Cuevas","Doubles","J60 Les Franqueses del Vallès","J60","2026-05-18","2026-05-24","Eliminado","QF","","https://www.itftennis.com/en/tournament/j60-les-franqueses-del-valles/esp/2026/j-j60-esp-2026-004/draws-and-results/","Encontrado na ITF; leitura do draw de duplas: ITF API: derrota encontrada."
"jose-ignacio-cuevas","Jose Ignacio Cuevas","Singles","J60 Les Franqueses del Vallès","J60","2026-05-18","2026-05-24","Eliminado","R64","","https://www.itftennis.com/en/tournament/j60-les-franqueses-del-valles/esp/2026/j-j60-esp-2026-004/draws-and-results/","Encontrado na ITF (MD); leitura do draw: ITF API: derrota encontrada."
"julio-zarate-fernandez","Julio Zarate Fernandez","Doubles","J60 Les Franqueses del Vallès","J60","2026-05-18","2026-05-24","Eliminado","QF","","https://www.itftennis.com/en/tournament/j60-les-franqueses-del-valles/esp/2026/j-j60-esp-2026-004/draws-and-results/","Encontrado na ITF; leitura do draw de duplas: ITF API: derrota encontrada."
"julio-zarate-fernandez","Julio Zarate Fernandez","Singles","J60 Les Franqueses del Vallès","J60","2026-05-18","2026-05-24","Eliminado","SF","","https://www.itftennis.com/en/tournament/j60-les-franqueses-del-valles/esp/2026/j-j60-esp-2026-004/draws-and-results/","Encontrado na ITF (MD); leitura do draw: ITF API: derrota encontrada."
"karina-balasanian","Karina Balasanian","Doubles","J60 Les Franqueses del Vallès","J60","2026-05-18","2026-05-24","Eliminado","R32","","https://www.itftennis.com/en/tournament/j60-les-franqueses-del-valles/esp/2026/j-j60-esp-2026-004/draws-and-results/","Encontrado na ITF; leitura do draw de duplas: ITF API: derrota encontrada."
"karina-balasanian","Karina Balasanian","Singles","J60 Les Franqueses del Vallès","J60","2026-05-18","2026-05-24","Eliminado","R64","","https://www.itftennis.com/en/tournament/j60-les-franqueses-del-valles/esp/2026/j-j60-esp-2026-004/draws-and-results/","Encontrado na ITF (MD); leitura do draw: ITF API: derrota encontrada."
"kuzma-avdeev","Kuzma Avdeev","Singles","J60 Les Franqueses del Vallès","J60","2026-05-18","2026-05-24","Eliminado","R64","","https://www.itftennis.com/en/tournament/j60-les-franqueses-del-valles/esp/2026/j-j60-esp-2026-004/draws-and-results/","Encontrado na ITF (MD); leitura do draw: ITF API: derrota encontrada."
"kyungone-kim","kyungone Kim","Doubles","J60 Les Franqueses del Vallès","J60","2026-05-18","2026-05-24","Eliminado","R32","","https://www.itftennis.com/en/tournament/j60-les-franqueses-del-valles/esp/2026/j-j60-esp-2026-004/draws-and-results/","Encontrado na ITF; leitura do draw de duplas: ITF API: derrota encontrada."
"kyungone-kim","kyungone Kim","Singles","J60 Les Franqueses del Vallès","J60","2026-05-18","2026-05-24","Eliminado","R64","","https://www.itftennis.com/en/tournament/j60-les-franqueses-del-valles/esp/2026/j-j60-esp-2026-004/draws-and-results/","Encontrado na ITF (MD); leitura do draw: ITF API: derrota encontrada."
"laia-pinsach-hidalgo","Laia Pinsach Hidalgo","Doubles","J60 Les Franqueses del Vallès","J60","2026-05-18","2026-05-24","Eliminado","R32","","https://www.itftennis.com/en/tournament/j60-les-franqueses-del-valles/esp/2026/j-j60-esp-2026-004/draws-and-results/","Encontrado na ITF; leitura do draw de duplas: ITF API: derrota encontrada."
"laia-pinsach-hidalgo","Laia Pinsach Hidalgo","Singles","J60 Les Franqueses del Vallès","J60","2026-05-18","2026-05-24","Eliminado","R64","","https://www.itftennis.com/en/tournament/j60-les-franqueses-del-valles/esp/2026/j-j60-esp-2026-004/draws-and-results/","Encontrado na ITF (MD); leitura do draw: ITF API: derrota encontrada."
"laura-carvalho-e-silva-kracke","Laura Carvalho e Silva Kracke","Doubles","J60 Les Franqueses del Vallès","J60","2026-05-18","2026-05-24","Ativo","W","","https://www.itftennis.com/en/tournament/j60-les-franqueses-del-valles/esp/2026/j-j60-esp-2026-004/draws-and-results/","Encontrado na ITF; leitura do draw de duplas: ITF API: vitoria encontrada."
"laura-carvalho-e-silva-kracke","Laura Carvalho e Silva Kracke","Singles","J60 Les Franqueses del Vallès","J60","2026-05-18","2026-05-24","Eliminado","SF","","https://www.itftennis.com/en/tournament/j60-les-franqueses-del-valles/esp/2026/j-j60-esp-2026-004/draws-and-results/","Encontrado na ITF (MD); leitura do draw: ITF API: derrota encontrada."
"laura-rabaneda-rovira","Laura Rabaneda Rovira","Singles","J60 Les Franqueses del Vallès","J60","2026-05-18","2026-05-24","Eliminado","Q1","","https://www.itftennis.com/en/tournament/j60-les-franqueses-del-valles/esp/2026/j-j60-esp-2026-004/draws-and-results/","Encontrado na ITF (Q); leitura do draw: ITF API: derrota encontrada."
"letizia-sanchez-romero","Letizia Sanchez Romero","Singles","J60 Les Franqueses del Vallès","J60","2026-05-18","2026-05-24","Eliminado","Q2","","https://www.itftennis.com/en/tournament/j60-les-franqueses-del-valles/esp/2026/j-j60-esp-2026-004/draws-and-results/","Encontrado na ITF (Q); leitura do draw: ITF API: derrota encontrada."
"liliana-chetry-rodriguez","Liliana Chetry Rodriguez","Doubles","J60 Les Franqueses del Vallès","J60","2026-05-18","2026-05-24","Eliminado","SF","","https://www.itftennis.com/en/tournament/j60-les-franqueses-del-valles/esp/2026/j-j60-esp-2026-004/draws-and-results/","Encontrado na ITF; leitura do draw de duplas: ITF API: derrota encontrada."
"liliana-chetry-rodriguez","Liliana Chetry Rodriguez","Singles","J60 Les Franqueses del Vallès","J60","2026-05-18","2026-05-24","Eliminado","F","","https://www.itftennis.com/en/tournament/j60-les-franqueses-del-valles/esp/2026/j-j60-esp-2026-004/draws-and-results/","Encontrado na ITF (MD); leitura do draw: ITF API: derrota encontrada."
"mar-olmos-pardo","Mar Olmos Pardo","Doubles","J60 Les Franqueses del Vallès","J60","2026-05-18","2026-05-24","Eliminado","R32","","https://www.itftennis.com/en/tournament/j60-les-franqueses-del-valles/esp/2026/j-j60-esp-2026-004/draws-and-results/","Encontrado na ITF; leitura do draw de duplas: ITF API: derrota encontrada."
"mar-olmos-pardo","Mar Olmos Pardo","Singles","J60 Les Franqueses del Vallès","J60","2026-05-18","2026-05-24","Eliminado","R64","","https://www.itftennis.com/en/tournament/j60-les-franqueses-del-valles/esp/2026/j-j60-esp-2026-004/draws-and-results/","Encontrado na ITF (MD); leitura do draw: ITF API: derrota encontrada."
"marc-castellvi","Marc Castellvi","Singles","J60 Les Franqueses del Vallès","J60","2026-05-18","2026-05-24","Eliminado","Q2","","https://www.itftennis.com/en/tournament/j60-les-franqueses-del-valles/esp/2026/j-j60-esp-2026-004/draws-and-results/","Encontrado na ITF (Q); leitura do draw: ITF API: derrota encontrada."
"marc-puig-mont","Marc Puig Mont","Singles","J60 Les Franqueses del Vallès","J60","2026-05-18","2026-05-24","Eliminado","QF","","https://www.itftennis.com/en/tournament/j60-les-franqueses-del-valles/esp/2026/j-j60-esp-2026-004/draws-and-results/","Encontrado na ITF (MD); leitura do draw: ITF API: derrota encontrada."
"marc-schulz-barrera","MARC SCHULZ BARRERA","Doubles","J60 Les Franqueses del Vallès","J60","2026-05-18","2026-05-24","Eliminado","QF","","https://www.itftennis.com/en/tournament/j60-les-franqueses-del-valles/esp/2026/j-j60-esp-2026-004/draws-and-results/","Encontrado na ITF; leitura do draw de duplas: ITF API: derrota encontrada."
"marc-schulz-barrera","MARC SCHULZ BARRERA","Singles","J60 Les Franqueses del Vallès","J60","2026-05-18","2026-05-24","Eliminado","R64","","https://www.itftennis.com/en/tournament/j60-les-franqueses-del-valles/esp/2026/j-j60-esp-2026-004/draws-and-results/","Encontrado na ITF (MD); leitura do draw: ITF API: derrota encontrada."
"marcos-romero-ramos","MARCOS ROMERO RAMOS","Doubles","J60 Les Franqueses del Vallès","J60","2026-05-18","2026-05-24","Eliminado","QF","","https://www.itftennis.com/en/tournament/j60-les-franqueses-del-valles/esp/2026/j-j60-esp-2026-004/draws-and-results/","Encontrado na ITF; leitura do draw de duplas: ITF API: derrota encontrada."
"marcos-romero-ramos","MARCOS ROMERO RAMOS","Singles","J60 Les Franqueses del Vallès","J60","2026-05-18","2026-05-24","Eliminado","QF","","https://www.itftennis.com/en/tournament/j60-les-franqueses-del-valles/esp/2026/j-j60-esp-2026-004/draws-and-results/","Encontrado na ITF (MD); leitura do draw: ITF API: derrota encontrada."
"marcos-valent-guazzora","Marcos Valent Guazzora","Doubles","J60 Les Franqueses del Vallès","J60","2026-05-18","2026-05-24","Eliminado","R32","","https://www.itftennis.com/en/tournament/j60-les-franqueses-del-valles/esp/2026/j-j60-esp-2026-004/draws-and-results/","Encontrado na ITF; leitura do draw de duplas: ITF API: derrota encontrada."
"marcos-valent-guazzora","Marcos Valent Guazzora","Singles","J60 Les Franqueses del Vallès","J60","2026-05-18","2026-05-24","Eliminado","R32","","https://www.itftennis.com/en/tournament/j60-les-franqueses-del-valles/esp/2026/j-j60-esp-2026-004/draws-and-results/","Encontrado na ITF (MD); leitura do draw: ITF API: derrota encontrada."
"marharyta-khomenko","Marharyta Khomenko","Singles","J60 Les Franqueses del Vallès","J60","2026-05-18","2026-05-24","Eliminado","Q1","","https://www.itftennis.com/en/tournament/j60-les-franqueses-del-valles/esp/2026/j-j60-esp-2026-004/draws-and-results/","Encontrado na ITF (Q); leitura do draw: ITF API: derrota encontrada."
"maria-palacios-vaz","Maria Palacios Vaz","Doubles","J60 Les Franqueses del Vallès","J60","2026-05-18","2026-05-24","Eliminado","QF","","https://www.itftennis.com/en/tournament/j60-les-franqueses-del-valles/esp/2026/j-j60-esp-2026-004/draws-and-results/","Encontrado na ITF; leitura do draw de duplas: ITF API: derrota encontrada."
"maria-palacios-vaz","Maria Palacios Vaz","Singles","J60 Les Franqueses del Vallès","J60","2026-05-18","2026-05-24","Eliminado","R64","","https://www.itftennis.com/en/tournament/j60-les-franqueses-del-valles/esp/2026/j-j60-esp-2026-004/draws-and-results/","Encontrado na ITF (MD); leitura do draw: ITF API: derrota encontrada."
"maria-pares-bergnes-de-las-casas","Maria Pares Bergnes de las Casas","Doubles","J60 Les Franqueses del Vallès","J60","2026-05-18","2026-05-24","Eliminado","QF","","https://www.itftennis.com/en/tournament/j60-les-franqueses-del-valles/esp/2026/j-j60-esp-2026-004/draws-and-results/","Encontrado na ITF; leitura do draw de duplas: ITF API: derrota encontrada."
"maria-pares-bergnes-de-las-casas","Maria Pares Bergnes de las Casas","Singles","J60 Les Franqueses del Vallès","J60","2026-05-18","2026-05-24","Eliminado","QF","","https://www.itftennis.com/en/tournament/j60-les-franqueses-del-valles/esp/2026/j-j60-esp-2026-004/draws-and-results/","Encontrado na ITF (MD); leitura do draw: ITF API: derrota encontrada."
"mariel-vargas","Mariel Vargas","Doubles","J60 Les Franqueses del Vallès","J60","2026-05-18","2026-05-24","Eliminado","R32","","https://www.itftennis.com/en/tournament/j60-les-franqueses-del-valles/esp/2026/j-j60-esp-2026-004/draws-and-results/","Encontrado na ITF; leitura do draw de duplas: ITF API: derrota encontrada."
"mariel-vargas","Mariel Vargas","Singles","J60 Les Franqueses del Vallès","J60","2026-05-18","2026-05-24","Eliminado","R64","","https://www.itftennis.com/en/tournament/j60-les-franqueses-del-valles/esp/2026/j-j60-esp-2026-004/draws-and-results/","Encontrado na ITF (MD); leitura do draw: ITF API: derrota encontrada."
"mariya-ankudinova","Mariya Ankudinova","Singles","J60 Les Franqueses del Vallès","J60","2026-05-18","2026-05-24","Eliminado","Q1","","https://www.itftennis.com/en/tournament/j60-les-franqueses-del-valles/esp/2026/j-j60-esp-2026-004/draws-and-results/","Encontrado na ITF (Q); leitura do draw: ITF API: derrota encontrada."
"marta-crespo-de-olano","Marta CRESPO DE OLANO","Singles","J60 Les Franqueses del Vallès","J60","2026-05-18","2026-05-24","Eliminado","Q1","","https://www.itftennis.com/en/tournament/j60-les-franqueses-del-valles/esp/2026/j-j60-esp-2026-004/draws-and-results/","Encontrado na ITF (Q); leitura do draw: ITF API: derrota encontrada."
"martina-vazquez-valles","Martina Vazquez Valles","Singles","J60 Les Franqueses del Vallès","J60","2026-05-18","2026-05-24","Eliminado","R32","","https://www.itftennis.com/en/tournament/j60-les-franqueses-del-valles/esp/2026/j-j60-esp-2026-004/draws-and-results/","Encontrado na ITF (MD); leitura do draw: ITF API: derrota encontrada."
"matias-anchoriz-sunol","Matias Anchoriz Sunol","Singles","J60 Les Franqueses del Vallès","J60","2026-05-18","2026-05-24","Eliminado","R32","","https://www.itftennis.com/en/tournament/j60-les-franqueses-del-valles/esp/2026/j-j60-esp-2026-004/draws-and-results/","Encontrado na ITF (MD); leitura do draw: ITF API: derrota encontrada."
"nala-josephine-maskey","Nala Josephine Maskey","Singles","J60 Les Franqueses del Vallès","J60","2026-05-18","2026-05-24","Eliminado","Q2","","https://www.itftennis.com/en/tournament/j60-les-franqueses-del-valles/esp/2026/j-j60-esp-2026-004/draws-and-results/","Encontrado na ITF (Q); leitura do draw: ITF API: derrota encontrada."
"natalia-heras-castillejos","Natalia Heras Castillejos","Doubles","J60 Les Franqueses del Vallès","J60","2026-05-18","2026-05-24","Eliminado","QF","","https://www.itftennis.com/en/tournament/j60-les-franqueses-del-valles/esp/2026/j-j60-esp-2026-004/draws-and-results/","Encontrado na ITF; leitura do draw de duplas: ITF API: derrota encontrada."
"natalia-heras-castillejos","Natalia Heras Castillejos","Singles","J60 Les Franqueses del Vallès","J60","2026-05-18","2026-05-24","Eliminado","R32","","https://www.itftennis.com/en/tournament/j60-les-franqueses-del-valles/esp/2026/j-j60-esp-2026-004/draws-and-results/","Encontrado na ITF (MD); leitura do draw: ITF API: derrota encontrada."
"nayara-sanjuan-gomez","Nayara Sanjuan Gomez","Singles","J60 Les Franqueses del Vallès","J60","2026-05-18","2026-05-24","Eliminado","R32","","https://www.itftennis.com/en/tournament/j60-les-franqueses-del-valles/esp/2026/j-j60-esp-2026-004/draws-and-results/","Encontrado na ITF (MD); leitura do draw: ITF API: derrota encontrada."
"naz-ada-eligur","Naz Ada Eligur","Singles","J60 Les Franqueses del Vallès","J60","2026-05-18","2026-05-24","Eliminado","Q1","","https://www.itftennis.com/en/tournament/j60-les-franqueses-del-valles/esp/2026/j-j60-esp-2026-004/draws-and-results/","Encontrado na ITF (Q); leitura do draw: ITF API: derrota encontrada."
"neo-ehlin","Neo Ehlin","Singles","J60 Les Franqueses del Vallès","J60","2026-05-18","2026-05-24","Eliminado","Q3","","https://www.itftennis.com/en/tournament/j60-les-franqueses-del-valles/esp/2026/j-j60-esp-2026-004/draws-and-results/","Encontrado na ITF (Q); leitura do draw: ITF API: derrota encontrada."
"nicolau-canas-urbiola","Nicolau Canas-Urbiola","Doubles","J60 Les Franqueses del Vallès","J60","2026-05-18","2026-05-24","Eliminado","SF","","https://www.itftennis.com/en/tournament/j60-les-franqueses-del-valles/esp/2026/j-j60-esp-2026-004/draws-and-results/","Encontrado na ITF; leitura do draw de duplas: ITF API: derrota encontrada."
"nicolau-canas-urbiola","Nicolau Canas-Urbiola","Singles","J60 Les Franqueses del Vallès","J60","2026-05-18","2026-05-24","Eliminado","R64","","https://www.itftennis.com/en/tournament/j60-les-franqueses-del-valles/esp/2026/j-j60-esp-2026-004/draws-and-results/","Encontrado na ITF (MD); leitura do draw: ITF API: derrota encontrada."
"noah-vives-martinez","Noah Vives Martinez","Singles","J60 Les Franqueses del Vallès","J60","2026-05-18","2026-05-24","Eliminado","Q1","","https://www.itftennis.com/en/tournament/j60-les-franqueses-del-valles/esp/2026/j-j60-esp-2026-004/draws-and-results/","Encontrado na ITF (Q); leitura do draw: ITF API: derrota encontrada."
"nonna-de-ribot-montaner","Nonna De Ribot Montaner","Doubles","J60 Les Franqueses del Vallès","J60","2026-05-18","2026-05-24","Eliminado","QF","","https://www.itftennis.com/en/tournament/j60-les-franqueses-del-valles/esp/2026/j-j60-esp-2026-004/draws-and-results/","Encontrado na ITF; leitura do draw de duplas: ITF API: derrota encontrada."
"nonna-de-ribot-montaner","Nonna De Ribot Montaner","Singles","J60 Les Franqueses del Vallès","J60","2026-05-18","2026-05-24","Eliminado","R64","","https://www.itftennis.com/en/tournament/j60-les-franqueses-del-valles/esp/2026/j-j60-esp-2026-004/draws-and-results/","Encontrado na ITF (MD); leitura do draw: ITF API: derrota encontrada."
"nuria-bonet-molas","Nuria Bonet Molas","Singles","J60 Les Franqueses del Vallès","J60","2026-05-18","2026-05-24","Eliminado","Q2","","https://www.itftennis.com/en/tournament/j60-les-franqueses-del-valles/esp/2026/j-j60-esp-2026-004/draws-and-results/","Encontrado na ITF (Q); leitura do draw: ITF API: derrota encontrada."
"ojas-malhotra","Ojas Malhotra","Singles","J60 Les Franqueses del Vallès","J60","2026-05-18","2026-05-24","Eliminado","Q2","","https://www.itftennis.com/en/tournament/j60-les-franqueses-del-valles/esp/2026/j-j60-esp-2026-004/draws-and-results/","Encontrado na ITF (Q); leitura do draw: ITF API: derrota encontrada."
"oliver-weisskapp","Oliver Weisskapp","Doubles","J60 Les Franqueses del Vallès","J60","2026-05-18","2026-05-24","Eliminado","R32","","https://www.itftennis.com/en/tournament/j60-les-franqueses-del-valles/esp/2026/j-j60-esp-2026-004/draws-and-results/","Encontrado na ITF; leitura do draw de duplas: ITF API: derrota encontrada."
"oliver-weisskapp","Oliver Weisskapp","Singles","J60 Les Franqueses del Vallès","J60","2026-05-18","2026-05-24","Eliminado","Q3","","https://www.itftennis.com/en/tournament/j60-les-franqueses-del-valles/esp/2026/j-j60-esp-2026-004/draws-and-results/","Encontrado na ITF (MD); leitura do draw: ITF API: derrota encontrada."
"olivia-graupera-godia","Olivia Graupera Godia","Doubles","J60 Les Franqueses del Vallès","J60","2026-05-18","2026-05-24","Eliminado","QF","","https://www.itftennis.com/en/tournament/j60-les-franqueses-del-valles/esp/2026/j-j60-esp-2026-004/draws-and-results/","Encontrado na ITF; leitura do draw de duplas: ITF API: derrota encontrada."
"olivia-graupera-godia","Olivia Graupera Godia","Singles","J60 Les Franqueses del Vallès","J60","2026-05-18","2026-05-24","Eliminado","R64","","https://www.itftennis.com/en/tournament/j60-les-franqueses-del-valles/esp/2026/j-j60-esp-2026-004/draws-and-results/","Encontrado na ITF (MD); leitura do draw: ITF API: derrota encontrada."
"olivia-poinsot-avila","Olivia Poinsot Avila","Doubles","J60 Les Franqueses del Vallès","J60","2026-05-18","2026-05-24","Ativo","W","","https://www.itftennis.com/en/tournament/j60-les-franqueses-del-valles/esp/2026/j-j60-esp-2026-004/draws-and-results/","Encontrado na ITF; leitura do draw de duplas: ITF API: vitoria encontrada."
"olivia-poinsot-avila","Olivia Poinsot Avila","Singles","J60 Les Franqueses del Vallès","J60","2026-05-18","2026-05-24","Eliminado","QF","","https://www.itftennis.com/en/tournament/j60-les-franqueses-del-valles/esp/2026/j-j60-esp-2026-004/draws-and-results/","Encontrado na ITF (MD); leitura do draw: ITF API: derrota encontrada."
"oriol-alvarez-velis","Oriol Alvarez Velis","Doubles","J60 Les Franqueses del Vallès","J60","2026-05-18","2026-05-24","Eliminado","QF","","https://www.itftennis.com/en/tournament/j60-les-franqueses-del-valles/esp/2026/j-j60-esp-2026-004/draws-and-results/","Encontrado na ITF; leitura do draw de duplas: ITF API: derrota encontrada."
"oriol-alvarez-velis","Oriol Alvarez Velis","Singles","J60 Les Franqueses del Vallès","J60","2026-05-18","2026-05-24","Eliminado","R64","","https://www.itftennis.com/en/tournament/j60-les-franqueses-del-valles/esp/2026/j-j60-esp-2026-004/draws-and-results/","Encontrado na ITF (MD); leitura do draw: ITF API: derrota encontrada."
"pau-berto-bosca","Pau Berto Bosca","Doubles","J60 Les Franqueses del Vallès","J60","2026-05-18","2026-05-24","Eliminado","R32","","https://www.itftennis.com/en/tournament/j60-les-franqueses-del-valles/esp/2026/j-j60-esp-2026-004/draws-and-results/","Encontrado na ITF; leitura do draw de duplas: ITF API: derrota encontrada."
"pau-berto-bosca","Pau Berto Bosca","Singles","J60 Les Franqueses del Vallès","J60","2026-05-18","2026-05-24","Eliminado","R64","","https://www.itftennis.com/en/tournament/j60-les-franqueses-del-valles/esp/2026/j-j60-esp-2026-004/draws-and-results/","Encontrado na ITF (MD); leitura do draw: ITF API: derrota encontrada."
"pol-chiesa-penalver","POL CHIESA PENALVER","Singles","J60 Les Franqueses del Vallès","J60","2026-05-18","2026-05-24","Eliminado","Q2","","https://www.itftennis.com/en/tournament/j60-les-franqueses-del-valles/esp/2026/j-j60-esp-2026-004/draws-and-results/","Encontrado na ITF (Q); leitura do draw: ITF API: derrota encontrada."
"pol-mas-tabuena","Pol Mas Tabuena","Singles","J60 Les Franqueses del Vallès","J60","2026-05-18","2026-05-24","Eliminado","Q2","","https://www.itftennis.com/en/tournament/j60-les-franqueses-del-valles/esp/2026/j-j60-esp-2026-004/draws-and-results/","Encontrado na ITF (Q); leitura do draw: ITF API: derrota encontrada."
"queralt-lopez-alonso","Queralt Lopez Alonso","Singles","J60 Les Franqueses del Vallès","J60","2026-05-18","2026-05-24","Eliminado","Q1","","https://www.itftennis.com/en/tournament/j60-les-franqueses-del-valles/esp/2026/j-j60-esp-2026-004/draws-and-results/","Encontrado na ITF (Q); leitura do draw: ITF API: derrota encontrada."
"quim-fuentes-duran","Quim Fuentes Duran","Doubles","J60 Les Franqueses del Vallès","J60","2026-05-18","2026-05-24","Eliminado","R32","","https://www.itftennis.com/en/tournament/j60-les-franqueses-del-valles/esp/2026/j-j60-esp-2026-004/draws-and-results/","Encontrado na ITF; leitura do draw de duplas: ITF API: derrota encontrada."
"quim-fuentes-duran","Quim Fuentes Duran","Singles","J60 Les Franqueses del Vallès","J60","2026-05-18","2026-05-24","Eliminado","R64","","https://www.itftennis.com/en/tournament/j60-les-franqueses-del-valles/esp/2026/j-j60-esp-2026-004/draws-and-results/","Encontrado na ITF (MD); leitura do draw: ITF API: derrota encontrada."
"renato-kurmanaev","Renato Kurmanaev","Doubles","J60 Les Franqueses del Vallès","J60","2026-05-18","2026-05-24","Eliminado","QF","","https://www.itftennis.com/en/tournament/j60-les-franqueses-del-valles/esp/2026/j-j60-esp-2026-004/draws-and-results/","Encontrado na ITF; leitura do draw de duplas: ITF API: derrota encontrada."
"renato-kurmanaev","Renato Kurmanaev","Singles","J60 Les Franqueses del Vallès","J60","2026-05-18","2026-05-24","Eliminado","R32","","https://www.itftennis.com/en/tournament/j60-les-franqueses-del-valles/esp/2026/j-j60-esp-2026-004/draws-and-results/","Encontrado na ITF (MD); leitura do draw: ITF API: derrota encontrada."
"ricard-lazaro-farres","Ricard Lazaro Farres","Doubles","J60 Les Franqueses del Vallès","J60","2026-05-18","2026-05-24","Eliminado","SF","","https://www.itftennis.com/en/tournament/j60-les-franqueses-del-valles/esp/2026/j-j60-esp-2026-004/draws-and-results/","Encontrado na ITF; leitura do draw de duplas: ITF API: derrota encontrada."
"ricard-lazaro-farres","Ricard Lazaro Farres","Singles","J60 Les Franqueses del Vallès","J60","2026-05-18","2026-05-24","Eliminado","R32","","https://www.itftennis.com/en/tournament/j60-les-franqueses-del-valles/esp/2026/j-j60-esp-2026-004/draws-and-results/","Encontrado na ITF (MD); leitura do draw: ITF API: derrota encontrada."
"roger-moreno-morales","Roger Moreno Morales","Doubles","J60 Les Franqueses del Vallès","J60","2026-05-18","2026-05-24","Ativo","W","","https://www.itftennis.com/en/tournament/j60-les-franqueses-del-valles/esp/2026/j-j60-esp-2026-004/draws-and-results/","Encontrado na ITF; leitura do draw de duplas: ITF API: vitoria encontrada."
"roger-moreno-morales","Roger Moreno Morales","Singles","J60 Les Franqueses del Vallès","J60","2026-05-18","2026-05-24","Ativo","Q4","","https://www.itftennis.com/en/tournament/j60-les-franqueses-del-valles/esp/2026/j-j60-esp-2026-004/draws-and-results/","Encontrado na ITF (MD); leitura do draw: ITF API: vitoria encontrada."
"rudra-raghuvanshi","Rudra Raghuvanshi","Singles","J60 Les Franqueses del Vallès","J60","2026-05-18","2026-05-24","Eliminado","Q2","","https://www.itftennis.com/en/tournament/j60-les-franqueses-del-valles/esp/2026/j-j60-esp-2026-004/draws-and-results/","Encontrado na ITF (Q); leitura do draw: ITF API: derrota encontrada."
"ruibo-gu","Ruibo Gu","Singles","J60 Les Franqueses del Vallès","J60","2026-05-18","2026-05-24","Eliminado","Q2","","https://www.itftennis.com/en/tournament/j60-les-franqueses-del-valles/esp/2026/j-j60-esp-2026-004/draws-and-results/","Encontrado na ITF (Q); leitura do draw: ITF API: derrota encontrada."
"sairama-sriharshit-allam","Sairama Sriharshit Allam","Singles","J60 Les Franqueses del Vallès","J60","2026-05-18","2026-05-24","Eliminado","Q1","","https://www.itftennis.com/en/tournament/j60-les-franqueses-del-valles/esp/2026/j-j60-esp-2026-004/draws-and-results/","Encontrado na ITF (Q); leitura do draw: ITF API: derrota encontrada."
"saule-tamulynas","Saule Tamulynas","Singles","J60 Les Franqueses del Vallès","J60","2026-05-18","2026-05-24","Eliminado","R64","","https://www.itftennis.com/en/tournament/j60-les-franqueses-del-valles/esp/2026/j-j60-esp-2026-004/draws-and-results/","Encontrado na ITF (MD); leitura do draw: ITF API: derrota encontrada."
"sergio-paulo-bastos-sousa-betanzos","Sergio Paulo Bastos Sousa Betanzos","Doubles","J60 Les Franqueses del Vallès","J60","2026-05-18","2026-05-24","Eliminado","R32","","https://www.itftennis.com/en/tournament/j60-les-franqueses-del-valles/esp/2026/j-j60-esp-2026-004/draws-and-results/","Encontrado na ITF; leitura do draw de duplas: ITF API: derrota encontrada."
"sergio-paulo-bastos-sousa-betanzos","Sergio Paulo Bastos Sousa Betanzos","Singles","J60 Les Franqueses del Vallès","J60","2026-05-18","2026-05-24","Eliminado","R32","","https://www.itftennis.com/en/tournament/j60-les-franqueses-del-valles/esp/2026/j-j60-esp-2026-004/draws-and-results/","Encontrado na ITF (MD); leitura do draw: ITF API: derrota encontrada."
"seunghyeon-moon","Seunghyeon Moon","Doubles","J60 Les Franqueses del Vallès","J60","2026-05-18","2026-05-24","Eliminado","R32","","https://www.itftennis.com/en/tournament/j60-les-franqueses-del-valles/esp/2026/j-j60-esp-2026-004/draws-and-results/","Encontrado na ITF; leitura do draw de duplas: ITF API: derrota encontrada."
"seunghyeon-moon","Seunghyeon Moon","Singles","J60 Les Franqueses del Vallès","J60","2026-05-18","2026-05-24","Eliminado","Q1","","https://www.itftennis.com/en/tournament/j60-les-franqueses-del-valles/esp/2026/j-j60-esp-2026-004/draws-and-results/","Encontrado na ITF (MD); leitura do draw: ITF API: derrota encontrada."
"shangran-cai","Shangran Cai","Singles","J60 Les Franqueses del Vallès","J60","2026-05-18","2026-05-24","Eliminado","QF","","https://www.itftennis.com/en/tournament/j60-les-franqueses-del-valles/esp/2026/j-j60-esp-2026-004/draws-and-results/","Encontrado na ITF (MD); leitura do draw: ITF API: derrota encontrada."
"shruti-navneet-vasant","Shruti Navneet Vasant","Singles","J60 Les Franqueses del Vallès","J60","2026-05-18","2026-05-24","Eliminado","Q1","","https://www.itftennis.com/en/tournament/j60-les-franqueses-del-valles/esp/2026/j-j60-esp-2026-004/draws-and-results/","Encontrado na ITF (Q); leitura do draw: ITF API: derrota encontrada."
"siena-punti-pera","Siena Punti Pera","Singles","J60 Les Franqueses del Vallès","J60","2026-05-18","2026-05-24","Eliminado","Q1","","https://www.itftennis.com/en/tournament/j60-les-franqueses-del-valles/esp/2026/j-j60-esp-2026-004/draws-and-results/","Encontrado na ITF (Q); leitura do draw: ITF API: derrota encontrada."
"sofia-kova","Sofia Kova","Singles","J60 Les Franqueses del Vallès","J60","2026-05-18","2026-05-24","Eliminado","R64","","https://www.itftennis.com/en/tournament/j60-les-franqueses-del-valles/esp/2026/j-j60-esp-2026-004/draws-and-results/","Encontrado na ITF (MD); leitura do draw: ITF API: derrota encontrada."
"sofiia-leonenko","Sofiia Leonenko","Singles","J60 Les Franqueses del Vallès","J60","2026-05-18","2026-05-24","Eliminado","Q1","","https://www.itftennis.com/en/tournament/j60-les-franqueses-del-valles/esp/2026/j-j60-esp-2026-004/draws-and-results/","Encontrado na ITF (Q); leitura do draw: ITF API: derrota encontrada."
"solomia-maria-hryniv","Solomia Maria Hryniv","Doubles","J60 Les Franqueses del Vallès","J60","2026-05-18","2026-05-24","Eliminado","SF","","https://www.itftennis.com/en/tournament/j60-les-franqueses-del-valles/esp/2026/j-j60-esp-2026-004/draws-and-results/","Encontrado na ITF; leitura do draw de duplas: ITF API: derrota encontrada."
"solomia-maria-hryniv","Solomia Maria Hryniv","Singles","J60 Les Franqueses del Vallès","J60","2026-05-18","2026-05-24","Eliminado","R32","","https://www.itftennis.com/en/tournament/j60-les-franqueses-del-valles/esp/2026/j-j60-esp-2026-004/draws-and-results/","Encontrado na ITF (MD); leitura do draw: ITF API: derrota encontrada."
"sydney-wright","Sydney Wright","Doubles","J60 Les Franqueses del Vallès","J60","2026-05-18","2026-05-24","Eliminado","F","","https://www.itftennis.com/en/tournament/j60-les-franqueses-del-valles/esp/2026/j-j60-esp-2026-004/draws-and-results/","Encontrado na ITF; leitura do draw de duplas: ITF API: derrota encontrada."
"sydney-wright","Sydney Wright","Singles","J60 Les Franqueses del Vallès","J60","2026-05-18","2026-05-24","Eliminado","QF","","https://www.itftennis.com/en/tournament/j60-les-franqueses-del-valles/esp/2026/j-j60-esp-2026-004/draws-and-results/","Encontrado na ITF (MD); leitura do draw: ITF API: derrota encontrada."
"tatum-venter","Tatum Venter","Doubles","J60 Les Franqueses del Vallès","J60","2026-05-18","2026-05-24","Eliminado","R32","","https://www.itftennis.com/en/tournament/j60-les-franqueses-del-valles/esp/2026/j-j60-esp-2026-004/draws-and-results/","Encontrado na ITF; leitura do draw de duplas: ITF API: derrota encontrada."
"tatum-venter","Tatum Venter","Singles","J60 Les Franqueses del Vallès","J60","2026-05-18","2026-05-24","Eliminado","R64","","https://www.itftennis.com/en/tournament/j60-les-franqueses-del-valles/esp/2026/j-j60-esp-2026-004/draws-and-results/","Encontrado na ITF (MD); leitura do draw: ITF API: derrota encontrada."
"tomas-lagarde","TOMAS LAGARDE","Doubles","J60 Les Franqueses del Vallès","J60","2026-05-18","2026-05-24","Eliminado","R32","","https://www.itftennis.com/en/tournament/j60-les-franqueses-del-valles/esp/2026/j-j60-esp-2026-004/draws-and-results/","Encontrado na ITF; leitura do draw de duplas: ITF API: derrota encontrada."
"tomas-lagarde","TOMAS LAGARDE","Singles","J60 Les Franqueses del Vallès","J60","2026-05-18","2026-05-24","Eliminado","QF","","https://www.itftennis.com/en/tournament/j60-les-franqueses-del-valles/esp/2026/j-j60-esp-2026-004/draws-and-results/","Encontrado na ITF (MD); leitura do draw: ITF API: derrota encontrada."
"tomiris-nurzhan","Tomiris Nurzhan","Doubles","J60 Les Franqueses del Vallès","J60","2026-05-18","2026-05-24","Eliminado","QF","","https://www.itftennis.com/en/tournament/j60-les-franqueses-del-valles/esp/2026/j-j60-esp-2026-004/draws-and-results/","Encontrado na ITF; leitura do draw de duplas: ITF API: derrota encontrada."
"tomiris-nurzhan","Tomiris Nurzhan","Singles","J60 Les Franqueses del Vallès","J60","2026-05-18","2026-05-24","Ativo","W","","https://www.itftennis.com/en/tournament/j60-les-franqueses-del-valles/esp/2026/j-j60-esp-2026-004/draws-and-results/","Encontrado na ITF (MD); leitura do draw: ITF API: vitoria encontrada."
"valeria-gimeno-martinez","Valeria Gimeno Martinez","Singles","J60 Les Franqueses del Vallès","J60","2026-05-18","2026-05-24","Eliminado","Q1","","https://www.itftennis.com/en/tournament/j60-les-franqueses-del-valles/esp/2026/j-j60-esp-2026-004/draws-and-results/","Encontrado na ITF (Q); leitura do draw: ITF API: derrota encontrada."
"yecheng-mei","Yecheng Mei","Singles","J60 Les Franqueses del Vallès","J60","2026-05-18","2026-05-24","Eliminado","Q1","","https://www.itftennis.com/en/tournament/j60-les-franqueses-del-valles/esp/2026/j-j60-esp-2026-004/draws-and-results/","Encontrado na ITF (Q); leitura do draw: ITF API: derrota encontrada."
"zayyan-virani","zayyan virani","Doubles","J60 Les Franqueses del Vallès","J60","2026-05-18","2026-05-24","Eliminado","R32","","https://www.itftennis.com/en/tournament/j60-les-franqueses-del-valles/esp/2026/j-j60-esp-2026-004/draws-and-results/","Encontrado na ITF; leitura do draw de duplas: ITF API: derrota encontrada."
"zayyan-virani","zayyan virani","Singles","J60 Les Franqueses del Vallès","J60","2026-05-18","2026-05-24","Eliminado","R64","","https://www.itftennis.com/en/tournament/j60-les-franqueses-del-valles/esp/2026/j-j60-esp-2026-004/draws-and-results/","Encontrado na ITF (MD); leitura do draw: ITF API: derrota encontrada."
"aleksandar-mitev","Aleksandar Mitev","Doubles","J60 Podgorica","J60","2026-05-18","2026-05-24","Eliminado","F","","https://www.itftennis.com/en/tournament/j60-podgorica/mne/2026/j-j60-mne-2026-003/draws-and-results/","Encontrado na ITF; leitura do draw de duplas: ITF API: derrota encontrada."
"aleksandar-mitev","Aleksandar Mitev","Singles","J60 Podgorica","J60","2026-05-18","2026-05-24","Eliminado","F","","https://www.itftennis.com/en/tournament/j60-podgorica/mne/2026/j-j60-mne-2026-003/draws-and-results/","Encontrado na ITF (MD); leitura do draw: ITF API: derrota encontrada."
"aleksandra-karabanova","Aleksandra Karabanova","Doubles","J60 Podgorica","J60","2026-05-18","2026-05-24","Eliminado","R32","","https://www.itftennis.com/en/tournament/j60-podgorica/mne/2026/j-j60-mne-2026-003/draws-and-results/","Encontrado na ITF; leitura do draw de duplas: ITF API: derrota encontrada."
"aleksandra-karabanova","Aleksandra Karabanova","Singles","J60 Podgorica","J60","2026-05-18","2026-05-24","Eliminado","F","","https://www.itftennis.com/en/tournament/j60-podgorica/mne/2026/j-j60-mne-2026-003/draws-and-results/","Encontrado na ITF (MD); leitura do draw: ITF API: derrota encontrada."
"aleksandra-kardum","Aleksandra Kardum","Doubles","J60 Podgorica","J60","2026-05-18","2026-05-24","Eliminado","R32","","https://www.itftennis.com/en/tournament/j60-podgorica/mne/2026/j-j60-mne-2026-003/draws-and-results/","Encontrado na ITF; leitura do draw de duplas: ITF API: derrota encontrada."
"aleksandra-kardum","Aleksandra Kardum","Singles","J60 Podgorica","J60","2026-05-18","2026-05-24","Eliminado","R32","","https://www.itftennis.com/en/tournament/j60-podgorica/mne/2026/j-j60-mne-2026-003/draws-and-results/","Encontrado na ITF (MD); leitura do draw: ITF API: derrota encontrada."
"alessandro-maina","Alessandro Maina","Doubles","J60 Podgorica","J60","2026-05-18","2026-05-24","Eliminado","QF","","https://www.itftennis.com/en/tournament/j60-podgorica/mne/2026/j-j60-mne-2026-003/draws-and-results/","Encontrado na ITF; leitura do draw de duplas: ITF API: derrota encontrada."
"alessandro-maina","Alessandro Maina","Singles","J60 Podgorica","J60","2026-05-18","2026-05-24","Eliminado","R64","","https://www.itftennis.com/en/tournament/j60-podgorica/mne/2026/j-j60-mne-2026-003/draws-and-results/","Encontrado na ITF (MD); leitura do draw: ITF API: derrota encontrada."
"alexander-burmakin","Alexander Burmakin","Doubles","J60 Podgorica","J60","2026-05-18","2026-05-24","Eliminado","SF","","https://www.itftennis.com/en/tournament/j60-podgorica/mne/2026/j-j60-mne-2026-003/draws-and-results/","Encontrado na ITF; leitura do draw de duplas: ITF API: derrota encontrada."
"alexander-burmakin","Alexander Burmakin","Singles","J60 Podgorica","J60","2026-05-18","2026-05-24","Eliminado","R32","","https://www.itftennis.com/en/tournament/j60-podgorica/mne/2026/j-j60-mne-2026-003/draws-and-results/","Encontrado na ITF (MD); leitura do draw: ITF API: derrota encontrada."
"alexander-figurovskiy","Alexander Figurovskiy","Singles","J60 Podgorica","J60","2026-05-18","2026-05-24","Eliminado","R64","","https://www.itftennis.com/en/tournament/j60-podgorica/mne/2026/j-j60-mne-2026-003/draws-and-results/","Encontrado na ITF (MD); leitura do draw: ITF API: derrota encontrada."
"alisa-garifullina","Alisa Garifullina","Singles","J60 Podgorica","J60","2026-05-18","2026-05-24","Eliminado","R64","","https://www.itftennis.com/en/tournament/j60-podgorica/mne/2026/j-j60-mne-2026-003/draws-and-results/","Encontrado na ITF (MD); leitura do draw: ITF API: derrota encontrada."
"allen-meng","Allen Meng","Singles","J60 Podgorica","J60","2026-05-18","2026-05-24","Eliminado","Q2","","https://www.itftennis.com/en/tournament/j60-podgorica/mne/2026/j-j60-mne-2026-003/draws-and-results/","Encontrado na ITF (Q); leitura do draw: ITF API: derrota encontrada."
"andrija-dragicevic","Andrija Dragicevic","Doubles","J60 Podgorica","J60","2026-05-18","2026-05-24","Eliminado","R32","","https://www.itftennis.com/en/tournament/j60-podgorica/mne/2026/j-j60-mne-2026-003/draws-and-results/","Encontrado na ITF; leitura do draw de duplas: ITF API: derrota encontrada."
"andrija-dragicevic","Andrija Dragicevic","Singles","J60 Podgorica","J60","2026-05-18","2026-05-24","Eliminado","Q1","","https://www.itftennis.com/en/tournament/j60-podgorica/mne/2026/j-j60-mne-2026-003/draws-and-results/","Encontrado na ITF (MD); leitura do draw: ITF API: derrota encontrada."
"andrija-sadzakovic","Andrija Sadzakovic","Doubles","J60 Podgorica","J60","2026-05-18","2026-05-24","Eliminado","R32","","https://www.itftennis.com/en/tournament/j60-podgorica/mne/2026/j-j60-mne-2026-003/draws-and-results/","Encontrado na ITF; leitura do draw de duplas: ITF API: derrota encontrada."
"andrija-sadzakovic","Andrija Sadzakovic","Singles","J60 Podgorica","J60","2026-05-18","2026-05-24","Eliminado","R64","","https://www.itftennis.com/en/tournament/j60-podgorica/mne/2026/j-j60-mne-2026-003/draws-and-results/","Encontrado na ITF (MD); leitura do draw: ITF API: derrota encontrada."
"anja-adamovic","Anja Adamovic","Singles","J60 Podgorica","J60","2026-05-18","2026-05-24","Eliminado","R32","","https://www.itftennis.com/en/tournament/j60-podgorica/mne/2026/j-j60-mne-2026-003/draws-and-results/","Encontrado na ITF (MD); leitura do draw: ITF API: derrota encontrada."
"annina-kanerva","Annina Kanerva","Doubles","J60 Podgorica","J60","2026-05-18","2026-05-24","Eliminado","R32","","https://www.itftennis.com/en/tournament/j60-podgorica/mne/2026/j-j60-mne-2026-003/draws-and-results/","Encontrado na ITF; leitura do draw de duplas: ITF API: derrota encontrada."
"annina-kanerva","Annina Kanerva","Singles","J60 Podgorica","J60","2026-05-18","2026-05-24","Eliminado","R32","","https://www.itftennis.com/en/tournament/j60-podgorica/mne/2026/j-j60-mne-2026-003/draws-and-results/","Encontrado na ITF (MD); leitura do draw: ITF API: derrota encontrada."
"arina-fomina","Arina Fomina","Doubles","J60 Podgorica","J60","2026-05-18","2026-05-24","Eliminado","R32","","https://www.itftennis.com/en/tournament/j60-podgorica/mne/2026/j-j60-mne-2026-003/draws-and-results/","Encontrado na ITF; leitura do draw de duplas: ITF API: derrota encontrada."
"arina-fomina","Arina Fomina","Singles","J60 Podgorica","J60","2026-05-18","2026-05-24","Eliminado","QF","","https://www.itftennis.com/en/tournament/j60-podgorica/mne/2026/j-j60-mne-2026-003/draws-and-results/","Encontrado na ITF (MD); leitura do draw: ITF API: derrota encontrada."
"arthur-desaegher","arthur DESAEGHER","Singles","J60 Podgorica","J60","2026-05-18","2026-05-24","Eliminado","Q1","","https://www.itftennis.com/en/tournament/j60-podgorica/mne/2026/j-j60-mne-2026-003/draws-and-results/","Encontrado na ITF (Q); leitura do draw: ITF API: derrota encontrada."
"brandon-hass","Brandon Hass","Singles","J60 Podgorica","J60","2026-05-18","2026-05-24","Eliminado","R64","","https://www.itftennis.com/en/tournament/j60-podgorica/mne/2026/j-j60-mne-2026-003/draws-and-results/","Encontrado na ITF (MD); leitura do draw: ITF API: derrota encontrada."
"daniil-tkachenko","Daniil Tkachenko","Doubles","J60 Podgorica","J60","2026-05-18","2026-05-24","Ativo","W","","https://www.itftennis.com/en/tournament/j60-podgorica/mne/2026/j-j60-mne-2026-003/draws-and-results/","Encontrado na ITF; leitura do draw de duplas: ITF API: vitoria encontrada."
"daniil-tkachenko","Daniil Tkachenko","Singles","J60 Podgorica","J60","2026-05-18","2026-05-24","Eliminado","R64","","https://www.itftennis.com/en/tournament/j60-podgorica/mne/2026/j-j60-mne-2026-003/draws-and-results/","Encontrado na ITF (MD); leitura do draw: ITF API: derrota encontrada."
"daria-belyakova","Daria Belyakova","Doubles","J60 Podgorica","J60","2026-05-18","2026-05-24","Ativo","W","","https://www.itftennis.com/en/tournament/j60-podgorica/mne/2026/j-j60-mne-2026-003/draws-and-results/","Encontrado na ITF; leitura do draw de duplas: ITF API: vitoria encontrada."
"daria-belyakova","Daria Belyakova","Singles","J60 Podgorica","J60","2026-05-18","2026-05-24","Eliminado","QF","","https://www.itftennis.com/en/tournament/j60-podgorica/mne/2026/j-j60-mne-2026-003/draws-and-results/","Encontrado na ITF (MD); leitura do draw: ITF API: derrota encontrada."
"david-sipka","David Sipka","Singles","J60 Podgorica","J60","2026-05-18","2026-05-24","Eliminado","Q1","","https://www.itftennis.com/en/tournament/j60-podgorica/mne/2026/j-j60-mne-2026-003/draws-and-results/","Encontrado na ITF (Q); leitura do draw: ITF API: derrota encontrada."
"denys-stadnik","Denys Stadnik","Singles","J60 Podgorica","J60","2026-05-18","2026-05-24","Eliminado","Q2","","https://www.itftennis.com/en/tournament/j60-podgorica/mne/2026/j-j60-mne-2026-003/draws-and-results/","Encontrado na ITF (Q); leitura do draw: ITF API: derrota encontrada."
"diana-petrasova","Diana Petrasova","Doubles","J60 Podgorica","J60","2026-05-18","2026-05-24","Eliminado","F","","https://www.itftennis.com/en/tournament/j60-podgorica/mne/2026/j-j60-mne-2026-003/draws-and-results/","Encontrado na ITF; leitura do draw de duplas: ITF API: derrota encontrada."
"diana-petrasova","Diana Petrasova","Singles","J60 Podgorica","J60","2026-05-18","2026-05-24","Eliminado","SF","","https://www.itftennis.com/en/tournament/j60-podgorica/mne/2026/j-j60-mne-2026-003/draws-and-results/","Encontrado na ITF (MD); leitura do draw: ITF API: derrota encontrada."
"djordje-sapic","Djordje Sapic","Doubles","J60 Podgorica","J60","2026-05-18","2026-05-24","Eliminado","QF","","https://www.itftennis.com/en/tournament/j60-podgorica/mne/2026/j-j60-mne-2026-003/draws-and-results/","Encontrado na ITF; leitura do draw de duplas: ITF API: derrota encontrada."
"djordje-sapic","Djordje Sapic","Singles","J60 Podgorica","J60","2026-05-18","2026-05-24","Eliminado","R64","","https://www.itftennis.com/en/tournament/j60-podgorica/mne/2026/j-j60-mne-2026-003/draws-and-results/","Encontrado na ITF (MD); leitura do draw: ITF API: derrota encontrada."
"dylan-bukvic","Dylan Bukvic","Doubles","J60 Podgorica","J60","2026-05-18","2026-05-24","Eliminado","R32","","https://www.itftennis.com/en/tournament/j60-podgorica/mne/2026/j-j60-mne-2026-003/draws-and-results/","Encontrado na ITF; leitura do draw de duplas: ITF API: derrota encontrada."
"dylan-bukvic","Dylan Bukvic","Singles","J60 Podgorica","J60","2026-05-18","2026-05-24","Eliminado","Q2","","https://www.itftennis.com/en/tournament/j60-podgorica/mne/2026/j-j60-mne-2026-003/draws-and-results/","Encontrado na ITF (MD); leitura do draw: ITF API: derrota encontrada."
"eda-lara-sacirovic","Eda-Lara Sacirovic","Doubles","J60 Podgorica","J60","2026-05-18","2026-05-24","Eliminado","QF","","https://www.itftennis.com/en/tournament/j60-podgorica/mne/2026/j-j60-mne-2026-003/draws-and-results/","Encontrado na ITF; leitura do draw de duplas: ITF API: derrota encontrada."
"eda-lara-sacirovic","Eda-Lara Sacirovic","Singles","J60 Podgorica","J60","2026-05-18","2026-05-24","Eliminado","R64","","https://www.itftennis.com/en/tournament/j60-podgorica/mne/2026/j-j60-mne-2026-003/draws-and-results/","Encontrado na ITF (MD); leitura do draw: ITF API: derrota encontrada."
"ektoras-tsatsakis","Ektoras Tsatsakis","Singles","J60 Podgorica","J60","2026-05-18","2026-05-24","Eliminado","R64","","https://www.itftennis.com/en/tournament/j60-podgorica/mne/2026/j-j60-mne-2026-003/draws-and-results/","Encontrado na ITF (MD); leitura do draw: ITF API: derrota encontrada."
"eleonora-toneva","Eleonora Toneva","Doubles","J60 Podgorica","J60","2026-05-18","2026-05-24","Eliminado","SF","","https://www.itftennis.com/en/tournament/j60-podgorica/mne/2026/j-j60-mne-2026-003/draws-and-results/","Encontrado na ITF; leitura do draw de duplas: ITF API: derrota encontrada."
"eleonora-toneva","Eleonora Toneva","Singles","J60 Podgorica","J60","2026-05-18","2026-05-24","Eliminado","QF","","https://www.itftennis.com/en/tournament/j60-podgorica/mne/2026/j-j60-mne-2026-003/draws-and-results/","Encontrado na ITF (MD); leitura do draw: ITF API: derrota encontrada."
"elizaveta-astafjeva","Elizaveta Astafjeva","Doubles","J60 Podgorica","J60","2026-05-18","2026-05-24","Eliminado","R32","","https://www.itftennis.com/en/tournament/j60-podgorica/mne/2026/j-j60-mne-2026-003/draws-and-results/","Encontrado na ITF; leitura do draw de duplas: ITF API: derrota encontrada."
"elizaveta-astafjeva","Elizaveta Astafjeva","Singles","J60 Podgorica","J60","2026-05-18","2026-05-24","Eliminado","R32","","https://www.itftennis.com/en/tournament/j60-podgorica/mne/2026/j-j60-mne-2026-003/draws-and-results/","Encontrado na ITF (MD); leitura do draw: ITF API: derrota encontrada."
"evan-giurescu","Evan GIURESCU","Singles","J60 Podgorica","J60","2026-05-18","2026-05-24","Eliminado","R64","","https://www.itftennis.com/en/tournament/j60-podgorica/mne/2026/j-j60-mne-2026-003/draws-and-results/","Encontrado na ITF (MD); leitura do draw: ITF API: derrota encontrada."
"evgenii-kafelnikov","Evgenii Kafelnikov","Doubles","J60 Podgorica","J60","2026-05-18","2026-05-24","Ativo","W","","https://www.itftennis.com/en/tournament/j60-podgorica/mne/2026/j-j60-mne-2026-003/draws-and-results/","Encontrado na ITF; leitura do draw de duplas: ITF API: vitoria encontrada."
"evgenii-kafelnikov","Evgenii Kafelnikov","Singles","J60 Podgorica","J60","2026-05-18","2026-05-24","Eliminado","QF","","https://www.itftennis.com/en/tournament/j60-podgorica/mne/2026/j-j60-mne-2026-003/draws-and-results/","Encontrado na ITF (MD); leitura do draw: ITF API: derrota encontrada."
"gorjan-vukikjevikj","Gorjan Vukikjevikj","Singles","J60 Podgorica","J60","2026-05-18","2026-05-24","Eliminado","Q2","","https://www.itftennis.com/en/tournament/j60-podgorica/mne/2026/j-j60-mne-2026-003/draws-and-results/","Encontrado na ITF (Q); leitura do draw: ITF API: derrota encontrada."
"justyna-reifova","JUSTYNA REIFOVA","Doubles","J60 Podgorica","J60","2026-05-18","2026-05-24","Eliminado","R32","","https://www.itftennis.com/en/tournament/j60-podgorica/mne/2026/j-j60-mne-2026-003/draws-and-results/","Encontrado na ITF; leitura do draw de duplas: ITF API: derrota encontrada."
"justyna-reifova","JUSTYNA REIFOVA","Singles","J60 Podgorica","J60","2026-05-18","2026-05-24","Eliminado","R64","","https://www.itftennis.com/en/tournament/j60-podgorica/mne/2026/j-j60-mne-2026-003/draws-and-results/","Encontrado na ITF (MD); leitura do draw: ITF API: derrota encontrada."
"karen-pouryahya","Karen Pouryahya","Singles","J60 Podgorica","J60","2026-05-18","2026-05-24","Eliminado","Q1","","https://www.itftennis.com/en/tournament/j60-podgorica/mne/2026/j-j60-mne-2026-003/draws-and-results/","Encontrado na ITF (Q); leitura do draw: ITF API: derrota encontrada."
"karolina-semenic","Karolina Semenic","Doubles","J60 Podgorica","J60","2026-05-18","2026-05-24","Eliminado","QF","","https://www.itftennis.com/en/tournament/j60-podgorica/mne/2026/j-j60-mne-2026-003/draws-and-results/","Encontrado na ITF; leitura do draw de duplas: ITF API: derrota encontrada."
"karolina-semenic","Karolina Semenic","Singles","J60 Podgorica","J60","2026-05-18","2026-05-24","Eliminado","R64","","https://www.itftennis.com/en/tournament/j60-podgorica/mne/2026/j-j60-mne-2026-003/draws-and-results/","Encontrado na ITF (MD); leitura do draw: ITF API: derrota encontrada."
"koen-ceelaert","Koen Ceelaert","Doubles","J60 Podgorica","J60","2026-05-18","2026-05-24","Eliminado","R32","","https://www.itftennis.com/en/tournament/j60-podgorica/mne/2026/j-j60-mne-2026-003/draws-and-results/","Encontrado na ITF; leitura do draw de duplas: ITF API: derrota encontrada."
"koen-ceelaert","Koen Ceelaert","Singles","J60 Podgorica","J60","2026-05-18","2026-05-24","Eliminado","R64","","https://www.itftennis.com/en/tournament/j60-podgorica/mne/2026/j-j60-mne-2026-003/draws-and-results/","Encontrado na ITF (MD); leitura do draw: ITF API: derrota encontrada."
"kseniia-akhrameeva","Kseniia Akhrameeva","Doubles","J60 Podgorica","J60","2026-05-18","2026-05-24","Ativo","W","","https://www.itftennis.com/en/tournament/j60-podgorica/mne/2026/j-j60-mne-2026-003/draws-and-results/","Encontrado na ITF; leitura do draw de duplas: ITF API: vitoria encontrada."
"kseniia-akhrameeva","Kseniia Akhrameeva","Singles","J60 Podgorica","J60","2026-05-18","2026-05-24","Eliminado","QF","","https://www.itftennis.com/en/tournament/j60-podgorica/mne/2026/j-j60-mne-2026-003/draws-and-results/","Encontrado na ITF (MD); leitura do draw: ITF API: derrota encontrada."
"lasse-zajc-gajsek","Lasse Zajc Gajsek","Doubles","J60 Podgorica","J60","2026-05-18","2026-05-24","Eliminado","QF","","https://www.itftennis.com/en/tournament/j60-podgorica/mne/2026/j-j60-mne-2026-003/draws-and-results/","Encontrado na ITF; leitura do draw de duplas: ITF API: derrota encontrada."
"lasse-zajc-gajsek","Lasse Zajc Gajsek","Singles","J60 Podgorica","J60","2026-05-18","2026-05-24","Eliminado","QF","","https://www.itftennis.com/en/tournament/j60-podgorica/mne/2026/j-j60-mne-2026-003/draws-and-results/","Encontrado na ITF (MD); leitura do draw: ITF API: derrota encontrada."
"laurens-drijver","Laurens Drijver","Doubles","J60 Podgorica","J60","2026-05-18","2026-05-24","Eliminado","SF","","https://www.itftennis.com/en/tournament/j60-podgorica/mne/2026/j-j60-mne-2026-003/draws-and-results/","Encontrado na ITF; leitura do draw de duplas: ITF API: derrota encontrada."
"laurens-drijver","Laurens Drijver","Singles","J60 Podgorica","J60","2026-05-18","2026-05-24","Eliminado","QF","","https://www.itftennis.com/en/tournament/j60-podgorica/mne/2026/j-j60-mne-2026-003/draws-and-results/","Encontrado na ITF (MD); leitura do draw: ITF API: derrota encontrada."
"lena-bratic","Lena Bratic","Doubles","J60 Podgorica","J60","2026-05-18","2026-05-24","Eliminado","R32","","https://www.itftennis.com/en/tournament/j60-podgorica/mne/2026/j-j60-mne-2026-003/draws-and-results/","Encontrado na ITF; leitura do draw de duplas: ITF API: derrota encontrada."
"ljubica-celebic","Ljubica Celebic","Doubles","J60 Podgorica","J60","2026-05-18","2026-05-24","Eliminado","R32","","https://www.itftennis.com/en/tournament/j60-podgorica/mne/2026/j-j60-mne-2026-003/draws-and-results/","Encontrado na ITF; leitura do draw de duplas: ITF API: derrota encontrada."
"ljubica-celebic","Ljubica Celebic","Singles","J60 Podgorica","J60","2026-05-18","2026-05-24","Eliminado","R64","","https://www.itftennis.com/en/tournament/j60-podgorica/mne/2026/j-j60-mne-2026-003/draws-and-results/","Encontrado na ITF (MD); leitura do draw: ITF API: derrota encontrada."
"luka-lukovac","Luka Lukovac","Doubles","J60 Podgorica","J60","2026-05-18","2026-05-24","Eliminado","SF","","https://www.itftennis.com/en/tournament/j60-podgorica/mne/2026/j-j60-mne-2026-003/draws-and-results/","Encontrado na ITF; leitura do draw de duplas: ITF API: derrota encontrada."
"luka-lukovac","Luka Lukovac","Singles","J60 Podgorica","J60","2026-05-18","2026-05-24","Eliminado","R32","","https://www.itftennis.com/en/tournament/j60-podgorica/mne/2026/j-j60-mne-2026-003/draws-and-results/","Encontrado na ITF (MD); leitura do draw: ITF API: derrota encontrada."
"maksymilian-zurek","Maksymilian Zurek","Singles","J60 Podgorica","J60","2026-05-18","2026-05-24","Eliminado","Q2","","https://www.itftennis.com/en/tournament/j60-podgorica/mne/2026/j-j60-mne-2026-003/draws-and-results/","Encontrado na ITF (Q); leitura do draw: ITF API: derrota encontrada."
"manca-kuncic","Manca Kuncic","Doubles","J60 Podgorica","J60","2026-05-18","2026-05-24","Eliminado","R32","","https://www.itftennis.com/en/tournament/j60-podgorica/mne/2026/j-j60-mne-2026-003/draws-and-results/","Encontrado na ITF; leitura do draw de duplas: ITF API: derrota encontrada."
"mariam-faisal","Mariam Faisal","Doubles","J60 Podgorica","J60","2026-05-18","2026-05-24","Eliminado","R32","","https://www.itftennis.com/en/tournament/j60-podgorica/mne/2026/j-j60-mne-2026-003/draws-and-results/","Encontrado na ITF; leitura do draw de duplas: ITF API: derrota encontrada."
"marko-pavlovic","Marko Pavlovic","Singles","J60 Podgorica","J60","2026-05-18","2026-05-24","Eliminado","Q2","","https://www.itftennis.com/en/tournament/j60-podgorica/mne/2026/j-j60-mne-2026-003/draws-and-results/","Encontrado na ITF (Q); leitura do draw: ITF API: derrota encontrada."
"masa-prijovic","Masa Prijovic","Doubles","J60 Podgorica","J60","2026-05-18","2026-05-24","Eliminado","R32","","https://www.itftennis.com/en/tournament/j60-podgorica/mne/2026/j-j60-mne-2026-003/draws-and-results/","Encontrado na ITF; leitura do draw de duplas: ITF API: derrota encontrada."
"masa-prijovic","Masa Prijovic","Singles","J60 Podgorica","J60","2026-05-18","2026-05-24","Eliminado","R64","","https://www.itftennis.com/en/tournament/j60-podgorica/mne/2026/j-j60-mne-2026-003/draws-and-results/","Encontrado na ITF (MD); leitura do draw: ITF API: derrota encontrada."
"massimo-ivovic","Massimo Ivovic","Doubles","J60 Podgorica","J60","2026-05-18","2026-05-24","Eliminado","R32","","https://www.itftennis.com/en/tournament/j60-podgorica/mne/2026/j-j60-mne-2026-003/draws-and-results/","Encontrado na ITF; leitura do draw de duplas: ITF API: derrota encontrada."
"massimo-ivovic","Massimo Ivovic","Singles","J60 Podgorica","J60","2026-05-18","2026-05-24","Eliminado","Q1","","https://www.itftennis.com/en/tournament/j60-podgorica/mne/2026/j-j60-mne-2026-003/draws-and-results/","Encontrado na ITF (MD); leitura do draw: ITF API: derrota encontrada."
"matija-putic","Matija Putic","Doubles","J60 Podgorica","J60","2026-05-18","2026-05-24","Eliminado","R32","","https://www.itftennis.com/en/tournament/j60-podgorica/mne/2026/j-j60-mne-2026-003/draws-and-results/","Encontrado na ITF; leitura do draw de duplas: ITF API: derrota encontrada."
"matija-putic","Matija Putic","Singles","J60 Podgorica","J60","2026-05-18","2026-05-24","Ativo","W","","https://www.itftennis.com/en/tournament/j60-podgorica/mne/2026/j-j60-mne-2026-003/draws-and-results/","Encontrado na ITF (MD); leitura do draw: ITF API: vitoria encontrada."
"mats-jutte","Mats Jutte","Doubles","J60 Podgorica","J60","2026-05-18","2026-05-24","Eliminado","SF","","https://www.itftennis.com/en/tournament/j60-podgorica/mne/2026/j-j60-mne-2026-003/draws-and-results/","Encontrado na ITF; leitura do draw de duplas: ITF API: derrota encontrada."
"mats-jutte","Mats Jutte","Singles","J60 Podgorica","J60","2026-05-18","2026-05-24","Eliminado","R64","","https://www.itftennis.com/en/tournament/j60-podgorica/mne/2026/j-j60-mne-2026-003/draws-and-results/","Encontrado na ITF (MD); leitura do draw: ITF API: derrota encontrada."
"mengjie-hou","Mengjie Hou","Doubles","J60 Podgorica","J60","2026-05-18","2026-05-24","Eliminado","R32","","https://www.itftennis.com/en/tournament/j60-podgorica/mne/2026/j-j60-mne-2026-003/draws-and-results/","Encontrado na ITF; leitura do draw de duplas: ITF API: derrota encontrada."
"mengjie-hou","Mengjie Hou","Singles","J60 Podgorica","J60","2026-05-18","2026-05-24","Eliminado","R32","","https://www.itftennis.com/en/tournament/j60-podgorica/mne/2026/j-j60-mne-2026-003/draws-and-results/","Encontrado na ITF (MD); leitura do draw: ITF API: derrota encontrada."
"michele-maniglia","Michele Maniglia","Doubles","J60 Podgorica","J60","2026-05-18","2026-05-24","Eliminado","QF","","https://www.itftennis.com/en/tournament/j60-podgorica/mne/2026/j-j60-mne-2026-003/draws-and-results/","Encontrado na ITF; leitura do draw de duplas: ITF API: derrota encontrada."
"michele-maniglia","Michele Maniglia","Singles","J60 Podgorica","J60","2026-05-18","2026-05-24","Eliminado","SF","","https://www.itftennis.com/en/tournament/j60-podgorica/mne/2026/j-j60-mne-2026-003/draws-and-results/","Encontrado na ITF (MD); leitura do draw: ITF API: derrota encontrada."
"mihailo-topic","Mihailo Topic","Doubles","J60 Podgorica","J60","2026-05-18","2026-05-24","Eliminado","R32","","https://www.itftennis.com/en/tournament/j60-podgorica/mne/2026/j-j60-mne-2026-003/draws-and-results/","Encontrado na ITF; leitura do draw de duplas: ITF API: derrota encontrada."
"mihailo-topic","Mihailo Topic","Singles","J60 Podgorica","J60","2026-05-18","2026-05-24","Eliminado","QF","","https://www.itftennis.com/en/tournament/j60-podgorica/mne/2026/j-j60-mne-2026-003/draws-and-results/","Encontrado na ITF (MD); leitura do draw: ITF API: derrota encontrada."
"mihajlo-radman","Mihajlo Radman","Doubles","J60 Podgorica","J60","2026-05-18","2026-05-24","Eliminado","R32","","https://www.itftennis.com/en/tournament/j60-podgorica/mne/2026/j-j60-mne-2026-003/draws-and-results/","Encontrado na ITF; leitura do draw de duplas: ITF API: derrota encontrada."
"mihajlo-radman","Mihajlo Radman","Singles","J60 Podgorica","J60","2026-05-18","2026-05-24","Eliminado","Q2","","https://www.itftennis.com/en/tournament/j60-podgorica/mne/2026/j-j60-mne-2026-003/draws-and-results/","Encontrado na ITF (MD); leitura do draw: ITF API: derrota encontrada."
"mila-van-der-lecq","Mila van der Lecq","Doubles","J60 Podgorica","J60","2026-05-18","2026-05-24","Eliminado","QF","","https://www.itftennis.com/en/tournament/j60-podgorica/mne/2026/j-j60-mne-2026-003/draws-and-results/","Encontrado na ITF; leitura do draw de duplas: ITF API: derrota encontrada."
"mila-van-der-lecq","Mila van der Lecq","Singles","J60 Podgorica","J60","2026-05-18","2026-05-24","Eliminado","R64","","https://www.itftennis.com/en/tournament/j60-podgorica/mne/2026/j-j60-mne-2026-003/draws-and-results/","Encontrado na ITF (MD); leitura do draw: ITF API: derrota encontrada."
"milana-rasan-buha","Milana Rasan-Buha","Doubles","J60 Podgorica","J60","2026-05-18","2026-05-24","Eliminado","SF","","https://www.itftennis.com/en/tournament/j60-podgorica/mne/2026/j-j60-mne-2026-003/draws-and-results/","Encontrado na ITF; leitura do draw de duplas: ITF API: derrota encontrada."
"milana-rasan-buha","Milana Rasan-Buha","Singles","J60 Podgorica","J60","2026-05-18","2026-05-24","Eliminado","R64","","https://www.itftennis.com/en/tournament/j60-podgorica/mne/2026/j-j60-mne-2026-003/draws-and-results/","Encontrado na ITF (MD); leitura do draw: ITF API: derrota encontrada."
"milos-sretenovic","Milos Sretenovic","Doubles","J60 Podgorica","J60","2026-05-18","2026-05-24","Eliminado","R32","","https://www.itftennis.com/en/tournament/j60-podgorica/mne/2026/j-j60-mne-2026-003/draws-and-results/","Encontrado na ITF; leitura do draw de duplas: ITF API: derrota encontrada."
"milos-sretenovic","Milos Sretenovic","Singles","J60 Podgorica","J60","2026-05-18","2026-05-24","Eliminado","R64","","https://www.itftennis.com/en/tournament/j60-podgorica/mne/2026/j-j60-mne-2026-003/draws-and-results/","Encontrado na ITF (MD); leitura do draw: ITF API: derrota encontrada."
"mina-malicevic","Mina Malicevic","Doubles","J60 Podgorica","J60","2026-05-18","2026-05-24","Eliminado","QF","","https://www.itftennis.com/en/tournament/j60-podgorica/mne/2026/j-j60-mne-2026-003/draws-and-results/","Encontrado na ITF; leitura do draw de duplas: ITF API: derrota encontrada."
"mina-malicevic","Mina Malicevic","Singles","J60 Podgorica","J60","2026-05-18","2026-05-24","Eliminado","R64","","https://www.itftennis.com/en/tournament/j60-podgorica/mne/2026/j-j60-mne-2026-003/draws-and-results/","Encontrado na ITF (MD); leitura do draw: ITF API: derrota encontrada."
"niccolo-crivelli","Niccolo Crivelli","Singles","J60 Podgorica","J60","2026-05-18","2026-05-24","Eliminado","R32","","https://www.itftennis.com/en/tournament/j60-podgorica/mne/2026/j-j60-mne-2026-003/draws-and-results/","Encontrado na ITF (MD); leitura do draw: ITF API: derrota encontrada."
"nikol-nuneva","Nikol Nuneva","Doubles","J60 Podgorica","J60","2026-05-18","2026-05-24","Eliminado","SF","","https://www.itftennis.com/en/tournament/j60-podgorica/mne/2026/j-j60-mne-2026-003/draws-and-results/","Encontrado na ITF; leitura do draw de duplas: ITF API: derrota encontrada."
"nikol-nuneva","Nikol Nuneva","Singles","J60 Podgorica","J60","2026-05-18","2026-05-24","Eliminado","R32","","https://www.itftennis.com/en/tournament/j60-podgorica/mne/2026/j-j60-mne-2026-003/draws-and-results/","Encontrado na ITF (MD); leitura do draw: ITF API: derrota encontrada."
"nikola-micic","Nikola Micic","Singles","J60 Podgorica","J60","2026-05-18","2026-05-24","Eliminado","Q3","","https://www.itftennis.com/en/tournament/j60-podgorica/mne/2026/j-j60-mne-2026-003/draws-and-results/","Encontrado na ITF (Q); leitura do draw: ITF API: derrota encontrada."
"nikolaos-papavasiliu","Nikolaos Papavasiliu","Doubles","J60 Podgorica","J60","2026-05-18","2026-05-24","Eliminado","R32","","https://www.itftennis.com/en/tournament/j60-podgorica/mne/2026/j-j60-mne-2026-003/draws-and-results/","Encontrado na ITF; leitura do draw de duplas: ITF API: derrota encontrada."
"nikolaos-papavasiliu","Nikolaos Papavasiliu","Singles","J60 Podgorica","J60","2026-05-18","2026-05-24","Eliminado","R32","","https://www.itftennis.com/en/tournament/j60-podgorica/mne/2026/j-j60-mne-2026-003/draws-and-results/","Encontrado na ITF (MD); leitura do draw: ITF API: derrota encontrada."
"nikolina-kovacevic","Nikolina Kovacevic","Doubles","J60 Podgorica","J60","2026-05-18","2026-05-24","Eliminado","QF","","https://www.itftennis.com/en/tournament/j60-podgorica/mne/2026/j-j60-mne-2026-003/draws-and-results/","Encontrado na ITF; leitura do draw de duplas: ITF API: derrota encontrada."
"nikolina-kovacevic","Nikolina Kovacevic","Singles","J60 Podgorica","J60","2026-05-18","2026-05-24","Eliminado","R64","","https://www.itftennis.com/en/tournament/j60-podgorica/mne/2026/j-j60-mne-2026-003/draws-and-results/","Encontrado na ITF (MD); leitura do draw: ITF API: derrota encontrada."
"nina-tepic","Nina Tepic","Doubles","J60 Podgorica","J60","2026-05-18","2026-05-24","Eliminado","R32","","https://www.itftennis.com/en/tournament/j60-podgorica/mne/2026/j-j60-mne-2026-003/draws-and-results/","Encontrado na ITF; leitura do draw de duplas: ITF API: derrota encontrada."
"nina-tepic","Nina Tepic","Singles","J60 Podgorica","J60","2026-05-18","2026-05-24","Ativo","W","","https://www.itftennis.com/en/tournament/j60-podgorica/mne/2026/j-j60-mne-2026-003/draws-and-results/","Encontrado na ITF (MD); leitura do draw: ITF API: vitoria encontrada."
"patricia-jelenic","Patricia Jelenic","Singles","J60 Podgorica","J60","2026-05-18","2026-05-24","Eliminado","R64","","https://www.itftennis.com/en/tournament/j60-podgorica/mne/2026/j-j60-mne-2026-003/draws-and-results/","Encontrado na ITF (MD); leitura do draw: ITF API: derrota encontrada."
"patrik-semenic","Patrik Semenic","Doubles","J60 Podgorica","J60","2026-05-18","2026-05-24","Eliminado","QF","","https://www.itftennis.com/en/tournament/j60-podgorica/mne/2026/j-j60-mne-2026-003/draws-and-results/","Encontrado na ITF; leitura do draw de duplas: ITF API: derrota encontrada."
"patrik-semenic","Patrik Semenic","Singles","J60 Podgorica","J60","2026-05-18","2026-05-24","Eliminado","Q3","","https://www.itftennis.com/en/tournament/j60-podgorica/mne/2026/j-j60-mne-2026-003/draws-and-results/","Encontrado na ITF (MD); leitura do draw: ITF API: derrota encontrada."
"pavle-vukosavljevic","Pavle Vukosavljevic","Doubles","J60 Podgorica","J60","2026-05-18","2026-05-24","Eliminado","R32","","https://www.itftennis.com/en/tournament/j60-podgorica/mne/2026/j-j60-mne-2026-003/draws-and-results/","Encontrado na ITF; leitura do draw de duplas: ITF API: derrota encontrada."
"pavle-vukosavljevic","Pavle Vukosavljevic","Singles","J60 Podgorica","J60","2026-05-18","2026-05-24","Eliminado","Q1","","https://www.itftennis.com/en/tournament/j60-podgorica/mne/2026/j-j60-mne-2026-003/draws-and-results/","Encontrado na ITF (MD); leitura do draw: ITF API: derrota encontrada."
"petar-ivanchev","Petar Ivanchev","Doubles","J60 Podgorica","J60","2026-05-18","2026-05-24","Eliminado","F","","https://www.itftennis.com/en/tournament/j60-podgorica/mne/2026/j-j60-mne-2026-003/draws-and-results/","Encontrado na ITF; leitura do draw de duplas: ITF API: derrota encontrada."
"petar-ivanchev","Petar Ivanchev","Singles","J60 Podgorica","J60","2026-05-18","2026-05-24","Eliminado","R64","","https://www.itftennis.com/en/tournament/j60-podgorica/mne/2026/j-j60-mne-2026-003/draws-and-results/","Encontrado na ITF (MD); leitura do draw: ITF API: derrota encontrada."
"petar-stankovic","Petar Stankovic","Singles","J60 Podgorica","J60","2026-05-18","2026-05-24","Eliminado","Q1","","https://www.itftennis.com/en/tournament/j60-podgorica/mne/2026/j-j60-mne-2026-003/draws-and-results/","Encontrado na ITF (Q); leitura do draw: ITF API: derrota encontrada."
"pietro-verno","Pietro Verno","Doubles","J60 Podgorica","J60","2026-05-18","2026-05-24","Eliminado","R32","","https://www.itftennis.com/en/tournament/j60-podgorica/mne/2026/j-j60-mne-2026-003/draws-and-results/","Encontrado na ITF; leitura do draw de duplas: ITF API: derrota encontrada."
"pietro-verno","Pietro Verno","Singles","J60 Podgorica","J60","2026-05-18","2026-05-24","Eliminado","R32","","https://www.itftennis.com/en/tournament/j60-podgorica/mne/2026/j-j60-mne-2026-003/draws-and-results/","Encontrado na ITF (MD); leitura do draw: ITF API: derrota encontrada."
"pippa-fennis","Pippa Fennis","Doubles","J60 Podgorica","J60","2026-05-18","2026-05-24","Eliminado","QF","","https://www.itftennis.com/en/tournament/j60-podgorica/mne/2026/j-j60-mne-2026-003/draws-and-results/","Encontrado na ITF; leitura do draw de duplas: ITF API: derrota encontrada."
"pippa-fennis","Pippa Fennis","Singles","J60 Podgorica","J60","2026-05-18","2026-05-24","Eliminado","R32","","https://www.itftennis.com/en/tournament/j60-podgorica/mne/2026/j-j60-mne-2026-003/draws-and-results/","Encontrado na ITF (MD); leitura do draw: ITF API: derrota encontrada."
"plamen-kolev","Plamen Kolev","Singles","J60 Podgorica","J60","2026-05-18","2026-05-24","Eliminado","SF","","https://www.itftennis.com/en/tournament/j60-podgorica/mne/2026/j-j60-mne-2026-003/draws-and-results/","Encontrado na ITF (MD); leitura do draw: ITF API: derrota encontrada."
"roberto-polito","Roberto Polito","Singles","J60 Podgorica","J60","2026-05-18","2026-05-24","Eliminado","Q1","","https://www.itftennis.com/en/tournament/j60-podgorica/mne/2026/j-j60-mne-2026-003/draws-and-results/","Encontrado na ITF (Q); leitura do draw: ITF API: derrota encontrada."
"rogier-verbeet","Rogier Verbeet","Doubles","J60 Podgorica","J60","2026-05-18","2026-05-24","Eliminado","R32","","https://www.itftennis.com/en/tournament/j60-podgorica/mne/2026/j-j60-mne-2026-003/draws-and-results/","Encontrado na ITF; leitura do draw de duplas: ITF API: derrota encontrada."
"rogier-verbeet","Rogier Verbeet","Singles","J60 Podgorica","J60","2026-05-18","2026-05-24","Eliminado","R32","","https://www.itftennis.com/en/tournament/j60-podgorica/mne/2026/j-j60-mne-2026-003/draws-and-results/","Encontrado na ITF (MD); leitura do draw: ITF API: derrota encontrada."
"romana-dekanova","Romana Dekanova","Doubles","J60 Podgorica","J60","2026-05-18","2026-05-24","Eliminado","F","","https://www.itftennis.com/en/tournament/j60-podgorica/mne/2026/j-j60-mne-2026-003/draws-and-results/","Encontrado na ITF; leitura do draw de duplas: ITF API: derrota encontrada."
"romana-dekanova","Romana Dekanova","Singles","J60 Podgorica","J60","2026-05-18","2026-05-24","Eliminado","SF","","https://www.itftennis.com/en/tournament/j60-podgorica/mne/2026/j-j60-mne-2026-003/draws-and-results/","Encontrado na ITF (MD); leitura do draw: ITF API: derrota encontrada."
"sanih-kujovic","Sanih Kujovic","Singles","J60 Podgorica","J60","2026-05-18","2026-05-24","Eliminado","R64","","https://www.itftennis.com/en/tournament/j60-podgorica/mne/2026/j-j60-mne-2026-003/draws-and-results/","Encontrado na ITF (MD); leitura do draw: ITF API: derrota encontrada."
"sara-mitevska","Sara Mitevska","Singles","J60 Podgorica","J60","2026-05-18","2026-05-24","Eliminado","R64","","https://www.itftennis.com/en/tournament/j60-podgorica/mne/2026/j-j60-mne-2026-003/draws-and-results/","Encontrado na ITF (MD); leitura do draw: ITF API: derrota encontrada."
"sergey-artemev","Sergey Artemev","Doubles","J60 Podgorica","J60","2026-05-18","2026-05-24","Eliminado","R32","","https://www.itftennis.com/en/tournament/j60-podgorica/mne/2026/j-j60-mne-2026-003/draws-and-results/","Encontrado na ITF; leitura do draw de duplas: ITF API: derrota encontrada."
"sergey-artemev","Sergey Artemev","Singles","J60 Podgorica","J60","2026-05-18","2026-05-24","Eliminado","Q3","","https://www.itftennis.com/en/tournament/j60-podgorica/mne/2026/j-j60-mne-2026-003/draws-and-results/","Encontrado na ITF (MD); leitura do draw: ITF API: derrota encontrada."
"sergi-ramis-coll","sergi ramis coll","Doubles","J60 Podgorica","J60","2026-05-18","2026-05-24","Eliminado","QF","","https://www.itftennis.com/en/tournament/j60-podgorica/mne/2026/j-j60-mne-2026-003/draws-and-results/","Encontrado na ITF; leitura do draw de duplas: ITF API: derrota encontrada."
"sergi-ramis-coll","sergi ramis coll","Singles","J60 Podgorica","J60","2026-05-18","2026-05-24","Eliminado","R64","","https://www.itftennis.com/en/tournament/j60-podgorica/mne/2026/j-j60-mne-2026-003/draws-and-results/","Encontrado na ITF (MD); leitura do draw: ITF API: derrota encontrada."
"skender-katana","Skender Katana","Singles","J60 Podgorica","J60","2026-05-18","2026-05-24","Eliminado","R32","","https://www.itftennis.com/en/tournament/j60-podgorica/mne/2026/j-j60-mne-2026-003/draws-and-results/","Encontrado na ITF (MD); leitura do draw: ITF API: derrota encontrada."
"sofia-popovic","Sofia Popovic","Doubles","J60 Podgorica","J60","2026-05-18","2026-05-24","Eliminado","R32","","https://www.itftennis.com/en/tournament/j60-podgorica/mne/2026/j-j60-mne-2026-003/draws-and-results/","Encontrado na ITF; leitura do draw de duplas: ITF API: derrota encontrada."
"sofia-popovic","Sofia Popovic","Singles","J60 Podgorica","J60","2026-05-18","2026-05-24","Eliminado","R64","","https://www.itftennis.com/en/tournament/j60-podgorica/mne/2026/j-j60-mne-2026-003/draws-and-results/","Encontrado na ITF (MD); leitura do draw: ITF API: derrota encontrada."
"sofia-shcherbatskaia","Sofia Shcherbatskaia","Singles","J60 Podgorica","J60","2026-05-18","2026-05-24","Eliminado","R64","","https://www.itftennis.com/en/tournament/j60-podgorica/mne/2026/j-j60-mne-2026-003/draws-and-results/","Encontrado na ITF (MD); leitura do draw: ITF API: derrota encontrada."
"stefan-novkovski","Stefan Novkovski","Singles","J60 Podgorica","J60","2026-05-18","2026-05-24","Eliminado","Q3","","https://www.itftennis.com/en/tournament/j60-podgorica/mne/2026/j-j60-mne-2026-003/draws-and-results/","Encontrado na ITF (Q); leitura do draw: ITF API: derrota encontrada."
"sultana-yerzhanova","Sultana Yerzhanova","Doubles","J60 Podgorica","J60","2026-05-18","2026-05-24","Eliminado","QF","","https://www.itftennis.com/en/tournament/j60-podgorica/mne/2026/j-j60-mne-2026-003/draws-and-results/","Encontrado na ITF; leitura do draw de duplas: ITF API: derrota encontrada."
"tara-soc","Tara Soc","Doubles","J60 Podgorica","J60","2026-05-18","2026-05-24","Eliminado","R32","","https://www.itftennis.com/en/tournament/j60-podgorica/mne/2026/j-j60-mne-2026-003/draws-and-results/","Encontrado na ITF; leitura do draw de duplas: ITF API: derrota encontrada."
"tara-soc","Tara Soc","Singles","J60 Podgorica","J60","2026-05-18","2026-05-24","Eliminado","R64","","https://www.itftennis.com/en/tournament/j60-podgorica/mne/2026/j-j60-mne-2026-003/draws-and-results/","Encontrado na ITF (MD); leitura do draw: ITF API: derrota encontrada."
"teodora-glisovic","Teodora Glisovic","Doubles","J60 Podgorica","J60","2026-05-18","2026-05-24","Eliminado","R32","","https://www.itftennis.com/en/tournament/j60-podgorica/mne/2026/j-j60-mne-2026-003/draws-and-results/","Encontrado na ITF; leitura do draw de duplas: ITF API: derrota encontrada."
"theo-holmes","Theo Holmes","Doubles","J60 Podgorica","J60","2026-05-18","2026-05-24","Eliminado","QF","","https://www.itftennis.com/en/tournament/j60-podgorica/mne/2026/j-j60-mne-2026-003/draws-and-results/","Encontrado na ITF; leitura do draw de duplas: ITF API: derrota encontrada."
"theo-holmes","Theo Holmes","Singles","J60 Podgorica","J60","2026-05-18","2026-05-24","Eliminado","Q2","","https://www.itftennis.com/en/tournament/j60-podgorica/mne/2026/j-j60-mne-2026-003/draws-and-results/","Encontrado na ITF (MD); leitura do draw: ITF API: derrota encontrada."
"tiana-vrajitoriu","Tiana Vrajitoriu","Doubles","J60 Podgorica","J60","2026-05-18","2026-05-24","Eliminado","SF","","https://www.itftennis.com/en/tournament/j60-podgorica/mne/2026/j-j60-mne-2026-003/draws-and-results/","Encontrado na ITF; leitura do draw de duplas: ITF API: derrota encontrada."
"tiana-vrajitoriu","Tiana Vrajitoriu","Singles","J60 Podgorica","J60","2026-05-18","2026-05-24","Eliminado","R64","","https://www.itftennis.com/en/tournament/j60-podgorica/mne/2026/j-j60-mne-2026-003/draws-and-results/","Encontrado na ITF (MD); leitura do draw: ITF API: derrota encontrada."
"tianqi-xue","Tianqi Xue","Singles","J60 Podgorica","J60","2026-05-18","2026-05-24","Eliminado","Q1","","https://www.itftennis.com/en/tournament/j60-podgorica/mne/2026/j-j60-mne-2026-003/draws-and-results/","Encontrado na ITF (Q); leitura do draw: ITF API: derrota encontrada."
"verica-zrnic","Verica Zrnic","Doubles","J60 Podgorica","J60","2026-05-18","2026-05-24","Eliminado","QF","","https://www.itftennis.com/en/tournament/j60-podgorica/mne/2026/j-j60-mne-2026-003/draws-and-results/","Encontrado na ITF; leitura do draw de duplas: ITF API: derrota encontrada."
"verica-zrnic","Verica Zrnic","Singles","J60 Podgorica","J60","2026-05-18","2026-05-24","Eliminado","R32","","https://www.itftennis.com/en/tournament/j60-podgorica/mne/2026/j-j60-mne-2026-003/draws-and-results/","Encontrado na ITF (MD); leitura do draw: ITF API: derrota encontrada."
"vlaho-petkovic","Vlaho Petkovic","Singles","J60 Podgorica","J60","2026-05-18","2026-05-24","Eliminado","Q1","","https://www.itftennis.com/en/tournament/j60-podgorica/mne/2026/j-j60-mne-2026-003/draws-and-results/","Encontrado na ITF (Q); leitura do draw: ITF API: derrota encontrada."
"vojin-sadzakovic","Vojin Sadzakovic","Doubles","J60 Podgorica","J60","2026-05-18","2026-05-24","Eliminado","R32","","https://www.itftennis.com/en/tournament/j60-podgorica/mne/2026/j-j60-mne-2026-003/draws-and-results/","Encontrado na ITF; leitura do draw de duplas: ITF API: derrota encontrada."
"vojin-sadzakovic","Vojin Sadzakovic","Singles","J60 Podgorica","J60","2026-05-18","2026-05-24","Eliminado","R32","","https://www.itftennis.com/en/tournament/j60-podgorica/mne/2026/j-j60-mne-2026-003/draws-and-results/","Encontrado na ITF (MD); leitura do draw: ITF API: derrota encontrada."
"vuk-krstajic","Vuk Krstajic","Doubles","J60 Podgorica","J60","2026-05-18","2026-05-24","Eliminado","QF","","https://www.itftennis.com/en/tournament/j60-podgorica/mne/2026/j-j60-mne-2026-003/draws-and-results/","Encontrado na ITF; leitura do draw de duplas: ITF API: derrota encontrada."
"vuk-krstajic","Vuk Krstajic","Singles","J60 Podgorica","J60","2026-05-18","2026-05-24","Eliminado","R64","","https://www.itftennis.com/en/tournament/j60-podgorica/mne/2026/j-j60-mne-2026-003/draws-and-results/","Encontrado na ITF (MD); leitura do draw: ITF API: derrota encontrada."
"vuk-pantic-crncevic","Vuk Pantic Crncevic","Doubles","J60 Podgorica","J60","2026-05-18","2026-05-24","Eliminado","R32","","https://www.itftennis.com/en/tournament/j60-podgorica/mne/2026/j-j60-mne-2026-003/draws-and-results/","Encontrado na ITF; leitura do draw de duplas: ITF API: derrota encontrada."
"vuk-pantic-crncevic","Vuk Pantic Crncevic","Singles","J60 Podgorica","J60","2026-05-18","2026-05-24","Eliminado","R64","","https://www.itftennis.com/en/tournament/j60-podgorica/mne/2026/j-j60-mne-2026-003/draws-and-results/","Encontrado na ITF (MD); leitura do draw: ITF API: derrota encontrada."
"yusuf-strik","Yusuf Strik","Singles","J60 Podgorica","J60","2026-05-18","2026-05-24","Eliminado","Q1","","https://www.itftennis.com/en/tournament/j60-podgorica/mne/2026/j-j60-mne-2026-003/draws-and-results/","Encontrado na ITF (Q); leitura do draw: ITF API: derrota encontrada."
"andre-bruno","Andre Bruno","Doubles","J60 Santa Tecla","J60","2026-05-18","2026-05-23","Eliminado","R32","","https://www.itftennis.com/en/tournament/j60-santa-tecla/esa/2026/j-j60-esa-2026-002/draws-and-results/","Encontrado na ITF; leitura do draw de duplas: ITF API: derrota encontrada."
"andre-bruno","Andre Bruno","Singles","J60 Santa Tecla","J60","2026-05-18","2026-05-23","Eliminado","QF","","https://www.itftennis.com/en/tournament/j60-santa-tecla/esa/2026/j-j60-esa-2026-002/draws-and-results/","Encontrado na ITF (MD); leitura do draw: ITF API: derrota encontrada."
"angel-giovanny-escarpeta-tovar","Angel Giovanny Escarpeta Tovar","Doubles","J60 Santa Tecla","J60","2026-05-18","2026-05-23","Eliminado","R32","","https://www.itftennis.com/en/tournament/j60-santa-tecla/esa/2026/j-j60-esa-2026-002/draws-and-results/","Encontrado na ITF; leitura do draw de duplas: ITF API: derrota encontrada."
"angel-giovanny-escarpeta-tovar","Angel Giovanny Escarpeta Tovar","Singles","J60 Santa Tecla","J60","2026-05-18","2026-05-23","Eliminado","R64","","https://www.itftennis.com/en/tournament/j60-santa-tecla/esa/2026/j-j60-esa-2026-002/draws-and-results/","Encontrado na ITF (MD); leitura do draw: ITF API: derrota encontrada."
"anthony-david-vasquez-sandoval","ANTHONY DAVID VASQUEZ SANDOVAL","Doubles","J60 Santa Tecla","J60","2026-05-18","2026-05-23","Eliminado","R32","","https://www.itftennis.com/en/tournament/j60-santa-tecla/esa/2026/j-j60-esa-2026-002/draws-and-results/","Encontrado na ITF; leitura do draw de duplas: ITF API: derrota encontrada."
"anthony-david-vasquez-sandoval","ANTHONY DAVID VASQUEZ SANDOVAL","Singles","J60 Santa Tecla","J60","2026-05-18","2026-05-23","Eliminado","R32","","https://www.itftennis.com/en/tournament/j60-santa-tecla/esa/2026/j-j60-esa-2026-002/draws-and-results/","Encontrado na ITF (MD); leitura do draw: ITF API: derrota encontrada."
"antonio-carlos-castellanos","Antonio Carlos Castellanos","Doubles","J60 Santa Tecla","J60","2026-05-18","2026-05-23","Eliminado","SF","","https://www.itftennis.com/en/tournament/j60-santa-tecla/esa/2026/j-j60-esa-2026-002/draws-and-results/","Encontrado na ITF; leitura do draw de duplas: ITF API: derrota encontrada."
"antonio-carlos-castellanos","Antonio Carlos Castellanos","Singles","J60 Santa Tecla","J60","2026-05-18","2026-05-23","Eliminado","QF","","https://www.itftennis.com/en/tournament/j60-santa-tecla/esa/2026/j-j60-esa-2026-002/draws-and-results/","Encontrado na ITF (MD); leitura do draw: ITF API: derrota encontrada."
"barack-carballo","Barack Carballo","Doubles","J60 Santa Tecla","J60","2026-05-18","2026-05-23","Eliminado","R32","","https://www.itftennis.com/en/tournament/j60-santa-tecla/esa/2026/j-j60-esa-2026-002/draws-and-results/","Encontrado na ITF; leitura do draw de duplas: ITF API: derrota encontrada."
"barack-carballo","Barack Carballo","Singles","J60 Santa Tecla","J60","2026-05-18","2026-05-23","Eliminado","R64","","https://www.itftennis.com/en/tournament/j60-santa-tecla/esa/2026/j-j60-esa-2026-002/draws-and-results/","Encontrado na ITF (MD); leitura do draw: ITF API: derrota encontrada."
"brandon-bridgewater","Brandon Bridgewater","Doubles","J60 Santa Tecla","J60","2026-05-18","2026-05-23","Eliminado","R32","","https://www.itftennis.com/en/tournament/j60-santa-tecla/esa/2026/j-j60-esa-2026-002/draws-and-results/","Encontrado na ITF; leitura do draw de duplas: ITF API: derrota encontrada."
"brandon-bridgewater","Brandon Bridgewater","Singles","J60 Santa Tecla","J60","2026-05-18","2026-05-23","Eliminado","R32","","https://www.itftennis.com/en/tournament/j60-santa-tecla/esa/2026/j-j60-esa-2026-002/draws-and-results/","Encontrado na ITF (MD); leitura do draw: ITF API: derrota encontrada."
"camila-morataya","Camila Morataya","Doubles","J60 Santa Tecla","J60","2026-05-18","2026-05-23","Eliminado","QF","","https://www.itftennis.com/en/tournament/j60-santa-tecla/esa/2026/j-j60-esa-2026-002/draws-and-results/","Encontrado na ITF; leitura do draw de duplas: ITF API: derrota encontrada."
"camila-morataya","Camila Morataya","Singles","J60 Santa Tecla","J60","2026-05-18","2026-05-23","Eliminado","QF","","https://www.itftennis.com/en/tournament/j60-santa-tecla/esa/2026/j-j60-esa-2026-002/draws-and-results/","Encontrado na ITF (MD); leitura do draw: ITF API: derrota encontrada."
"carmen-fuentes","Carmen Fuentes","Doubles","J60 Santa Tecla","J60","2026-05-18","2026-05-23","Eliminado","SF","","https://www.itftennis.com/en/tournament/j60-santa-tecla/esa/2026/j-j60-esa-2026-002/draws-and-results/","Encontrado na ITF; leitura do draw de duplas: ITF API: derrota encontrada."
"carmen-fuentes","Carmen Fuentes","Singles","J60 Santa Tecla","J60","2026-05-18","2026-05-23","Eliminado","R32","","https://www.itftennis.com/en/tournament/j60-santa-tecla/esa/2026/j-j60-esa-2026-002/draws-and-results/","Encontrado na ITF (MD); leitura do draw: ITF API: derrota encontrada."
"claudia-mancilla-gomez","Claudia Mancilla Gomez","Doubles","J60 Santa Tecla","J60","2026-05-18","2026-05-23","Eliminado","R32","","https://www.itftennis.com/en/tournament/j60-santa-tecla/esa/2026/j-j60-esa-2026-002/draws-and-results/","Encontrado na ITF; leitura do draw de duplas: ITF API: derrota encontrada."
"claudia-mancilla-gomez","Claudia Mancilla Gomez","Singles","J60 Santa Tecla","J60","2026-05-18","2026-05-23","Eliminado","R32","","https://www.itftennis.com/en/tournament/j60-santa-tecla/esa/2026/j-j60-esa-2026-002/draws-and-results/","Encontrado na ITF (MD); leitura do draw: ITF API: derrota encontrada."
"cristina-aldana-cruz","Cristina Aldana Cruz","Doubles","J60 Santa Tecla","J60","2026-05-18","2026-05-23","Eliminado","R32","","https://www.itftennis.com/en/tournament/j60-santa-tecla/esa/2026/j-j60-esa-2026-002/draws-and-results/","Encontrado na ITF; leitura do draw de duplas: ITF API: derrota encontrada."
"cristina-aldana-cruz","Cristina Aldana Cruz","Singles","J60 Santa Tecla","J60","2026-05-18","2026-05-23","Eliminado","R64","","https://www.itftennis.com/en/tournament/j60-santa-tecla/esa/2026/j-j60-esa-2026-002/draws-and-results/","Encontrado na ITF (MD); leitura do draw: ITF API: derrota encontrada."
"daniela-tutillo","Daniela Tutillo","Doubles","J60 Santa Tecla","J60","2026-05-18","2026-05-23","Eliminado","QF","","https://www.itftennis.com/en/tournament/j60-santa-tecla/esa/2026/j-j60-esa-2026-002/draws-and-results/","Encontrado na ITF; leitura do draw de duplas: ITF API: derrota encontrada."
"daniela-tutillo","Daniela Tutillo","Singles","J60 Santa Tecla","J60","2026-05-18","2026-05-23","Eliminado","R64","","https://www.itftennis.com/en/tournament/j60-santa-tecla/esa/2026/j-j60-esa-2026-002/draws-and-results/","Encontrado na ITF (MD); leitura do draw: ITF API: derrota encontrada."
"david-iii-bvunzawabaya","David III Bvunzawabaya","Doubles","J60 Santa Tecla","J60","2026-05-18","2026-05-23","Eliminado","QF","","https://www.itftennis.com/en/tournament/j60-santa-tecla/esa/2026/j-j60-esa-2026-002/draws-and-results/","Encontrado na ITF; leitura do draw de duplas: ITF API: derrota encontrada."
"david-iii-bvunzawabaya","David III Bvunzawabaya","Singles","J60 Santa Tecla","J60","2026-05-18","2026-05-23","Eliminado","R32","","https://www.itftennis.com/en/tournament/j60-santa-tecla/esa/2026/j-j60-esa-2026-002/draws-and-results/","Encontrado na ITF (MD); leitura do draw: ITF API: derrota encontrada."
"david-madero","David Madero","Doubles","J60 Santa Tecla","J60","2026-05-18","2026-05-23","Eliminado","QF","","https://www.itftennis.com/en/tournament/j60-santa-tecla/esa/2026/j-j60-esa-2026-002/draws-and-results/","Encontrado na ITF; leitura do draw de duplas: ITF API: derrota encontrada."
"david-madero","David Madero","Singles","J60 Santa Tecla","J60","2026-05-18","2026-05-23","Eliminado","R32","","https://www.itftennis.com/en/tournament/j60-santa-tecla/esa/2026/j-j60-esa-2026-002/draws-and-results/","Encontrado na ITF (MD); leitura do draw: ITF API: derrota encontrada."
"domenica-farias","Domenica Farias","Singles","J60 Santa Tecla","J60","2026-05-18","2026-05-23","Eliminado","R64","","https://www.itftennis.com/en/tournament/j60-santa-tecla/esa/2026/j-j60-esa-2026-002/draws-and-results/","Encontrado na ITF (MD); leitura do draw: ITF API: derrota encontrada."
"eve-thibault","Eve Thibault","Doubles","J60 Santa Tecla","J60","2026-05-18","2026-05-23","Ativo","W","","https://www.itftennis.com/en/tournament/j60-santa-tecla/esa/2026/j-j60-esa-2026-002/draws-and-results/","Encontrado na ITF; leitura do draw de duplas: ITF API: vitoria encontrada."
"eve-thibault","Eve Thibault","Singles","J60 Santa Tecla","J60","2026-05-18","2026-05-23","Eliminado","F","","https://www.itftennis.com/en/tournament/j60-santa-tecla/esa/2026/j-j60-esa-2026-002/draws-and-results/","Encontrado na ITF (MD); leitura do draw: ITF API: derrota encontrada."
"felipe-wright","Felipe Wright","Doubles","J60 Santa Tecla","J60","2026-05-18","2026-05-23","Eliminado","SF","","https://www.itftennis.com/en/tournament/j60-santa-tecla/esa/2026/j-j60-esa-2026-002/draws-and-results/","Encontrado na ITF; leitura do draw de duplas: ITF API: derrota encontrada."
"felipe-wright","Felipe Wright","Singles","J60 Santa Tecla","J60","2026-05-18","2026-05-23","Eliminado","R64","","https://www.itftennis.com/en/tournament/j60-santa-tecla/esa/2026/j-j60-esa-2026-002/draws-and-results/","Encontrado na ITF (MD); leitura do draw: ITF API: derrota encontrada."
"francisco-torres","FRANCISCO TORRES","Singles","J60 Santa Tecla","J60","2026-05-18","2026-05-23","Eliminado","Q1","","https://www.itftennis.com/en/tournament/j60-santa-tecla/esa/2026/j-j60-esa-2026-002/draws-and-results/","Encontrado na ITF (Q); leitura do draw: ITF API: derrota encontrada."
"gabriel-emilio-aceituno-bethancourt","Gabriel Emilio Aceituno Bethancourt","Singles","J60 Santa Tecla","J60","2026-05-18","2026-05-23","Eliminado","R64","","https://www.itftennis.com/en/tournament/j60-santa-tecla/esa/2026/j-j60-esa-2026-002/draws-and-results/","Encontrado na ITF (MD); leitura do draw: ITF API: derrota encontrada."
"gerardo-mejia","Gerardo Mejia","Doubles","J60 Santa Tecla","J60","2026-05-18","2026-05-23","Eliminado","R32","","https://www.itftennis.com/en/tournament/j60-santa-tecla/esa/2026/j-j60-esa-2026-002/draws-and-results/","Encontrado na ITF; leitura do draw de duplas: ITF API: derrota encontrada."
"gerardo-mejia","Gerardo Mejia","Singles","J60 Santa Tecla","J60","2026-05-18","2026-05-23","Eliminado","R64","","https://www.itftennis.com/en/tournament/j60-santa-tecla/esa/2026/j-j60-esa-2026-002/draws-and-results/","Encontrado na ITF (MD); leitura do draw: ITF API: derrota encontrada."
"geronimo-echeverry","geronimo echeverry","Doubles","J60 Santa Tecla","J60","2026-05-18","2026-05-23","Eliminado","QF","","https://www.itftennis.com/en/tournament/j60-santa-tecla/esa/2026/j-j60-esa-2026-002/draws-and-results/","Encontrado na ITF; leitura do draw de duplas: ITF API: derrota encontrada."
"geronimo-echeverry","geronimo echeverry","Singles","J60 Santa Tecla","J60","2026-05-18","2026-05-23","Eliminado","R64","","https://www.itftennis.com/en/tournament/j60-santa-tecla/esa/2026/j-j60-esa-2026-002/draws-and-results/","Encontrado na ITF (MD); leitura do draw: ITF API: derrota encontrada."
"gianluca-galasso","Gianluca Galasso","Doubles","J60 Santa Tecla","J60","2026-05-18","2026-05-23","Ativo","W","","https://www.itftennis.com/en/tournament/j60-santa-tecla/esa/2026/j-j60-esa-2026-002/draws-and-results/","Encontrado na ITF; leitura do draw de duplas: ITF API: vitoria encontrada."
"gianluca-galasso","Gianluca Galasso","Singles","J60 Santa Tecla","J60","2026-05-18","2026-05-23","Eliminado","SF","","https://www.itftennis.com/en/tournament/j60-santa-tecla/esa/2026/j-j60-esa-2026-002/draws-and-results/","Encontrado na ITF (MD); leitura do draw: ITF API: derrota encontrada."
"gonzalo-rozas-silvera","Gonzalo Rozas Silvera","Doubles","J60 Santa Tecla","J60","2026-05-18","2026-05-23","Eliminado","R32","","https://www.itftennis.com/en/tournament/j60-santa-tecla/esa/2026/j-j60-esa-2026-002/draws-and-results/","Encontrado na ITF; leitura do draw de duplas: ITF API: derrota encontrada."
"gonzalo-rozas-silvera","Gonzalo Rozas Silvera","Singles","J60 Santa Tecla","J60","2026-05-18","2026-05-23","Eliminado","Q1","","https://www.itftennis.com/en/tournament/j60-santa-tecla/esa/2026/j-j60-esa-2026-002/draws-and-results/","Encontrado na ITF (MD); leitura do draw: ITF API: derrota encontrada."
"gustavo-vasconcellos","Gustavo Vasconcellos","Doubles","J60 Santa Tecla","J60","2026-05-18","2026-05-23","Eliminado","R32","","https://www.itftennis.com/en/tournament/j60-santa-tecla/esa/2026/j-j60-esa-2026-002/draws-and-results/","Encontrado na ITF; leitura do draw de duplas: ITF API: derrota encontrada."
"gustavo-vasconcellos","Gustavo Vasconcellos","Singles","J60 Santa Tecla","J60","2026-05-18","2026-05-23","Eliminado","QF","","https://www.itftennis.com/en/tournament/j60-santa-tecla/esa/2026/j-j60-esa-2026-002/draws-and-results/","Encontrado na ITF (MD); leitura do draw: ITF API: derrota encontrada."
"ian-morales","IAN MORALES","Doubles","J60 Santa Tecla","J60","2026-05-18","2026-05-23","Eliminado","R32","","https://www.itftennis.com/en/tournament/j60-santa-tecla/esa/2026/j-j60-esa-2026-002/draws-and-results/","Encontrado na ITF; leitura do draw de duplas: ITF API: derrota encontrada."
"ian-morales","IAN MORALES","Singles","J60 Santa Tecla","J60","2026-05-18","2026-05-23","Eliminado","R64","","https://www.itftennis.com/en/tournament/j60-santa-tecla/esa/2026/j-j60-esa-2026-002/draws-and-results/","Encontrado na ITF (MD); leitura do draw: ITF API: derrota encontrada."
"ian-perez","Ian Perez","Singles","J60 Santa Tecla","J60","2026-05-18","2026-05-23","Eliminado","Q1","","https://www.itftennis.com/en/tournament/j60-santa-tecla/esa/2026/j-j60-esa-2026-002/draws-and-results/","Encontrado na ITF (Q); leitura do draw: ITF API: derrota encontrada."
"isabella-martinez","Isabella Martinez","Doubles","J60 Santa Tecla","J60","2026-05-18","2026-05-23","Eliminado","QF","","https://www.itftennis.com/en/tournament/j60-santa-tecla/esa/2026/j-j60-esa-2026-002/draws-and-results/","Encontrado na ITF; leitura do draw de duplas: ITF API: derrota encontrada."
"isabella-martinez","Isabella Martinez","Singles","J60 Santa Tecla","J60","2026-05-18","2026-05-23","Eliminado","R64","","https://www.itftennis.com/en/tournament/j60-santa-tecla/esa/2026/j-j60-esa-2026-002/draws-and-results/","Encontrado na ITF (MD); leitura do draw: ITF API: derrota encontrada."
"joao-marcus-vieira","Joao Marcus Vieira","Singles","J60 Santa Tecla","J60","2026-05-18","2026-05-23","Eliminado","Q1","","https://www.itftennis.com/en/tournament/j60-santa-tecla/esa/2026/j-j60-esa-2026-002/draws-and-results/","Encontrado na ITF (Q); leitura do draw: ITF API: derrota encontrada."
"jose-anibal-martinez-mendoza","Jose Anibal Martinez Mendoza","Doubles","J60 Santa Tecla","J60","2026-05-18","2026-05-23","Eliminado","QF","","https://www.itftennis.com/en/tournament/j60-santa-tecla/esa/2026/j-j60-esa-2026-002/draws-and-results/","Encontrado na ITF; leitura do draw de duplas: ITF API: derrota encontrada."
"jose-anibal-martinez-mendoza","Jose Anibal Martinez Mendoza","Singles","J60 Santa Tecla","J60","2026-05-18","2026-05-23","Eliminado","R64","","https://www.itftennis.com/en/tournament/j60-santa-tecla/esa/2026/j-j60-esa-2026-002/draws-and-results/","Encontrado na ITF (MD); leitura do draw: ITF API: derrota encontrada."
"josue-jovel","Josue Jovel","Doubles","J60 Santa Tecla","J60","2026-05-18","2026-05-23","Eliminado","R32","","https://www.itftennis.com/en/tournament/j60-santa-tecla/esa/2026/j-j60-esa-2026-002/draws-and-results/","Encontrado na ITF; leitura do draw de duplas: ITF API: derrota encontrada."
"josue-jovel","Josue Jovel","Singles","J60 Santa Tecla","J60","2026-05-18","2026-05-23","Eliminado","R64","","https://www.itftennis.com/en/tournament/j60-santa-tecla/esa/2026/j-j60-esa-2026-002/draws-and-results/","Encontrado na ITF (MD); leitura do draw: ITF API: derrota encontrada."
"juan-diego-pulido-topaga","Juan Diego Pulido Topaga","Doubles","J60 Santa Tecla","J60","2026-05-18","2026-05-23","Eliminado","QF","","https://www.itftennis.com/en/tournament/j60-santa-tecla/esa/2026/j-j60-esa-2026-002/draws-and-results/","Encontrado na ITF; leitura do draw de duplas: ITF API: derrota encontrada."
"juan-diego-pulido-topaga","Juan Diego Pulido Topaga","Singles","J60 Santa Tecla","J60","2026-05-18","2026-05-23","Eliminado","R32","","https://www.itftennis.com/en/tournament/j60-santa-tecla/esa/2026/j-j60-esa-2026-002/draws-and-results/","Encontrado na ITF (MD); leitura do draw: ITF API: derrota encontrada."
"karalis-swani-madarasz-grant","Karalis Swani Madarasz Grant","Singles","J60 Santa Tecla","J60","2026-05-18","2026-05-23","Eliminado","R32","","https://www.itftennis.com/en/tournament/j60-santa-tecla/esa/2026/j-j60-esa-2026-002/draws-and-results/","Encontrado na ITF (MD); leitura do draw: ITF API: derrota encontrada."
"katia-maria-pemueller","Katia Maria Pemueller","Doubles","J60 Santa Tecla","J60","2026-05-18","2026-05-23","Eliminado","R32","","https://www.itftennis.com/en/tournament/j60-santa-tecla/esa/2026/j-j60-esa-2026-002/draws-and-results/","Encontrado na ITF; leitura do draw de duplas: ITF API: derrota encontrada."
"katia-maria-pemueller","Katia Maria Pemueller","Singles","J60 Santa Tecla","J60","2026-05-18","2026-05-23","Eliminado","R32","","https://www.itftennis.com/en/tournament/j60-santa-tecla/esa/2026/j-j60-esa-2026-002/draws-and-results/","Encontrado na ITF (MD); leitura do draw: ITF API: derrota encontrada."
"lauren-kwendou-tadoum","Lauren Kwendou Tadoum","Doubles","J60 Santa Tecla","J60","2026-05-18","2026-05-23","Eliminado","QF","","https://www.itftennis.com/en/tournament/j60-santa-tecla/esa/2026/j-j60-esa-2026-002/draws-and-results/","Encontrado na ITF; leitura do draw de duplas: ITF API: derrota encontrada."
"lauren-kwendou-tadoum","Lauren Kwendou Tadoum","Singles","J60 Santa Tecla","J60","2026-05-18","2026-05-23","Eliminado","R64","","https://www.itftennis.com/en/tournament/j60-santa-tecla/esa/2026/j-j60-esa-2026-002/draws-and-results/","Encontrado na ITF (MD); leitura do draw: ITF API: derrota encontrada."
"madeleine-berthelemy-grassi","Madeleine Berthelemy Grassi","Doubles","J60 Santa Tecla","J60","2026-05-18","2026-05-23","Eliminado","R32","","https://www.itftennis.com/en/tournament/j60-santa-tecla/esa/2026/j-j60-esa-2026-002/draws-and-results/","Encontrado na ITF; leitura do draw de duplas: ITF API: derrota encontrada."
"madeleine-berthelemy-grassi","Madeleine Berthelemy Grassi","Singles","J60 Santa Tecla","J60","2026-05-18","2026-05-23","Eliminado","R64","","https://www.itftennis.com/en/tournament/j60-santa-tecla/esa/2026/j-j60-esa-2026-002/draws-and-results/","Encontrado na ITF (MD); leitura do draw: ITF API: derrota encontrada."
"manuel-anel","Manuel Anel","Singles","J60 Santa Tecla","J60","2026-05-18","2026-05-23","Eliminado","Q1","","https://www.itftennis.com/en/tournament/j60-santa-tecla/esa/2026/j-j60-esa-2026-002/draws-and-results/","Encontrado na ITF (Q); leitura do draw: ITF API: derrota encontrada."
"marco-andres-avendano-contreras","Marco Andres Avendano Contreras","Doubles","J60 Santa Tecla","J60","2026-05-18","2026-05-23","Eliminado","R32","","https://www.itftennis.com/en/tournament/j60-santa-tecla/esa/2026/j-j60-esa-2026-002/draws-and-results/","Encontrado na ITF; leitura do draw de duplas: ITF API: derrota encontrada."
"marco-andres-avendano-contreras","Marco Andres Avendano Contreras","Singles","J60 Santa Tecla","J60","2026-05-18","2026-05-23","Eliminado","R64","","https://www.itftennis.com/en/tournament/j60-santa-tecla/esa/2026/j-j60-esa-2026-002/draws-and-results/","Encontrado na ITF (MD); leitura do draw: ITF API: derrota encontrada."
"marek-smejcky","Marek Smejcky","Doubles","J60 Santa Tecla","J60","2026-05-18","2026-05-23","Eliminado","F","","https://www.itftennis.com/en/tournament/j60-santa-tecla/esa/2026/j-j60-esa-2026-002/draws-and-results/","Encontrado na ITF; leitura do draw de duplas: ITF API: derrota encontrada."
"marek-smejcky","Marek Smejcky","Singles","J60 Santa Tecla","J60","2026-05-18","2026-05-23","Ativo","W","","https://www.itftennis.com/en/tournament/j60-santa-tecla/esa/2026/j-j60-esa-2026-002/draws-and-results/","Encontrado na ITF (MD); leitura do draw: ITF API: vitoria encontrada."
"maria-ines-leon","Maria Ines Leon","Doubles","J60 Santa Tecla","J60","2026-05-18","2026-05-23","Eliminado","QF","","https://www.itftennis.com/en/tournament/j60-santa-tecla/esa/2026/j-j60-esa-2026-002/draws-and-results/","Encontrado na ITF; leitura do draw de duplas: ITF API: derrota encontrada."
"maria-ines-leon","Maria Ines Leon","Singles","J60 Santa Tecla","J60","2026-05-18","2026-05-23","Eliminado","SF","","https://www.itftennis.com/en/tournament/j60-santa-tecla/esa/2026/j-j60-esa-2026-002/draws-and-results/","Encontrado na ITF (MD); leitura do draw: ITF API: derrota encontrada."
"mario-lopez","Mario Lopez","Doubles","J60 Santa Tecla","J60","2026-05-18","2026-05-23","Eliminado","R32","","https://www.itftennis.com/en/tournament/j60-santa-tecla/esa/2026/j-j60-esa-2026-002/draws-and-results/","Encontrado na ITF; leitura do draw de duplas: ITF API: derrota encontrada."
"mario-lopez","Mario Lopez","Singles","J60 Santa Tecla","J60","2026-05-18","2026-05-23","Eliminado","R64","","https://www.itftennis.com/en/tournament/j60-santa-tecla/esa/2026/j-j60-esa-2026-002/draws-and-results/","Encontrado na ITF (MD); leitura do draw: ITF API: derrota encontrada."
"mateo-gutierrez","Mateo Gutierrez","Doubles","J60 Santa Tecla","J60","2026-05-18","2026-05-23","Eliminado","QF","","https://www.itftennis.com/en/tournament/j60-santa-tecla/esa/2026/j-j60-esa-2026-002/draws-and-results/","Encontrado na ITF; leitura do draw de duplas: ITF API: derrota encontrada."
"mateo-gutierrez","Mateo Gutierrez","Singles","J60 Santa Tecla","J60","2026-05-18","2026-05-23","Eliminado","R32","","https://www.itftennis.com/en/tournament/j60-santa-tecla/esa/2026/j-j60-esa-2026-002/draws-and-results/","Encontrado na ITF (MD); leitura do draw: ITF API: derrota encontrada."
"matias-quintero-tobon","Matias Quintero Tobon","Doubles","J60 Santa Tecla","J60","2026-05-18","2026-05-23","Ativo","W","","https://www.itftennis.com/en/tournament/j60-santa-tecla/esa/2026/j-j60-esa-2026-002/draws-and-results/","Encontrado na ITF; leitura do draw de duplas: ITF API: vitoria encontrada."
"matias-quintero-tobon","Matias Quintero Tobon","Singles","J60 Santa Tecla","J60","2026-05-18","2026-05-23","Eliminado","R64","","https://www.itftennis.com/en/tournament/j60-santa-tecla/esa/2026/j-j60-esa-2026-002/draws-and-results/","Encontrado na ITF (MD); leitura do draw: ITF API: derrota encontrada."
"mauricio-budge","Mauricio Budge","Doubles","J60 Santa Tecla","J60","2026-05-18","2026-05-23","Eliminado","QF","","https://www.itftennis.com/en/tournament/j60-santa-tecla/esa/2026/j-j60-esa-2026-002/draws-and-results/","Encontrado na ITF; leitura do draw de duplas: ITF API: derrota encontrada."
"mauricio-budge","Mauricio Budge","Singles","J60 Santa Tecla","J60","2026-05-18","2026-05-23","Eliminado","R32","","https://www.itftennis.com/en/tournament/j60-santa-tecla/esa/2026/j-j60-esa-2026-002/draws-and-results/","Encontrado na ITF (MD); leitura do draw: ITF API: derrota encontrada."
"mildalyn-daguilar","Mildalyn D'aguilar","Doubles","J60 Santa Tecla","J60","2026-05-18","2026-05-23","Eliminado","F","","https://www.itftennis.com/en/tournament/j60-santa-tecla/esa/2026/j-j60-esa-2026-002/draws-and-results/","Encontrado na ITF; leitura do draw de duplas: ITF API: derrota encontrada."
"mildalyn-daguilar","Mildalyn D'aguilar","Singles","J60 Santa Tecla","J60","2026-05-18","2026-05-23","Eliminado","SF","","https://www.itftennis.com/en/tournament/j60-santa-tecla/esa/2026/j-j60-esa-2026-002/draws-and-results/","Encontrado na ITF (MD); leitura do draw: ITF API: derrota encontrada."
"nicolas-aguiar","Nicolas Aguiar","Doubles","J60 Santa Tecla","J60","2026-05-18","2026-05-23","Eliminado","SF","","https://www.itftennis.com/en/tournament/j60-santa-tecla/esa/2026/j-j60-esa-2026-002/draws-and-results/","Encontrado na ITF; leitura do draw de duplas: ITF API: derrota encontrada."
"nicolas-aguiar","Nicolas Aguiar","Singles","J60 Santa Tecla","J60","2026-05-18","2026-05-23","Eliminado","R64","","https://www.itftennis.com/en/tournament/j60-santa-tecla/esa/2026/j-j60-esa-2026-002/draws-and-results/","Encontrado na ITF (MD); leitura do draw: ITF API: derrota encontrada."
"nicolas-moravec","Nicolas Moravec","Doubles","J60 Santa Tecla","J60","2026-05-18","2026-05-23","Eliminado","F","","https://www.itftennis.com/en/tournament/j60-santa-tecla/esa/2026/j-j60-esa-2026-002/draws-and-results/","Encontrado na ITF; leitura do draw de duplas: ITF API: derrota encontrada."
"nicolas-moravec","Nicolas Moravec","Singles","J60 Santa Tecla","J60","2026-05-18","2026-05-23","Eliminado","R32","","https://www.itftennis.com/en/tournament/j60-santa-tecla/esa/2026/j-j60-esa-2026-002/draws-and-results/","Encontrado na ITF (MD); leitura do draw: ITF API: derrota encontrada."
"paola-esperanza","Paola Esperanza","Doubles","J60 Santa Tecla","J60","2026-05-18","2026-05-23","Eliminado","QF","","https://www.itftennis.com/en/tournament/j60-santa-tecla/esa/2026/j-j60-esa-2026-002/draws-and-results/","Encontrado na ITF; leitura do draw de duplas: ITF API: derrota encontrada."
"paola-esperanza","Paola Esperanza","Singles","J60 Santa Tecla","J60","2026-05-18","2026-05-23","Eliminado","R32","","https://www.itftennis.com/en/tournament/j60-santa-tecla/esa/2026/j-j60-esa-2026-002/draws-and-results/","Encontrado na ITF (MD); leitura do draw: ITF API: derrota encontrada."
"paolo-gonzalez-constantino","PAOLO GONZALEZ CONSTANTINO","Doubles","J60 Santa Tecla","J60","2026-05-18","2026-05-23","Eliminado","R32","","https://www.itftennis.com/en/tournament/j60-santa-tecla/esa/2026/j-j60-esa-2026-002/draws-and-results/","Encontrado na ITF; leitura do draw de duplas: ITF API: derrota encontrada."
"paolo-gonzalez-constantino","PAOLO GONZALEZ CONSTANTINO","Singles","J60 Santa Tecla","J60","2026-05-18","2026-05-23","Eliminado","SF","","https://www.itftennis.com/en/tournament/j60-santa-tecla/esa/2026/j-j60-esa-2026-002/draws-and-results/","Encontrado na ITF (MD); leitura do draw: ITF API: derrota encontrada."
"paulina-herrera","Paulina Herrera","Singles","J60 Santa Tecla","J60","2026-05-18","2026-05-23","Eliminado","R64","","https://www.itftennis.com/en/tournament/j60-santa-tecla/esa/2026/j-j60-esa-2026-002/draws-and-results/","Encontrado na ITF (MD); leitura do draw: ITF API: derrota encontrada."
"peter-nistad","Peter Nistad","Doubles","J60 Santa Tecla","J60","2026-05-18","2026-05-23","Eliminado","SF","","https://www.itftennis.com/en/tournament/j60-santa-tecla/esa/2026/j-j60-esa-2026-002/draws-and-results/","Encontrado na ITF; leitura do draw de duplas: ITF API: derrota encontrada."
"peter-nistad","Peter Nistad","Singles","J60 Santa Tecla","J60","2026-05-18","2026-05-23","Eliminado","QF","","https://www.itftennis.com/en/tournament/j60-santa-tecla/esa/2026/j-j60-esa-2026-002/draws-and-results/","Encontrado na ITF (MD); leitura do draw: ITF API: derrota encontrada."
"ron-teremi","Ron Teremi","Doubles","J60 Santa Tecla","J60","2026-05-18","2026-05-23","Eliminado","R32","","https://www.itftennis.com/en/tournament/j60-santa-tecla/esa/2026/j-j60-esa-2026-002/draws-and-results/","Encontrado na ITF; leitura do draw de duplas: ITF API: derrota encontrada."
"ron-teremi","Ron Teremi","Singles","J60 Santa Tecla","J60","2026-05-18","2026-05-23","Eliminado","Q2","","https://www.itftennis.com/en/tournament/j60-santa-tecla/esa/2026/j-j60-esa-2026-002/draws-and-results/","Encontrado na ITF (MD); leitura do draw: ITF API: derrota encontrada."
"rushikesh-sonawane","Rushikesh Sonawane","Doubles","J60 Santa Tecla","J60","2026-05-18","2026-05-23","Eliminado","R32","","https://www.itftennis.com/en/tournament/j60-santa-tecla/esa/2026/j-j60-esa-2026-002/draws-and-results/","Encontrado na ITF; leitura do draw de duplas: ITF API: derrota encontrada."
"rushikesh-sonawane","Rushikesh Sonawane","Singles","J60 Santa Tecla","J60","2026-05-18","2026-05-23","Eliminado","R64","","https://www.itftennis.com/en/tournament/j60-santa-tecla/esa/2026/j-j60-esa-2026-002/draws-and-results/","Encontrado na ITF (MD); leitura do draw: ITF API: derrota encontrada."
"sandra-victoria-talamo-pinto","Sandra Victoria Talamo Pinto","Doubles","J60 Santa Tecla","J60","2026-05-18","2026-05-23","Ativo","W","","https://www.itftennis.com/en/tournament/j60-santa-tecla/esa/2026/j-j60-esa-2026-002/draws-and-results/","Encontrado na ITF; leitura do draw de duplas: ITF API: vitoria encontrada."
"sandra-victoria-talamo-pinto","Sandra Victoria Talamo Pinto","Singles","J60 Santa Tecla","J60","2026-05-18","2026-05-23","Eliminado","QF","","https://www.itftennis.com/en/tournament/j60-santa-tecla/esa/2026/j-j60-esa-2026-002/draws-and-results/","Encontrado na ITF (MD); leitura do draw: ITF API: derrota encontrada."
"santiago-farias","Santiago Farias","Singles","J60 Santa Tecla","J60","2026-05-18","2026-05-23","Eliminado","Q2","","https://www.itftennis.com/en/tournament/j60-santa-tecla/esa/2026/j-j60-esa-2026-002/draws-and-results/","Encontrado na ITF (Q); leitura do draw: ITF API: derrota encontrada."
"sara-pena-rojas","Sara Peña Rojas","Doubles","J60 Santa Tecla","J60","2026-05-18","2026-05-23","Eliminado","SF","","https://www.itftennis.com/en/tournament/j60-santa-tecla/esa/2026/j-j60-esa-2026-002/draws-and-results/","Encontrado na ITF; leitura do draw de duplas: ITF API: derrota encontrada."
"sara-pena-rojas","Sara Peña Rojas","Singles","J60 Santa Tecla","J60","2026-05-18","2026-05-23","Eliminado","R32","","https://www.itftennis.com/en/tournament/j60-santa-tecla/esa/2026/j-j60-esa-2026-002/draws-and-results/","Encontrado na ITF (MD); leitura do draw: ITF API: derrota encontrada."
"sebastian-diaz","Sebastian Diaz","Doubles","J60 Santa Tecla","J60","2026-05-18","2026-05-23","Eliminado","R32","","https://www.itftennis.com/en/tournament/j60-santa-tecla/esa/2026/j-j60-esa-2026-002/draws-and-results/","Encontrado na ITF; leitura do draw de duplas: ITF API: derrota encontrada."
"sebastian-diaz","Sebastian Diaz","Singles","J60 Santa Tecla","J60","2026-05-18","2026-05-23","Eliminado","R64","","https://www.itftennis.com/en/tournament/j60-santa-tecla/esa/2026/j-j60-esa-2026-002/draws-and-results/","Encontrado na ITF (MD); leitura do draw: ITF API: derrota encontrada."
"sebastian-gonzalez","Sebastian Gonzalez","Singles","J60 Santa Tecla","J60","2026-05-18","2026-05-23","Eliminado","R64","","https://www.itftennis.com/en/tournament/j60-santa-tecla/esa/2026/j-j60-esa-2026-002/draws-and-results/","Encontrado na ITF (MD); leitura do draw: ITF API: derrota encontrada."
"sebastian-soto-ochoa","Sebastian Soto Ochoa","Singles","J60 Santa Tecla","J60","2026-05-18","2026-05-23","Eliminado","Q2","","https://www.itftennis.com/en/tournament/j60-santa-tecla/esa/2026/j-j60-esa-2026-002/draws-and-results/","Encontrado na ITF (Q); leitura do draw: ITF API: derrota encontrada."
"sofia-ines-alvarez-monterroso","Sofia Ines Alvarez Monterroso","Doubles","J60 Santa Tecla","J60","2026-05-18","2026-05-23","Eliminado","SF","","https://www.itftennis.com/en/tournament/j60-santa-tecla/esa/2026/j-j60-esa-2026-002/draws-and-results/","Encontrado na ITF; leitura do draw de duplas: ITF API: derrota encontrada."
"sofia-ines-alvarez-monterroso","Sofia Ines Alvarez Monterroso","Singles","J60 Santa Tecla","J60","2026-05-18","2026-05-23","Eliminado","R32","","https://www.itftennis.com/en/tournament/j60-santa-tecla/esa/2026/j-j60-esa-2026-002/draws-and-results/","Encontrado na ITF (MD); leitura do draw: ITF API: derrota encontrada."
"sofia-mills","Sofia Mills","Doubles","J60 Santa Tecla","J60","2026-05-18","2026-05-23","Eliminado","F","","https://www.itftennis.com/en/tournament/j60-santa-tecla/esa/2026/j-j60-esa-2026-002/draws-and-results/","Encontrado na ITF; leitura do draw de duplas: ITF API: derrota encontrada."
"sofia-mills","Sofia Mills","Singles","J60 Santa Tecla","J60","2026-05-18","2026-05-23","Eliminado","QF","","https://www.itftennis.com/en/tournament/j60-santa-tecla/esa/2026/j-j60-esa-2026-002/draws-and-results/","Encontrado na ITF (MD); leitura do draw: ITF API: derrota encontrada."
"sofia-tejada","Sofia Tejada","Doubles","J60 Santa Tecla","J60","2026-05-18","2026-05-23","Eliminado","SF","","https://www.itftennis.com/en/tournament/j60-santa-tecla/esa/2026/j-j60-esa-2026-002/draws-and-results/","Encontrado na ITF; leitura do draw de duplas: ITF API: derrota encontrada."
"sofia-tejada","Sofia Tejada","Singles","J60 Santa Tecla","J60","2026-05-18","2026-05-23","Eliminado","QF","","https://www.itftennis.com/en/tournament/j60-santa-tecla/esa/2026/j-j60-esa-2026-002/draws-and-results/","Encontrado na ITF (MD); leitura do draw: ITF API: derrota encontrada."
"srishti-kiran","SRISHTI KIRAN","Doubles","J60 Santa Tecla","J60","2026-05-18","2026-05-23","Eliminado","QF","","https://www.itftennis.com/en/tournament/j60-santa-tecla/esa/2026/j-j60-esa-2026-002/draws-and-results/","Encontrado na ITF; leitura do draw de duplas: ITF API: derrota encontrada."
"srishti-kiran","SRISHTI KIRAN","Singles","J60 Santa Tecla","J60","2026-05-18","2026-05-23","Ativo","W","","https://www.itftennis.com/en/tournament/j60-santa-tecla/esa/2026/j-j60-esa-2026-002/draws-and-results/","Encontrado na ITF (MD); leitura do draw: ITF API: vitoria encontrada."
"thomas-oneill","Thomas O'Neill","Doubles","J60 Santa Tecla","J60","2026-05-18","2026-05-23","Eliminado","QF","","https://www.itftennis.com/en/tournament/j60-santa-tecla/esa/2026/j-j60-esa-2026-002/draws-and-results/","Encontrado na ITF; leitura do draw de duplas: ITF API: derrota encontrada."
"thomas-oneill","Thomas O'Neill","Singles","J60 Santa Tecla","J60","2026-05-18","2026-05-23","Eliminado","F","","https://www.itftennis.com/en/tournament/j60-santa-tecla/esa/2026/j-j60-esa-2026-002/draws-and-results/","Encontrado na ITF (MD); leitura do draw: ITF API: derrota encontrada."
"valentina-fuentes-bigio","VALENTINA FUENTES BIGIO","Doubles","J60 Santa Tecla","J60","2026-05-18","2026-05-23","Eliminado","QF","","https://www.itftennis.com/en/tournament/j60-santa-tecla/esa/2026/j-j60-esa-2026-002/draws-and-results/","Encontrado na ITF; leitura do draw de duplas: ITF API: derrota encontrada."
"valentina-fuentes-bigio","VALENTINA FUENTES BIGIO","Singles","J60 Santa Tecla","J60","2026-05-18","2026-05-23","Eliminado","R32","","https://www.itftennis.com/en/tournament/j60-santa-tecla/esa/2026/j-j60-esa-2026-002/draws-and-results/","Encontrado na ITF (MD); leitura do draw: ITF API: derrota encontrada."
"alejandro-calles","Alejandro Calles","Doubles","J60 Villahermosa","J60","2026-05-18","2026-05-23","Eliminado","SF","","https://www.itftennis.com/en/tournament/j60-villahermosa/mex/2026/j-j60-mex-2026-006/draws-and-results/","Encontrado na ITF; leitura do draw de duplas: ITF API: derrota encontrada."
"alejandro-calles","Alejandro Calles","Singles","J60 Villahermosa","J60","2026-05-18","2026-05-23","Eliminado","R64","","https://www.itftennis.com/en/tournament/j60-villahermosa/mex/2026/j-j60-mex-2026-006/draws-and-results/","Encontrado na ITF (MD); leitura do draw: ITF API: derrota encontrada."
"amina-valdes","Amina Valdes","Doubles","J60 Villahermosa","J60","2026-05-18","2026-05-23","Eliminado","R32","","https://www.itftennis.com/en/tournament/j60-villahermosa/mex/2026/j-j60-mex-2026-006/draws-and-results/","Encontrado na ITF; leitura do draw de duplas: ITF API: derrota encontrada."
"amina-valdes","Amina Valdes","Singles","J60 Villahermosa","J60","2026-05-18","2026-05-23","Eliminado","R32","","https://www.itftennis.com/en/tournament/j60-villahermosa/mex/2026/j-j60-mex-2026-006/draws-and-results/","Encontrado na ITF (MD); leitura do draw: ITF API: derrota encontrada."
"ana-paula-avila-cabrera","Ana Paula Avila Cabrera","Doubles","J60 Villahermosa","J60","2026-05-18","2026-05-23","Eliminado","R32","","https://www.itftennis.com/en/tournament/j60-villahermosa/mex/2026/j-j60-mex-2026-006/draws-and-results/","Encontrado na ITF; leitura do draw de duplas: ITF API: derrota encontrada."
"ana-paula-avila-cabrera","Ana Paula Avila Cabrera","Singles","J60 Villahermosa","J60","2026-05-18","2026-05-23","Eliminado","R32","","https://www.itftennis.com/en/tournament/j60-villahermosa/mex/2026/j-j60-mex-2026-006/draws-and-results/","Encontrado na ITF (MD); leitura do draw: ITF API: derrota encontrada."
"anneliese-lezama-roesch","Anneliese Lezama Roesch","Doubles","J60 Villahermosa","J60","2026-05-18","2026-05-23","Eliminado","QF","","https://www.itftennis.com/en/tournament/j60-villahermosa/mex/2026/j-j60-mex-2026-006/draws-and-results/","Encontrado na ITF; leitura do draw de duplas: ITF API: derrota encontrada."
"anneliese-lezama-roesch","Anneliese Lezama Roesch","Singles","J60 Villahermosa","J60","2026-05-18","2026-05-23","Eliminado","R64","","https://www.itftennis.com/en/tournament/j60-villahermosa/mex/2026/j-j60-mex-2026-006/draws-and-results/","Encontrado na ITF (MD); leitura do draw: ITF API: derrota encontrada."
"antonio-jimenez","Antonio jimenez","Doubles","J60 Villahermosa","J60","2026-05-18","2026-05-23","Eliminado","R32","","https://www.itftennis.com/en/tournament/j60-villahermosa/mex/2026/j-j60-mex-2026-006/draws-and-results/","Encontrado na ITF; leitura do draw de duplas: ITF API: derrota encontrada."
"antonio-jimenez","Antonio jimenez","Singles","J60 Villahermosa","J60","2026-05-18","2026-05-23","Eliminado","R32","","https://www.itftennis.com/en/tournament/j60-villahermosa/mex/2026/j-j60-mex-2026-006/draws-and-results/","Encontrado na ITF (MD); leitura do draw: ITF API: derrota encontrada."
"barbara-banuelos-guillen","Barbara Banuelos Guillen","Doubles","J60 Villahermosa","J60","2026-05-18","2026-05-23","Eliminado","R32","","https://www.itftennis.com/en/tournament/j60-villahermosa/mex/2026/j-j60-mex-2026-006/draws-and-results/","Encontrado na ITF; leitura do draw de duplas: ITF API: derrota encontrada."
"barbara-banuelos-guillen","Barbara Banuelos Guillen","Singles","J60 Villahermosa","J60","2026-05-18","2026-05-23","Eliminado","R64","","https://www.itftennis.com/en/tournament/j60-villahermosa/mex/2026/j-j60-mex-2026-006/draws-and-results/","Encontrado na ITF (MD); leitura do draw: ITF API: derrota encontrada."
"brenda-montalvo","Brenda Montalvo","Doubles","J60 Villahermosa","J60","2026-05-18","2026-05-23","Eliminado","QF","","https://www.itftennis.com/en/tournament/j60-villahermosa/mex/2026/j-j60-mex-2026-006/draws-and-results/","Encontrado na ITF; leitura do draw de duplas: ITF API: derrota encontrada."
"brenda-montalvo","Brenda Montalvo","Singles","J60 Villahermosa","J60","2026-05-18","2026-05-23","Eliminado","R64","","https://www.itftennis.com/en/tournament/j60-villahermosa/mex/2026/j-j60-mex-2026-006/draws-and-results/","Encontrado na ITF (MD); leitura do draw: ITF API: derrota encontrada."
"bruno-gonzalez-rosales","Bruno Gonzalez Rosales","Doubles","J60 Villahermosa","J60","2026-05-18","2026-05-23","Eliminado","R32","","https://www.itftennis.com/en/tournament/j60-villahermosa/mex/2026/j-j60-mex-2026-006/draws-and-results/","Encontrado na ITF; leitura do draw de duplas: ITF API: derrota encontrada."
"bruno-gonzalez-rosales","Bruno Gonzalez Rosales","Singles","J60 Villahermosa","J60","2026-05-18","2026-05-23","Eliminado","R64","","https://www.itftennis.com/en/tournament/j60-villahermosa/mex/2026/j-j60-mex-2026-006/draws-and-results/","Encontrado na ITF (MD); leitura do draw: ITF API: derrota encontrada."
"dan-schwartz","Dan Schwartz","Doubles","J60 Villahermosa","J60","2026-05-18","2026-05-23","Eliminado","R32","","https://www.itftennis.com/en/tournament/j60-villahermosa/mex/2026/j-j60-mex-2026-006/draws-and-results/","Encontrado na ITF; leitura do draw de duplas: ITF API: derrota encontrada."
"dan-schwartz","Dan Schwartz","Singles","J60 Villahermosa","J60","2026-05-18","2026-05-23","Eliminado","R64","","https://www.itftennis.com/en/tournament/j60-villahermosa/mex/2026/j-j60-mex-2026-006/draws-and-results/","Encontrado na ITF (MD); leitura do draw: ITF API: derrota encontrada."
"daniela-duran-arce","DANIELA DURAN ARCE","Doubles","J60 Villahermosa","J60","2026-05-18","2026-05-23","Eliminado","R32","","https://www.itftennis.com/en/tournament/j60-villahermosa/mex/2026/j-j60-mex-2026-006/draws-and-results/","Encontrado na ITF; leitura do draw de duplas: ITF API: derrota encontrada."
"daniela-duran-arce","DANIELA DURAN ARCE","Singles","J60 Villahermosa","J60","2026-05-18","2026-05-23","Eliminado","R32","","https://www.itftennis.com/en/tournament/j60-villahermosa/mex/2026/j-j60-mex-2026-006/draws-and-results/","Encontrado na ITF (MD); leitura do draw: ITF API: derrota encontrada."
"emmanuel-martinez-reza","Emmanuel Martinez Reza","Singles","J60 Villahermosa","J60","2026-05-18","2026-05-23","Eliminado","R64","","https://www.itftennis.com/en/tournament/j60-villahermosa/mex/2026/j-j60-mex-2026-006/draws-and-results/","Encontrado na ITF (MD); leitura do draw: ITF API: derrota encontrada."
"enrique-fuentes","Enrique Fuentes","Doubles","J60 Villahermosa","J60","2026-05-18","2026-05-23","Eliminado","QF","","https://www.itftennis.com/en/tournament/j60-villahermosa/mex/2026/j-j60-mex-2026-006/draws-and-results/","Encontrado na ITF; leitura do draw de duplas: ITF API: derrota encontrada."
"enrique-fuentes","Enrique Fuentes","Singles","J60 Villahermosa","J60","2026-05-18","2026-05-23","Eliminado","R64","","https://www.itftennis.com/en/tournament/j60-villahermosa/mex/2026/j-j60-mex-2026-006/draws-and-results/","Encontrado na ITF (MD); leitura do draw: ITF API: derrota encontrada."
"erik-yael-alday-morales","Erik Yael Alday Morales","Doubles","J60 Villahermosa","J60","2026-05-18","2026-05-23","Eliminado","R32","","https://www.itftennis.com/en/tournament/j60-villahermosa/mex/2026/j-j60-mex-2026-006/draws-and-results/","Encontrado na ITF; leitura do draw de duplas: ITF API: derrota encontrada."
"erik-yael-alday-morales","Erik Yael Alday Morales","Singles","J60 Villahermosa","J60","2026-05-18","2026-05-23","Eliminado","R32","","https://www.itftennis.com/en/tournament/j60-villahermosa/mex/2026/j-j60-mex-2026-006/draws-and-results/","Encontrado na ITF (MD); leitura do draw: ITF API: derrota encontrada."
"eva-ramos","Eva Ramos","Doubles","J60 Villahermosa","J60","2026-05-18","2026-05-23","Eliminado","R32","","https://www.itftennis.com/en/tournament/j60-villahermosa/mex/2026/j-j60-mex-2026-006/draws-and-results/","Encontrado na ITF; leitura do draw de duplas: ITF API: derrota encontrada."
"eva-ramos","Eva Ramos","Singles","J60 Villahermosa","J60","2026-05-18","2026-05-23","Eliminado","R64","","https://www.itftennis.com/en/tournament/j60-villahermosa/mex/2026/j-j60-mex-2026-006/draws-and-results/","Encontrado na ITF (MD); leitura do draw: ITF API: derrota encontrada."
"fernanda-gutierrez-perez","Fernanda Gutierrez Perez","Doubles","J60 Villahermosa","J60","2026-05-18","2026-05-23","Eliminado","SF","","https://www.itftennis.com/en/tournament/j60-villahermosa/mex/2026/j-j60-mex-2026-006/draws-and-results/","Encontrado na ITF; leitura do draw de duplas: ITF API: derrota encontrada."
"fernanda-gutierrez-perez","Fernanda Gutierrez Perez","Singles","J60 Villahermosa","J60","2026-05-18","2026-05-23","Eliminado","SF","","https://www.itftennis.com/en/tournament/j60-villahermosa/mex/2026/j-j60-mex-2026-006/draws-and-results/","Encontrado na ITF (MD); leitura do draw: ITF API: derrota encontrada."
"fernando-saravia-gandara","Fernando Saravia Gandara","Doubles","J60 Villahermosa","J60","2026-05-18","2026-05-23","Eliminado","F","","https://www.itftennis.com/en/tournament/j60-villahermosa/mex/2026/j-j60-mex-2026-006/draws-and-results/","Encontrado na ITF; leitura do draw de duplas: ITF API: derrota encontrada."
"fernando-saravia-gandara","Fernando Saravia Gandara","Singles","J60 Villahermosa","J60","2026-05-18","2026-05-23","Eliminado","R64","","https://www.itftennis.com/en/tournament/j60-villahermosa/mex/2026/j-j60-mex-2026-006/draws-and-results/","Encontrado na ITF (MD); leitura do draw: ITF API: derrota encontrada."
"galia-garcia-anzures","Galia Garcia Anzures","Doubles","J60 Villahermosa","J60","2026-05-18","2026-05-23","Eliminado","SF","","https://www.itftennis.com/en/tournament/j60-villahermosa/mex/2026/j-j60-mex-2026-006/draws-and-results/","Encontrado na ITF; leitura do draw de duplas: ITF API: derrota encontrada."
"galia-garcia-anzures","Galia Garcia Anzures","Singles","J60 Villahermosa","J60","2026-05-18","2026-05-23","Eliminado","QF","","https://www.itftennis.com/en/tournament/j60-villahermosa/mex/2026/j-j60-mex-2026-006/draws-and-results/","Encontrado na ITF (MD); leitura do draw: ITF API: derrota encontrada."
"gustavo-v-rico","Gustavo V Rico","Singles","J60 Villahermosa","J60","2026-05-18","2026-05-23","Eliminado","R64","","https://www.itftennis.com/en/tournament/j60-villahermosa/mex/2026/j-j60-mex-2026-006/draws-and-results/","Encontrado na ITF (MD); leitura do draw: ITF API: derrota encontrada."
"harold-ronaldo-andre-cotom-hidalgo","Harold Ronaldo Andre Cotom Hidalgo","Doubles","J60 Villahermosa","J60","2026-05-18","2026-05-23","Eliminado","F","","https://www.itftennis.com/en/tournament/j60-villahermosa/mex/2026/j-j60-mex-2026-006/draws-and-results/","Encontrado na ITF; leitura do draw de duplas: ITF API: derrota encontrada."
"harold-ronaldo-andre-cotom-hidalgo","Harold Ronaldo Andre Cotom Hidalgo","Singles","J60 Villahermosa","J60","2026-05-18","2026-05-23","Eliminado","F","","https://www.itftennis.com/en/tournament/j60-villahermosa/mex/2026/j-j60-mex-2026-006/draws-and-results/","Encontrado na ITF (MD); leitura do draw: ITF API: derrota encontrada."
"ia-reyes-romero","Ia Reyes Romero","Doubles","J60 Villahermosa","J60","2026-05-18","2026-05-23","Eliminado","SF","","https://www.itftennis.com/en/tournament/j60-villahermosa/mex/2026/j-j60-mex-2026-006/draws-and-results/","Encontrado na ITF; leitura do draw de duplas: ITF API: derrota encontrada."
"ia-reyes-romero","Ia Reyes Romero","Singles","J60 Villahermosa","J60","2026-05-18","2026-05-23","Eliminado","QF","","https://www.itftennis.com/en/tournament/j60-villahermosa/mex/2026/j-j60-mex-2026-006/draws-and-results/","Encontrado na ITF (MD); leitura do draw: ITF API: derrota encontrada."
"jaime-gomez-lopez","Jaime Gomez Lopez","Doubles","J60 Villahermosa","J60","2026-05-18","2026-05-23","Ativo","W","","https://www.itftennis.com/en/tournament/j60-villahermosa/mex/2026/j-j60-mex-2026-006/draws-and-results/","Encontrado na ITF; leitura do draw de duplas: ITF API: vitoria encontrada."
"jaime-gomez-lopez","Jaime Gomez Lopez","Singles","J60 Villahermosa","J60","2026-05-18","2026-05-23","Eliminado","SF","","https://www.itftennis.com/en/tournament/j60-villahermosa/mex/2026/j-j60-mex-2026-006/draws-and-results/","Encontrado na ITF (MD); leitura do draw: ITF API: derrota encontrada."
"juan-manuel-aramburo-garcia","Juan Manuel Aramburo Garcia","Doubles","J60 Villahermosa","J60","2026-05-18","2026-05-23","Eliminado","R32","","https://www.itftennis.com/en/tournament/j60-villahermosa/mex/2026/j-j60-mex-2026-006/draws-and-results/","Encontrado na ITF; leitura do draw de duplas: ITF API: derrota encontrada."
"juan-manuel-aramburo-garcia","Juan Manuel Aramburo Garcia","Singles","J60 Villahermosa","J60","2026-05-18","2026-05-23","Eliminado","R64","","https://www.itftennis.com/en/tournament/j60-villahermosa/mex/2026/j-j60-mex-2026-006/draws-and-results/","Encontrado na ITF (MD); leitura do draw: ITF API: derrota encontrada."
"juan-manuel-ascencion","Juan Manuel Ascencion","Doubles","J60 Villahermosa","J60","2026-05-18","2026-05-23","Eliminado","R32","","https://www.itftennis.com/en/tournament/j60-villahermosa/mex/2026/j-j60-mex-2026-006/draws-and-results/","Encontrado na ITF; leitura do draw de duplas: ITF API: derrota encontrada."
"juan-manuel-ascencion","Juan Manuel Ascencion","Singles","J60 Villahermosa","J60","2026-05-18","2026-05-23","Ativo","W","","https://www.itftennis.com/en/tournament/j60-villahermosa/mex/2026/j-j60-mex-2026-006/draws-and-results/","Encontrado na ITF (MD); leitura do draw: ITF API: vitoria encontrada."
"juliana-hernandez-flores","Juliana Hernandez Flores","Doubles","J60 Villahermosa","J60","2026-05-18","2026-05-23","Eliminado","QF","","https://www.itftennis.com/en/tournament/j60-villahermosa/mex/2026/j-j60-mex-2026-006/draws-and-results/","Encontrado na ITF; leitura do draw de duplas: ITF API: derrota encontrada."
"juliana-hernandez-flores","Juliana Hernandez Flores","Singles","J60 Villahermosa","J60","2026-05-18","2026-05-23","Eliminado","R32","","https://www.itftennis.com/en/tournament/j60-villahermosa/mex/2026/j-j60-mex-2026-006/draws-and-results/","Encontrado na ITF (MD); leitura do draw: ITF API: derrota encontrada."
"katherine-marifer-torres-lopez","Katherine Marifer Torres Lopez","Doubles","J60 Villahermosa","J60","2026-05-18","2026-05-23","Eliminado","R32","","https://www.itftennis.com/en/tournament/j60-villahermosa/mex/2026/j-j60-mex-2026-006/draws-and-results/","Encontrado na ITF; leitura do draw de duplas: ITF API: derrota encontrada."
"katherine-marifer-torres-lopez","Katherine Marifer Torres Lopez","Singles","J60 Villahermosa","J60","2026-05-18","2026-05-23","Eliminado","R64","","https://www.itftennis.com/en/tournament/j60-villahermosa/mex/2026/j-j60-mex-2026-006/draws-and-results/","Encontrado na ITF (MD); leitura do draw: ITF API: derrota encontrada."
"leonardo-calles-salinas","Leonardo Calles Salinas","Doubles","J60 Villahermosa","J60","2026-05-18","2026-05-23","Eliminado","R32","","https://www.itftennis.com/en/tournament/j60-villahermosa/mex/2026/j-j60-mex-2026-006/draws-and-results/","Encontrado na ITF; leitura do draw de duplas: ITF API: derrota encontrada."
"leonardo-calles-salinas","Leonardo Calles Salinas","Singles","J60 Villahermosa","J60","2026-05-18","2026-05-23","Eliminado","QF","","https://www.itftennis.com/en/tournament/j60-villahermosa/mex/2026/j-j60-mex-2026-006/draws-and-results/","Encontrado na ITF (MD); leitura do draw: ITF API: derrota encontrada."
"leonardo-juarez-magana","Leonardo Juarez Magana","Doubles","J60 Villahermosa","J60","2026-05-18","2026-05-23","Eliminado","R32","","https://www.itftennis.com/en/tournament/j60-villahermosa/mex/2026/j-j60-mex-2026-006/draws-and-results/","Encontrado na ITF; leitura do draw de duplas: ITF API: derrota encontrada."
"lorenzo-garcia-uribe","Lorenzo Garcia Uribe","Doubles","J60 Villahermosa","J60","2026-05-18","2026-05-23","Eliminado","R32","","https://www.itftennis.com/en/tournament/j60-villahermosa/mex/2026/j-j60-mex-2026-006/draws-and-results/","Encontrado na ITF; leitura do draw de duplas: ITF API: derrota encontrada."
"lorenzo-garcia-uribe","Lorenzo Garcia Uribe","Singles","J60 Villahermosa","J60","2026-05-18","2026-05-23","Eliminado","R32","","https://www.itftennis.com/en/tournament/j60-villahermosa/mex/2026/j-j60-mex-2026-006/draws-and-results/","Encontrado na ITF (MD); leitura do draw: ITF API: derrota encontrada."
"luciana-ramirez-rosales","Luciana Ramirez Rosales","Doubles","J60 Villahermosa","J60","2026-05-18","2026-05-23","Eliminado","SF","","https://www.itftennis.com/en/tournament/j60-villahermosa/mex/2026/j-j60-mex-2026-006/draws-and-results/","Encontrado na ITF; leitura do draw de duplas: ITF API: derrota encontrada."
"luciana-ramirez-rosales","Luciana Ramirez Rosales","Singles","J60 Villahermosa","J60","2026-05-18","2026-05-23","Eliminado","R32","","https://www.itftennis.com/en/tournament/j60-villahermosa/mex/2026/j-j60-mex-2026-006/draws-and-results/","Encontrado na ITF (MD); leitura do draw: ITF API: derrota encontrada."
"luis-ahrens","Luis Ahrens","Doubles","J60 Villahermosa","J60","2026-05-18","2026-05-23","Eliminado","QF","","https://www.itftennis.com/en/tournament/j60-villahermosa/mex/2026/j-j60-mex-2026-006/draws-and-results/","Encontrado na ITF; leitura do draw de duplas: ITF API: derrota encontrada."
"luis-manuel-abella-alcalde","Luis Manuel Abella Alcalde","Doubles","J60 Villahermosa","J60","2026-05-18","2026-05-23","Eliminado","QF","","https://www.itftennis.com/en/tournament/j60-villahermosa/mex/2026/j-j60-mex-2026-006/draws-and-results/","Encontrado na ITF; leitura do draw de duplas: ITF API: derrota encontrada."
"luis-manuel-abella-alcalde","Luis Manuel Abella Alcalde","Singles","J60 Villahermosa","J60","2026-05-18","2026-05-23","Eliminado","R64","","https://www.itftennis.com/en/tournament/j60-villahermosa/mex/2026/j-j60-mex-2026-006/draws-and-results/","Encontrado na ITF (MD); leitura do draw: ITF API: derrota encontrada."
"macario-reyna","Macario Reyna","Doubles","J60 Villahermosa","J60","2026-05-18","2026-05-23","Eliminado","R32","","https://www.itftennis.com/en/tournament/j60-villahermosa/mex/2026/j-j60-mex-2026-006/draws-and-results/","Encontrado na ITF; leitura do draw de duplas: ITF API: derrota encontrada."
"macario-reyna","Macario Reyna","Singles","J60 Villahermosa","J60","2026-05-18","2026-05-23","Eliminado","R32","","https://www.itftennis.com/en/tournament/j60-villahermosa/mex/2026/j-j60-mex-2026-006/draws-and-results/","Encontrado na ITF (MD); leitura do draw: ITF API: derrota encontrada."
"marcelo-gonzalez-salinas","Marcelo Gonzalez Salinas","Doubles","J60 Villahermosa","J60","2026-05-18","2026-05-23","Eliminado","R32","","https://www.itftennis.com/en/tournament/j60-villahermosa/mex/2026/j-j60-mex-2026-006/draws-and-results/","Encontrado na ITF; leitura do draw de duplas: ITF API: derrota encontrada."
"marcelo-gonzalez-salinas","Marcelo Gonzalez Salinas","Singles","J60 Villahermosa","J60","2026-05-18","2026-05-23","Eliminado","R64","","https://www.itftennis.com/en/tournament/j60-villahermosa/mex/2026/j-j60-mex-2026-006/draws-and-results/","Encontrado na ITF (MD); leitura do draw: ITF API: derrota encontrada."
"maria-fernanda-martinez-herrera","Maria Fernanda Martinez Herrera","Singles","J60 Villahermosa","J60","2026-05-18","2026-05-23","Eliminado","Q2","","https://www.itftennis.com/en/tournament/j60-villahermosa/mex/2026/j-j60-mex-2026-006/draws-and-results/","Encontrado na ITF (Q); leitura do draw: ITF API: derrota encontrada."
"maria-jose-chavez-quintero","Maria Jose Chavez Quintero","Singles","J60 Villahermosa","J60","2026-05-18","2026-05-23","Eliminado","Q2","","https://www.itftennis.com/en/tournament/j60-villahermosa/mex/2026/j-j60-mex-2026-006/draws-and-results/","Encontrado na ITF (Q); leitura do draw: ITF API: derrota encontrada."
"maribel-aguilar-gasperin","Maribel Aguilar Gasperin","Doubles","J60 Villahermosa","J60","2026-05-18","2026-05-23","Ativo","W","","https://www.itftennis.com/en/tournament/j60-villahermosa/mex/2026/j-j60-mex-2026-006/draws-and-results/","Encontrado na ITF; leitura do draw de duplas: ITF API: vitoria encontrada."
"maribel-aguilar-gasperin","Maribel Aguilar Gasperin","Singles","J60 Villahermosa","J60","2026-05-18","2026-05-23","Eliminado","QF","","https://www.itftennis.com/en/tournament/j60-villahermosa/mex/2026/j-j60-mex-2026-006/draws-and-results/","Encontrado na ITF (MD); leitura do draw: ITF API: derrota encontrada."
"marissa-rios","Marissa Rios","Doubles","J60 Villahermosa","J60","2026-05-18","2026-05-23","Eliminado","R32","","https://www.itftennis.com/en/tournament/j60-villahermosa/mex/2026/j-j60-mex-2026-006/draws-and-results/","Encontrado na ITF; leitura do draw de duplas: ITF API: derrota encontrada."
"marissa-rios","Marissa Rios","Singles","J60 Villahermosa","J60","2026-05-18","2026-05-23","Eliminado","R64","","https://www.itftennis.com/en/tournament/j60-villahermosa/mex/2026/j-j60-mex-2026-006/draws-and-results/","Encontrado na ITF (MD); leitura do draw: ITF API: derrota encontrada."
"matteo-limones-munoz","Matteo Limones Munoz","Doubles","J60 Villahermosa","J60","2026-05-18","2026-05-23","Eliminado","R32","","https://www.itftennis.com/en/tournament/j60-villahermosa/mex/2026/j-j60-mex-2026-006/draws-and-results/","Encontrado na ITF; leitura do draw de duplas: ITF API: derrota encontrada."
"matteo-limones-munoz","Matteo Limones Munoz","Singles","J60 Villahermosa","J60","2026-05-18","2026-05-23","Eliminado","R64","","https://www.itftennis.com/en/tournament/j60-villahermosa/mex/2026/j-j60-mex-2026-006/draws-and-results/","Encontrado na ITF (MD); leitura do draw: ITF API: derrota encontrada."
"mauricio-rosique-nadal","Mauricio Rosique Nadal","Doubles","J60 Villahermosa","J60","2026-05-18","2026-05-23","Eliminado","R32","","https://www.itftennis.com/en/tournament/j60-villahermosa/mex/2026/j-j60-mex-2026-006/draws-and-results/","Encontrado na ITF; leitura do draw de duplas: ITF API: derrota encontrada."
"mauricio-sala","Mauricio Sala","Doubles","J60 Villahermosa","J60","2026-05-18","2026-05-23","Eliminado","QF","","https://www.itftennis.com/en/tournament/j60-villahermosa/mex/2026/j-j60-mex-2026-006/draws-and-results/","Encontrado na ITF; leitura do draw de duplas: ITF API: derrota encontrada."
"mauricio-sala","Mauricio Sala","Singles","J60 Villahermosa","J60","2026-05-18","2026-05-23","Eliminado","R64","","https://www.itftennis.com/en/tournament/j60-villahermosa/mex/2026/j-j60-mex-2026-006/draws-and-results/","Encontrado na ITF (MD); leitura do draw: ITF API: derrota encontrada."
"mishika-suresh-balaji","Mishika Suresh Balaji","Singles","J60 Villahermosa","J60","2026-05-18","2026-05-23","Eliminado","R64","","https://www.itftennis.com/en/tournament/j60-villahermosa/mex/2026/j-j60-mex-2026-006/draws-and-results/","Encontrado na ITF (MD); leitura do draw: ITF API: derrota encontrada."
"montserrat-marron-baruqui","Montserrat Marron Baruqui","Doubles","J60 Villahermosa","J60","2026-05-18","2026-05-23","Ativo","W","","https://www.itftennis.com/en/tournament/j60-villahermosa/mex/2026/j-j60-mex-2026-006/draws-and-results/","Encontrado na ITF; leitura do draw de duplas: ITF API: vitoria encontrada."
"montserrat-marron-baruqui","Montserrat Marron Baruqui","Singles","J60 Villahermosa","J60","2026-05-18","2026-05-23","Eliminado","F","","https://www.itftennis.com/en/tournament/j60-villahermosa/mex/2026/j-j60-mex-2026-006/draws-and-results/","Encontrado na ITF (MD); leitura do draw: ITF API: derrota encontrada."
"montserrat-rodriguez","Montserrat Rodriguez","Doubles","J60 Villahermosa","J60","2026-05-18","2026-05-23","Eliminado","R32","","https://www.itftennis.com/en/tournament/j60-villahermosa/mex/2026/j-j60-mex-2026-006/draws-and-results/","Encontrado na ITF; leitura do draw de duplas: ITF API: derrota encontrada."
"montserrat-rodriguez","Montserrat Rodriguez","Singles","J60 Villahermosa","J60","2026-05-18","2026-05-23","Eliminado","Q2","","https://www.itftennis.com/en/tournament/j60-villahermosa/mex/2026/j-j60-mex-2026-006/draws-and-results/","Encontrado na ITF (MD); leitura do draw: ITF API: derrota encontrada."
"niccolo-magagnin","Niccolo Magagnin","Doubles","J60 Villahermosa","J60","2026-05-18","2026-05-23","Eliminado","SF","","https://www.itftennis.com/en/tournament/j60-villahermosa/mex/2026/j-j60-mex-2026-006/draws-and-results/","Encontrado na ITF; leitura do draw de duplas: ITF API: derrota encontrada."
"niccolo-magagnin","Niccolo Magagnin","Singles","J60 Villahermosa","J60","2026-05-18","2026-05-23","Eliminado","SF","","https://www.itftennis.com/en/tournament/j60-villahermosa/mex/2026/j-j60-mex-2026-006/draws-and-results/","Encontrado na ITF (MD); leitura do draw: ITF API: derrota encontrada."
"nicolas-reyes-dominguez","Nicolas Reyes Dominguez","Doubles","J60 Villahermosa","J60","2026-05-18","2026-05-23","Eliminado","QF","","https://www.itftennis.com/en/tournament/j60-villahermosa/mex/2026/j-j60-mex-2026-006/draws-and-results/","Encontrado na ITF; leitura do draw de duplas: ITF API: derrota encontrada."
"nicolas-reyes-dominguez","Nicolas Reyes Dominguez","Singles","J60 Villahermosa","J60","2026-05-18","2026-05-23","Eliminado","R32","","https://www.itftennis.com/en/tournament/j60-villahermosa/mex/2026/j-j60-mex-2026-006/draws-and-results/","Encontrado na ITF (MD); leitura do draw: ITF API: derrota encontrada."
"omar-alejandro-ascencion","Omar Alejandro Ascencion","Doubles","J60 Villahermosa","J60","2026-05-18","2026-05-23","Eliminado","R32","","https://www.itftennis.com/en/tournament/j60-villahermosa/mex/2026/j-j60-mex-2026-006/draws-and-results/","Encontrado na ITF; leitura do draw de duplas: ITF API: derrota encontrada."
"omar-alejandro-ascencion","Omar Alejandro Ascencion","Singles","J60 Villahermosa","J60","2026-05-18","2026-05-23","Eliminado","QF","","https://www.itftennis.com/en/tournament/j60-villahermosa/mex/2026/j-j60-mex-2026-006/draws-and-results/","Encontrado na ITF (MD); leitura do draw: ITF API: derrota encontrada."
"patricia-gutierrez-lage","Patricia Gutierrez Lage","Doubles","J60 Villahermosa","J60","2026-05-18","2026-05-23","Eliminado","R32","","https://www.itftennis.com/en/tournament/j60-villahermosa/mex/2026/j-j60-mex-2026-006/draws-and-results/","Encontrado na ITF; leitura do draw de duplas: ITF API: derrota encontrada."
"patricia-gutierrez-lage","Patricia Gutierrez Lage","Singles","J60 Villahermosa","J60","2026-05-18","2026-05-23","Eliminado","R64","","https://www.itftennis.com/en/tournament/j60-villahermosa/mex/2026/j-j60-mex-2026-006/draws-and-results/","Encontrado na ITF (MD); leitura do draw: ITF API: derrota encontrada."
"patricio-alvarez-chavez","Patricio Alvarez Chavez","Doubles","J60 Villahermosa","J60","2026-05-18","2026-05-23","Ativo","W","","https://www.itftennis.com/en/tournament/j60-villahermosa/mex/2026/j-j60-mex-2026-006/draws-and-results/","Encontrado na ITF; leitura do draw de duplas: ITF API: vitoria encontrada."
"patricio-alvarez-chavez","Patricio Alvarez Chavez","Singles","J60 Villahermosa","J60","2026-05-18","2026-05-23","Eliminado","R32","","https://www.itftennis.com/en/tournament/j60-villahermosa/mex/2026/j-j60-mex-2026-006/draws-and-results/","Encontrado na ITF (MD); leitura do draw: ITF API: derrota encontrada."
"patricio-fuentes-valencia","Patricio Fuentes Valencia","Doubles","J60 Villahermosa","J60","2026-05-18","2026-05-23","Eliminado","QF","","https://www.itftennis.com/en/tournament/j60-villahermosa/mex/2026/j-j60-mex-2026-006/draws-and-results/","Encontrado na ITF; leitura do draw de duplas: ITF API: derrota encontrada."
"patricio-fuentes-valencia","Patricio Fuentes Valencia","Singles","J60 Villahermosa","J60","2026-05-18","2026-05-23","Eliminado","R32","","https://www.itftennis.com/en/tournament/j60-villahermosa/mex/2026/j-j60-mex-2026-006/draws-and-results/","Encontrado na ITF (MD); leitura do draw: ITF API: derrota encontrada."
"patricio-quintana-zapata","Patricio Quintana Zapata","Doubles","J60 Villahermosa","J60","2026-05-18","2026-05-23","Eliminado","QF","","https://www.itftennis.com/en/tournament/j60-villahermosa/mex/2026/j-j60-mex-2026-006/draws-and-results/","Encontrado na ITF; leitura do draw de duplas: ITF API: derrota encontrada."
"patricio-quintana-zapata","Patricio Quintana Zapata","Singles","J60 Villahermosa","J60","2026-05-18","2026-05-23","Eliminado","R64","","https://www.itftennis.com/en/tournament/j60-villahermosa/mex/2026/j-j60-mex-2026-006/draws-and-results/","Encontrado na ITF (MD); leitura do draw: ITF API: derrota encontrada."
"regina-romero-flores","Regina Romero Flores","Doubles","J60 Villahermosa","J60","2026-05-18","2026-05-23","Eliminado","R32","","https://www.itftennis.com/en/tournament/j60-villahermosa/mex/2026/j-j60-mex-2026-006/draws-and-results/","Encontrado na ITF; leitura do draw de duplas: ITF API: derrota encontrada."
"regina-romero-flores","Regina Romero Flores","Singles","J60 Villahermosa","J60","2026-05-18","2026-05-23","Eliminado","R64","","https://www.itftennis.com/en/tournament/j60-villahermosa/mex/2026/j-j60-mex-2026-006/draws-and-results/","Encontrado na ITF (MD); leitura do draw: ITF API: derrota encontrada."
"ricardo-dorantes-ramos","Ricardo Dorantes Ramos","Doubles","J60 Villahermosa","J60","2026-05-18","2026-05-23","Eliminado","SF","","https://www.itftennis.com/en/tournament/j60-villahermosa/mex/2026/j-j60-mex-2026-006/draws-and-results/","Encontrado na ITF; leitura do draw de duplas: ITF API: derrota encontrada."
"ricardo-dorantes-ramos","Ricardo Dorantes Ramos","Singles","J60 Villahermosa","J60","2026-05-18","2026-05-23","Eliminado","QF","","https://www.itftennis.com/en/tournament/j60-villahermosa/mex/2026/j-j60-mex-2026-006/draws-and-results/","Encontrado na ITF (MD); leitura do draw: ITF API: derrota encontrada."
"roberto-alexis-vega-velazquez","Roberto Alexis Vega Velazquez","Singles","J60 Villahermosa","J60","2026-05-18","2026-05-23","Eliminado","R64","","https://www.itftennis.com/en/tournament/j60-villahermosa/mex/2026/j-j60-mex-2026-006/draws-and-results/","Encontrado na ITF (MD); leitura do draw: ITF API: derrota encontrada."
"romina-dominguez-garcia","Romina Dominguez Garcia","Doubles","J60 Villahermosa","J60","2026-05-18","2026-05-23","Eliminado","F","","https://www.itftennis.com/en/tournament/j60-villahermosa/mex/2026/j-j60-mex-2026-006/draws-and-results/","Encontrado na ITF; leitura do draw de duplas: ITF API: derrota encontrada."
"romina-dominguez-garcia","Romina Dominguez Garcia","Singles","J60 Villahermosa","J60","2026-05-18","2026-05-23","Ativo","W","","https://www.itftennis.com/en/tournament/j60-villahermosa/mex/2026/j-j60-mex-2026-006/draws-and-results/","Encontrado na ITF (MD); leitura do draw: ITF API: vitoria encontrada."
"santiago-brocker-ordaz","Santiago Brocker Ordaz","Doubles","J60 Villahermosa","J60","2026-05-18","2026-05-23","Eliminado","R32","","https://www.itftennis.com/en/tournament/j60-villahermosa/mex/2026/j-j60-mex-2026-006/draws-and-results/","Encontrado na ITF; leitura do draw de duplas: ITF API: derrota encontrada."
"santiago-brocker-ordaz","Santiago Brocker Ordaz","Singles","J60 Villahermosa","J60","2026-05-18","2026-05-23","Eliminado","QF","","https://www.itftennis.com/en/tournament/j60-villahermosa/mex/2026/j-j60-mex-2026-006/draws-and-results/","Encontrado na ITF (MD); leitura do draw: ITF API: derrota encontrada."
"santiago-rodriguez","Santiago Rodriguez","Doubles","J60 Villahermosa","J60","2026-05-18","2026-05-23","Eliminado","QF","","https://www.itftennis.com/en/tournament/j60-villahermosa/mex/2026/j-j60-mex-2026-006/draws-and-results/","Encontrado na ITF; leitura do draw de duplas: ITF API: derrota encontrada."
"santiago-rodriguez","Santiago Rodriguez","Singles","J60 Villahermosa","J60","2026-05-18","2026-05-23","Eliminado","R64","","https://www.itftennis.com/en/tournament/j60-villahermosa/mex/2026/j-j60-mex-2026-006/draws-and-results/","Encontrado na ITF (MD); leitura do draw: ITF API: derrota encontrada."
"sara-arreola","Sara Arreola","Doubles","J60 Villahermosa","J60","2026-05-18","2026-05-23","Eliminado","QF","","https://www.itftennis.com/en/tournament/j60-villahermosa/mex/2026/j-j60-mex-2026-006/draws-and-results/","Encontrado na ITF; leitura do draw de duplas: ITF API: derrota encontrada."
"sara-arreola","Sara Arreola","Singles","J60 Villahermosa","J60","2026-05-18","2026-05-23","Eliminado","R64","","https://www.itftennis.com/en/tournament/j60-villahermosa/mex/2026/j-j60-mex-2026-006/draws-and-results/","Encontrado na ITF (MD); leitura do draw: ITF API: derrota encontrada."
"silvana-gonzalez-arroyo","Silvana Gonzalez arroyo","Singles","J60 Villahermosa","J60","2026-05-18","2026-05-23","Eliminado","Q2","","https://www.itftennis.com/en/tournament/j60-villahermosa/mex/2026/j-j60-mex-2026-006/draws-and-results/","Encontrado na ITF (Q); leitura do draw: ITF API: derrota encontrada."
"skylar-mandell","Skylar Mandell","Singles","J60 Villahermosa","J60","2026-05-18","2026-05-23","Eliminado","R64","","https://www.itftennis.com/en/tournament/j60-villahermosa/mex/2026/j-j60-mex-2026-006/draws-and-results/","Encontrado na ITF (MD); leitura do draw: ITF API: derrota encontrada."
"sofia-aguilar-kolesnikova","Sofia Aguilar Kolesnikova","Doubles","J60 Villahermosa","J60","2026-05-18","2026-05-23","Eliminado","R32","","https://www.itftennis.com/en/tournament/j60-villahermosa/mex/2026/j-j60-mex-2026-006/draws-and-results/","Encontrado na ITF; leitura do draw de duplas: ITF API: derrota encontrada."
"sofia-aguilar-kolesnikova","Sofia Aguilar Kolesnikova","Singles","J60 Villahermosa","J60","2026-05-18","2026-05-23","Eliminado","R64","","https://www.itftennis.com/en/tournament/j60-villahermosa/mex/2026/j-j60-mex-2026-006/draws-and-results/","Encontrado na ITF (MD); leitura do draw: ITF API: derrota encontrada."
"sofia-sala-martinez","Sofia Sala Martinez","Doubles","J60 Villahermosa","J60","2026-05-18","2026-05-23","Eliminado","R32","","https://www.itftennis.com/en/tournament/j60-villahermosa/mex/2026/j-j60-mex-2026-006/draws-and-results/","Encontrado na ITF; leitura do draw de duplas: ITF API: derrota encontrada."
"sofia-sala-martinez","Sofia Sala Martinez","Singles","J60 Villahermosa","J60","2026-05-18","2026-05-23","Eliminado","R64","","https://www.itftennis.com/en/tournament/j60-villahermosa/mex/2026/j-j60-mex-2026-006/draws-and-results/","Encontrado na ITF (MD); leitura do draw: ITF API: derrota encontrada."
"sofia-vazquez-rebora","Sofia Vazquez Rebora","Doubles","J60 Villahermosa","J60","2026-05-18","2026-05-23","Eliminado","R32","","https://www.itftennis.com/en/tournament/j60-villahermosa/mex/2026/j-j60-mex-2026-006/draws-and-results/","Encontrado na ITF; leitura do draw de duplas: ITF API: derrota encontrada."
"sofia-vazquez-rebora","Sofia Vazquez Rebora","Singles","J60 Villahermosa","J60","2026-05-18","2026-05-23","Eliminado","R64","","https://www.itftennis.com/en/tournament/j60-villahermosa/mex/2026/j-j60-mex-2026-006/draws-and-results/","Encontrado na ITF (MD); leitura do draw: ITF API: derrota encontrada."
"tessa-puente","Tessa Puente","Singles","J60 Villahermosa","J60","2026-05-18","2026-05-23","Eliminado","QF","","https://www.itftennis.com/en/tournament/j60-villahermosa/mex/2026/j-j60-mex-2026-006/draws-and-results/","Encontrado na ITF (MD); leitura do draw: ITF API: derrota encontrada."
"valentina-canepa-zamarripa","Valentina Canepa Zamarripa","Doubles","J60 Villahermosa","J60","2026-05-18","2026-05-23","Eliminado","QF","","https://www.itftennis.com/en/tournament/j60-villahermosa/mex/2026/j-j60-mex-2026-006/draws-and-results/","Encontrado na ITF; leitura do draw de duplas: ITF API: derrota encontrada."
"valentina-canepa-zamarripa","Valentina Canepa Zamarripa","Singles","J60 Villahermosa","J60","2026-05-18","2026-05-23","Eliminado","R64","","https://www.itftennis.com/en/tournament/j60-villahermosa/mex/2026/j-j60-mex-2026-006/draws-and-results/","Encontrado na ITF (MD); leitura do draw: ITF API: derrota encontrada."
"valentina-perera-ayala","Valentina Perera Ayala","Doubles","J60 Villahermosa","J60","2026-05-18","2026-05-23","Eliminado","R32","","https://www.itftennis.com/en/tournament/j60-villahermosa/mex/2026/j-j60-mex-2026-006/draws-and-results/","Encontrado na ITF; leitura do draw de duplas: ITF API: derrota encontrada."
"valentina-perera-ayala","Valentina Perera Ayala","Singles","J60 Villahermosa","J60","2026-05-18","2026-05-23","Eliminado","R64","","https://www.itftennis.com/en/tournament/j60-villahermosa/mex/2026/j-j60-mex-2026-006/draws-and-results/","Encontrado na ITF (MD); leitura do draw: ITF API: derrota encontrada."
"valentina-yaretzi-prado-palacios","Valentina Yaretzi Prado Palacios","Doubles","J60 Villahermosa","J60","2026-05-18","2026-05-23","Eliminado","QF","","https://www.itftennis.com/en/tournament/j60-villahermosa/mex/2026/j-j60-mex-2026-006/draws-and-results/","Encontrado na ITF; leitura do draw de duplas: ITF API: derrota encontrada."
"valentina-yaretzi-prado-palacios","Valentina Yaretzi Prado Palacios","Singles","J60 Villahermosa","J60","2026-05-18","2026-05-23","Eliminado","R32","","https://www.itftennis.com/en/tournament/j60-villahermosa/mex/2026/j-j60-mex-2026-006/draws-and-results/","Encontrado na ITF (MD); leitura do draw: ITF API: derrota encontrada."
"valeria-eugenia-hernandez-salazar","Valeria Eugenia Hernandez Salazar","Doubles","J60 Villahermosa","J60","2026-05-18","2026-05-23","Eliminado","QF","","https://www.itftennis.com/en/tournament/j60-villahermosa/mex/2026/j-j60-mex-2026-006/draws-and-results/","Encontrado na ITF; leitura do draw de duplas: ITF API: derrota encontrada."
"valeria-eugenia-hernandez-salazar","Valeria Eugenia Hernandez Salazar","Singles","J60 Villahermosa","J60","2026-05-18","2026-05-23","Eliminado","R32","","https://www.itftennis.com/en/tournament/j60-villahermosa/mex/2026/j-j60-mex-2026-006/draws-and-results/","Encontrado na ITF (MD); leitura do draw: ITF API: derrota encontrada."
"valeria-gonzalez-elizarraras","Valeria Gonzalez Elizarraras","Doubles","J60 Villahermosa","J60","2026-05-18","2026-05-23","Eliminado","QF","","https://www.itftennis.com/en/tournament/j60-villahermosa/mex/2026/j-j60-mex-2026-006/draws-and-results/","Encontrado na ITF; leitura do draw de duplas: ITF API: derrota encontrada."
"valeria-gonzalez-elizarraras","Valeria Gonzalez Elizarraras","Singles","J60 Villahermosa","J60","2026-05-18","2026-05-23","Eliminado","R32","","https://www.itftennis.com/en/tournament/j60-villahermosa/mex/2026/j-j60-mex-2026-006/draws-and-results/","Encontrado na ITF (MD); leitura do draw: ITF API: derrota encontrada."
"victor-aleksander-gonzalez","Victor Aleksander Gonzalez","Doubles","J60 Villahermosa","J60","2026-05-18","2026-05-23","Eliminado","R32","","https://www.itftennis.com/en/tournament/j60-villahermosa/mex/2026/j-j60-mex-2026-006/draws-and-results/","Encontrado na ITF; leitura do draw de duplas: ITF API: derrota encontrada."
"victor-aleksander-gonzalez","Victor Aleksander Gonzalez","Singles","J60 Villahermosa","J60","2026-05-18","2026-05-23","Eliminado","R32","","https://www.itftennis.com/en/tournament/j60-villahermosa/mex/2026/j-j60-mex-2026-006/draws-and-results/","Encontrado na ITF (MD); leitura do draw: ITF API: derrota encontrada."
"vinicius-amann-silveira","VINICIUS AMANN SILVEIRA","Doubles","J60 Villahermosa","J60","2026-05-18","2026-05-23","Eliminado","SF","","https://www.itftennis.com/en/tournament/j60-villahermosa/mex/2026/j-j60-mex-2026-006/draws-and-results/","Encontrado na ITF; leitura do draw de duplas: ITF API: derrota encontrada."
"vinicius-amann-silveira","VINICIUS AMANN SILVEIRA","Singles","J60 Villahermosa","J60","2026-05-18","2026-05-23","Eliminado","R64","","https://www.itftennis.com/en/tournament/j60-villahermosa/mex/2026/j-j60-mex-2026-006/draws-and-results/","Encontrado na ITF (MD); leitura do draw: ITF API: derrota encontrada."
"zyanya-saavedra-carrera","Zyanya Saavedra Carrera","Doubles","J60 Villahermosa","J60","2026-05-18","2026-05-23","Eliminado","F","","https://www.itftennis.com/en/tournament/j60-villahermosa/mex/2026/j-j60-mex-2026-006/draws-and-results/","Encontrado na ITF; leitura do draw de duplas: ITF API: derrota encontrada."
"zyanya-saavedra-carrera","Zyanya Saavedra Carrera","Singles","J60 Villahermosa","J60","2026-05-18","2026-05-23","Eliminado","SF","","https://www.itftennis.com/en/tournament/j60-villahermosa/mex/2026/j-j60-mex-2026-006/draws-and-results/","Encontrado na ITF (MD); leitura do draw: ITF API: derrota encontrada."
"charline-bressan","Charline Bressan","Doubles","J30 Kairouan","J30","2026-05-19","2026-05-24","Eliminado","QF","","https://www.itftennis.com/en/tournament/j30-kairouan/tun/2026/j-j30-tun-2026-001/draws-and-results/","Encontrado na ITF; leitura do draw de duplas: ITF API: derrota encontrada."
"charline-bressan","Charline Bressan","Singles","J30 Kairouan","J30","2026-05-19","2026-05-24","Ativo","Q2","","https://www.itftennis.com/en/tournament/j30-kairouan/tun/2026/j-j30-tun-2026-001/draws-and-results/","Encontrado na ITF (MD); leitura do draw: ITF API: vitoria encontrada."
"chourabi-fares","CHOURABI FARES","Doubles","J30 Kairouan","J30","2026-05-19","2026-05-24","Eliminado","R32","","https://www.itftennis.com/en/tournament/j30-kairouan/tun/2026/j-j30-tun-2026-001/draws-and-results/","Encontrado na ITF; leitura do draw de duplas: ITF API: derrota encontrada."
"chourabi-fares","CHOURABI FARES","Singles","J30 Kairouan","J30","2026-05-19","2026-05-24","Ativo","Q2","","https://www.itftennis.com/en/tournament/j30-kairouan/tun/2026/j-j30-tun-2026-001/draws-and-results/","Encontrado na ITF (MD); leitura do draw: ITF API: vitoria encontrada."
"daniel-ekango","Daniel Ekango","Doubles","J30 Kairouan","J30","2026-05-19","2026-05-24","Eliminado","SF","","https://www.itftennis.com/en/tournament/j30-kairouan/tun/2026/j-j30-tun-2026-001/draws-and-results/","Encontrado na ITF; leitura do draw de duplas: ITF API: derrota encontrada."
"daniel-ekango","Daniel Ekango","Singles","J30 Kairouan","J30","2026-05-19","2026-05-24","Ativo","W","","https://www.itftennis.com/en/tournament/j30-kairouan/tun/2026/j-j30-tun-2026-001/draws-and-results/","Encontrado na ITF (MD); leitura do draw: ITF API: vitoria encontrada."
"eya-mehiri","Eya Mehiri","Doubles","J30 Kairouan","J30","2026-05-19","2026-05-24","Eliminado","R32","","https://www.itftennis.com/en/tournament/j30-kairouan/tun/2026/j-j30-tun-2026-001/draws-and-results/","Encontrado na ITF; leitura do draw de duplas: ITF API: derrota encontrada."
"eya-mehiri","Eya Mehiri","Singles","J30 Kairouan","J30","2026-05-19","2026-05-24","Ativo","Q2","0","https://www.itftennis.com/en/tournament/j30-kairouan/tun/2026/j-j30-tun-2026-001/draws-and-results/","Encontrado na ITF (MD); leitura do draw: ITF API: bye encontrado; atleta avancou sem pontuar."
"fares-hamrouni","Fares Hamrouni","Doubles","J30 Kairouan","J30","2026-05-19","2026-05-24","Eliminado","R32","","https://www.itftennis.com/en/tournament/j30-kairouan/tun/2026/j-j30-tun-2026-001/draws-and-results/","Encontrado na ITF; leitura do draw de duplas: ITF API: derrota encontrada."
"fares-hamrouni","Fares Hamrouni","Singles","J30 Kairouan","J30","2026-05-19","2026-05-24","Eliminado","Q1","","https://www.itftennis.com/en/tournament/j30-kairouan/tun/2026/j-j30-tun-2026-001/draws-and-results/","Encontrado na ITF (MD); leitura do draw: ITF API: derrota encontrada."
"justine-fuchs","Justine Fuchs","Doubles","J30 Kairouan","J30","2026-05-19","2026-05-24","Eliminado","SF","","https://www.itftennis.com/en/tournament/j30-kairouan/tun/2026/j-j30-tun-2026-001/draws-and-results/","Encontrado na ITF; leitura do draw de duplas: ITF API: derrota encontrada."
"justine-fuchs","Justine Fuchs","Singles","J30 Kairouan","J30","2026-05-19","2026-05-24","Ativo","W","","https://www.itftennis.com/en/tournament/j30-kairouan/tun/2026/j-j30-tun-2026-001/draws-and-results/","Encontrado na ITF (MD); leitura do draw: ITF API: vitoria encontrada."
"kenza-taktak","Kenza Taktak","Doubles","J30 Kairouan","J30","2026-05-19","2026-05-24","Eliminado","R32","","https://www.itftennis.com/en/tournament/j30-kairouan/tun/2026/j-j30-tun-2026-001/draws-and-results/","Encontrado na ITF; leitura do draw de duplas: ITF API: derrota encontrada."
"kenza-taktak","Kenza Taktak","Singles","J30 Kairouan","J30","2026-05-19","2026-05-24","Ativo","Q2","0","https://www.itftennis.com/en/tournament/j30-kairouan/tun/2026/j-j30-tun-2026-001/draws-and-results/","Encontrado na ITF (MD); leitura do draw: ITF API: bye encontrado; atleta avancou sem pontuar."
"lina-ketata","LINA KETATA","Doubles","J30 Kairouan","J30","2026-05-19","2026-05-24","Eliminado","R32","","https://www.itftennis.com/en/tournament/j30-kairouan/tun/2026/j-j30-tun-2026-001/draws-and-results/","Encontrado na ITF; leitura do draw de duplas: ITF API: derrota encontrada."
"lina-ketata","LINA KETATA","Singles","J30 Kairouan","J30","2026-05-19","2026-05-24","Ativo","Q2","0","https://www.itftennis.com/en/tournament/j30-kairouan/tun/2026/j-j30-tun-2026-001/draws-and-results/","Encontrado na ITF (MD); leitura do draw: ITF API: bye encontrado; atleta avancou sem pontuar."
"mael-houser","MAEL HOUSER","Doubles","J30 Kairouan","J30","2026-05-19","2026-05-24","Eliminado","R32","","https://www.itftennis.com/en/tournament/j30-kairouan/tun/2026/j-j30-tun-2026-001/draws-and-results/","Encontrado na ITF; leitura do draw de duplas: ITF API: derrota encontrada."
"mael-houser","MAEL HOUSER","Singles","J30 Kairouan","J30","2026-05-19","2026-05-24","Eliminado","QF","","https://www.itftennis.com/en/tournament/j30-kairouan/tun/2026/j-j30-tun-2026-001/draws-and-results/","Encontrado na ITF (MD); leitura do draw: ITF API: derrota encontrada."
"malone-trezzini","Malone Trezzini","Singles","J30 Kairouan","J30","2026-05-19","2026-05-24","Ativo","Q2","","https://www.itftennis.com/en/tournament/j30-kairouan/tun/2026/j-j30-tun-2026-001/draws-and-results/","Encontrado na ITF (Q); leitura do draw: ITF API: vitoria encontrada."
"maya-chaieb","Maya Chaieb","Doubles","J30 Kairouan","J30","2026-05-19","2026-05-24","Eliminado","R32","","https://www.itftennis.com/en/tournament/j30-kairouan/tun/2026/j-j30-tun-2026-001/draws-and-results/","Encontrado na ITF; leitura do draw de duplas: ITF API: derrota encontrada."
"maya-chaieb","Maya Chaieb","Singles","J30 Kairouan","J30","2026-05-19","2026-05-24","Ativo","Q2","0","https://www.itftennis.com/en/tournament/j30-kairouan/tun/2026/j-j30-tun-2026-001/draws-and-results/","Encontrado na ITF (MD); leitura do draw: ITF API: bye encontrado; atleta avancou sem pontuar."
"melika-saidi","Melika SAIDI","Doubles","J30 Kairouan","J30","2026-05-19","2026-05-24","Eliminado","QF","","https://www.itftennis.com/en/tournament/j30-kairouan/tun/2026/j-j30-tun-2026-001/draws-and-results/","Encontrado na ITF; leitura do draw de duplas: ITF API: derrota encontrada."
"melika-saidi","Melika SAIDI","Singles","J30 Kairouan","J30","2026-05-19","2026-05-24","Ativo","Q2","0","https://www.itftennis.com/en/tournament/j30-kairouan/tun/2026/j-j30-tun-2026-001/draws-and-results/","Encontrado na ITF (MD); leitura do draw: ITF API: bye encontrado; atleta avancou sem pontuar."
"misha-davidenko","Misha Davidenko","Singles","J30 Kairouan","J30","2026-05-19","2026-05-24","Ativo","Q2","","https://www.itftennis.com/en/tournament/j30-kairouan/tun/2026/j-j30-tun-2026-001/draws-and-results/","Encontrado na ITF (Q); leitura do draw: ITF API: vitoria encontrada."
"mohamed-amine-ayachi","Mohamed Amine Ayachi","Doubles","J30 Kairouan","J30","2026-05-19","2026-05-24","Eliminado","R32","","https://www.itftennis.com/en/tournament/j30-kairouan/tun/2026/j-j30-tun-2026-001/draws-and-results/","Encontrado na ITF; leitura do draw de duplas: ITF API: derrota encontrada."
"mohamed-amine-ayachi","Mohamed Amine Ayachi","Singles","J30 Kairouan","J30","2026-05-19","2026-05-24","Eliminado","Q1","","https://www.itftennis.com/en/tournament/j30-kairouan/tun/2026/j-j30-tun-2026-001/draws-and-results/","Encontrado na ITF (MD); leitura do draw: ITF API: derrota encontrada."
"mohamed-mezghani","Mohamed Mezghani","Singles","J30 Kairouan","J30","2026-05-19","2026-05-24","Eliminado","Q1","","https://www.itftennis.com/en/tournament/j30-kairouan/tun/2026/j-j30-tun-2026-001/draws-and-results/","Encontrado na ITF (Q); leitura do draw: ITF API: derrota encontrada."
"nadine-waja","Nadine Waja","Doubles","J30 Kairouan","J30","2026-05-19","2026-05-24","Eliminado","R32","","https://www.itftennis.com/en/tournament/j30-kairouan/tun/2026/j-j30-tun-2026-001/draws-and-results/","Encontrado na ITF; leitura do draw de duplas: ITF API: derrota encontrada."
"nadine-waja","Nadine Waja","Singles","J30 Kairouan","J30","2026-05-19","2026-05-24","Ativo","Q2","0","https://www.itftennis.com/en/tournament/j30-kairouan/tun/2026/j-j30-tun-2026-001/draws-and-results/","Encontrado na ITF (MD); leitura do draw: ITF API: bye encontrado; atleta avancou sem pontuar."
"neirouz-myriam-godhbane","Neirouz Myriam Godhbane","Doubles","J30 Kairouan","J30","2026-05-19","2026-05-24","Ativo","W","","https://www.itftennis.com/en/tournament/j30-kairouan/tun/2026/j-j30-tun-2026-001/draws-and-results/","Encontrado na ITF; leitura do draw de duplas: ITF API: vitoria encontrada."
"neirouz-myriam-godhbane","Neirouz Myriam Godhbane","Singles","J30 Kairouan","J30","2026-05-19","2026-05-24","Eliminado","SF","","https://www.itftennis.com/en/tournament/j30-kairouan/tun/2026/j-j30-tun-2026-001/draws-and-results/","Encontrado na ITF (MD); leitura do draw: ITF API: derrota encontrada."
"olive-gerard-nguimbis-ewala","Olive Gerard Nguimbis Ewala","Singles","J30 Kairouan","J30","2026-05-19","2026-05-24","Eliminado","Q1","","https://www.itftennis.com/en/tournament/j30-kairouan/tun/2026/j-j30-tun-2026-001/draws-and-results/","Encontrado na ITF (Q); leitura do draw: ITF API: derrota encontrada."
"omar-zniti","Omar Zniti","Doubles","J30 Kairouan","J30","2026-05-19","2026-05-24","Eliminado","R32","","https://www.itftennis.com/en/tournament/j30-kairouan/tun/2026/j-j30-tun-2026-001/draws-and-results/","Encontrado na ITF; leitura do draw de duplas: ITF API: derrota encontrada."
"omar-zniti","Omar Zniti","Singles","J30 Kairouan","J30","2026-05-19","2026-05-24","Eliminado","Q1","","https://www.itftennis.com/en/tournament/j30-kairouan/tun/2026/j-j30-tun-2026-001/draws-and-results/","Encontrado na ITF (MD); leitura do draw: ITF API: derrota encontrada."
"safia-allani","Safia ALLANI","Doubles","J30 Kairouan","J30","2026-05-19","2026-05-24","Eliminado","R32","","https://www.itftennis.com/en/tournament/j30-kairouan/tun/2026/j-j30-tun-2026-001/draws-and-results/","Encontrado na ITF; leitura do draw de duplas: ITF API: derrota encontrada."
"safia-allani","Safia ALLANI","Singles","J30 Kairouan","J30","2026-05-19","2026-05-24","Eliminado","SF","","https://www.itftennis.com/en/tournament/j30-kairouan/tun/2026/j-j30-tun-2026-001/draws-and-results/","Encontrado na ITF (MD); leitura do draw: ITF API: derrota encontrada."
"salim-el-manaa","Salim El Manaa","Doubles","J30 Kairouan","J30","2026-05-19","2026-05-24","Eliminado","R32","","https://www.itftennis.com/en/tournament/j30-kairouan/tun/2026/j-j30-tun-2026-001/draws-and-results/","Encontrado na ITF; leitura do draw de duplas: ITF API: derrota encontrada."
"salim-el-manaa","Salim El Manaa","Singles","J30 Kairouan","J30","2026-05-19","2026-05-24","Eliminado","Q1","","https://www.itftennis.com/en/tournament/j30-kairouan/tun/2026/j-j30-tun-2026-001/draws-and-results/","Encontrado na ITF (MD); leitura do draw: ITF API: derrota encontrada."
"sarra-marmouch","Sarra Marmouch","Doubles","J30 Kairouan","J30","2026-05-19","2026-05-24","Eliminado","R32","","https://www.itftennis.com/en/tournament/j30-kairouan/tun/2026/j-j30-tun-2026-001/draws-and-results/","Encontrado na ITF; leitura do draw de duplas: ITF API: derrota encontrada."
"sarra-marmouch","Sarra Marmouch","Singles","J30 Kairouan","J30","2026-05-19","2026-05-24","Ativo","Q2","0","https://www.itftennis.com/en/tournament/j30-kairouan/tun/2026/j-j30-tun-2026-001/draws-and-results/","Encontrado na ITF (MD); leitura do draw: ITF API: bye encontrado; atleta avancou sem pontuar."
"thomas-greenwood","Thomas Greenwood","Doubles","J30 Kairouan","J30","2026-05-19","2026-05-24","Eliminado","QF","","https://www.itftennis.com/en/tournament/j30-kairouan/tun/2026/j-j30-tun-2026-001/draws-and-results/","Encontrado na ITF; leitura do draw de duplas: ITF API: derrota encontrada."
"thomas-greenwood","Thomas Greenwood","Singles","J30 Kairouan","J30","2026-05-19","2026-05-24","Eliminado","Q1","","https://www.itftennis.com/en/tournament/j30-kairouan/tun/2026/j-j30-tun-2026-001/draws-and-results/","Encontrado na ITF (MD); leitura do draw: ITF API: derrota encontrada."
"tinashe-phatshwane","Tinashe Phatshwane","Singles","J30 Kairouan","J30","2026-05-19","2026-05-24","Eliminado","QF","","https://www.itftennis.com/en/tournament/j30-kairouan/tun/2026/j-j30-tun-2026-001/draws-and-results/","Encontrado na ITF (MD); leitura do draw: ITF API: derrota encontrada."
"tommy-weston","Tommy Weston","Singles","J30 Kairouan","J30","2026-05-19","2026-05-24","Ativo","Q2","","https://www.itftennis.com/en/tournament/j30-kairouan/tun/2026/j-j30-tun-2026-001/draws-and-results/","Encontrado na ITF (Q); leitura do draw: ITF API: vitoria encontrada."
"yassine-boubaker","Yassine Boubaker","Doubles","J30 Kairouan","J30","2026-05-19","2026-05-24","Eliminado","R32","","https://www.itftennis.com/en/tournament/j30-kairouan/tun/2026/j-j30-tun-2026-001/draws-and-results/","Encontrado na ITF; leitura do draw de duplas: ITF API: derrota encontrada."
"yassine-boubaker","Yassine Boubaker","Singles","J30 Kairouan","J30","2026-05-19","2026-05-24","Eliminado","Q1","","https://www.itftennis.com/en/tournament/j30-kairouan/tun/2026/j-j30-tun-2026-001/draws-and-results/","Encontrado na ITF (MD); leitura do draw: ITF API: derrota encontrada."
"yassine-kallel","Yassine Kallel","Singles","J30 Kairouan","J30","2026-05-19","2026-05-24","Eliminado","Q1","","https://www.itftennis.com/en/tournament/j30-kairouan/tun/2026/j-j30-tun-2026-001/draws-and-results/","Encontrado na ITF (Q); leitura do draw: ITF API: derrota encontrada."
"youssef-hassairi","Youssef HASSAIRI","Doubles","J30 Kairouan","J30","2026-05-19","2026-05-24","Eliminado","R32","","https://www.itftennis.com/en/tournament/j30-kairouan/tun/2026/j-j30-tun-2026-001/draws-and-results/","Encontrado na ITF; leitura do draw de duplas: ITF API: derrota encontrada."
"youssef-hassairi","Youssef HASSAIRI","Singles","J30 Kairouan","J30","2026-05-19","2026-05-24","Ativo","Q2","","https://www.itftennis.com/en/tournament/j30-kairouan/tun/2026/j-j30-tun-2026-001/draws-and-results/","Encontrado na ITF (MD); leitura do draw: ITF API: vitoria encontrada."
"youssef-kannou","Youssef Kannou","Doubles","J30 Kairouan","J30","2026-05-19","2026-05-24","Eliminado","R32","","https://www.itftennis.com/en/tournament/j30-kairouan/tun/2026/j-j30-tun-2026-001/draws-and-results/","Encontrado na ITF; leitura do draw de duplas: ITF API: derrota encontrada."
"youssef-kannou","Youssef Kannou","Singles","J30 Kairouan","J30","2026-05-19","2026-05-24","Ativo","Q2","","https://www.itftennis.com/en/tournament/j30-kairouan/tun/2026/j-j30-tun-2026-001/draws-and-results/","Encontrado na ITF (MD); leitura do draw: ITF API: vitoria encontrada."
"zeinab-ayadi","Zeinab Ayadi","Doubles","J30 Kairouan","J30","2026-05-19","2026-05-24","Eliminado","SF","","https://www.itftennis.com/en/tournament/j30-kairouan/tun/2026/j-j30-tun-2026-001/draws-and-results/","Encontrado na ITF; leitura do draw de duplas: ITF API: derrota encontrada."
"zeinab-ayadi","Zeinab Ayadi","Singles","J30 Kairouan","J30","2026-05-19","2026-05-24","Eliminado","F","","https://www.itftennis.com/en/tournament/j30-kairouan/tun/2026/j-j30-tun-2026-001/draws-and-results/","Encontrado na ITF (MD); leitura do draw: ITF API: derrota encontrada."
"adaugo-nwogu","Adaugo Nwogu","Singles","J30 Newport","J30","2026-05-19","2026-05-24","Eliminado","R32","","https://www.itftennis.com/en/tournament/j30-newport/gbr/2026/j-j30-gbr-2026-003/draws-and-results/","Encontrado na ITF (MD); leitura do draw: ITF API: derrota encontrada."
"adwita-das-banerjee","Adwita Das Banerjee","Doubles","J30 Newport","J30","2026-05-19","2026-05-24","Eliminado","QF","","https://www.itftennis.com/en/tournament/j30-newport/gbr/2026/j-j30-gbr-2026-003/draws-and-results/","Encontrado na ITF; leitura do draw de duplas: ITF API: derrota encontrada."
"adwita-das-banerjee","Adwita Das Banerjee","Singles","J30 Newport","J30","2026-05-19","2026-05-24","Eliminado","SF","","https://www.itftennis.com/en/tournament/j30-newport/gbr/2026/j-j30-gbr-2026-003/draws-and-results/","Encontrado na ITF (MD); leitura do draw: ITF API: derrota encontrada."
"aidan-hewitt","Aidan Hewitt","Doubles","J30 Newport","J30","2026-05-19","2026-05-24","Eliminado","SF","","https://www.itftennis.com/en/tournament/j30-newport/gbr/2026/j-j30-gbr-2026-003/draws-and-results/","Encontrado na ITF; leitura do draw de duplas: ITF API: derrota encontrada."
"akosua-larbi-mensah","Akosua Larbi-Mensah","Doubles","J30 Newport","J30","2026-05-19","2026-05-24","Eliminado","R32","","https://www.itftennis.com/en/tournament/j30-newport/gbr/2026/j-j30-gbr-2026-003/draws-and-results/","Encontrado na ITF; leitura do draw de duplas: ITF API: derrota encontrada."
"akosua-larbi-mensah","Akosua Larbi-Mensah","Singles","J30 Newport","J30","2026-05-19","2026-05-24","Eliminado","R64","","https://www.itftennis.com/en/tournament/j30-newport/gbr/2026/j-j30-gbr-2026-003/draws-and-results/","Encontrado na ITF (MD); leitura do draw: ITF API: derrota encontrada."
"alexander-winder","alexander winder","Doubles","J30 Newport","J30","2026-05-19","2026-05-24","Ativo","W","","https://www.itftennis.com/en/tournament/j30-newport/gbr/2026/j-j30-gbr-2026-003/draws-and-results/","Encontrado na ITF; leitura do draw de duplas: ITF API: vitoria encontrada."
"amelie-caesar","Amelie Caesar","Doubles","J30 Newport","J30","2026-05-19","2026-05-24","Eliminado","R32","","https://www.itftennis.com/en/tournament/j30-newport/gbr/2026/j-j30-gbr-2026-003/draws-and-results/","Encontrado na ITF; leitura do draw de duplas: ITF API: derrota encontrada."
"amelie-caesar","Amelie Caesar","Singles","J30 Newport","J30","2026-05-19","2026-05-24","Eliminado","Q2","","https://www.itftennis.com/en/tournament/j30-newport/gbr/2026/j-j30-gbr-2026-003/draws-and-results/","Encontrado na ITF (MD); leitura do draw: ITF API: derrota encontrada."
"arthur-king","Arthur King","Singles","J30 Newport","J30","2026-05-19","2026-05-24","Eliminado","Q1","","https://www.itftennis.com/en/tournament/j30-newport/gbr/2026/j-j30-gbr-2026-003/draws-and-results/","Encontrado na ITF (Q); leitura do draw: ITF API: derrota encontrada."
"ashley-ward","Ashley Ward","Singles","J30 Newport","J30","2026-05-19","2026-05-24","Eliminado","Q2","","https://www.itftennis.com/en/tournament/j30-newport/gbr/2026/j-j30-gbr-2026-003/draws-and-results/","Encontrado na ITF (Q); leitura do draw: ITF API: derrota encontrada."
"ava--moss","Ava  Moss","Doubles","J30 Newport","J30","2026-05-19","2026-05-24","Eliminado","QF","","https://www.itftennis.com/en/tournament/j30-newport/gbr/2026/j-j30-gbr-2026-003/draws-and-results/","Encontrado na ITF; leitura do draw de duplas: ITF API: derrota encontrada."
"ava--moss","Ava  Moss","Singles","J30 Newport","J30","2026-05-19","2026-05-24","Eliminado","QF","","https://www.itftennis.com/en/tournament/j30-newport/gbr/2026/j-j30-gbr-2026-003/draws-and-results/","Encontrado na ITF (MD); leitura do draw: ITF API: derrota encontrada."
"ben-coxon","Ben Coxon","Singles","J30 Newport","J30","2026-05-19","2026-05-24","Eliminado","Q1","","https://www.itftennis.com/en/tournament/j30-newport/gbr/2026/j-j30-gbr-2026-003/draws-and-results/","Encontrado na ITF (Q); leitura do draw: ITF API: derrota encontrada."
"brayden-sophos","Brayden Sophos","Singles","J30 Newport","J30","2026-05-19","2026-05-24","Eliminado","Q1","","https://www.itftennis.com/en/tournament/j30-newport/gbr/2026/j-j30-gbr-2026-003/draws-and-results/","Encontrado na ITF (Q); leitura do draw: ITF API: derrota encontrada."
"camilla-mizzi","CAMILLA MIZZI","Doubles","J30 Newport","J30","2026-05-19","2026-05-24","Eliminado","QF","","https://www.itftennis.com/en/tournament/j30-newport/gbr/2026/j-j30-gbr-2026-003/draws-and-results/","Encontrado na ITF; leitura do draw de duplas: ITF API: derrota encontrada."
"camilla-mizzi","CAMILLA MIZZI","Singles","J30 Newport","J30","2026-05-19","2026-05-24","Eliminado","R64","","https://www.itftennis.com/en/tournament/j30-newport/gbr/2026/j-j30-gbr-2026-003/draws-and-results/","Encontrado na ITF (MD); leitura do draw: ITF API: derrota encontrada."
"charlie-harvey","Charlie Harvey","Doubles","J30 Newport","J30","2026-05-19","2026-05-24","Eliminado","SF","","https://www.itftennis.com/en/tournament/j30-newport/gbr/2026/j-j30-gbr-2026-003/draws-and-results/","Encontrado na ITF; leitura do draw de duplas: ITF API: derrota encontrada."
"daniel-joita","Daniel Joita","Doubles","J30 Newport","J30","2026-05-19","2026-05-24","Eliminado","R32","","https://www.itftennis.com/en/tournament/j30-newport/gbr/2026/j-j30-gbr-2026-003/draws-and-results/","Encontrado na ITF; leitura do draw de duplas: ITF API: derrota encontrada."
"daniil-simdyashkin","Daniil Simdyashkin","Singles","J30 Newport","J30","2026-05-19","2026-05-24","Eliminado","Q1","","https://www.itftennis.com/en/tournament/j30-newport/gbr/2026/j-j30-gbr-2026-003/draws-and-results/","Encontrado na ITF (Q); leitura do draw: ITF API: derrota encontrada."
"dario-puljic","Dario Puljic","Doubles","J30 Newport","J30","2026-05-19","2026-05-24","Eliminado","R32","","https://www.itftennis.com/en/tournament/j30-newport/gbr/2026/j-j30-gbr-2026-003/draws-and-results/","Encontrado na ITF; leitura do draw de duplas: ITF API: derrota encontrada."
"dominik-czopek","Dominik Czopek","Doubles","J30 Newport","J30","2026-05-19","2026-05-24","Eliminado","R32","","https://www.itftennis.com/en/tournament/j30-newport/gbr/2026/j-j30-gbr-2026-003/draws-and-results/","Encontrado na ITF; leitura do draw de duplas: ITF API: derrota encontrada."
"edward-bennett","Edward Bennett","Doubles","J30 Newport","J30","2026-05-19","2026-05-24","Eliminado","QF","","https://www.itftennis.com/en/tournament/j30-newport/gbr/2026/j-j30-gbr-2026-003/draws-and-results/","Encontrado na ITF; leitura do draw de duplas: ITF API: derrota encontrada."
"edward-bennett","Edward Bennett","Singles","J30 Newport","J30","2026-05-19","2026-05-24","Eliminado","Q2","","https://www.itftennis.com/en/tournament/j30-newport/gbr/2026/j-j30-gbr-2026-003/draws-and-results/","Encontrado na ITF (MD); leitura do draw: ITF API: derrota encontrada."
"elizabeth-rimmer","Elizabeth Rimmer","Doubles","J30 Newport","J30","2026-05-19","2026-05-24","Eliminado","SF","","https://www.itftennis.com/en/tournament/j30-newport/gbr/2026/j-j30-gbr-2026-003/draws-and-results/","Encontrado na ITF; leitura do draw de duplas: ITF API: derrota encontrada."
"elizabeth-rimmer","Elizabeth Rimmer","Singles","J30 Newport","J30","2026-05-19","2026-05-24","Eliminado","R64","","https://www.itftennis.com/en/tournament/j30-newport/gbr/2026/j-j30-gbr-2026-003/draws-and-results/","Encontrado na ITF (MD); leitura do draw: ITF API: derrota encontrada."
"ellie-barker","Ellie Barker","Doubles","J30 Newport","J30","2026-05-19","2026-05-24","Eliminado","R32","","https://www.itftennis.com/en/tournament/j30-newport/gbr/2026/j-j30-gbr-2026-003/draws-and-results/","Encontrado na ITF; leitura do draw de duplas: ITF API: derrota encontrada."
"ellie-barker","Ellie Barker","Singles","J30 Newport","J30","2026-05-19","2026-05-24","Eliminado","R64","","https://www.itftennis.com/en/tournament/j30-newport/gbr/2026/j-j30-gbr-2026-003/draws-and-results/","Encontrado na ITF (MD); leitura do draw: ITF API: derrota encontrada."
"eloise-doumbia","Eloise Doumbia","Singles","J30 Newport","J30","2026-05-19","2026-05-24","Eliminado","QF","","https://www.itftennis.com/en/tournament/j30-newport/gbr/2026/j-j30-gbr-2026-003/draws-and-results/","Encontrado na ITF (MD); leitura do draw: ITF API: derrota encontrada."
"emilia-linley","Emilia Linley","Doubles","J30 Newport","J30","2026-05-19","2026-05-24","Eliminado","R32","","https://www.itftennis.com/en/tournament/j30-newport/gbr/2026/j-j30-gbr-2026-003/draws-and-results/","Encontrado na ITF; leitura do draw de duplas: ITF API: derrota encontrada."
"emilia-linley","Emilia Linley","Singles","J30 Newport","J30","2026-05-19","2026-05-24","Eliminado","R64","","https://www.itftennis.com/en/tournament/j30-newport/gbr/2026/j-j30-gbr-2026-003/draws-and-results/","Encontrado na ITF (MD); leitura do draw: ITF API: derrota encontrada."
"emma-fitzgerald","Emma Fitzgerald","Singles","J30 Newport","J30","2026-05-19","2026-05-24","Eliminado","R64","","https://www.itftennis.com/en/tournament/j30-newport/gbr/2026/j-j30-gbr-2026-003/draws-and-results/","Encontrado na ITF (MD); leitura do draw: ITF API: derrota encontrada."
"evangeline-dirnescu-morar","Evangeline Dirnescu Morar","Singles","J30 Newport","J30","2026-05-19","2026-05-24","Eliminado","Q1","","https://www.itftennis.com/en/tournament/j30-newport/gbr/2026/j-j30-gbr-2026-003/draws-and-results/","Encontrado na ITF (Q); leitura do draw: ITF API: derrota encontrada."
"febe-kenna","Febe Kenna","Doubles","J30 Newport","J30","2026-05-19","2026-05-24","Eliminado","R32","","https://www.itftennis.com/en/tournament/j30-newport/gbr/2026/j-j30-gbr-2026-003/draws-and-results/","Encontrado na ITF; leitura do draw de duplas: ITF API: derrota encontrada."
"febe-kenna","Febe Kenna","Singles","J30 Newport","J30","2026-05-19","2026-05-24","Eliminado","R64","","https://www.itftennis.com/en/tournament/j30-newport/gbr/2026/j-j30-gbr-2026-003/draws-and-results/","Encontrado na ITF (MD); leitura do draw: ITF API: derrota encontrada."
"filippo-mizzi","Filippo Mizzi","Doubles","J30 Newport","J30","2026-05-19","2026-05-24","Eliminado","R32","","https://www.itftennis.com/en/tournament/j30-newport/gbr/2026/j-j30-gbr-2026-003/draws-and-results/","Encontrado na ITF; leitura do draw de duplas: ITF API: derrota encontrada."
"freya-walters","Freya Walters","Singles","J30 Newport","J30","2026-05-19","2026-05-24","Eliminado","R64","","https://www.itftennis.com/en/tournament/j30-newport/gbr/2026/j-j30-gbr-2026-003/draws-and-results/","Encontrado na ITF (MD); leitura do draw: ITF API: derrota encontrada."
"gabby-read","Gabby Read","Doubles","J30 Newport","J30","2026-05-19","2026-05-24","Eliminado","SF","","https://www.itftennis.com/en/tournament/j30-newport/gbr/2026/j-j30-gbr-2026-003/draws-and-results/","Encontrado na ITF; leitura do draw de duplas: ITF API: derrota encontrada."
"gabby-read","Gabby Read","Singles","J30 Newport","J30","2026-05-19","2026-05-24","Eliminado","QF","","https://www.itftennis.com/en/tournament/j30-newport/gbr/2026/j-j30-gbr-2026-003/draws-and-results/","Encontrado na ITF (MD); leitura do draw: ITF API: derrota encontrada."
"harry-cartledge","Harry Cartledge","Doubles","J30 Newport","J30","2026-05-19","2026-05-24","Eliminado","R32","","https://www.itftennis.com/en/tournament/j30-newport/gbr/2026/j-j30-gbr-2026-003/draws-and-results/","Encontrado na ITF; leitura do draw de duplas: ITF API: derrota encontrada."
"henry-beer","Henry Beer","Doubles","J30 Newport","J30","2026-05-19","2026-05-24","Ativo","W","","https://www.itftennis.com/en/tournament/j30-newport/gbr/2026/j-j30-gbr-2026-003/draws-and-results/","Encontrado na ITF; leitura do draw de duplas: ITF API: vitoria encontrada."
"hina-nakamura","Hina Nakamura","Doubles","J30 Newport","J30","2026-05-19","2026-05-24","Eliminado","R32","","https://www.itftennis.com/en/tournament/j30-newport/gbr/2026/j-j30-gbr-2026-003/draws-and-results/","Encontrado na ITF; leitura do draw de duplas: ITF API: derrota encontrada."
"hina-nakamura","Hina Nakamura","Singles","J30 Newport","J30","2026-05-19","2026-05-24","Eliminado","Q2","","https://www.itftennis.com/en/tournament/j30-newport/gbr/2026/j-j30-gbr-2026-003/draws-and-results/","Encontrado na ITF (MD); leitura do draw: ITF API: derrota encontrada."
"huw-hoffman","Huw Hoffman","Doubles","J30 Newport","J30","2026-05-19","2026-05-24","Eliminado","F","","https://www.itftennis.com/en/tournament/j30-newport/gbr/2026/j-j30-gbr-2026-003/draws-and-results/","Encontrado na ITF; leitura do draw de duplas: ITF API: derrota encontrada."
"isabel-mclain","Isabel McLain","Singles","J30 Newport","J30","2026-05-19","2026-05-24","Ativo","W","","https://www.itftennis.com/en/tournament/j30-newport/gbr/2026/j-j30-gbr-2026-003/draws-and-results/","Encontrado na ITF (MD); leitura do draw: ITF API: vitoria encontrada."
"isabella-barratt-campbell","Isabella Barratt-Campbell","Singles","J30 Newport","J30","2026-05-19","2026-05-24","Eliminado","R64","","https://www.itftennis.com/en/tournament/j30-newport/gbr/2026/j-j30-gbr-2026-003/draws-and-results/","Encontrado na ITF (MD); leitura do draw: ITF API: derrota encontrada."
"isabella-lieve-morgan","Isabella lieve Morgan","Doubles","J30 Newport","J30","2026-05-19","2026-05-24","Eliminado","QF","","https://www.itftennis.com/en/tournament/j30-newport/gbr/2026/j-j30-gbr-2026-003/draws-and-results/","Encontrado na ITF; leitura do draw de duplas: ITF API: derrota encontrada."
"isabella-lieve-morgan","Isabella lieve Morgan","Singles","J30 Newport","J30","2026-05-19","2026-05-24","Eliminado","R32","","https://www.itftennis.com/en/tournament/j30-newport/gbr/2026/j-j30-gbr-2026-003/draws-and-results/","Encontrado na ITF (MD); leitura do draw: ITF API: derrota encontrada."
"isabella-makuch","Isabella Makuch","Doubles","J30 Newport","J30","2026-05-19","2026-05-24","Eliminado","QF","","https://www.itftennis.com/en/tournament/j30-newport/gbr/2026/j-j30-gbr-2026-003/draws-and-results/","Encontrado na ITF; leitura do draw de duplas: ITF API: derrota encontrada."
"isabella-makuch","Isabella Makuch","Singles","J30 Newport","J30","2026-05-19","2026-05-24","Eliminado","Q2","","https://www.itftennis.com/en/tournament/j30-newport/gbr/2026/j-j30-gbr-2026-003/draws-and-results/","Encontrado na ITF (MD); leitura do draw: ITF API: derrota encontrada."
"jacob-edmondson","Jacob Edmondson","Doubles","J30 Newport","J30","2026-05-19","2026-05-24","Eliminado","R32","","https://www.itftennis.com/en/tournament/j30-newport/gbr/2026/j-j30-gbr-2026-003/draws-and-results/","Encontrado na ITF; leitura do draw de duplas: ITF API: derrota encontrada."
"jacob-edmondson","Jacob Edmondson","Singles","J30 Newport","J30","2026-05-19","2026-05-24","Ativo","Q3","","https://www.itftennis.com/en/tournament/j30-newport/gbr/2026/j-j30-gbr-2026-003/draws-and-results/","Encontrado na ITF (MD); leitura do draw: ITF API: vitoria encontrada."
"kamran-arif","Kamran Arif","Doubles","J30 Newport","J30","2026-05-19","2026-05-24","Eliminado","QF","","https://www.itftennis.com/en/tournament/j30-newport/gbr/2026/j-j30-gbr-2026-003/draws-and-results/","Encontrado na ITF; leitura do draw de duplas: ITF API: derrota encontrada."
"kei-ichikawa","Kei Ichikawa","Doubles","J30 Newport","J30","2026-05-19","2026-05-24","Eliminado","QF","","https://www.itftennis.com/en/tournament/j30-newport/gbr/2026/j-j30-gbr-2026-003/draws-and-results/","Encontrado na ITF; leitura do draw de duplas: ITF API: derrota encontrada."
"kei-ichikawa","Kei Ichikawa","Singles","J30 Newport","J30","2026-05-19","2026-05-24","Ativo","Q3","","https://www.itftennis.com/en/tournament/j30-newport/gbr/2026/j-j30-gbr-2026-003/draws-and-results/","Encontrado na ITF (MD); leitura do draw: ITF API: vitoria encontrada."
"leon-bekker","Leon Bekker","Singles","J30 Newport","J30","2026-05-19","2026-05-24","Eliminado","Q2","","https://www.itftennis.com/en/tournament/j30-newport/gbr/2026/j-j30-gbr-2026-003/draws-and-results/","Encontrado na ITF (Q); leitura do draw: ITF API: derrota encontrada."
"lilia-saad","Lilia Saad","Singles","J30 Newport","J30","2026-05-19","2026-05-24","Eliminado","R32","","https://www.itftennis.com/en/tournament/j30-newport/gbr/2026/j-j30-gbr-2026-003/draws-and-results/","Encontrado na ITF (MD); leitura do draw: ITF API: derrota encontrada."
"louis-stewart","Louis Stewart","Doubles","J30 Newport","J30","2026-05-19","2026-05-24","Eliminado","R32","","https://www.itftennis.com/en/tournament/j30-newport/gbr/2026/j-j30-gbr-2026-003/draws-and-results/","Encontrado na ITF; leitura do draw de duplas: ITF API: derrota encontrada."
"luca-ktori","Luca Ktori","Doubles","J30 Newport","J30","2026-05-19","2026-05-24","Eliminado","QF","","https://www.itftennis.com/en/tournament/j30-newport/gbr/2026/j-j30-gbr-2026-003/draws-and-results/","Encontrado na ITF; leitura do draw de duplas: ITF API: derrota encontrada."
"luca-ktori","Luca Ktori","Singles","J30 Newport","J30","2026-05-19","2026-05-24","Eliminado","Q1","","https://www.itftennis.com/en/tournament/j30-newport/gbr/2026/j-j30-gbr-2026-003/draws-and-results/","Encontrado na ITF (MD); leitura do draw: ITF API: derrota encontrada."
"madeleine-green","Madeleine Green","Doubles","J30 Newport","J30","2026-05-19","2026-05-24","Eliminado","QF","","https://www.itftennis.com/en/tournament/j30-newport/gbr/2026/j-j30-gbr-2026-003/draws-and-results/","Encontrado na ITF; leitura do draw de duplas: ITF API: derrota encontrada."
"madeleine-green","Madeleine Green","Singles","J30 Newport","J30","2026-05-19","2026-05-24","Eliminado","R64","","https://www.itftennis.com/en/tournament/j30-newport/gbr/2026/j-j30-gbr-2026-003/draws-and-results/","Encontrado na ITF (MD); leitura do draw: ITF API: derrota encontrada."
"mary-ocallaghan","Mary Ocallaghan","Singles","J30 Newport","J30","2026-05-19","2026-05-24","Eliminado","R64","","https://www.itftennis.com/en/tournament/j30-newport/gbr/2026/j-j30-gbr-2026-003/draws-and-results/","Encontrado na ITF (MD); leitura do draw: ITF API: derrota encontrada."
"matilda-carey","Matilda Carey","Singles","J30 Newport","J30","2026-05-19","2026-05-24","Eliminado","R32","","https://www.itftennis.com/en/tournament/j30-newport/gbr/2026/j-j30-gbr-2026-003/draws-and-results/","Encontrado na ITF (MD); leitura do draw: ITF API: derrota encontrada."
"max-lendrum","Max Lendrum","Doubles","J30 Newport","J30","2026-05-19","2026-05-24","Eliminado","QF","","https://www.itftennis.com/en/tournament/j30-newport/gbr/2026/j-j30-gbr-2026-003/draws-and-results/","Encontrado na ITF; leitura do draw de duplas: ITF API: derrota encontrada."
"mia-zhou","Mia Zhou","Singles","J30 Newport","J30","2026-05-19","2026-05-24","Eliminado","QF","","https://www.itftennis.com/en/tournament/j30-newport/gbr/2026/j-j30-gbr-2026-003/draws-and-results/","Encontrado na ITF (MD); leitura do draw: ITF API: derrota encontrada."
"milena-nahornaya","Milena Nahornaya","Singles","J30 Newport","J30","2026-05-19","2026-05-24","Eliminado","R64","","https://www.itftennis.com/en/tournament/j30-newport/gbr/2026/j-j30-gbr-2026-003/draws-and-results/","Encontrado na ITF (MD); leitura do draw: ITF API: derrota encontrada."
"nathan-baldrey","Nathan Baldrey","Doubles","J30 Newport","J30","2026-05-19","2026-05-24","Eliminado","QF","","https://www.itftennis.com/en/tournament/j30-newport/gbr/2026/j-j30-gbr-2026-003/draws-and-results/","Encontrado na ITF; leitura do draw de duplas: ITF API: derrota encontrada."
"neo-hodkinson","Neo Hodkinson","Singles","J30 Newport","J30","2026-05-19","2026-05-24","Eliminado","Q1","","https://www.itftennis.com/en/tournament/j30-newport/gbr/2026/j-j30-gbr-2026-003/draws-and-results/","Encontrado na ITF (Q); leitura do draw: ITF API: derrota encontrada."
"nicholas-chan","Nicholas Chan","Doubles","J30 Newport","J30","2026-05-19","2026-05-24","Eliminado","QF","","https://www.itftennis.com/en/tournament/j30-newport/gbr/2026/j-j30-gbr-2026-003/draws-and-results/","Encontrado na ITF; leitura do draw de duplas: ITF API: derrota encontrada."
"nishta-kesavan","Nishta Kesavan","Doubles","J30 Newport","J30","2026-05-19","2026-05-24","Eliminado","QF","","https://www.itftennis.com/en/tournament/j30-newport/gbr/2026/j-j30-gbr-2026-003/draws-and-results/","Encontrado na ITF; leitura do draw de duplas: ITF API: derrota encontrada."
"nishta-kesavan","Nishta Kesavan","Singles","J30 Newport","J30","2026-05-19","2026-05-24","Eliminado","R32","","https://www.itftennis.com/en/tournament/j30-newport/gbr/2026/j-j30-gbr-2026-003/draws-and-results/","Encontrado na ITF (MD); leitura do draw: ITF API: derrota encontrada."
"oliver-harmer","Oliver Harmer","Doubles","J30 Newport","J30","2026-05-19","2026-05-24","Eliminado","R32","","https://www.itftennis.com/en/tournament/j30-newport/gbr/2026/j-j30-gbr-2026-003/draws-and-results/","Encontrado na ITF; leitura do draw de duplas: ITF API: derrota encontrada."
"oliver-westbrook","Oliver Westbrook","Doubles","J30 Newport","J30","2026-05-19","2026-05-24","Eliminado","SF","","https://www.itftennis.com/en/tournament/j30-newport/gbr/2026/j-j30-gbr-2026-003/draws-and-results/","Encontrado na ITF; leitura do draw de duplas: ITF API: derrota encontrada."
"oliver-westbrook","Oliver Westbrook","Singles","J30 Newport","J30","2026-05-19","2026-05-24","Ativo","Q3","","https://www.itftennis.com/en/tournament/j30-newport/gbr/2026/j-j30-gbr-2026-003/draws-and-results/","Encontrado na ITF (MD); leitura do draw: ITF API: vitoria encontrada."
"oscar-palmer","Oscar Palmer","Singles","J30 Newport","J30","2026-05-19","2026-05-24","Eliminado","Q2","","https://www.itftennis.com/en/tournament/j30-newport/gbr/2026/j-j30-gbr-2026-003/draws-and-results/","Encontrado na ITF (Q); leitura do draw: ITF API: derrota encontrada."
"oskar-laskowski","Oskar Laskowski","Doubles","J30 Newport","J30","2026-05-19","2026-05-24","Eliminado","SF","","https://www.itftennis.com/en/tournament/j30-newport/gbr/2026/j-j30-gbr-2026-003/draws-and-results/","Encontrado na ITF; leitura do draw de duplas: ITF API: derrota encontrada."
"rachael-szeto","Rachael Szeto","Doubles","J30 Newport","J30","2026-05-19","2026-05-24","Ativo","W","","https://www.itftennis.com/en/tournament/j30-newport/gbr/2026/j-j30-gbr-2026-003/draws-and-results/","Encontrado na ITF; leitura do draw de duplas: ITF API: vitoria encontrada."
"rachael-szeto","Rachael Szeto","Singles","J30 Newport","J30","2026-05-19","2026-05-24","Eliminado","R32","","https://www.itftennis.com/en/tournament/j30-newport/gbr/2026/j-j30-gbr-2026-003/draws-and-results/","Encontrado na ITF (MD); leitura do draw: ITF API: derrota encontrada."
"ranvir-singh","RANVIR SINGH","Doubles","J30 Newport","J30","2026-05-19","2026-05-24","Eliminado","R32","","https://www.itftennis.com/en/tournament/j30-newport/gbr/2026/j-j30-gbr-2026-003/draws-and-results/","Encontrado na ITF; leitura do draw de duplas: ITF API: derrota encontrada."
"rose-clifton","Rose Clifton","Doubles","J30 Newport","J30","2026-05-19","2026-05-24","Eliminado","SF","","https://www.itftennis.com/en/tournament/j30-newport/gbr/2026/j-j30-gbr-2026-003/draws-and-results/","Encontrado na ITF; leitura do draw de duplas: ITF API: derrota encontrada."
"rose-clifton","Rose Clifton","Singles","J30 Newport","J30","2026-05-19","2026-05-24","Eliminado","F","","https://www.itftennis.com/en/tournament/j30-newport/gbr/2026/j-j30-gbr-2026-003/draws-and-results/","Encontrado na ITF (MD); leitura do draw: ITF API: derrota encontrada."
"ryan-szeto","Ryan Szeto","Doubles","J30 Newport","J30","2026-05-19","2026-05-24","Eliminado","R32","","https://www.itftennis.com/en/tournament/j30-newport/gbr/2026/j-j30-gbr-2026-003/draws-and-results/","Encontrado na ITF; leitura do draw de duplas: ITF API: derrota encontrada."
"samuel-riley","Samuel Riley","Doubles","J30 Newport","J30","2026-05-19","2026-05-24","Eliminado","R32","","https://www.itftennis.com/en/tournament/j30-newport/gbr/2026/j-j30-gbr-2026-003/draws-and-results/","Encontrado na ITF; leitura do draw de duplas: ITF API: derrota encontrada."
"sasha-zlotnik","Sasha Zlotnik","Singles","J30 Newport","J30","2026-05-19","2026-05-24","Eliminado","R64","","https://www.itftennis.com/en/tournament/j30-newport/gbr/2026/j-j30-gbr-2026-003/draws-and-results/","Encontrado na ITF (MD); leitura do draw: ITF API: derrota encontrada."
"scarlett-foley","Scarlett Foley","Doubles","J30 Newport","J30","2026-05-19","2026-05-24","Eliminado","SF","","https://www.itftennis.com/en/tournament/j30-newport/gbr/2026/j-j30-gbr-2026-003/draws-and-results/","Encontrado na ITF; leitura do draw de duplas: ITF API: derrota encontrada."
"scarlett-foley","Scarlett Foley","Singles","J30 Newport","J30","2026-05-19","2026-05-24","Eliminado","R64","","https://www.itftennis.com/en/tournament/j30-newport/gbr/2026/j-j30-gbr-2026-003/draws-and-results/","Encontrado na ITF (MD); leitura do draw: ITF API: derrota encontrada."
"shravanti-venkatakrishnan","Shravanti Venkatakrishnan","Doubles","J30 Newport","J30","2026-05-19","2026-05-24","Eliminado","F","","https://www.itftennis.com/en/tournament/j30-newport/gbr/2026/j-j30-gbr-2026-003/draws-and-results/","Encontrado na ITF; leitura do draw de duplas: ITF API: derrota encontrada."
"shravanti-venkatakrishnan","Shravanti Venkatakrishnan","Singles","J30 Newport","J30","2026-05-19","2026-05-24","Eliminado","R32","","https://www.itftennis.com/en/tournament/j30-newport/gbr/2026/j-j30-gbr-2026-003/draws-and-results/","Encontrado na ITF (MD); leitura do draw: ITF API: derrota encontrada."
"sienna-grace","Sienna Grace","Doubles","J30 Newport","J30","2026-05-19","2026-05-24","Eliminado","QF","","https://www.itftennis.com/en/tournament/j30-newport/gbr/2026/j-j30-gbr-2026-003/draws-and-results/","Encontrado na ITF; leitura do draw de duplas: ITF API: derrota encontrada."
"sienna-grace","Sienna Grace","Singles","J30 Newport","J30","2026-05-19","2026-05-24","Eliminado","R64","","https://www.itftennis.com/en/tournament/j30-newport/gbr/2026/j-j30-gbr-2026-003/draws-and-results/","Encontrado na ITF (MD); leitura do draw: ITF API: derrota encontrada."
"sofiia-vashchuk","Sofiia Vashchuk","Doubles","J30 Newport","J30","2026-05-19","2026-05-24","Eliminado","R32","","https://www.itftennis.com/en/tournament/j30-newport/gbr/2026/j-j30-gbr-2026-003/draws-and-results/","Encontrado na ITF; leitura do draw de duplas: ITF API: derrota encontrada."
"sofiia-vashchuk","Sofiia Vashchuk","Singles","J30 Newport","J30","2026-05-19","2026-05-24","Eliminado","Q1","","https://www.itftennis.com/en/tournament/j30-newport/gbr/2026/j-j30-gbr-2026-003/draws-and-results/","Encontrado na ITF (MD); leitura do draw: ITF API: derrota encontrada."
"sophia-florence","Sophia Florence","Singles","J30 Newport","J30","2026-05-19","2026-05-24","Eliminado","R64","","https://www.itftennis.com/en/tournament/j30-newport/gbr/2026/j-j30-gbr-2026-003/draws-and-results/","Encontrado na ITF (MD); leitura do draw: ITF API: derrota encontrada."
"sophie-johnstone","Sophie Johnstone","Doubles","J30 Newport","J30","2026-05-19","2026-05-24","Eliminado","F","","https://www.itftennis.com/en/tournament/j30-newport/gbr/2026/j-j30-gbr-2026-003/draws-and-results/","Encontrado na ITF; leitura do draw de duplas: ITF API: derrota encontrada."
"sophie-johnstone","Sophie Johnstone","Singles","J30 Newport","J30","2026-05-19","2026-05-24","Eliminado","SF","","https://www.itftennis.com/en/tournament/j30-newport/gbr/2026/j-j30-gbr-2026-003/draws-and-results/","Encontrado na ITF (MD); leitura do draw: ITF API: derrota encontrada."
"theodor-kraytchev","Theodor Kraytchev","Doubles","J30 Newport","J30","2026-05-19","2026-05-24","Eliminado","R32","","https://www.itftennis.com/en/tournament/j30-newport/gbr/2026/j-j30-gbr-2026-003/draws-and-results/","Encontrado na ITF; leitura do draw de duplas: ITF API: derrota encontrada."
"toby-blunden","Toby Blunden","Doubles","J30 Newport","J30","2026-05-19","2026-05-24","Eliminado","QF","","https://www.itftennis.com/en/tournament/j30-newport/gbr/2026/j-j30-gbr-2026-003/draws-and-results/","Encontrado na ITF; leitura do draw de duplas: ITF API: derrota encontrada."
"toby-blunden","Toby Blunden","Singles","J30 Newport","J30","2026-05-19","2026-05-24","Eliminado","Q1","","https://www.itftennis.com/en/tournament/j30-newport/gbr/2026/j-j30-gbr-2026-003/draws-and-results/","Encontrado na ITF (MD); leitura do draw: ITF API: derrota encontrada."
"toby-shaw","Toby Shaw","Singles","J30 Newport","J30","2026-05-19","2026-05-24","Ativo","Q3","","https://www.itftennis.com/en/tournament/j30-newport/gbr/2026/j-j30-gbr-2026-003/draws-and-results/","Encontrado na ITF (Q); leitura do draw: ITF API: vitoria encontrada."
"toby-ward","Toby Ward","Doubles","J30 Newport","J30","2026-05-19","2026-05-24","Eliminado","F","","https://www.itftennis.com/en/tournament/j30-newport/gbr/2026/j-j30-gbr-2026-003/draws-and-results/","Encontrado na ITF; leitura do draw de duplas: ITF API: derrota encontrada."
"tom-lake","Tom Lake","Singles","J30 Newport","J30","2026-05-19","2026-05-24","Eliminado","Q1","","https://www.itftennis.com/en/tournament/j30-newport/gbr/2026/j-j30-gbr-2026-003/draws-and-results/","Encontrado na ITF (Q); leitura do draw: ITF API: derrota encontrada."
"yanziye-zhang","yanziye zhang","Doubles","J30 Newport","J30","2026-05-19","2026-05-24","Ativo","W","","https://www.itftennis.com/en/tournament/j30-newport/gbr/2026/j-j30-gbr-2026-003/draws-and-results/","Encontrado na ITF; leitura do draw de duplas: ITF API: vitoria encontrada."
"yanziye-zhang","yanziye zhang","Singles","J30 Newport","J30","2026-05-19","2026-05-24","Eliminado","R32","","https://www.itftennis.com/en/tournament/j30-newport/gbr/2026/j-j30-gbr-2026-003/draws-and-results/","Encontrado na ITF (MD); leitura do draw: ITF API: derrota encontrada."
"yasmin-jackson","Yasmin Jackson","Doubles","J30 Newport","J30","2026-05-19","2026-05-24","Eliminado","R32","","https://www.itftennis.com/en/tournament/j30-newport/gbr/2026/j-j30-gbr-2026-003/draws-and-results/","Encontrado na ITF; leitura do draw de duplas: ITF API: derrota encontrada."
"yasmin-jackson","Yasmin Jackson","Singles","J30 Newport","J30","2026-05-19","2026-05-24","Eliminado","Q1","","https://www.itftennis.com/en/tournament/j30-newport/gbr/2026/j-j30-gbr-2026-003/draws-and-results/","Encontrado na ITF (MD); leitura do draw: ITF API: derrota encontrada."
"alejandro-herrero-barcelo","Alejandro Herrero Barcelo","Doubles","J30 Taroudant","J30","2026-05-19","2026-05-24","Ativo","W","","https://www.itftennis.com/en/tournament/j30-taroudant/mar/2026/j-j30-mar-2026-001/draws-and-results/","Encontrado na ITF; leitura do draw de duplas: ITF API: vitoria encontrada."
"alejandro-herrero-barcelo","Alejandro Herrero Barcelo","Singles","J30 Taroudant","J30","2026-05-19","2026-05-24","Eliminado","SF","","https://www.itftennis.com/en/tournament/j30-taroudant/mar/2026/j-j30-mar-2026-001/draws-and-results/","Encontrado na ITF (MD); leitura do draw: ITF API: derrota encontrada."
"angel-minguez-arenas","Angel Minguez Arenas","Doubles","J30 Taroudant","J30","2026-05-19","2026-05-24","Eliminado","QF","","https://www.itftennis.com/en/tournament/j30-taroudant/mar/2026/j-j30-mar-2026-001/draws-and-results/","Encontrado na ITF; leitura do draw de duplas: ITF API: derrota encontrada."
"debrito-borys","Debrito Borys","Doubles","J30 Taroudant","J30","2026-05-19","2026-05-24","Eliminado","QF","","https://www.itftennis.com/en/tournament/j30-taroudant/mar/2026/j-j30-mar-2026-001/draws-and-results/","Encontrado na ITF; leitura do draw de duplas: ITF API: derrota encontrada."
"ghita-sebbar","Ghita Sebbar","Doubles","J30 Taroudant","J30","2026-05-19","2026-05-24","Eliminado","F","","https://www.itftennis.com/en/tournament/j30-taroudant/mar/2026/j-j30-mar-2026-001/draws-and-results/","Encontrado na ITF; leitura do draw de duplas: ITF API: derrota encontrada."
"ghita-sebbar","Ghita Sebbar","Singles","J30 Taroudant","J30","2026-05-19","2026-05-24","Ativo","W","","https://www.itftennis.com/en/tournament/j30-taroudant/mar/2026/j-j30-mar-2026-001/draws-and-results/","Encontrado na ITF (MD); leitura do draw: ITF API: vitoria encontrada."
"hady-grari","Hady Grari","Doubles","J30 Taroudant","J30","2026-05-19","2026-05-24","Eliminado","R32","","https://www.itftennis.com/en/tournament/j30-taroudant/mar/2026/j-j30-mar-2026-001/draws-and-results/","Encontrado na ITF; leitura do draw de duplas: ITF API: derrota encontrada."
"igor-debrito","Igor Debrito","Doubles","J30 Taroudant","J30","2026-05-19","2026-05-24","Eliminado","QF","","https://www.itftennis.com/en/tournament/j30-taroudant/mar/2026/j-j30-mar-2026-001/draws-and-results/","Encontrado na ITF; leitura do draw de duplas: ITF API: derrota encontrada."
"jorge-alvarez-mosteiro","Jorge Alvarez Mosteiro","Doubles","J30 Taroudant","J30","2026-05-19","2026-05-24","Ativo","W","","https://www.itftennis.com/en/tournament/j30-taroudant/mar/2026/j-j30-mar-2026-001/draws-and-results/","Encontrado na ITF; leitura do draw de duplas: ITF API: vitoria encontrada."
"jorge-alvarez-mosteiro","Jorge Alvarez Mosteiro","Singles","J30 Taroudant","J30","2026-05-19","2026-05-24","Eliminado","SF","","https://www.itftennis.com/en/tournament/j30-taroudant/mar/2026/j-j30-mar-2026-001/draws-and-results/","Encontrado na ITF (MD); leitura do draw: ITF API: derrota encontrada."
"mehdi-laabi","Mehdi LAABI","Doubles","J30 Taroudant","J30","2026-05-19","2026-05-24","Eliminado","F","","https://www.itftennis.com/en/tournament/j30-taroudant/mar/2026/j-j30-mar-2026-001/draws-and-results/","Encontrado na ITF; leitura do draw de duplas: ITF API: derrota encontrada."
"mehdi-laabi","Mehdi LAABI","Singles","J30 Taroudant","J30","2026-05-19","2026-05-24","Eliminado","QF","","https://www.itftennis.com/en/tournament/j30-taroudant/mar/2026/j-j30-mar-2026-001/draws-and-results/","Encontrado na ITF (MD); leitura do draw: ITF API: derrota encontrada."
"robin-campasol","Robin CAMPASOL","Doubles","J30 Taroudant","J30","2026-05-19","2026-05-24","Eliminado","QF","","https://www.itftennis.com/en/tournament/j30-taroudant/mar/2026/j-j30-mar-2026-001/draws-and-results/","Encontrado na ITF; leitura do draw de duplas: ITF API: derrota encontrada."
"salim-takhim","Salim Takhim","Doubles","J30 Taroudant","J30","2026-05-19","2026-05-24","Eliminado","R32","","https://www.itftennis.com/en/tournament/j30-taroudant/mar/2026/j-j30-mar-2026-001/draws-and-results/","Encontrado na ITF; leitura do draw de duplas: ITF API: derrota encontrada."
"szymon-podczaszy","Szymon Podczaszy","Doubles","J30 Taroudant","J30","2026-05-19","2026-05-24","Eliminado","SF","","https://www.itftennis.com/en/tournament/j30-taroudant/mar/2026/j-j30-mar-2026-001/draws-and-results/","Encontrado na ITF; leitura do draw de duplas: ITF API: derrota encontrada."
"szymon-podczaszy","Szymon Podczaszy","Singles","J30 Taroudant","J30","2026-05-19","2026-05-24","Ativo","W","","https://www.itftennis.com/en/tournament/j30-taroudant/mar/2026/j-j30-mar-2026-001/draws-and-results/","Encontrado na ITF (MD); leitura do draw: ITF API: vitoria encontrada."
"tamim-soufy","Tamim Soufy","Doubles","J30 Taroudant","J30","2026-05-19","2026-05-24","Eliminado","R32","","https://www.itftennis.com/en/tournament/j30-taroudant/mar/2026/j-j30-mar-2026-001/draws-and-results/","Encontrado na ITF; leitura do draw de duplas: ITF API: derrota encontrada."
"ai-shin-huang","Ai Shin Huang","Doubles","J60 Harmon","J60","2026-05-19","2026-05-24","Eliminado","R32","","https://www.itftennis.com/en/tournament/j60-harmon/gum/2026/j-j60-gum-2026-005/draws-and-results/","Encontrado na ITF; leitura do draw de duplas: ITF API: derrota encontrada."
"camelo-chen","Camelo Chen","Doubles","J60 Harmon","J60","2026-05-19","2026-05-24","Eliminado","R16","","https://www.itftennis.com/en/tournament/j60-harmon/gum/2026/j-j60-gum-2026-005/draws-and-results/","Encontrado na ITF; leitura do draw de duplas: ITF API: derrota encontrada."
"chaewon-moon","chaewon moon","Doubles","J60 Harmon","J60","2026-05-19","2026-05-24","Eliminado","QF","","https://www.itftennis.com/en/tournament/j60-harmon/gum/2026/j-j60-gum-2026-005/draws-and-results/","Encontrado na ITF; leitura do draw de duplas: ITF API: derrota encontrada."
"chiara-bate","Chiara Bate","Doubles","J60 Harmon","J60","2026-05-19","2026-05-24","Eliminado","R32","","https://www.itftennis.com/en/tournament/j60-harmon/gum/2026/j-j60-gum-2026-005/draws-and-results/","Encontrado na ITF; leitura do draw de duplas: ITF API: derrota encontrada."
"daeheon-kang","Daeheon KANG","Doubles","J60 Harmon","J60","2026-05-19","2026-05-24","Eliminado","R16","","https://www.itftennis.com/en/tournament/j60-harmon/gum/2026/j-j60-gum-2026-005/draws-and-results/","Encontrado na ITF; leitura do draw de duplas: ITF API: derrota encontrada."
"daia-kurabayashi","Daia Kurabayashi","Doubles","J60 Harmon","J60","2026-05-19","2026-05-24","Eliminado","QF","","https://www.itftennis.com/en/tournament/j60-harmon/gum/2026/j-j60-gum-2026-005/draws-and-results/","Encontrado na ITF; leitura do draw de duplas: ITF API: derrota encontrada."
"daia-kurabayashi","Daia Kurabayashi","Singles","J60 Harmon","J60","2026-05-19","2026-05-24","Eliminado","QF","","https://www.itftennis.com/en/tournament/j60-harmon/gum/2026/j-j60-gum-2026-005/draws-and-results/","Encontrado na ITF (MD); leitura do draw: ITF API: derrota encontrada."
"daiya-hino","Daiya Hino","Doubles","J60 Harmon","J60","2026-05-19","2026-05-24","Eliminado","R16","","https://www.itftennis.com/en/tournament/j60-harmon/gum/2026/j-j60-gum-2026-005/draws-and-results/","Encontrado na ITF; leitura do draw de duplas: ITF API: derrota encontrada."
"eric-matthew-gunawan","ERIC MATTHEW GUNAWAN","Doubles","J60 Harmon","J60","2026-05-19","2026-05-24","Eliminado","SF","","https://www.itftennis.com/en/tournament/j60-harmon/gum/2026/j-j60-gum-2026-005/draws-and-results/","Encontrado na ITF; leitura do draw de duplas: ITF API: derrota encontrada."
"erina-hayashi","Erina Hayashi","Doubles","J60 Harmon","J60","2026-05-19","2026-05-24","Eliminado","R32","","https://www.itftennis.com/en/tournament/j60-harmon/gum/2026/j-j60-gum-2026-005/draws-and-results/","Encontrado na ITF; leitura do draw de duplas: ITF API: derrota encontrada."
"erynne-francesca-ong","Erynne Francesca Ong","Doubles","J60 Harmon","J60","2026-05-19","2026-05-24","Eliminado","R32","","https://www.itftennis.com/en/tournament/j60-harmon/gum/2026/j-j60-gum-2026-005/draws-and-results/","Encontrado na ITF; leitura do draw de duplas: ITF API: derrota encontrada."
"eyu-yoshida","eyu yoshida","Doubles","J60 Harmon","J60","2026-05-19","2026-05-24","Eliminado","SF","","https://www.itftennis.com/en/tournament/j60-harmon/gum/2026/j-j60-gum-2026-005/draws-and-results/","Encontrado na ITF; leitura do draw de duplas: ITF API: derrota encontrada."
"gaku-matsumoto","Gaku Matsumoto","Doubles","J60 Harmon","J60","2026-05-19","2026-05-24","Eliminado","R16","","https://www.itftennis.com/en/tournament/j60-harmon/gum/2026/j-j60-gum-2026-005/draws-and-results/","Encontrado na ITF; leitura do draw de duplas: ITF API: derrota encontrada."
"gaku-matsumoto","Gaku Matsumoto","Singles","J60 Harmon","J60","2026-05-19","2026-05-24","Ativo","Q2","","https://www.itftennis.com/en/tournament/j60-harmon/gum/2026/j-j60-gum-2026-005/draws-and-results/","Encontrado na ITF (MD); leitura do draw: ITF API: vitoria encontrada."
"haelyn-ming-hae-chu","Haelyn Ming Hae Chu","Doubles","J60 Harmon","J60","2026-05-19","2026-05-24","Eliminado","QF","","https://www.itftennis.com/en/tournament/j60-harmon/gum/2026/j-j60-gum-2026-005/draws-and-results/","Encontrado na ITF; leitura do draw de duplas: ITF API: derrota encontrada."
"han-frida-siu","Han Frida Siu","Doubles","J60 Harmon","J60","2026-05-19","2026-05-24","Eliminado","SF","","https://www.itftennis.com/en/tournament/j60-harmon/gum/2026/j-j60-gum-2026-005/draws-and-results/","Encontrado na ITF; leitura do draw de duplas: ITF API: derrota encontrada."
"han-frida-siu","Han Frida Siu","Singles","J60 Harmon","J60","2026-05-19","2026-05-24","Eliminado","QF","","https://www.itftennis.com/en/tournament/j60-harmon/gum/2026/j-j60-gum-2026-005/draws-and-results/","Encontrado na ITF (MD); leitura do draw: ITF API: derrota encontrada."
"hanbi-lee","hanbi lee","Doubles","J60 Harmon","J60","2026-05-19","2026-05-24","Eliminado","R32","","https://www.itftennis.com/en/tournament/j60-harmon/gum/2026/j-j60-gum-2026-005/draws-and-results/","Encontrado na ITF; leitura do draw de duplas: ITF API: derrota encontrada."
"hanna-lee","HANNA LEE","Doubles","J60 Harmon","J60","2026-05-19","2026-05-24","Eliminado","R32","","https://www.itftennis.com/en/tournament/j60-harmon/gum/2026/j-j60-gum-2026-005/draws-and-results/","Encontrado na ITF; leitura do draw de duplas: ITF API: derrota encontrada."
"hozumi-kaneda","Hozumi Kaneda","Doubles","J60 Harmon","J60","2026-05-19","2026-05-24","Eliminado","F","","https://www.itftennis.com/en/tournament/j60-harmon/gum/2026/j-j60-gum-2026-005/draws-and-results/","Encontrado na ITF; leitura do draw de duplas: ITF API: derrota encontrada."
"hozumi-kaneda","Hozumi Kaneda","Singles","J60 Harmon","J60","2026-05-19","2026-05-24","Eliminado","QF","","https://www.itftennis.com/en/tournament/j60-harmon/gum/2026/j-j60-gum-2026-005/draws-and-results/","Encontrado na ITF (MD); leitura do draw: ITF API: derrota encontrada."
"hyo-sun-na","Hyo Sun Na","Doubles","J60 Harmon","J60","2026-05-19","2026-05-24","Eliminado","R32","","https://www.itftennis.com/en/tournament/j60-harmon/gum/2026/j-j60-gum-2026-005/draws-and-results/","Encontrado na ITF; leitura do draw de duplas: ITF API: derrota encontrada."
"hyojin-ha","Hyojin Ha","Doubles","J60 Harmon","J60","2026-05-19","2026-05-24","Eliminado","R16","","https://www.itftennis.com/en/tournament/j60-harmon/gum/2026/j-j60-gum-2026-005/draws-and-results/","Encontrado na ITF; leitura do draw de duplas: ITF API: derrota encontrada."
"jay-shon","Jay Shon","Doubles","J60 Harmon","J60","2026-05-19","2026-05-24","Eliminado","R32","","https://www.itftennis.com/en/tournament/j60-harmon/gum/2026/j-j60-gum-2026-005/draws-and-results/","Encontrado na ITF; leitura do draw de duplas: ITF API: derrota encontrada."
"jeren-devera","Jeren Devera","Doubles","J60 Harmon","J60","2026-05-19","2026-05-24","Eliminado","R16","","https://www.itftennis.com/en/tournament/j60-harmon/gum/2026/j-j60-gum-2026-005/draws-and-results/","Encontrado na ITF; leitura do draw de duplas: ITF API: derrota encontrada."
"jiho-park","Jiho Park","Doubles","J60 Harmon","J60","2026-05-19","2026-05-24","Eliminado","R16","","https://www.itftennis.com/en/tournament/j60-harmon/gum/2026/j-j60-gum-2026-005/draws-and-results/","Encontrado na ITF; leitura do draw de duplas: ITF API: derrota encontrada."
"jiho-park","Jiho Park","Singles","J60 Harmon","J60","2026-05-19","2026-05-24","Eliminado","Q1","","https://www.itftennis.com/en/tournament/j60-harmon/gum/2026/j-j60-gum-2026-005/draws-and-results/","Encontrado na ITF (MD); leitura do draw: ITF API: derrota encontrada."
"jihyeon-moon","Jihyeon Moon","Doubles","J60 Harmon","J60","2026-05-19","2026-05-24","Eliminado","QF","","https://www.itftennis.com/en/tournament/j60-harmon/gum/2026/j-j60-gum-2026-005/draws-and-results/","Encontrado na ITF; leitura do draw de duplas: ITF API: derrota encontrada."
"jihyeon-moon","Jihyeon Moon","Singles","J60 Harmon","J60","2026-05-19","2026-05-24","Ativo","Q2","","https://www.itftennis.com/en/tournament/j60-harmon/gum/2026/j-j60-gum-2026-005/draws-and-results/","Encontrado na ITF (MD); leitura do draw: ITF API: vitoria encontrada."
"jiyeon-baik","Jiyeon Baik","Doubles","J60 Harmon","J60","2026-05-19","2026-05-24","Eliminado","R32","","https://www.itftennis.com/en/tournament/j60-harmon/gum/2026/j-j60-gum-2026-005/draws-and-results/","Encontrado na ITF; leitura do draw de duplas: ITF API: derrota encontrada."
"jun-hyuck-lee","Jun Hyuck Lee","Doubles","J60 Harmon","J60","2026-05-19","2026-05-24","Eliminado","SF","","https://www.itftennis.com/en/tournament/j60-harmon/gum/2026/j-j60-gum-2026-005/draws-and-results/","Encontrado na ITF; leitura do draw de duplas: ITF API: derrota encontrada."
"junhyuk-seo","Junhyuk Seo","Doubles","J60 Harmon","J60","2026-05-19","2026-05-24","Eliminado","R16","","https://www.itftennis.com/en/tournament/j60-harmon/gum/2026/j-j60-gum-2026-005/draws-and-results/","Encontrado na ITF; leitura do draw de duplas: ITF API: derrota encontrada."
"kai-ning-chanya-ng","Kai Ning Chanya Ng","Doubles","J60 Harmon","J60","2026-05-19","2026-05-24","Eliminado","SF","","https://www.itftennis.com/en/tournament/j60-harmon/gum/2026/j-j60-gum-2026-005/draws-and-results/","Encontrado na ITF; leitura do draw de duplas: ITF API: derrota encontrada."
"keisei-miyagishi","Keisei Miyagishi","Doubles","J60 Harmon","J60","2026-05-19","2026-05-24","Eliminado","QF","","https://www.itftennis.com/en/tournament/j60-harmon/gum/2026/j-j60-gum-2026-005/draws-and-results/","Encontrado na ITF; leitura do draw de duplas: ITF API: derrota encontrada."
"keisei-miyagishi","Keisei Miyagishi","Singles","J60 Harmon","J60","2026-05-19","2026-05-24","Eliminado","SF","","https://www.itftennis.com/en/tournament/j60-harmon/gum/2026/j-j60-gum-2026-005/draws-and-results/","Encontrado na ITF (MD); leitura do draw: ITF API: derrota encontrada."
"kim-young-jun","Kim Young Jun","Doubles","J60 Harmon","J60","2026-05-19","2026-05-24","Eliminado","QF","","https://www.itftennis.com/en/tournament/j60-harmon/gum/2026/j-j60-gum-2026-005/draws-and-results/","Encontrado na ITF; leitura do draw de duplas: ITF API: derrota encontrada."
"kim-young-jun","Kim Young Jun","Singles","J60 Harmon","J60","2026-05-19","2026-05-24","Ativo","Q2","","https://www.itftennis.com/en/tournament/j60-harmon/gum/2026/j-j60-gum-2026-005/draws-and-results/","Encontrado na ITF (MD); leitura do draw: ITF API: vitoria encontrada."
"koyu-yanagi","Koyu Yanagi","Doubles","J60 Harmon","J60","2026-05-19","2026-05-24","Ativo","W","","https://www.itftennis.com/en/tournament/j60-harmon/gum/2026/j-j60-gum-2026-005/draws-and-results/","Encontrado na ITF; leitura do draw de duplas: ITF API: vitoria encontrada."
"koyu-yanagi","Koyu Yanagi","Singles","J60 Harmon","J60","2026-05-19","2026-05-24","Eliminado","F","","https://www.itftennis.com/en/tournament/j60-harmon/gum/2026/j-j60-gum-2026-005/draws-and-results/","Encontrado na ITF (MD); leitura do draw: ITF API: derrota encontrada."
"kuan-huai-mao","Kuan-Huai Mao","Doubles","J60 Harmon","J60","2026-05-19","2026-05-24","Eliminado","SF","","https://www.itftennis.com/en/tournament/j60-harmon/gum/2026/j-j60-gum-2026-005/draws-and-results/","Encontrado na ITF; leitura do draw de duplas: ITF API: derrota encontrada."
"kuan-huai-mao","Kuan-Huai Mao","Singles","J60 Harmon","J60","2026-05-19","2026-05-24","Eliminado","SF","","https://www.itftennis.com/en/tournament/j60-harmon/gum/2026/j-j60-gum-2026-005/draws-and-results/","Encontrado na ITF (MD); leitura do draw: ITF API: derrota encontrada."
"kuranosuke-suzuki","Kuranosuke Suzuki","Doubles","J60 Harmon","J60","2026-05-19","2026-05-24","Eliminado","F","","https://www.itftennis.com/en/tournament/j60-harmon/gum/2026/j-j60-gum-2026-005/draws-and-results/","Encontrado na ITF; leitura do draw de duplas: ITF API: derrota encontrada."
"kuranosuke-suzuki","Kuranosuke Suzuki","Singles","J60 Harmon","J60","2026-05-19","2026-05-24","Eliminado","QF","","https://www.itftennis.com/en/tournament/j60-harmon/gum/2026/j-j60-gum-2026-005/draws-and-results/","Encontrado na ITF (MD); leitura do draw: ITF API: derrota encontrada."
"mako-kuwabara","Mako Kuwabara","Doubles","J60 Harmon","J60","2026-05-19","2026-05-24","Eliminado","QF","","https://www.itftennis.com/en/tournament/j60-harmon/gum/2026/j-j60-gum-2026-005/draws-and-results/","Encontrado na ITF; leitura do draw de duplas: ITF API: derrota encontrada."
"malachi-obrien","Malachi Obrien","Doubles","J60 Harmon","J60","2026-05-19","2026-05-24","Eliminado","R16","","https://www.itftennis.com/en/tournament/j60-harmon/gum/2026/j-j60-gum-2026-005/draws-and-results/","Encontrado na ITF; leitura do draw de duplas: ITF API: derrota encontrada."
"marco-ciarrocchi","Marco Ciarrocchi","Doubles","J60 Harmon","J60","2026-05-19","2026-05-24","Eliminado","R16","","https://www.itftennis.com/en/tournament/j60-harmon/gum/2026/j-j60-gum-2026-005/draws-and-results/","Encontrado na ITF; leitura do draw de duplas: ITF API: derrota encontrada."
"marco-ciarrocchi","Marco Ciarrocchi","Singles","J60 Harmon","J60","2026-05-19","2026-05-24","Eliminado","Q1","","https://www.itftennis.com/en/tournament/j60-harmon/gum/2026/j-j60-gum-2026-005/draws-and-results/","Encontrado na ITF (MD); leitura do draw: ITF API: derrota encontrada."
"max-saychenko","Max Saychenko","Doubles","J60 Harmon","J60","2026-05-19","2026-05-24","Eliminado","R16","","https://www.itftennis.com/en/tournament/j60-harmon/gum/2026/j-j60-gum-2026-005/draws-and-results/","Encontrado na ITF; leitura do draw de duplas: ITF API: derrota encontrada."
"mitsuki-ohmasa","mitsuki ohmasa","Doubles","J60 Harmon","J60","2026-05-19","2026-05-24","Eliminado","R16","","https://www.itftennis.com/en/tournament/j60-harmon/gum/2026/j-j60-gum-2026-005/draws-and-results/","Encontrado na ITF; leitura do draw de duplas: ITF API: derrota encontrada."
"mitsuki-ohmasa","mitsuki ohmasa","Singles","J60 Harmon","J60","2026-05-19","2026-05-24","Ativo","Q2","","https://www.itftennis.com/en/tournament/j60-harmon/gum/2026/j-j60-gum-2026-005/draws-and-results/","Encontrado na ITF (MD); leitura do draw: ITF API: vitoria encontrada."
"nanayo-wada","Nanayo Wada","Doubles","J60 Harmon","J60","2026-05-19","2026-05-24","Eliminado","F","","https://www.itftennis.com/en/tournament/j60-harmon/gum/2026/j-j60-gum-2026-005/draws-and-results/","Encontrado na ITF; leitura do draw de duplas: ITF API: derrota encontrada."
"nanayo-wada","Nanayo Wada","Singles","J60 Harmon","J60","2026-05-19","2026-05-24","Eliminado","F","","https://www.itftennis.com/en/tournament/j60-harmon/gum/2026/j-j60-gum-2026-005/draws-and-results/","Encontrado na ITF (MD); leitura do draw: ITF API: derrota encontrada."
"raetea-lyn-rongo","Raetea Lyn Rongo","Doubles","J60 Harmon","J60","2026-05-19","2026-05-24","Eliminado","R32","","https://www.itftennis.com/en/tournament/j60-harmon/gum/2026/j-j60-gum-2026-005/draws-and-results/","Encontrado na ITF; leitura do draw de duplas: ITF API: derrota encontrada."
"rei-miyamoto","REI MIYAMOTO","Doubles","J60 Harmon","J60","2026-05-19","2026-05-24","Eliminado","F","","https://www.itftennis.com/en/tournament/j60-harmon/gum/2026/j-j60-gum-2026-005/draws-and-results/","Encontrado na ITF; leitura do draw de duplas: ITF API: derrota encontrada."
"rei-miyamoto","REI MIYAMOTO","Singles","J60 Harmon","J60","2026-05-19","2026-05-24","Ativo","W","","https://www.itftennis.com/en/tournament/j60-harmon/gum/2026/j-j60-gum-2026-005/draws-and-results/","Encontrado na ITF (MD); leitura do draw: ITF API: vitoria encontrada."
"rentaro-otaka","RENTARO OTAKA","Doubles","J60 Harmon","J60","2026-05-19","2026-05-24","Eliminado","QF","","https://www.itftennis.com/en/tournament/j60-harmon/gum/2026/j-j60-gum-2026-005/draws-and-results/","Encontrado na ITF; leitura do draw de duplas: ITF API: derrota encontrada."
"rentaro-otaka","RENTARO OTAKA","Singles","J60 Harmon","J60","2026-05-19","2026-05-24","Ativo","Q2","0","https://www.itftennis.com/en/tournament/j60-harmon/gum/2026/j-j60-gum-2026-005/draws-and-results/","Encontrado na ITF (MD); leitura do draw: ITF API: bye encontrado; atleta avancou sem pontuar."
"rika-hagiwara","Rika Hagiwara","Doubles","J60 Harmon","J60","2026-05-19","2026-05-24","Eliminado","QF","","https://www.itftennis.com/en/tournament/j60-harmon/gum/2026/j-j60-gum-2026-005/draws-and-results/","Encontrado na ITF; leitura do draw de duplas: ITF API: derrota encontrada."
"rika-hagiwara","Rika Hagiwara","Singles","J60 Harmon","J60","2026-05-19","2026-05-24","Eliminado","SF","","https://www.itftennis.com/en/tournament/j60-harmon/gum/2026/j-j60-gum-2026-005/draws-and-results/","Encontrado na ITF (MD); leitura do draw: ITF API: derrota encontrada."
"sakura-mori","Sakura Mori","Singles","J60 Harmon","J60","2026-05-19","2026-05-24","Eliminado","QF","","https://www.itftennis.com/en/tournament/j60-harmon/gum/2026/j-j60-gum-2026-005/draws-and-results/","Encontrado na ITF (MD); leitura do draw: ITF API: derrota encontrada."
"seojin-park","Seojin Park","Doubles","J60 Harmon","J60","2026-05-19","2026-05-24","Ativo","W","","https://www.itftennis.com/en/tournament/j60-harmon/gum/2026/j-j60-gum-2026-005/draws-and-results/","Encontrado na ITF; leitura do draw de duplas: ITF API: vitoria encontrada."
"seojin-park","Seojin Park","Singles","J60 Harmon","J60","2026-05-19","2026-05-24","Eliminado","SF","","https://www.itftennis.com/en/tournament/j60-harmon/gum/2026/j-j60-gum-2026-005/draws-and-results/","Encontrado na ITF (MD); leitura do draw: ITF API: derrota encontrada."
"siwoo-lee","Siwoo Lee","Doubles","J60 Harmon","J60","2026-05-19","2026-05-24","Eliminado","R32","","https://www.itftennis.com/en/tournament/j60-harmon/gum/2026/j-j60-gum-2026-005/draws-and-results/","Encontrado na ITF; leitura do draw de duplas: ITF API: derrota encontrada."
"somin-kim","somin kim","Doubles","J60 Harmon","J60","2026-05-19","2026-05-24","Eliminado","QF","","https://www.itftennis.com/en/tournament/j60-harmon/gum/2026/j-j60-gum-2026-005/draws-and-results/","Encontrado na ITF; leitura do draw de duplas: ITF API: derrota encontrada."
"soohwan-jeong","soohwan Jeong","Singles","J60 Harmon","J60","2026-05-19","2026-05-24","Eliminado","Q1","","https://www.itftennis.com/en/tournament/j60-harmon/gum/2026/j-j60-gum-2026-005/draws-and-results/","Encontrado na ITF (Q); leitura do draw: ITF API: derrota encontrada."
"sota-kagawa","SOTA KAGAWA","Doubles","J60 Harmon","J60","2026-05-19","2026-05-24","Ativo","W","","https://www.itftennis.com/en/tournament/j60-harmon/gum/2026/j-j60-gum-2026-005/draws-and-results/","Encontrado na ITF; leitura do draw de duplas: ITF API: vitoria encontrada."
"sota-kagawa","SOTA KAGAWA","Singles","J60 Harmon","J60","2026-05-19","2026-05-24","Ativo","W","","https://www.itftennis.com/en/tournament/j60-harmon/gum/2026/j-j60-gum-2026-005/draws-and-results/","Encontrado na ITF (MD); leitura do draw: ITF API: vitoria encontrada."
"sugwang-bae","Sugwang Bae","Doubles","J60 Harmon","J60","2026-05-19","2026-05-24","Eliminado","QF","","https://www.itftennis.com/en/tournament/j60-harmon/gum/2026/j-j60-gum-2026-005/draws-and-results/","Encontrado na ITF; leitura do draw de duplas: ITF API: derrota encontrada."
"takayuki-sudo","Takayuki Sudo","Doubles","J60 Harmon","J60","2026-05-19","2026-05-24","Eliminado","R32","","https://www.itftennis.com/en/tournament/j60-harmon/gum/2026/j-j60-gum-2026-005/draws-and-results/","Encontrado na ITF; leitura do draw de duplas: ITF API: derrota encontrada."
"takayuki-sudo","Takayuki Sudo","Singles","J60 Harmon","J60","2026-05-19","2026-05-24","Eliminado","Q1","","https://www.itftennis.com/en/tournament/j60-harmon/gum/2026/j-j60-gum-2026-005/draws-and-results/","Encontrado na ITF (MD); leitura do draw: ITF API: derrota encontrada."
"teppei-harada","Teppei Harada","Singles","J60 Harmon","J60","2026-05-19","2026-05-24","Eliminado","Q1","","https://www.itftennis.com/en/tournament/j60-harmon/gum/2026/j-j60-gum-2026-005/draws-and-results/","Encontrado na ITF (Q); leitura do draw: ITF API: derrota encontrada."
"valencia-cui","Valencia Cui","Doubles","J60 Harmon","J60","2026-05-19","2026-05-24","Eliminado","R32","","https://www.itftennis.com/en/tournament/j60-harmon/gum/2026/j-j60-gum-2026-005/draws-and-results/","Encontrado na ITF; leitura do draw de duplas: ITF API: derrota encontrada."
"wei-cheng-tang","Wei-Cheng Tang","Doubles","J60 Harmon","J60","2026-05-19","2026-05-24","Eliminado","SF","","https://www.itftennis.com/en/tournament/j60-harmon/gum/2026/j-j60-gum-2026-005/draws-and-results/","Encontrado na ITF; leitura do draw de duplas: ITF API: derrota encontrada."
"winky-leung","Winky Leung","Doubles","J60 Harmon","J60","2026-05-19","2026-05-24","Eliminado","QF","","https://www.itftennis.com/en/tournament/j60-harmon/gum/2026/j-j60-gum-2026-005/draws-and-results/","Encontrado na ITF; leitura do draw de duplas: ITF API: derrota encontrada."
"yamato-toyoshima","Yamato Toyoshima","Doubles","J60 Harmon","J60","2026-05-19","2026-05-24","Eliminado","R16","","https://www.itftennis.com/en/tournament/j60-harmon/gum/2026/j-j60-gum-2026-005/draws-and-results/","Encontrado na ITF; leitura do draw de duplas: ITF API: derrota encontrada."
"yamato-toyoshima","Yamato Toyoshima","Singles","J60 Harmon","J60","2026-05-19","2026-05-24","Ativo","Q2","","https://www.itftennis.com/en/tournament/j60-harmon/gum/2026/j-j60-gum-2026-005/draws-and-results/","Encontrado na ITF (MD); leitura do draw: ITF API: vitoria encontrada."
"yebin-jeon","YEBIN JEON","Doubles","J60 Harmon","J60","2026-05-19","2026-05-24","Ativo","W","","https://www.itftennis.com/en/tournament/j60-harmon/gum/2026/j-j60-gum-2026-005/draws-and-results/","Encontrado na ITF; leitura do draw de duplas: ITF API: vitoria encontrada."
"yebin-jeon","YEBIN JEON","Singles","J60 Harmon","J60","2026-05-19","2026-05-24","Eliminado","QF","","https://www.itftennis.com/en/tournament/j60-harmon/gum/2026/j-j60-gum-2026-005/draws-and-results/","Encontrado na ITF (MD); leitura do draw: ITF API: derrota encontrada."
"yishan-xu","Yishan Xu","Doubles","J60 Harmon","J60","2026-05-19","2026-05-24","Eliminado","SF","","https://www.itftennis.com/en/tournament/j60-harmon/gum/2026/j-j60-gum-2026-005/draws-and-results/","Encontrado na ITF; leitura do draw de duplas: ITF API: derrota encontrada."
"yishan-xu","Yishan Xu","Singles","J60 Harmon","J60","2026-05-19","2026-05-24","Eliminado","QF","","https://www.itftennis.com/en/tournament/j60-harmon/gum/2026/j-j60-gum-2026-005/draws-and-results/","Encontrado na ITF (MD); leitura do draw: ITF API: derrota encontrada."
"yo-chi-chen","Yo-Chi Chen","Doubles","J60 Harmon","J60","2026-05-19","2026-05-24","Eliminado","R16","","https://www.itftennis.com/en/tournament/j60-harmon/gum/2026/j-j60-gum-2026-005/draws-and-results/","Encontrado na ITF; leitura do draw de duplas: ITF API: derrota encontrada."
"yo-chi-chen","Yo-Chi Chen","Singles","J60 Harmon","J60","2026-05-19","2026-05-24","Ativo","Q2","0","https://www.itftennis.com/en/tournament/j60-harmon/gum/2026/j-j60-gum-2026-005/draws-and-results/","Encontrado na ITF (MD); leitura do draw: ITF API: bye encontrado; atleta avancou sem pontuar."
"young-hoon-kim","Young Hoon Kim","Doubles","J60 Harmon","J60","2026-05-19","2026-05-24","Eliminado","QF","","https://www.itftennis.com/en/tournament/j60-harmon/gum/2026/j-j60-gum-2026-005/draws-and-results/","Encontrado na ITF; leitura do draw de duplas: ITF API: derrota encontrada."
"yubeen-kim","YUBEEN KIM","Doubles","J60 Harmon","J60","2026-05-19","2026-05-24","Eliminado","R16","","https://www.itftennis.com/en/tournament/j60-harmon/gum/2026/j-j60-gum-2026-005/draws-and-results/","Encontrado na ITF; leitura do draw de duplas: ITF API: derrota encontrada."
"yubeen-kim","YUBEEN KIM","Singles","J60 Harmon","J60","2026-05-19","2026-05-24","Eliminado","Q1","","https://www.itftennis.com/en/tournament/j60-harmon/gum/2026/j-j60-gum-2026-005/draws-and-results/","Encontrado na ITF (MD); leitura do draw: ITF API: derrota encontrada."
"yuna-ozaki","Yuna Ozaki","Doubles","J60 Harmon","J60","2026-05-19","2026-05-24","Eliminado","QF","","https://www.itftennis.com/en/tournament/j60-harmon/gum/2026/j-j60-gum-2026-005/draws-and-results/","Encontrado na ITF; leitura do draw de duplas: ITF API: derrota encontrada."
"yuriko-michihiro","Yuriko Michihiro","Doubles","J60 Harmon","J60","2026-05-19","2026-05-24","Eliminado","R32","","https://www.itftennis.com/en/tournament/j60-harmon/gum/2026/j-j60-gum-2026-005/draws-and-results/","Encontrado na ITF; leitura do draw de duplas: ITF API: derrota encontrada."
"yushin-nogami","Yushin Nogami","Doubles","J60 Harmon","J60","2026-05-19","2026-05-24","Eliminado","QF","","https://www.itftennis.com/en/tournament/j60-harmon/gum/2026/j-j60-gum-2026-005/draws-and-results/","Encontrado na ITF; leitura do draw de duplas: ITF API: derrota encontrada."
"yushin-nogami","Yushin Nogami","Singles","J60 Harmon","J60","2026-05-19","2026-05-24","Ativo","Q2","","https://www.itftennis.com/en/tournament/j60-harmon/gum/2026/j-j60-gum-2026-005/draws-and-results/","Encontrado na ITF (MD); leitura do draw: ITF API: vitoria encontrada."
"yuumi-sueyoshi","YUUMI SUEYOSHI","Doubles","J60 Harmon","J60","2026-05-19","2026-05-24","Eliminado","QF","","https://www.itftennis.com/en/tournament/j60-harmon/gum/2026/j-j60-gum-2026-005/draws-and-results/","Encontrado na ITF; leitura do draw de duplas: ITF API: derrota encontrada."
"ziqi-li","Ziqi Li","Doubles","J60 Harmon","J60","2026-05-19","2026-05-24","Eliminado","R16","","https://www.itftennis.com/en/tournament/j60-harmon/gum/2026/j-j60-gum-2026-005/draws-and-results/","Encontrado na ITF; leitura do draw de duplas: ITF API: derrota encontrada."
"abhinav-monikuttan","Abhinav Monikuttan","Doubles","J60 Nairobi","J60","2026-05-19","2026-05-23","Eliminado","QF","","https://www.itftennis.com/en/tournament/j60-nairobi/ken/2026/j-j60-ken-2026-002/draws-and-results/","Encontrado na ITF; leitura do draw de duplas: ITF API: derrota encontrada."
"abhinav-monikuttan","Abhinav Monikuttan","Singles","J60 Nairobi","J60","2026-05-19","2026-05-23","Eliminado","QF","","https://www.itftennis.com/en/tournament/j60-nairobi/ken/2026/j-j60-ken-2026-002/draws-and-results/","Encontrado na ITF (MD); leitura do draw: ITF API: derrota encontrada."
"abhisekh-tamuly","Abhisekh Tamuly","Singles","J60 Nairobi","J60","2026-05-19","2026-05-23","Eliminado","Q2","","https://www.itftennis.com/en/tournament/j60-nairobi/ken/2026/j-j60-ken-2026-002/draws-and-results/","Encontrado na ITF (Q); leitura do draw: ITF API: derrota encontrada."
"ahana-das","Ahana Das","Doubles","J60 Nairobi","J60","2026-05-19","2026-05-23","Eliminado","R32","","https://www.itftennis.com/en/tournament/j60-nairobi/ken/2026/j-j60-ken-2026-002/draws-and-results/","Encontrado na ITF; leitura do draw de duplas: ITF API: derrota encontrada."
"ahana-das","Ahana Das","Singles","J60 Nairobi","J60","2026-05-19","2026-05-23","Eliminado","R32","","https://www.itftennis.com/en/tournament/j60-nairobi/ken/2026/j-j60-ken-2026-002/draws-and-results/","Encontrado na ITF (MD); leitura do draw: ITF API: derrota encontrada."
"ahmad-bahaa-sarouji","Ahmad bahaa Sarouji","Doubles","J60 Nairobi","J60","2026-05-19","2026-05-23","Eliminado","QF","","https://www.itftennis.com/en/tournament/j60-nairobi/ken/2026/j-j60-ken-2026-002/draws-and-results/","Encontrado na ITF; leitura do draw de duplas: ITF API: derrota encontrada."
"ahmad-bahaa-sarouji","Ahmad bahaa Sarouji","Singles","J60 Nairobi","J60","2026-05-19","2026-05-23","Eliminado","R64","","https://www.itftennis.com/en/tournament/j60-nairobi/ken/2026/j-j60-ken-2026-002/draws-and-results/","Encontrado na ITF (MD); leitura do draw: ITF API: derrota encontrada."
"alexander-kachalov","Alexander Kachalov","Doubles","J60 Nairobi","J60","2026-05-19","2026-05-23","Eliminado","R32","","https://www.itftennis.com/en/tournament/j60-nairobi/ken/2026/j-j60-ken-2026-002/draws-and-results/","Encontrado na ITF; leitura do draw de duplas: ITF API: derrota encontrada."
"alexander-kachalov","Alexander Kachalov","Singles","J60 Nairobi","J60","2026-05-19","2026-05-23","Eliminado","R64","","https://www.itftennis.com/en/tournament/j60-nairobi/ken/2026/j-j60-ken-2026-002/draws-and-results/","Encontrado na ITF (MD); leitura do draw: ITF API: derrota encontrada."
"armani-nalavade","Armani Nalavade","Doubles","J60 Nairobi","J60","2026-05-19","2026-05-23","Eliminado","SF","","https://www.itftennis.com/en/tournament/j60-nairobi/ken/2026/j-j60-ken-2026-002/draws-and-results/","Encontrado na ITF; leitura do draw de duplas: ITF API: derrota encontrada."
"armani-nalavade","Armani Nalavade","Singles","J60 Nairobi","J60","2026-05-19","2026-05-23","Eliminado","R32","","https://www.itftennis.com/en/tournament/j60-nairobi/ken/2026/j-j60-ken-2026-002/draws-and-results/","Encontrado na ITF (MD); leitura do draw: ITF API: derrota encontrada."
"ashley-lila-wafula","Ashley Lila Wafula","Singles","J60 Nairobi","J60","2026-05-19","2026-05-23","Eliminado","R64","","https://www.itftennis.com/en/tournament/j60-nairobi/ken/2026/j-j60-ken-2026-002/draws-and-results/","Encontrado na ITF (MD); leitura do draw: ITF API: derrota encontrada."
"aum-chandarana","Aum Chandarana","Doubles","J60 Nairobi","J60","2026-05-19","2026-05-23","Eliminado","SF","","https://www.itftennis.com/en/tournament/j60-nairobi/ken/2026/j-j60-ken-2026-002/draws-and-results/","Encontrado na ITF; leitura do draw de duplas: ITF API: derrota encontrada."
"aum-chandarana","Aum Chandarana","Singles","J60 Nairobi","J60","2026-05-19","2026-05-23","Eliminado","R64","","https://www.itftennis.com/en/tournament/j60-nairobi/ken/2026/j-j60-ken-2026-002/draws-and-results/","Encontrado na ITF (MD); leitura do draw: ITF API: derrota encontrada."
"ayaan-dev-singh","Ayaan Dev Singh","Doubles","J60 Nairobi","J60","2026-05-19","2026-05-23","Eliminado","R32","","https://www.itftennis.com/en/tournament/j60-nairobi/ken/2026/j-j60-ken-2026-002/draws-and-results/","Encontrado na ITF; leitura do draw de duplas: ITF API: derrota encontrada."
"ayaan-dev-singh","Ayaan Dev Singh","Singles","J60 Nairobi","J60","2026-05-19","2026-05-23","Eliminado","R64","","https://www.itftennis.com/en/tournament/j60-nairobi/ken/2026/j-j60-ken-2026-002/draws-and-results/","Encontrado na ITF (MD); leitura do draw: ITF API: derrota encontrada."
"ayush-bhandari","Ayush Bhandari","Doubles","J60 Nairobi","J60","2026-05-19","2026-05-23","Eliminado","QF","","https://www.itftennis.com/en/tournament/j60-nairobi/ken/2026/j-j60-ken-2026-002/draws-and-results/","Encontrado na ITF; leitura do draw de duplas: ITF API: derrota encontrada."
"ayush-bhandari","Ayush Bhandari","Singles","J60 Nairobi","J60","2026-05-19","2026-05-23","Eliminado","R64","","https://www.itftennis.com/en/tournament/j60-nairobi/ken/2026/j-j60-ken-2026-002/draws-and-results/","Encontrado na ITF (MD); leitura do draw: ITF API: derrota encontrada."
"azaliyah-kavuisya","Azaliyah Kavuisya","Singles","J60 Nairobi","J60","2026-05-19","2026-05-23","Eliminado","R64","","https://www.itftennis.com/en/tournament/j60-nairobi/ken/2026/j-j60-ken-2026-002/draws-and-results/","Encontrado na ITF (MD); leitura do draw: ITF API: derrota encontrada."
"bathsheba-ogamba","Bathsheba Ogamba","Doubles","J60 Nairobi","J60","2026-05-19","2026-05-23","Eliminado","SF","","https://www.itftennis.com/en/tournament/j60-nairobi/ken/2026/j-j60-ken-2026-002/draws-and-results/","Encontrado na ITF; leitura do draw de duplas: ITF API: derrota encontrada."
"bathsheba-ogamba","Bathsheba Ogamba","Singles","J60 Nairobi","J60","2026-05-19","2026-05-23","Eliminado","R64","","https://www.itftennis.com/en/tournament/j60-nairobi/ken/2026/j-j60-ken-2026-002/draws-and-results/","Encontrado na ITF (MD); leitura do draw: ITF API: derrota encontrada."
"benjamin-estermann","Benjamin Estermann","Doubles","J60 Nairobi","J60","2026-05-19","2026-05-23","Eliminado","SF","","https://www.itftennis.com/en/tournament/j60-nairobi/ken/2026/j-j60-ken-2026-002/draws-and-results/","Encontrado na ITF; leitura do draw de duplas: ITF API: derrota encontrada."
"benjamin-estermann","Benjamin Estermann","Singles","J60 Nairobi","J60","2026-05-19","2026-05-23","Eliminado","R32","","https://www.itftennis.com/en/tournament/j60-nairobi/ken/2026/j-j60-ken-2026-002/draws-and-results/","Encontrado na ITF (MD); leitura do draw: ITF API: derrota encontrada."
"chloe-wong","Chloe Wong","Singles","J60 Nairobi","J60","2026-05-19","2026-05-23","Eliminado","QF","","https://www.itftennis.com/en/tournament/j60-nairobi/ken/2026/j-j60-ken-2026-002/draws-and-results/","Encontrado na ITF (MD); leitura do draw: ITF API: derrota encontrada."
"christian-kassa","Christian Kassa","Doubles","J60 Nairobi","J60","2026-05-19","2026-05-23","Eliminado","R32","","https://www.itftennis.com/en/tournament/j60-nairobi/ken/2026/j-j60-ken-2026-002/draws-and-results/","Encontrado na ITF; leitura do draw de duplas: ITF API: derrota encontrada."
"christian-kassa","Christian Kassa","Singles","J60 Nairobi","J60","2026-05-19","2026-05-23","Eliminado","Q2","","https://www.itftennis.com/en/tournament/j60-nairobi/ken/2026/j-j60-ken-2026-002/draws-and-results/","Encontrado na ITF (MD); leitura do draw: ITF API: derrota encontrada."
"david-avayou","David Avayou","Doubles","J60 Nairobi","J60","2026-05-19","2026-05-23","Eliminado","R32","","https://www.itftennis.com/en/tournament/j60-nairobi/ken/2026/j-j60-ken-2026-002/draws-and-results/","Encontrado na ITF; leitura do draw de duplas: ITF API: derrota encontrada."
"david-avayou","David Avayou","Singles","J60 Nairobi","J60","2026-05-19","2026-05-23","Eliminado","QF","","https://www.itftennis.com/en/tournament/j60-nairobi/ken/2026/j-j60-ken-2026-002/draws-and-results/","Encontrado na ITF (MD); leitura do draw: ITF API: derrota encontrada."
"dexter-yu","Dexter Yu","Singles","J60 Nairobi","J60","2026-05-19","2026-05-23","Ativo","Q1","","https://www.itftennis.com/en/tournament/j60-nairobi/ken/2026/j-j60-ken-2026-002/draws-and-results/","Encontrado na ITF (Q); leitura do draw: ITF API: partida pendente."
"dhaanvi-dechamma-kanjithanda","Dhaanvi Dechamma Kanjithanda","Doubles","J60 Nairobi","J60","2026-05-19","2026-05-23","Eliminado","R32","","https://www.itftennis.com/en/tournament/j60-nairobi/ken/2026/j-j60-ken-2026-002/draws-and-results/","Encontrado na ITF; leitura do draw de duplas: ITF API: derrota encontrada."
"dhaanvi-dechamma-kanjithanda","Dhaanvi Dechamma Kanjithanda","Singles","J60 Nairobi","J60","2026-05-19","2026-05-23","Eliminado","R64","","https://www.itftennis.com/en/tournament/j60-nairobi/ken/2026/j-j60-ken-2026-002/draws-and-results/","Encontrado na ITF (MD); leitura do draw: ITF API: derrota encontrada."
"dhanvin-venkateshkumar","Dhanvin Venkateshkumar","Singles","J60 Nairobi","J60","2026-05-19","2026-05-23","Eliminado","Q2","","https://www.itftennis.com/en/tournament/j60-nairobi/ken/2026/j-j60-ken-2026-002/draws-and-results/","Encontrado na ITF (Q); leitura do draw: ITF API: derrota encontrada."
"dhrutee-gundu","Dhrutee Gundu","Doubles","J60 Nairobi","J60","2026-05-19","2026-05-23","Eliminado","QF","","https://www.itftennis.com/en/tournament/j60-nairobi/ken/2026/j-j60-ken-2026-002/draws-and-results/","Encontrado na ITF; leitura do draw de duplas: ITF API: derrota encontrada."
"dhrutee-gundu","Dhrutee Gundu","Singles","J60 Nairobi","J60","2026-05-19","2026-05-23","Eliminado","R64","","https://www.itftennis.com/en/tournament/j60-nairobi/ken/2026/j-j60-ken-2026-002/draws-and-results/","Encontrado na ITF (MD); leitura do draw: ITF API: derrota encontrada."
"elizaveta-privalova","Elizaveta Privalova","Singles","J60 Nairobi","J60","2026-05-19","2026-05-23","Eliminado","QF","","https://www.itftennis.com/en/tournament/j60-nairobi/ken/2026/j-j60-ken-2026-002/draws-and-results/","Encontrado na ITF (MD); leitura do draw: ITF API: derrota encontrada."
"elizaveta-smirnova","Elizaveta Smirnova","Doubles","J60 Nairobi","J60","2026-05-19","2026-05-23","Eliminado","QF","","https://www.itftennis.com/en/tournament/j60-nairobi/ken/2026/j-j60-ken-2026-002/draws-and-results/","Encontrado na ITF; leitura do draw de duplas: ITF API: derrota encontrada."
"elizaveta-smirnova","Elizaveta Smirnova","Singles","J60 Nairobi","J60","2026-05-19","2026-05-23","Eliminado","R64","","https://www.itftennis.com/en/tournament/j60-nairobi/ken/2026/j-j60-ken-2026-002/draws-and-results/","Encontrado na ITF (MD); leitura do draw: ITF API: derrota encontrada."
"eva-kacenova","Eva Kacenova","Doubles","J60 Nairobi","J60","2026-05-19","2026-05-23","Eliminado","QF","","https://www.itftennis.com/en/tournament/j60-nairobi/ken/2026/j-j60-ken-2026-002/draws-and-results/","Encontrado na ITF; leitura do draw de duplas: ITF API: derrota encontrada."
"eva-kacenova","Eva Kacenova","Singles","J60 Nairobi","J60","2026-05-19","2026-05-23","Eliminado","R32","","https://www.itftennis.com/en/tournament/j60-nairobi/ken/2026/j-j60-ken-2026-002/draws-and-results/","Encontrado na ITF (MD); leitura do draw: ITF API: derrota encontrada."
"felicia-ouko","Felicia Ouko","Doubles","J60 Nairobi","J60","2026-05-19","2026-05-23","Eliminado","R32","","https://www.itftennis.com/en/tournament/j60-nairobi/ken/2026/j-j60-ken-2026-002/draws-and-results/","Encontrado na ITF; leitura do draw de duplas: ITF API: derrota encontrada."
"felicia-ouko","Felicia Ouko","Singles","J60 Nairobi","J60","2026-05-19","2026-05-23","Eliminado","QF","","https://www.itftennis.com/en/tournament/j60-nairobi/ken/2026/j-j60-ken-2026-002/draws-and-results/","Encontrado na ITF (MD); leitura do draw: ITF API: derrota encontrada."
"ganuka-fernando","Ganuka Fernando","Doubles","J60 Nairobi","J60","2026-05-19","2026-05-23","Ativo","W","","https://www.itftennis.com/en/tournament/j60-nairobi/ken/2026/j-j60-ken-2026-002/draws-and-results/","Encontrado na ITF; leitura do draw de duplas: ITF API: vitoria encontrada."
"ganuka-fernando","Ganuka Fernando","Singles","J60 Nairobi","J60","2026-05-19","2026-05-23","Eliminado","F","","https://www.itftennis.com/en/tournament/j60-nairobi/ken/2026/j-j60-ken-2026-002/draws-and-results/","Encontrado na ITF (MD); leitura do draw: ITF API: derrota encontrada."
"geonwoo-kang","GEONWOO KANG","Doubles","J60 Nairobi","J60","2026-05-19","2026-05-23","Eliminado","R32","","https://www.itftennis.com/en/tournament/j60-nairobi/ken/2026/j-j60-ken-2026-002/draws-and-results/","Encontrado na ITF; leitura do draw de duplas: ITF API: derrota encontrada."
"geonwoo-kang","GEONWOO KANG","Singles","J60 Nairobi","J60","2026-05-19","2026-05-23","Eliminado","R64","","https://www.itftennis.com/en/tournament/j60-nairobi/ken/2026/j-j60-ken-2026-002/draws-and-results/","Encontrado na ITF (MD); leitura do draw: ITF API: derrota encontrada."
"guhaneshvar-s","Guhaneshvar S","Singles","J60 Nairobi","J60","2026-05-19","2026-05-23","Eliminado","Q2","","https://www.itftennis.com/en/tournament/j60-nairobi/ken/2026/j-j60-ken-2026-002/draws-and-results/","Encontrado na ITF (Q); leitura do draw: ITF API: derrota encontrada."
"gurleen-kaur-khanuja","GURLEEN KAUR KHANUJA","Doubles","J60 Nairobi","J60","2026-05-19","2026-05-23","Eliminado","SF","","https://www.itftennis.com/en/tournament/j60-nairobi/ken/2026/j-j60-ken-2026-002/draws-and-results/","Encontrado na ITF; leitura do draw de duplas: ITF API: derrota encontrada."
"gurleen-kaur-khanuja","GURLEEN KAUR KHANUJA","Singles","J60 Nairobi","J60","2026-05-19","2026-05-23","Eliminado","SF","","https://www.itftennis.com/en/tournament/j60-nairobi/ken/2026/j-j60-ken-2026-002/draws-and-results/","Encontrado na ITF (MD); leitura do draw: ITF API: derrota encontrada."
"hamoud-alomair","Hamoud Alomair","Doubles","J60 Nairobi","J60","2026-05-19","2026-05-23","Eliminado","QF","","https://www.itftennis.com/en/tournament/j60-nairobi/ken/2026/j-j60-ken-2026-002/draws-and-results/","Encontrado na ITF; leitura do draw de duplas: ITF API: derrota encontrada."
"hamoud-alomair","Hamoud Alomair","Singles","J60 Nairobi","J60","2026-05-19","2026-05-23","Eliminado","R32","","https://www.itftennis.com/en/tournament/j60-nairobi/ken/2026/j-j60-ken-2026-002/draws-and-results/","Encontrado na ITF (MD); leitura do draw: ITF API: derrota encontrada."
"haqim-kamal","Haqim Kamal","Doubles","J60 Nairobi","J60","2026-05-19","2026-05-23","Eliminado","F","","https://www.itftennis.com/en/tournament/j60-nairobi/ken/2026/j-j60-ken-2026-002/draws-and-results/","Encontrado na ITF; leitura do draw de duplas: ITF API: derrota encontrada."
"haqim-kamal","Haqim Kamal","Singles","J60 Nairobi","J60","2026-05-19","2026-05-23","Eliminado","SF","","https://www.itftennis.com/en/tournament/j60-nairobi/ken/2026/j-j60-ken-2026-002/draws-and-results/","Encontrado na ITF (MD); leitura do draw: ITF API: derrota encontrada."
"haritha-shree-venkatesh","Haritha Shree Venkatesh","Doubles","J60 Nairobi","J60","2026-05-19","2026-05-23","Eliminado","F","","https://www.itftennis.com/en/tournament/j60-nairobi/ken/2026/j-j60-ken-2026-002/draws-and-results/","Encontrado na ITF; leitura do draw de duplas: ITF API: derrota encontrada."
"haritha-shree-venkatesh","Haritha Shree Venkatesh","Singles","J60 Nairobi","J60","2026-05-19","2026-05-23","Ativo","W","","https://www.itftennis.com/en/tournament/j60-nairobi/ken/2026/j-j60-ken-2026-002/draws-and-results/","Encontrado na ITF (MD); leitura do draw: ITF API: vitoria encontrada."
"inaaya-inaaya-virani","Inaaya Inaaya Virani","Doubles","J60 Nairobi","J60","2026-05-19","2026-05-23","Eliminado","QF","","https://www.itftennis.com/en/tournament/j60-nairobi/ken/2026/j-j60-ken-2026-002/draws-and-results/","Encontrado na ITF; leitura do draw de duplas: ITF API: derrota encontrada."
"inaaya-inaaya-virani","Inaaya Inaaya Virani","Singles","J60 Nairobi","J60","2026-05-19","2026-05-23","Eliminado","R64","","https://www.itftennis.com/en/tournament/j60-nairobi/ken/2026/j-j60-ken-2026-002/draws-and-results/","Encontrado na ITF (MD); leitura do draw: ITF API: derrota encontrada."
"indiatsi-olembo","Indiatsi Olembo","Doubles","J60 Nairobi","J60","2026-05-19","2026-05-23","Eliminado","R32","","https://www.itftennis.com/en/tournament/j60-nairobi/ken/2026/j-j60-ken-2026-002/draws-and-results/","Encontrado na ITF; leitura do draw de duplas: ITF API: derrota encontrada."
"indiatsi-olembo","Indiatsi Olembo","Singles","J60 Nairobi","J60","2026-05-19","2026-05-23","Eliminado","R64","","https://www.itftennis.com/en/tournament/j60-nairobi/ken/2026/j-j60-ken-2026-002/draws-and-results/","Encontrado na ITF (MD); leitura do draw: ITF API: derrota encontrada."
"jacobo-gomez","Jacobo Gomez","Singles","J60 Nairobi","J60","2026-05-19","2026-05-23","Eliminado","Q3","","https://www.itftennis.com/en/tournament/j60-nairobi/ken/2026/j-j60-ken-2026-002/draws-and-results/","Encontrado na ITF (Q); leitura do draw: ITF API: derrota encontrada."
"james-corney","James Corney","Singles","J60 Nairobi","J60","2026-05-19","2026-05-23","Eliminado","Q2","","https://www.itftennis.com/en/tournament/j60-nairobi/ken/2026/j-j60-ken-2026-002/draws-and-results/","Encontrado na ITF (Q); leitura do draw: ITF API: derrota encontrada."
"jaylon-gabet","Jaylon Gabet","Singles","J60 Nairobi","J60","2026-05-19","2026-05-23","Eliminado","SF","","https://www.itftennis.com/en/tournament/j60-nairobi/ken/2026/j-j60-ken-2026-002/draws-and-results/","Encontrado na ITF (MD); leitura do draw: ITF API: derrota encontrada."
"jeff-okuku-hesbon","Jeff Okuku Hesbon","Doubles","J60 Nairobi","J60","2026-05-19","2026-05-23","Eliminado","SF","","https://www.itftennis.com/en/tournament/j60-nairobi/ken/2026/j-j60-ken-2026-002/draws-and-results/","Encontrado na ITF; leitura do draw de duplas: ITF API: derrota encontrada."
"jeff-okuku-hesbon","Jeff Okuku Hesbon","Singles","J60 Nairobi","J60","2026-05-19","2026-05-23","Eliminado","R32","","https://www.itftennis.com/en/tournament/j60-nairobi/ken/2026/j-j60-ken-2026-002/draws-and-results/","Encontrado na ITF (MD); leitura do draw: ITF API: derrota encontrada."
"jenerica-wakiru-thuku","Jenerica Wakiru Thuku","Doubles","J60 Nairobi","J60","2026-05-19","2026-05-23","Eliminado","SF","","https://www.itftennis.com/en/tournament/j60-nairobi/ken/2026/j-j60-ken-2026-002/draws-and-results/","Encontrado na ITF; leitura do draw de duplas: ITF API: derrota encontrada."
"jenerica-wakiru-thuku","Jenerica Wakiru Thuku","Singles","J60 Nairobi","J60","2026-05-19","2026-05-23","Eliminado","R64","","https://www.itftennis.com/en/tournament/j60-nairobi/ken/2026/j-j60-ken-2026-002/draws-and-results/","Encontrado na ITF (MD); leitura do draw: ITF API: derrota encontrada."
"jennifer-chang","Jennifer Chang","Doubles","J60 Nairobi","J60","2026-05-19","2026-05-23","Eliminado","QF","","https://www.itftennis.com/en/tournament/j60-nairobi/ken/2026/j-j60-ken-2026-002/draws-and-results/","Encontrado na ITF; leitura do draw de duplas: ITF API: derrota encontrada."
"jennifer-chang","Jennifer Chang","Singles","J60 Nairobi","J60","2026-05-19","2026-05-23","Eliminado","R64","","https://www.itftennis.com/en/tournament/j60-nairobi/ken/2026/j-j60-ken-2026-002/draws-and-results/","Encontrado na ITF (MD); leitura do draw: ITF API: derrota encontrada."
"joanina-kariuki","Joanina Kariuki","Singles","J60 Nairobi","J60","2026-05-19","2026-05-23","Eliminado","R64","","https://www.itftennis.com/en/tournament/j60-nairobi/ken/2026/j-j60-ken-2026-002/draws-and-results/","Encontrado na ITF (MD); leitura do draw: ITF API: derrota encontrada."
"johnmark-korir","Johnmark Korir","Doubles","J60 Nairobi","J60","2026-05-19","2026-05-23","Eliminado","R32","","https://www.itftennis.com/en/tournament/j60-nairobi/ken/2026/j-j60-ken-2026-002/draws-and-results/","Encontrado na ITF; leitura do draw de duplas: ITF API: derrota encontrada."
"johnmark-korir","Johnmark Korir","Singles","J60 Nairobi","J60","2026-05-19","2026-05-23","Eliminado","R64","","https://www.itftennis.com/en/tournament/j60-nairobi/ken/2026/j-j60-ken-2026-002/draws-and-results/","Encontrado na ITF (MD); leitura do draw: ITF API: derrota encontrada."
"jonah-ssentongo","Jonah Ssentongo","Singles","J60 Nairobi","J60","2026-05-19","2026-05-23","Eliminado","R64","","https://www.itftennis.com/en/tournament/j60-nairobi/ken/2026/j-j60-ken-2026-002/draws-and-results/","Encontrado na ITF (MD); leitura do draw: ITF API: derrota encontrada."
"joshua-abate","Joshua Abate","Doubles","J60 Nairobi","J60","2026-05-19","2026-05-23","Eliminado","QF","","https://www.itftennis.com/en/tournament/j60-nairobi/ken/2026/j-j60-ken-2026-002/draws-and-results/","Encontrado na ITF; leitura do draw de duplas: ITF API: derrota encontrada."
"joshua-abate","Joshua Abate","Singles","J60 Nairobi","J60","2026-05-19","2026-05-23","Eliminado","R64","","https://www.itftennis.com/en/tournament/j60-nairobi/ken/2026/j-j60-ken-2026-002/draws-and-results/","Encontrado na ITF (MD); leitura do draw: ITF API: derrota encontrada."
"jyan-patel","Jyan Patel","Doubles","J60 Nairobi","J60","2026-05-19","2026-05-23","Eliminado","R32","","https://www.itftennis.com/en/tournament/j60-nairobi/ken/2026/j-j60-ken-2026-002/draws-and-results/","Encontrado na ITF; leitura do draw de duplas: ITF API: derrota encontrada."
"jyan-patel","Jyan Patel","Singles","J60 Nairobi","J60","2026-05-19","2026-05-23","Eliminado","Q2","","https://www.itftennis.com/en/tournament/j60-nairobi/ken/2026/j-j60-ken-2026-002/draws-and-results/","Encontrado na ITF (MD); leitura do draw: ITF API: derrota encontrada."
"kushagra-bhardwaj","KUSHAGRA BHARDWAJ","Doubles","J60 Nairobi","J60","2026-05-19","2026-05-23","Eliminado","R32","","https://www.itftennis.com/en/tournament/j60-nairobi/ken/2026/j-j60-ken-2026-002/draws-and-results/","Encontrado na ITF; leitura do draw de duplas: ITF API: derrota encontrada."
"kushagra-bhardwaj","KUSHAGRA BHARDWAJ","Singles","J60 Nairobi","J60","2026-05-19","2026-05-23","Eliminado","R64","","https://www.itftennis.com/en/tournament/j60-nairobi/ken/2026/j-j60-ken-2026-002/draws-and-results/","Encontrado na ITF (MD); leitura do draw: ITF API: derrota encontrada."
"lewis-martin-onyango","Lewis Martin Onyango","Singles","J60 Nairobi","J60","2026-05-19","2026-05-23","Eliminado","Q2","","https://www.itftennis.com/en/tournament/j60-nairobi/ken/2026/j-j60-ken-2026-002/draws-and-results/","Encontrado na ITF (Q); leitura do draw: ITF API: derrota encontrada."
"lisa-wachuka-maina","Lisa Wachuka Maina","Singles","J60 Nairobi","J60","2026-05-19","2026-05-23","Eliminado","R64","","https://www.itftennis.com/en/tournament/j60-nairobi/ken/2026/j-j60-ken-2026-002/draws-and-results/","Encontrado na ITF (MD); leitura do draw: ITF API: derrota encontrada."
"lovisa-neselius","Lovisa Neselius","Doubles","J60 Nairobi","J60","2026-05-19","2026-05-23","Eliminado","QF","","https://www.itftennis.com/en/tournament/j60-nairobi/ken/2026/j-j60-ken-2026-002/draws-and-results/","Encontrado na ITF; leitura do draw de duplas: ITF API: derrota encontrada."
"lovisa-neselius","Lovisa Neselius","Singles","J60 Nairobi","J60","2026-05-19","2026-05-23","Eliminado","R64","","https://www.itftennis.com/en/tournament/j60-nairobi/ken/2026/j-j60-ken-2026-002/draws-and-results/","Encontrado na ITF (MD); leitura do draw: ITF API: derrota encontrada."
"mandakh-davaadash","Mandakh Davaadash","Singles","J60 Nairobi","J60","2026-05-19","2026-05-23","Eliminado","R64","","https://www.itftennis.com/en/tournament/j60-nairobi/ken/2026/j-j60-ken-2026-002/draws-and-results/","Encontrado na ITF (MD); leitura do draw: ITF API: derrota encontrada."
"mark-murage","Mark Murage","Doubles","J60 Nairobi","J60","2026-05-19","2026-05-23","Eliminado","QF","","https://www.itftennis.com/en/tournament/j60-nairobi/ken/2026/j-j60-ken-2026-002/draws-and-results/","Encontrado na ITF; leitura do draw de duplas: ITF API: derrota encontrada."
"mark-murage","Mark Murage","Singles","J60 Nairobi","J60","2026-05-19","2026-05-23","Eliminado","R32","","https://www.itftennis.com/en/tournament/j60-nairobi/ken/2026/j-j60-ken-2026-002/draws-and-results/","Encontrado na ITF (MD); leitura do draw: ITF API: derrota encontrada."
"mayar-rahal","Mayar Rahal","Doubles","J60 Nairobi","J60","2026-05-19","2026-05-23","Eliminado","QF","","https://www.itftennis.com/en/tournament/j60-nairobi/ken/2026/j-j60-ken-2026-002/draws-and-results/","Encontrado na ITF; leitura do draw de duplas: ITF API: derrota encontrada."
"mayar-rahal","Mayar Rahal","Singles","J60 Nairobi","J60","2026-05-19","2026-05-23","Eliminado","R32","","https://www.itftennis.com/en/tournament/j60-nairobi/ken/2026/j-j60-ken-2026-002/draws-and-results/","Encontrado na ITF (MD); leitura do draw: ITF API: derrota encontrada."
"mia-tomczak","Mia Tomczak","Singles","J60 Nairobi","J60","2026-05-19","2026-05-23","Eliminado","R32","","https://www.itftennis.com/en/tournament/j60-nairobi/ken/2026/j-j60-ken-2026-002/draws-and-results/","Encontrado na ITF (MD); leitura do draw: ITF API: derrota encontrada."
"michelle-murage","Michelle Murage","Doubles","J60 Nairobi","J60","2026-05-19","2026-05-23","Eliminado","R32","","https://www.itftennis.com/en/tournament/j60-nairobi/ken/2026/j-j60-ken-2026-002/draws-and-results/","Encontrado na ITF; leitura do draw de duplas: ITF API: derrota encontrada."
"michelle-murage","Michelle Murage","Singles","J60 Nairobi","J60","2026-05-19","2026-05-23","Eliminado","R64","","https://www.itftennis.com/en/tournament/j60-nairobi/ken/2026/j-j60-ken-2026-002/draws-and-results/","Encontrado na ITF (MD); leitura do draw: ITF API: derrota encontrada."
"milan-jayaram","Milan Jayaram","Singles","J60 Nairobi","J60","2026-05-19","2026-05-23","Eliminado","Q3","","https://www.itftennis.com/en/tournament/j60-nairobi/ken/2026/j-j60-ken-2026-002/draws-and-results/","Encontrado na ITF (Q); leitura do draw: ITF API: derrota encontrada."
"milana-kolesova","MILANA KOLESOVA","Doubles","J60 Nairobi","J60","2026-05-19","2026-05-23","Ativo","W","","https://www.itftennis.com/en/tournament/j60-nairobi/ken/2026/j-j60-ken-2026-002/draws-and-results/","Encontrado na ITF; leitura do draw de duplas: ITF API: vitoria encontrada."
"milana-kolesova","MILANA KOLESOVA","Singles","J60 Nairobi","J60","2026-05-19","2026-05-23","Eliminado","SF","","https://www.itftennis.com/en/tournament/j60-nairobi/ken/2026/j-j60-ken-2026-002/draws-and-results/","Encontrado na ITF (MD); leitura do draw: ITF API: derrota encontrada."
"pallavi-patel","Pallavi Patel","Doubles","J60 Nairobi","J60","2026-05-19","2026-05-23","Eliminado","F","","https://www.itftennis.com/en/tournament/j60-nairobi/ken/2026/j-j60-ken-2026-002/draws-and-results/","Encontrado na ITF; leitura do draw de duplas: ITF API: derrota encontrada."
"pallavi-patel","Pallavi Patel","Singles","J60 Nairobi","J60","2026-05-19","2026-05-23","Eliminado","F","","https://www.itftennis.com/en/tournament/j60-nairobi/ken/2026/j-j60-ken-2026-002/draws-and-results/","Encontrado na ITF (MD); leitura do draw: ITF API: derrota encontrada."
"paula-ouko","Paula Ouko","Doubles","J60 Nairobi","J60","2026-05-19","2026-05-23","Eliminado","R32","","https://www.itftennis.com/en/tournament/j60-nairobi/ken/2026/j-j60-ken-2026-002/draws-and-results/","Encontrado na ITF; leitura do draw de duplas: ITF API: derrota encontrada."
"paula-ouko","Paula Ouko","Singles","J60 Nairobi","J60","2026-05-19","2026-05-23","Eliminado","R32","","https://www.itftennis.com/en/tournament/j60-nairobi/ken/2026/j-j60-ken-2026-002/draws-and-results/","Encontrado na ITF (MD); leitura do draw: ITF API: derrota encontrada."
"pavak-chitania","Pavak Chitania","Doubles","J60 Nairobi","J60","2026-05-19","2026-05-23","Eliminado","R32","","https://www.itftennis.com/en/tournament/j60-nairobi/ken/2026/j-j60-ken-2026-002/draws-and-results/","Encontrado na ITF; leitura do draw de duplas: ITF API: derrota encontrada."
"pavak-chitania","Pavak Chitania","Singles","J60 Nairobi","J60","2026-05-19","2026-05-23","Eliminado","R64","","https://www.itftennis.com/en/tournament/j60-nairobi/ken/2026/j-j60-ken-2026-002/draws-and-results/","Encontrado na ITF (MD); leitura do draw: ITF API: derrota encontrada."
"prabhsifat-singh","Prabhsifat Singh","Doubles","J60 Nairobi","J60","2026-05-19","2026-05-23","Eliminado","QF","","https://www.itftennis.com/en/tournament/j60-nairobi/ken/2026/j-j60-ken-2026-002/draws-and-results/","Encontrado na ITF; leitura do draw de duplas: ITF API: derrota encontrada."
"prabhsifat-singh","Prabhsifat Singh","Singles","J60 Nairobi","J60","2026-05-19","2026-05-23","Eliminado","R64","","https://www.itftennis.com/en/tournament/j60-nairobi/ken/2026/j-j60-ken-2026-002/draws-and-results/","Encontrado na ITF (MD); leitura do draw: ITF API: derrota encontrada."
"pradnyesh-shelke","Pradnyesh Shelke","Doubles","J60 Nairobi","J60","2026-05-19","2026-05-23","Eliminado","R32","","https://www.itftennis.com/en/tournament/j60-nairobi/ken/2026/j-j60-ken-2026-002/draws-and-results/","Encontrado na ITF; leitura do draw de duplas: ITF API: derrota encontrada."
"pradnyesh-shelke","Pradnyesh Shelke","Singles","J60 Nairobi","J60","2026-05-19","2026-05-23","Eliminado","QF","","https://www.itftennis.com/en/tournament/j60-nairobi/ken/2026/j-j60-ken-2026-002/draws-and-results/","Encontrado na ITF (MD); leitura do draw: ITF API: derrota encontrada."
"prerana-santra","PRERANA SANTRA","Doubles","J60 Nairobi","J60","2026-05-19","2026-05-23","Eliminado","R32","","https://www.itftennis.com/en/tournament/j60-nairobi/ken/2026/j-j60-ken-2026-002/draws-and-results/","Encontrado na ITF; leitura do draw de duplas: ITF API: derrota encontrada."
"prerana-santra","PRERANA SANTRA","Singles","J60 Nairobi","J60","2026-05-19","2026-05-23","Eliminado","R64","","https://www.itftennis.com/en/tournament/j60-nairobi/ken/2026/j-j60-ken-2026-002/draws-and-results/","Encontrado na ITF (MD); leitura do draw: ITF API: derrota encontrada."
"reita-yamanaka","Reita Yamanaka","Doubles","J60 Nairobi","J60","2026-05-19","2026-05-23","Eliminado","SF","","https://www.itftennis.com/en/tournament/j60-nairobi/ken/2026/j-j60-ken-2026-002/draws-and-results/","Encontrado na ITF; leitura do draw de duplas: ITF API: derrota encontrada."
"reita-yamanaka","Reita Yamanaka","Singles","J60 Nairobi","J60","2026-05-19","2026-05-23","Eliminado","R32","","https://www.itftennis.com/en/tournament/j60-nairobi/ken/2026/j-j60-ken-2026-002/draws-and-results/","Encontrado na ITF (MD); leitura do draw: ITF API: derrota encontrada."
"rogelio-mamai","Rogelio Mamai","Doubles","J60 Nairobi","J60","2026-05-19","2026-05-23","Eliminado","R32","","https://www.itftennis.com/en/tournament/j60-nairobi/ken/2026/j-j60-ken-2026-002/draws-and-results/","Encontrado na ITF; leitura do draw de duplas: ITF API: derrota encontrada."
"rogelio-mamai","Rogelio Mamai","Singles","J60 Nairobi","J60","2026-05-19","2026-05-23","Eliminado","R32","","https://www.itftennis.com/en/tournament/j60-nairobi/ken/2026/j-j60-ken-2026-002/draws-and-results/","Encontrado na ITF (MD); leitura do draw: ITF API: derrota encontrada."
"saha-kapilasena","Saha Kapilasena","Doubles","J60 Nairobi","J60","2026-05-19","2026-05-23","Ativo","W","","https://www.itftennis.com/en/tournament/j60-nairobi/ken/2026/j-j60-ken-2026-002/draws-and-results/","Encontrado na ITF; leitura do draw de duplas: ITF API: vitoria encontrada."
"saha-kapilasena","Saha Kapilasena","Singles","J60 Nairobi","J60","2026-05-19","2026-05-23","Eliminado","QF","","https://www.itftennis.com/en/tournament/j60-nairobi/ken/2026/j-j60-ken-2026-002/draws-and-results/","Encontrado na ITF (MD); leitura do draw: ITF API: derrota encontrada."
"sahej-lakhat","Sahej Lakhat","Doubles","J60 Nairobi","J60","2026-05-19","2026-05-23","Eliminado","QF","","https://www.itftennis.com/en/tournament/j60-nairobi/ken/2026/j-j60-ken-2026-002/draws-and-results/","Encontrado na ITF; leitura do draw de duplas: ITF API: derrota encontrada."
"sahej-lakhat","Sahej Lakhat","Singles","J60 Nairobi","J60","2026-05-19","2026-05-23","Eliminado","R32","","https://www.itftennis.com/en/tournament/j60-nairobi/ken/2026/j-j60-ken-2026-002/draws-and-results/","Encontrado na ITF (MD); leitura do draw: ITF API: derrota encontrada."
"shaurya-bhardwaj","Shaurya Bhardwaj","Doubles","J60 Nairobi","J60","2026-05-19","2026-05-23","Eliminado","F","","https://www.itftennis.com/en/tournament/j60-nairobi/ken/2026/j-j60-ken-2026-002/draws-and-results/","Encontrado na ITF; leitura do draw de duplas: ITF API: derrota encontrada."
"shaurya-bhardwaj","Shaurya Bhardwaj","Singles","J60 Nairobi","J60","2026-05-19","2026-05-23","Ativo","W","","https://www.itftennis.com/en/tournament/j60-nairobi/ken/2026/j-j60-ken-2026-002/draws-and-results/","Encontrado na ITF (MD); leitura do draw: ITF API: vitoria encontrada."
"siena-sousa-figueiredo","Siena Sousa Figueiredo","Doubles","J60 Nairobi","J60","2026-05-19","2026-05-23","Eliminado","R32","","https://www.itftennis.com/en/tournament/j60-nairobi/ken/2026/j-j60-ken-2026-002/draws-and-results/","Encontrado na ITF; leitura do draw de duplas: ITF API: derrota encontrada."
"siena-sousa-figueiredo","Siena Sousa Figueiredo","Singles","J60 Nairobi","J60","2026-05-19","2026-05-23","Eliminado","R32","","https://www.itftennis.com/en/tournament/j60-nairobi/ken/2026/j-j60-ken-2026-002/draws-and-results/","Encontrado na ITF (MD); leitura do draw: ITF API: derrota encontrada."
"sonompuntsag-enkhjargal","Sonompuntsag Enkhjargal","Singles","J60 Nairobi","J60","2026-05-19","2026-05-23","Eliminado","R64","","https://www.itftennis.com/en/tournament/j60-nairobi/ken/2026/j-j60-ken-2026-002/draws-and-results/","Encontrado na ITF (MD); leitura do draw: ITF API: derrota encontrada."
"souhail-el-taji-el-farouki","Souhail El-Taji El-Farouki","Doubles","J60 Nairobi","J60","2026-05-19","2026-05-23","Eliminado","QF","","https://www.itftennis.com/en/tournament/j60-nairobi/ken/2026/j-j60-ken-2026-002/draws-and-results/","Encontrado na ITF; leitura do draw de duplas: ITF API: derrota encontrada."
"souhail-el-taji-el-farouki","Souhail El-Taji El-Farouki","Singles","J60 Nairobi","J60","2026-05-19","2026-05-23","Eliminado","R64","","https://www.itftennis.com/en/tournament/j60-nairobi/ken/2026/j-j60-ken-2026-002/draws-and-results/","Encontrado na ITF (MD); leitura do draw: ITF API: derrota encontrada."
"stacy-chepkemei-yego","STACY CHEPKEMEI YEGO","Doubles","J60 Nairobi","J60","2026-05-19","2026-05-23","Ativo","W","","https://www.itftennis.com/en/tournament/j60-nairobi/ken/2026/j-j60-ken-2026-002/draws-and-results/","Encontrado na ITF; leitura do draw de duplas: ITF API: vitoria encontrada."
"stacy-chepkemei-yego","STACY CHEPKEMEI YEGO","Singles","J60 Nairobi","J60","2026-05-19","2026-05-23","Eliminado","QF","","https://www.itftennis.com/en/tournament/j60-nairobi/ken/2026/j-j60-ken-2026-002/draws-and-results/","Encontrado na ITF (MD); leitura do draw: ITF API: derrota encontrada."
"sumukh-marya","SUMUKH MARYA","Doubles","J60 Nairobi","J60","2026-05-19","2026-05-23","Eliminado","R32","","https://www.itftennis.com/en/tournament/j60-nairobi/ken/2026/j-j60-ken-2026-002/draws-and-results/","Encontrado na ITF; leitura do draw de duplas: ITF API: derrota encontrada."
"sumukh-marya","SUMUKH MARYA","Singles","J60 Nairobi","J60","2026-05-19","2026-05-23","Eliminado","R32","","https://www.itftennis.com/en/tournament/j60-nairobi/ken/2026/j-j60-ken-2026-002/draws-and-results/","Encontrado na ITF (MD); leitura do draw: ITF API: derrota encontrada."
"swastik-singh","Swastik Singh","Singles","J60 Nairobi","J60","2026-05-19","2026-05-23","Ativo","Q1","","https://www.itftennis.com/en/tournament/j60-nairobi/ken/2026/j-j60-ken-2026-002/draws-and-results/","Encontrado na ITF (Q); leitura do draw: ITF API: partida pendente."
"tatiana-gikangah","Tatiana Gikangah","Singles","J60 Nairobi","J60","2026-05-19","2026-05-23","Eliminado","R64","","https://www.itftennis.com/en/tournament/j60-nairobi/ken/2026/j-j60-ken-2026-002/draws-and-results/","Encontrado na ITF (MD); leitura do draw: ITF API: derrota encontrada."
"xuansheng-wang","Xuansheng Wang","Singles","J60 Nairobi","J60","2026-05-19","2026-05-23","Eliminado","Q1","","https://www.itftennis.com/en/tournament/j60-nairobi/ken/2026/j-j60-ken-2026-002/draws-and-results/","Encontrado na ITF (Q); leitura do draw: ITF API: derrota encontrada."
"yene-balekembaka-victoire-balekembaka","yene Balekembaka victoire Balekembaka","Doubles","J60 Nairobi","J60","2026-05-19","2026-05-23","Eliminado","R32","","https://www.itftennis.com/en/tournament/j60-nairobi/ken/2026/j-j60-ken-2026-002/draws-and-results/","Encontrado na ITF; leitura do draw de duplas: ITF API: derrota encontrada."
"yene-balekembaka-victoire-balekembaka","yene Balekembaka victoire Balekembaka","Singles","J60 Nairobi","J60","2026-05-19","2026-05-23","Eliminado","R32","","https://www.itftennis.com/en/tournament/j60-nairobi/ken/2026/j-j60-ken-2026-002/draws-and-results/","Encontrado na ITF (MD); leitura do draw: ITF API: derrota encontrada."
"zehr-woldesenbet","Zehr Woldesenbet","Doubles","J60 Nairobi","J60","2026-05-19","2026-05-23","Eliminado","R32","","https://www.itftennis.com/en/tournament/j60-nairobi/ken/2026/j-j60-ken-2026-002/draws-and-results/","Encontrado na ITF; leitura do draw de duplas: ITF API: derrota encontrada."
"zehr-woldesenbet","Zehr Woldesenbet","Singles","J60 Nairobi","J60","2026-05-19","2026-05-23","Eliminado","R64","","https://www.itftennis.com/en/tournament/j60-nairobi/ken/2026/j-j60-ken-2026-002/draws-and-results/","Encontrado na ITF (MD); leitura do draw: ITF API: derrota encontrada."
"aaron-gabet","Aaron Gabet","Doubles","Roland Garros Junior Championships","JGS","2026-05-31","2026-06-06","Ativo","R32","","https://www.itftennis.com/en/tournament/roland-garros-junior-championships/fra/2026/j-jgs-fra-2026-001/draws-and-results/","Encontrado na ITF; leitura do draw de duplas: ITF API: partida pendente."
"aaron-gabet","Aaron Gabet","Singles","Roland Garros Junior Championships","JGS","2026-05-31","2026-06-06","Eliminado","R64","","https://www.itftennis.com/en/tournament/roland-garros-junior-championships/fra/2026/j-jgs-fra-2026-001/draws-and-results/","Encontrado na ITF (MD); leitura do draw: ITF API: derrota encontrada."
"adelina-lacinova","Adelina Lacinova","Doubles","Roland Garros Junior Championships","JGS","2026-05-31","2026-06-06","Ativo","R32","","https://www.itftennis.com/en/tournament/roland-garros-junior-championships/fra/2026/j-jgs-fra-2026-001/draws-and-results/","Encontrado na ITF; leitura do draw de duplas: ITF API: partida pendente."
"adelina-lacinova","Adelina Lacinova","Singles","Roland Garros Junior Championships","JGS","2026-05-31","2026-06-06","Eliminado","R64","","https://www.itftennis.com/en/tournament/roland-garros-junior-championships/fra/2026/j-jgs-fra-2026-001/draws-and-results/","Encontrado na ITF (MD); leitura do draw: ITF API: derrota encontrada."
"agassi-rusher","Agassi Rusher","Singles","Roland Garros Junior Championships","JGS","2026-05-31","2026-06-06","Ativo","R32","","https://www.itftennis.com/en/tournament/roland-garros-junior-championships/fra/2026/j-jgs-fra-2026-001/draws-and-results/","Encontrado na ITF (MD); leitura do draw: ITF API: partida pendente."
"aleksander-blus","Aleksander Blus","Singles","Roland Garros Junior Championships","JGS","2026-05-31","2026-06-06","Eliminado","Q1","","https://www.itftennis.com/en/tournament/roland-garros-junior-championships/fra/2026/j-jgs-fra-2026-001/draws-and-results/","Encontrado na ITF (Q); leitura do draw: ITF API: derrota encontrada."
"alena-kharchenko","Alena Kharchenko","Singles","Roland Garros Junior Championships","JGS","2026-05-31","2026-06-06","Eliminado","Q1","","https://www.itftennis.com/en/tournament/roland-garros-junior-championships/fra/2026/j-jgs-fra-2026-001/draws-and-results/","Encontrado na ITF (Q); leitura do draw: ITF API: derrota encontrada."
"alexandra-malova","Alexandra Malova","Doubles","Roland Garros Junior Championships","JGS","2026-05-31","2026-06-06","Ativo","R32","","https://www.itftennis.com/en/tournament/roland-garros-junior-championships/fra/2026/j-jgs-fra-2026-001/draws-and-results/","Encontrado na ITF; leitura do draw de duplas: ITF API: partida pendente."
"alexandra-malova","Alexandra Malova","Singles","Roland Garros Junior Championships","JGS","2026-05-31","2026-06-06","Eliminado","R64","","https://www.itftennis.com/en/tournament/roland-garros-junior-championships/fra/2026/j-jgs-fra-2026-001/draws-and-results/","Encontrado na ITF (MD); leitura do draw: ITF API: derrota encontrada."
"alisa-terentyeva","Alisa Terentyeva","Doubles","Roland Garros Junior Championships","JGS","2026-05-31","2026-06-06","Ativo","R32","","https://www.itftennis.com/en/tournament/roland-garros-junior-championships/fra/2026/j-jgs-fra-2026-001/draws-and-results/","Encontrado na ITF; leitura do draw de duplas: ITF API: partida pendente."
"alisa-terentyeva","Alisa Terentyeva","Singles","Roland Garros Junior Championships","JGS","2026-05-31","2026-06-06","Eliminado","Q1","","https://www.itftennis.com/en/tournament/roland-garros-junior-championships/fra/2026/j-jgs-fra-2026-001/draws-and-results/","Encontrado na ITF (MD); leitura do draw: ITF API: derrota encontrada."
"alyssa-james","Alyssa James","Doubles","Roland Garros Junior Championships","JGS","2026-05-31","2026-06-06","Ativo","R32","","https://www.itftennis.com/en/tournament/roland-garros-junior-championships/fra/2026/j-jgs-fra-2026-001/draws-and-results/","Encontrado na ITF; leitura do draw de duplas: ITF API: partida pendente."
"alyssa-james","Alyssa James","Singles","Roland Garros Junior Championships","JGS","2026-05-31","2026-06-06","Eliminado","R32","","https://www.itftennis.com/en/tournament/roland-garros-junior-championships/fra/2026/j-jgs-fra-2026-001/draws-and-results/","Encontrado na ITF (MD); leitura do draw: ITF API: derrota encontrada."
"amaury-abbas","Amaury Abbas","Singles","Roland Garros Junior Championships","JGS","2026-05-31","2026-06-06","Eliminado","Q1","","https://www.itftennis.com/en/tournament/roland-garros-junior-championships/fra/2026/j-jgs-fra-2026-001/draws-and-results/","Encontrado na ITF (Q); leitura do draw: ITF API: derrota encontrada."
"anastasia-lizunova","Anastasia Lizunova","Doubles","Roland Garros Junior Championships","JGS","2026-05-31","2026-06-06","Ativo","R32","","https://www.itftennis.com/en/tournament/roland-garros-junior-championships/fra/2026/j-jgs-fra-2026-001/draws-and-results/","Encontrado na ITF; leitura do draw de duplas: ITF API: partida pendente."
"anastasia-lizunova","Anastasia Lizunova","Singles","Roland Garros Junior Championships","JGS","2026-05-31","2026-06-06","Ativo","R64","","https://www.itftennis.com/en/tournament/roland-garros-junior-championships/fra/2026/j-jgs-fra-2026-001/draws-and-results/","Encontrado na ITF (MD); leitura do draw: ITF API: partida pendente."
"anastasija-cvetkovic","Anastasija Cvetkovic","Doubles","Roland Garros Junior Championships","JGS","2026-05-31","2026-06-06","Ativo","R32","","https://www.itftennis.com/en/tournament/roland-garros-junior-championships/fra/2026/j-jgs-fra-2026-001/draws-and-results/","Encontrado na ITF; leitura do draw de duplas: ITF API: partida pendente."
"anastasija-cvetkovic","Anastasija Cvetkovic","Singles","Roland Garros Junior Championships","JGS","2026-05-31","2026-06-06","Ativo","R32","","https://www.itftennis.com/en/tournament/roland-garros-junior-championships/fra/2026/j-jgs-fra-2026-001/draws-and-results/","Encontrado na ITF (MD); leitura do draw: ITF API: partida pendente."
"andrew-johnson","Andrew Johnson","Doubles","Roland Garros Junior Championships","JGS","2026-05-31","2026-06-06","Ativo","R32","","https://www.itftennis.com/en/tournament/roland-garros-junior-championships/fra/2026/j-jgs-fra-2026-001/draws-and-results/","Encontrado na ITF; leitura do draw de duplas: ITF API: partida pendente."
"andrew-johnson","Andrew Johnson","Singles","Roland Garros Junior Championships","JGS","2026-05-31","2026-06-06","Eliminado","R64","","https://www.itftennis.com/en/tournament/roland-garros-junior-championships/fra/2026/j-jgs-fra-2026-001/draws-and-results/","Encontrado na ITF (MD); leitura do draw: ITF API: derrota encontrada."
"anna-brunet-brady","Anna Brunet-Brady","Singles","Roland Garros Junior Championships","JGS","2026-05-31","2026-06-06","Eliminado","Q1","","https://www.itftennis.com/en/tournament/roland-garros-junior-championships/fra/2026/j-jgs-fra-2026-001/draws-and-results/","Encontrado na ITF (Q); leitura do draw: ITF API: derrota encontrada."
"anna-pushkareva","Anna Pushkareva","Doubles","Roland Garros Junior Championships","JGS","2026-05-31","2026-06-06","Ativo","R32","","https://www.itftennis.com/en/tournament/roland-garros-junior-championships/fra/2026/j-jgs-fra-2026-001/draws-and-results/","Encontrado na ITF; leitura do draw de duplas: ITF API: partida pendente."
"anna-pushkareva","Anna Pushkareva","Singles","Roland Garros Junior Championships","JGS","2026-05-31","2026-06-06","Ativo","R32","","https://www.itftennis.com/en/tournament/roland-garros-junior-championships/fra/2026/j-jgs-fra-2026-001/draws-and-results/","Encontrado na ITF (MD); leitura do draw: ITF API: partida pendente."
"antonina-sushkova","Antonina Sushkova","Doubles","Roland Garros Junior Championships","JGS","2026-05-31","2026-06-06","Ativo","R32","","https://www.itftennis.com/en/tournament/roland-garros-junior-championships/fra/2026/j-jgs-fra-2026-001/draws-and-results/","Encontrado na ITF; leitura do draw de duplas: ITF API: partida pendente."
"antonina-sushkova","Antonina Sushkova","Singles","Roland Garros Junior Championships","JGS","2026-05-31","2026-06-06","Eliminado","R64","","https://www.itftennis.com/en/tournament/roland-garros-junior-championships/fra/2026/j-jgs-fra-2026-001/draws-and-results/","Encontrado na ITF (MD); leitura do draw: ITF API: derrota encontrada."
"arman-dubreuil","Arman Dubreuil","Singles","Roland Garros Junior Championships","JGS","2026-05-31","2026-06-06","Eliminado","Q1","","https://www.itftennis.com/en/tournament/roland-garros-junior-championships/fra/2026/j-jgs-fra-2026-001/draws-and-results/","Encontrado na ITF (Q); leitura do draw: ITF API: derrota encontrada."
"arnav-paparkar","Arnav Paparkar","Doubles","Roland Garros Junior Championships","JGS","2026-05-31","2026-06-06","Ativo","R32","","https://www.itftennis.com/en/tournament/roland-garros-junior-championships/fra/2026/j-jgs-fra-2026-001/draws-and-results/","Encontrado na ITF; leitura do draw de duplas: ITF API: partida pendente."
"arnav-paparkar","Arnav Paparkar","Singles","Roland Garros Junior Championships","JGS","2026-05-31","2026-06-06","Ativo","QF","0","https://www.itftennis.com/en/tournament/roland-garros-junior-championships/fra/2026/j-jgs-fra-2026-001/draws-and-results/","Encontrado na ITF (MD); leitura do draw: ITF API: bye encontrado; atleta avancou sem pontuar."
"benjamin-azar","Benjamin Azar","Singles","Roland Garros Junior Championships","JGS","2026-05-31","2026-06-06","Eliminado","Q1","","https://www.itftennis.com/en/tournament/roland-garros-junior-championships/fra/2026/j-jgs-fra-2026-001/draws-and-results/","Encontrado na ITF (Q); leitura do draw: ITF API: derrota encontrada."
"benoit-geldof","Benoit Geldof","Doubles","Roland Garros Junior Championships","JGS","2026-05-31","2026-06-06","Ativo","R32","","https://www.itftennis.com/en/tournament/roland-garros-junior-championships/fra/2026/j-jgs-fra-2026-001/draws-and-results/","Encontrado na ITF; leitura do draw de duplas: ITF API: partida pendente."
"benoit-geldof","Benoit Geldof","Singles","Roland Garros Junior Championships","JGS","2026-05-31","2026-06-06","Eliminado","R64","","https://www.itftennis.com/en/tournament/roland-garros-junior-championships/fra/2026/j-jgs-fra-2026-001/draws-and-results/","Encontrado na ITF (MD); leitura do draw: ITF API: derrota encontrada."
"capucine-cedillo-vayson-de-pradenne","Capucine Cedillo- Vayson de Pradenne","Doubles","Roland Garros Junior Championships","JGS","2026-05-31","2026-06-06","Ativo","R32","","https://www.itftennis.com/en/tournament/roland-garros-junior-championships/fra/2026/j-jgs-fra-2026-001/draws-and-results/","Encontrado na ITF; leitura do draw de duplas: ITF API: partida pendente."
"capucine-cedillo-vayson-de-pradenne","Capucine Cedillo- Vayson de Pradenne","Singles","Roland Garros Junior Championships","JGS","2026-05-31","2026-06-06","Eliminado","R64","","https://www.itftennis.com/en/tournament/roland-garros-junior-championships/fra/2026/j-jgs-fra-2026-001/draws-and-results/","Encontrado na ITF (MD); leitura do draw: ITF API: derrota encontrada."
"carrie-anne-hoo","Carrie-Anne Hoo","Doubles","Roland Garros Junior Championships","JGS","2026-05-31","2026-06-06","Ativo","R32","","https://www.itftennis.com/en/tournament/roland-garros-junior-championships/fra/2026/j-jgs-fra-2026-001/draws-and-results/","Encontrado na ITF; leitura do draw de duplas: ITF API: partida pendente."
"carrie-anne-hoo","Carrie-Anne Hoo","Singles","Roland Garros Junior Championships","JGS","2026-05-31","2026-06-06","Eliminado","R64","","https://www.itftennis.com/en/tournament/roland-garros-junior-championships/fra/2026/j-jgs-fra-2026-001/draws-and-results/","Encontrado na ITF (MD); leitura do draw: ITF API: derrota encontrada."
"charo-esquiva-banuls","Charo Esquiva Banuls","Doubles","Roland Garros Junior Championships","JGS","2026-05-31","2026-06-06","Ativo","R32","","https://www.itftennis.com/en/tournament/roland-garros-junior-championships/fra/2026/j-jgs-fra-2026-001/draws-and-results/","Encontrado na ITF; leitura do draw de duplas: ITF API: partida pendente."
"charo-esquiva-banuls","Charo Esquiva Banuls","Singles","Roland Garros Junior Championships","JGS","2026-05-31","2026-06-06","Ativo","R32","","https://www.itftennis.com/en/tournament/roland-garros-junior-championships/fra/2026/j-jgs-fra-2026-001/draws-and-results/","Encontrado na ITF (MD); leitura do draw: ITF API: partida pendente."
"christopher-thies","Christopher Thies","Doubles","Roland Garros Junior Championships","JGS","2026-05-31","2026-06-06","Ativo","R32","","https://www.itftennis.com/en/tournament/roland-garros-junior-championships/fra/2026/j-jgs-fra-2026-001/draws-and-results/","Encontrado na ITF; leitura do draw de duplas: ITF API: partida pendente."
"christopher-thies","Christopher Thies","Singles","Roland Garros Junior Championships","JGS","2026-05-31","2026-06-06","Eliminado","R64","","https://www.itftennis.com/en/tournament/roland-garros-junior-championships/fra/2026/j-jgs-fra-2026-001/draws-and-results/","Encontrado na ITF (MD); leitura do draw: ITF API: derrota encontrada."
"chukwumelije-clarke","Chukwumelije Clarke","Doubles","Roland Garros Junior Championships","JGS","2026-05-31","2026-06-06","Ativo","R32","","https://www.itftennis.com/en/tournament/roland-garros-junior-championships/fra/2026/j-jgs-fra-2026-001/draws-and-results/","Encontrado na ITF; leitura do draw de duplas: ITF API: partida pendente."
"chukwumelije-clarke","Chukwumelije Clarke","Singles","Roland Garros Junior Championships","JGS","2026-05-31","2026-06-06","Eliminado","R64","","https://www.itftennis.com/en/tournament/roland-garros-junior-championships/fra/2026/j-jgs-fra-2026-001/draws-and-results/","Encontrado na ITF (MD); leitura do draw: ITF API: derrota encontrada."
"cindy-langlais","Cindy Langlais","Doubles","Roland Garros Junior Championships","JGS","2026-05-31","2026-06-06","Ativo","R32","","https://www.itftennis.com/en/tournament/roland-garros-junior-championships/fra/2026/j-jgs-fra-2026-001/draws-and-results/","Encontrado na ITF; leitura do draw de duplas: ITF API: partida pendente."
"cindy-langlais","Cindy Langlais","Singles","Roland Garros Junior Championships","JGS","2026-05-31","2026-06-06","Ativo","R64","","https://www.itftennis.com/en/tournament/roland-garros-junior-championships/fra/2026/j-jgs-fra-2026-001/draws-and-results/","Encontrado na ITF (MD); leitura do draw: ITF API: partida pendente."
"connor-doig","Connor Doig","Doubles","Roland Garros Junior Championships","JGS","2026-05-31","2026-06-06","Ativo","R32","","https://www.itftennis.com/en/tournament/roland-garros-junior-championships/fra/2026/j-jgs-fra-2026-001/draws-and-results/","Encontrado na ITF; leitura do draw de duplas: ITF API: partida pendente."
"connor-doig","Connor Doig","Singles","Roland Garros Junior Championships","JGS","2026-05-31","2026-06-06","Ativo","R32","","https://www.itftennis.com/en/tournament/roland-garros-junior-championships/fra/2026/j-jgs-fra-2026-001/draws-and-results/","Encontrado na ITF (MD); leitura do draw: ITF API: partida pendente."
"damien-clerc","Damien Clerc","Doubles","Roland Garros Junior Championships","JGS","2026-05-31","2026-06-06","Ativo","R32","","https://www.itftennis.com/en/tournament/roland-garros-junior-championships/fra/2026/j-jgs-fra-2026-001/draws-and-results/","Encontrado na ITF; leitura do draw de duplas: ITF API: partida pendente."
"damien-clerc","Damien Clerc","Singles","Roland Garros Junior Championships","JGS","2026-05-31","2026-06-06","Eliminado","Q1","","https://www.itftennis.com/en/tournament/roland-garros-junior-championships/fra/2026/j-jgs-fra-2026-001/draws-and-results/","Encontrado na ITF (MD); leitura do draw: ITF API: derrota encontrada."
"damir-zhalgasbay","Damir Zhalgasbay","Doubles","Roland Garros Junior Championships","JGS","2026-05-31","2026-06-06","Ativo","R32","","https://www.itftennis.com/en/tournament/roland-garros-junior-championships/fra/2026/j-jgs-fra-2026-001/draws-and-results/","Encontrado na ITF; leitura do draw de duplas: ITF API: partida pendente."
"damir-zhalgasbay","Damir Zhalgasbay","Singles","Roland Garros Junior Championships","JGS","2026-05-31","2026-06-06","Eliminado","R64","","https://www.itftennis.com/en/tournament/roland-garros-junior-championships/fra/2026/j-jgs-fra-2026-001/draws-and-results/","Encontrado na ITF (MD); leitura do draw: ITF API: derrota encontrada."
"dan-brand","Dan Brand","Doubles","Roland Garros Junior Championships","JGS","2026-05-31","2026-06-06","Ativo","R32","","https://www.itftennis.com/en/tournament/roland-garros-junior-championships/fra/2026/j-jgs-fra-2026-001/draws-and-results/","Encontrado na ITF; leitura do draw de duplas: ITF API: partida pendente."
"dan-brand","Dan Brand","Singles","Roland Garros Junior Championships","JGS","2026-05-31","2026-06-06","Eliminado","R64","","https://www.itftennis.com/en/tournament/roland-garros-junior-championships/fra/2026/j-jgs-fra-2026-001/draws-and-results/","Encontrado na ITF (MD); leitura do draw: ITF API: derrota encontrada."
"daniel-baranes","Daniel Baranes","Doubles","Roland Garros Junior Championships","JGS","2026-05-31","2026-06-06","Ativo","R32","","https://www.itftennis.com/en/tournament/roland-garros-junior-championships/fra/2026/j-jgs-fra-2026-001/draws-and-results/","Encontrado na ITF; leitura do draw de duplas: ITF API: partida pendente."
"daniel-baranes","Daniel Baranes","Singles","Roland Garros Junior Championships","JGS","2026-05-31","2026-06-06","Eliminado","R64","","https://www.itftennis.com/en/tournament/roland-garros-junior-championships/fra/2026/j-jgs-fra-2026-001/draws-and-results/","Encontrado na ITF (MD); leitura do draw: ITF API: derrota encontrada."
"daniel-jade","Daniel Jade","Doubles","Roland Garros Junior Championships","JGS","2026-05-31","2026-06-06","Ativo","R32","","https://www.itftennis.com/en/tournament/roland-garros-junior-championships/fra/2026/j-jgs-fra-2026-001/draws-and-results/","Encontrado na ITF; leitura do draw de duplas: ITF API: partida pendente."
"daniel-jade","Daniel Jade","Singles","Roland Garros Junior Championships","JGS","2026-05-31","2026-06-06","Ativo","R32","","https://www.itftennis.com/en/tournament/roland-garros-junior-championships/fra/2026/j-jgs-fra-2026-001/draws-and-results/","Encontrado na ITF (MD); leitura do draw: ITF API: partida pendente."
"daniel-jovanovski","Daniel Jovanovski","Doubles","Roland Garros Junior Championships","JGS","2026-05-31","2026-06-06","Ativo","R32","","https://www.itftennis.com/en/tournament/roland-garros-junior-championships/fra/2026/j-jgs-fra-2026-001/draws-and-results/","Encontrado na ITF; leitura do draw de duplas: ITF API: partida pendente."
"daniel-jovanovski","Daniel Jovanovski","Singles","Roland Garros Junior Championships","JGS","2026-05-31","2026-06-06","Eliminado","R64","","https://www.itftennis.com/en/tournament/roland-garros-junior-championships/fra/2026/j-jgs-fra-2026-001/draws-and-results/","Encontrado na ITF (MD); leitura do draw: ITF API: derrota encontrada."
"daniel-tazabekov","Daniel Tazabekov","Singles","Roland Garros Junior Championships","JGS","2026-05-31","2026-06-06","Eliminado","Q1","","https://www.itftennis.com/en/tournament/roland-garros-junior-championships/fra/2026/j-jgs-fra-2026-001/draws-and-results/","Encontrado na ITF (Q); leitura do draw: ITF API: derrota encontrada."
"daniella-britton","Daniella Britton","Singles","Roland Garros Junior Championships","JGS","2026-05-31","2026-06-06","Eliminado","Q2","","https://www.itftennis.com/en/tournament/roland-garros-junior-championships/fra/2026/j-jgs-fra-2026-001/draws-and-results/","Encontrado na ITF (Q); leitura do draw: ITF API: derrota encontrada."
"dante-pagani","Dante Pagani","Singles","Roland Garros Junior Championships","JGS","2026-05-31","2026-06-06","Eliminado","R64","","https://www.itftennis.com/en/tournament/roland-garros-junior-championships/fra/2026/j-jgs-fra-2026-001/draws-and-results/","Encontrado na ITF (MD); leitura do draw: ITF API: derrota encontrada."
"daphnee-mpetshi-perricard","Daphnee Mpetshi Perricard","Doubles","Roland Garros Junior Championships","JGS","2026-05-31","2026-06-06","Ativo","R32","","https://www.itftennis.com/en/tournament/roland-garros-junior-championships/fra/2026/j-jgs-fra-2026-001/draws-and-results/","Encontrado na ITF; leitura do draw de duplas: ITF API: partida pendente."
"daphnee-mpetshi-perricard","Daphnee Mpetshi Perricard","Singles","Roland Garros Junior Championships","JGS","2026-05-31","2026-06-06","Ativo","R32","","https://www.itftennis.com/en/tournament/roland-garros-junior-championships/fra/2026/j-jgs-fra-2026-001/draws-and-results/","Encontrado na ITF (MD); leitura do draw: ITF API: partida pendente."
"denisa-zoldakova","Denisa Zoldakova","Doubles","Roland Garros Junior Championships","JGS","2026-05-31","2026-06-06","Ativo","R32","","https://www.itftennis.com/en/tournament/roland-garros-junior-championships/fra/2026/j-jgs-fra-2026-001/draws-and-results/","Encontrado na ITF; leitura do draw de duplas: ITF API: partida pendente."
"denisa-zoldakova","Denisa Zoldakova","Singles","Roland Garros Junior Championships","JGS","2026-05-31","2026-06-06","Ativo","R16","0","https://www.itftennis.com/en/tournament/roland-garros-junior-championships/fra/2026/j-jgs-fra-2026-001/draws-and-results/","Encontrado na ITF (MD); leitura do draw: ITF API: bye encontrado; atleta avancou sem pontuar."
"dimitar-kisimov","Dimitar Kisimov","Doubles","Roland Garros Junior Championships","JGS","2026-05-31","2026-06-06","Ativo","R32","","https://www.itftennis.com/en/tournament/roland-garros-junior-championships/fra/2026/j-jgs-fra-2026-001/draws-and-results/","Encontrado na ITF; leitura do draw de duplas: ITF API: partida pendente."
"dimitar-kisimov","Dimitar Kisimov","Singles","Roland Garros Junior Championships","JGS","2026-05-31","2026-06-06","Ativo","R32","","https://www.itftennis.com/en/tournament/roland-garros-junior-championships/fra/2026/j-jgs-fra-2026-001/draws-and-results/","Encontrado na ITF (MD); leitura do draw: ITF API: partida pendente."
"eduarda-gomes","Eduarda Gomes","Singles","Roland Garros Junior Championships","JGS","2026-05-31","2026-06-06","Eliminado","R64","","https://www.itftennis.com/en/tournament/roland-garros-junior-championships/fra/2026/j-jgs-fra-2026-001/draws-and-results/","Encontrado na ITF (MD); leitura do draw: ITF API: derrota encontrada."
"ekaterina-dotsenko","Ekaterina Dotsenko","Doubles","Roland Garros Junior Championships","JGS","2026-05-31","2026-06-06","Ativo","R32","","https://www.itftennis.com/en/tournament/roland-garros-junior-championships/fra/2026/j-jgs-fra-2026-001/draws-and-results/","Encontrado na ITF; leitura do draw de duplas: ITF API: partida pendente."
"ekaterina-dotsenko","Ekaterina Dotsenko","Singles","Roland Garros Junior Championships","JGS","2026-05-31","2026-06-06","Ativo","R32","","https://www.itftennis.com/en/tournament/roland-garros-junior-championships/fra/2026/j-jgs-fra-2026-001/draws-and-results/","Encontrado na ITF (MD); leitura do draw: ITF API: partida pendente."
"ekaterina-tupitsyna","Ekaterina Tupitsyna","Doubles","Roland Garros Junior Championships","JGS","2026-05-31","2026-06-06","Ativo","R32","","https://www.itftennis.com/en/tournament/roland-garros-junior-championships/fra/2026/j-jgs-fra-2026-001/draws-and-results/","Encontrado na ITF; leitura do draw de duplas: ITF API: partida pendente."
"ekaterina-tupitsyna","Ekaterina Tupitsyna","Singles","Roland Garros Junior Championships","JGS","2026-05-31","2026-06-06","Eliminado","R64","","https://www.itftennis.com/en/tournament/roland-garros-junior-championships/fra/2026/j-jgs-fra-2026-001/draws-and-results/","Encontrado na ITF (MD); leitura do draw: ITF API: derrota encontrada."
"emilio-camacho","Emilio Camacho","Doubles","Roland Garros Junior Championships","JGS","2026-05-31","2026-06-06","Ativo","R32","","https://www.itftennis.com/en/tournament/roland-garros-junior-championships/fra/2026/j-jgs-fra-2026-001/draws-and-results/","Encontrado na ITF; leitura do draw de duplas: ITF API: partida pendente."
"emilio-camacho","Emilio Camacho","Singles","Roland Garros Junior Championships","JGS","2026-05-31","2026-06-06","Eliminado","R64","","https://www.itftennis.com/en/tournament/roland-garros-junior-championships/fra/2026/j-jgs-fra-2026-001/draws-and-results/","Encontrado na ITF (MD); leitura do draw: ITF API: derrota encontrada."
"emily-victoria-eigelsbach","Emily Victoria Eigelsbach","Doubles","Roland Garros Junior Championships","JGS","2026-05-31","2026-06-06","Ativo","R32","","https://www.itftennis.com/en/tournament/roland-garros-junior-championships/fra/2026/j-jgs-fra-2026-001/draws-and-results/","Encontrado na ITF; leitura do draw de duplas: ITF API: partida pendente."
"emily-victoria-eigelsbach","Emily Victoria Eigelsbach","Singles","Roland Garros Junior Championships","JGS","2026-05-31","2026-06-06","Eliminado","Q2","","https://www.itftennis.com/en/tournament/roland-garros-junior-championships/fra/2026/j-jgs-fra-2026-001/draws-and-results/","Encontrado na ITF (MD); leitura do draw: ITF API: derrota encontrada."
"emma-fulvia-wiesenfeld","Emma Fulvia Wiesenfeld","Singles","Roland Garros Junior Championships","JGS","2026-05-31","2026-06-06","Eliminado","Q1","","https://www.itftennis.com/en/tournament/roland-garros-junior-championships/fra/2026/j-jgs-fra-2026-001/draws-and-results/","Encontrado na ITF (Q); leitura do draw: ITF API: derrota encontrada."
"eudald-gonzalez","Eudald Gonzalez","Singles","Roland Garros Junior Championships","JGS","2026-05-31","2026-06-06","Eliminado","Q1","","https://www.itftennis.com/en/tournament/roland-garros-junior-championships/fra/2026/j-jgs-fra-2026-001/draws-and-results/","Encontrado na ITF (Q); leitura do draw: ITF API: derrota encontrada."
"evan-giurescu","Evan GIURESCU","Doubles","Roland Garros Junior Championships","JGS","2026-05-31","2026-06-06","Ativo","R32","","https://www.itftennis.com/en/tournament/roland-garros-junior-championships/fra/2026/j-jgs-fra-2026-001/draws-and-results/","Encontrado na ITF; leitura do draw de duplas: ITF API: partida pendente."
"evan-giurescu","Evan GIURESCU","Singles","Roland Garros Junior Championships","JGS","2026-05-31","2026-06-06","Eliminado","Q1","","https://www.itftennis.com/en/tournament/roland-garros-junior-championships/fra/2026/j-jgs-fra-2026-001/draws-and-results/","Encontrado na ITF (MD); leitura do draw: ITF API: derrota encontrada."
"felitsata-dorofeeva-rybas","Felitsata Dorofeeva-Rybas","Doubles","Roland Garros Junior Championships","JGS","2026-05-31","2026-06-06","Ativo","R32","","https://www.itftennis.com/en/tournament/roland-garros-junior-championships/fra/2026/j-jgs-fra-2026-001/draws-and-results/","Encontrado na ITF; leitura do draw de duplas: ITF API: partida pendente."
"felitsata-dorofeeva-rybas","Felitsata Dorofeeva-Rybas","Singles","Roland Garros Junior Championships","JGS","2026-05-31","2026-06-06","Ativo","R32","","https://www.itftennis.com/en/tournament/roland-garros-junior-championships/fra/2026/j-jgs-fra-2026-001/draws-and-results/","Encontrado na ITF (MD); leitura do draw: ITF API: partida pendente."
"felix-roussel","Felix Roussel","Singles","Roland Garros Junior Championships","JGS","2026-05-31","2026-06-06","Eliminado","Q2","","https://www.itftennis.com/en/tournament/roland-garros-junior-championships/fra/2026/j-jgs-fra-2026-001/draws-and-results/","Encontrado na ITF (Q); leitura do draw: ITF API: derrota encontrada."
"fleur-de-bresser","Fleur De Bresser","Singles","Roland Garros Junior Championships","JGS","2026-05-31","2026-06-06","Eliminado","Q2","","https://www.itftennis.com/en/tournament/roland-garros-junior-championships/fra/2026/j-jgs-fra-2026-001/draws-and-results/","Encontrado na ITF (Q); leitura do draw: ITF API: derrota encontrada."
"flynn-thomas","Flynn Thomas","Doubles","Roland Garros Junior Championships","JGS","2026-05-31","2026-06-06","Ativo","R32","","https://www.itftennis.com/en/tournament/roland-garros-junior-championships/fra/2026/j-jgs-fra-2026-001/draws-and-results/","Encontrado na ITF; leitura do draw de duplas: ITF API: partida pendente."
"flynn-thomas","Flynn Thomas","Singles","Roland Garros Junior Championships","JGS","2026-05-31","2026-06-06","Ativo","R32","","https://www.itftennis.com/en/tournament/roland-garros-junior-championships/fra/2026/j-jgs-fra-2026-001/draws-and-results/","Encontrado na ITF (MD); leitura do draw: ITF API: partida pendente."
"gavin-goode","Gavin Goode","Doubles","Roland Garros Junior Championships","JGS","2026-05-31","2026-06-06","Ativo","R32","","https://www.itftennis.com/en/tournament/roland-garros-junior-championships/fra/2026/j-jgs-fra-2026-001/draws-and-results/","Encontrado na ITF; leitura do draw de duplas: ITF API: partida pendente."
"gavin-goode","Gavin Goode","Singles","Roland Garros Junior Championships","JGS","2026-05-31","2026-06-06","Eliminado","R64","","https://www.itftennis.com/en/tournament/roland-garros-junior-championships/fra/2026/j-jgs-fra-2026-001/draws-and-results/","Encontrado na ITF (MD); leitura do draw: ITF API: derrota encontrada."
"giulia-safina-popa","Giulia Safina Popa","Doubles","Roland Garros Junior Championships","JGS","2026-05-31","2026-06-06","Ativo","R32","","https://www.itftennis.com/en/tournament/roland-garros-junior-championships/fra/2026/j-jgs-fra-2026-001/draws-and-results/","Encontrado na ITF; leitura do draw de duplas: ITF API: partida pendente."
"giulia-safina-popa","Giulia Safina Popa","Singles","Roland Garros Junior Championships","JGS","2026-05-31","2026-06-06","Ativo","R32","","https://www.itftennis.com/en/tournament/roland-garros-junior-championships/fra/2026/j-jgs-fra-2026-001/draws-and-results/","Encontrado na ITF (MD); leitura do draw: ITF API: partida pendente."
"ha-eum-lee","Ha Eum Lee","Doubles","Roland Garros Junior Championships","JGS","2026-05-31","2026-06-06","Ativo","R32","","https://www.itftennis.com/en/tournament/roland-garros-junior-championships/fra/2026/j-jgs-fra-2026-001/draws-and-results/","Encontrado na ITF; leitura do draw de duplas: ITF API: partida pendente."
"ha-eum-lee","Ha Eum Lee","Singles","Roland Garros Junior Championships","JGS","2026-05-31","2026-06-06","Ativo","QF","0","https://www.itftennis.com/en/tournament/roland-garros-junior-championships/fra/2026/j-jgs-fra-2026-001/draws-and-results/","Encontrado na ITF (MD); leitura do draw: ITF API: bye encontrado; atleta avancou sem pontuar."
"hollie-smart","Hollie Smart","Doubles","Roland Garros Junior Championships","JGS","2026-05-31","2026-06-06","Ativo","R32","","https://www.itftennis.com/en/tournament/roland-garros-junior-championships/fra/2026/j-jgs-fra-2026-001/draws-and-results/","Encontrado na ITF; leitura do draw de duplas: ITF API: partida pendente."
"hollie-smart","Hollie Smart","Singles","Roland Garros Junior Championships","JGS","2026-05-31","2026-06-06","Eliminado","R64","","https://www.itftennis.com/en/tournament/roland-garros-junior-championships/fra/2026/j-jgs-fra-2026-001/draws-and-results/","Encontrado na ITF (MD); leitura do draw: ITF API: derrota encontrada."
"hyu-kawanishi","Hyu Kawanishi","Doubles","Roland Garros Junior Championships","JGS","2026-05-31","2026-06-06","Ativo","R32","","https://www.itftennis.com/en/tournament/roland-garros-junior-championships/fra/2026/j-jgs-fra-2026-001/draws-and-results/","Encontrado na ITF; leitura do draw de duplas: ITF API: partida pendente."
"hyu-kawanishi","Hyu Kawanishi","Singles","Roland Garros Junior Championships","JGS","2026-05-31","2026-06-06","Eliminado","R64","","https://www.itftennis.com/en/tournament/roland-garros-junior-championships/fra/2026/j-jgs-fra-2026-001/draws-and-results/","Encontrado na ITF (MD); leitura do draw: ITF API: derrota encontrada."
"ida-wobker","Ida Wobker","Doubles","Roland Garros Junior Championships","JGS","2026-05-31","2026-06-06","Ativo","R32","","https://www.itftennis.com/en/tournament/roland-garros-junior-championships/fra/2026/j-jgs-fra-2026-001/draws-and-results/","Encontrado na ITF; leitura do draw de duplas: ITF API: partida pendente."
"ida-wobker","Ida Wobker","Singles","Roland Garros Junior Championships","JGS","2026-05-31","2026-06-06","Eliminado","R64","","https://www.itftennis.com/en/tournament/roland-garros-junior-championships/fra/2026/j-jgs-fra-2026-001/draws-and-results/","Encontrado na ITF (MD); leitura do draw: ITF API: derrota encontrada."
"ilary-pistola","Ilary Pistola","Doubles","Roland Garros Junior Championships","JGS","2026-05-31","2026-06-06","Ativo","R32","","https://www.itftennis.com/en/tournament/roland-garros-junior-championships/fra/2026/j-jgs-fra-2026-001/draws-and-results/","Encontrado na ITF; leitura do draw de duplas: ITF API: partida pendente."
"ilary-pistola","Ilary Pistola","Singles","Roland Garros Junior Championships","JGS","2026-05-31","2026-06-06","Eliminado","R64","","https://www.itftennis.com/en/tournament/roland-garros-junior-championships/fra/2026/j-jgs-fra-2026-001/draws-and-results/","Encontrado na ITF (MD); leitura do draw: ITF API: derrota encontrada."
"iva-marinkovic","Iva Marinkovic","Singles","Roland Garros Junior Championships","JGS","2026-05-31","2026-06-06","Eliminado","Q1","","https://www.itftennis.com/en/tournament/roland-garros-junior-championships/fra/2026/j-jgs-fra-2026-001/draws-and-results/","Encontrado na ITF (Q); leitura do draw: ITF API: derrota encontrada."
"jack-kennedy","Jack Kennedy","Doubles","Roland Garros Junior Championships","JGS","2026-05-31","2026-06-06","Ativo","R32","","https://www.itftennis.com/en/tournament/roland-garros-junior-championships/fra/2026/j-jgs-fra-2026-001/draws-and-results/","Encontrado na ITF; leitura do draw de duplas: ITF API: partida pendente."
"jack-kennedy","Jack Kennedy","Singles","Roland Garros Junior Championships","JGS","2026-05-31","2026-06-06","Ativo","R32","","https://www.itftennis.com/en/tournament/roland-garros-junior-championships/fra/2026/j-jgs-fra-2026-001/draws-and-results/","Encontrado na ITF (MD); leitura do draw: ITF API: partida pendente."
"jack-secord","Jack Secord","Doubles","Roland Garros Junior Championships","JGS","2026-05-31","2026-06-06","Ativo","R32","","https://www.itftennis.com/en/tournament/roland-garros-junior-championships/fra/2026/j-jgs-fra-2026-001/draws-and-results/","Encontrado na ITF; leitura do draw de duplas: ITF API: partida pendente."
"jack-secord","Jack Secord","Singles","Roland Garros Junior Championships","JGS","2026-05-31","2026-06-06","Eliminado","R64","","https://www.itftennis.com/en/tournament/roland-garros-junior-championships/fra/2026/j-jgs-fra-2026-001/draws-and-results/","Encontrado na ITF (MD); leitura do draw: ITF API: derrota encontrada."
"jahnie-van-zyl","Jahnie Van Zyl","Singles","Roland Garros Junior Championships","JGS","2026-05-31","2026-06-06","Eliminado","Q1","","https://www.itftennis.com/en/tournament/roland-garros-junior-championships/fra/2026/j-jgs-fra-2026-001/draws-and-results/","Encontrado na ITF (Q); leitura do draw: ITF API: derrota encontrada."
"jake-dembo","Jake Dembo","Singles","Roland Garros Junior Championships","JGS","2026-05-31","2026-06-06","Eliminado","Q2","","https://www.itftennis.com/en/tournament/roland-garros-junior-championships/fra/2026/j-jgs-fra-2026-001/draws-and-results/","Encontrado na ITF (Q); leitura do draw: ITF API: derrota encontrada."
"jamie-mackenzie","Jamie Mackenzie","Doubles","Roland Garros Junior Championships","JGS","2026-05-31","2026-06-06","Ativo","R32","","https://www.itftennis.com/en/tournament/roland-garros-junior-championships/fra/2026/j-jgs-fra-2026-001/draws-and-results/","Encontrado na ITF; leitura do draw de duplas: ITF API: partida pendente."
"jamie-mackenzie","Jamie Mackenzie","Singles","Roland Garros Junior Championships","JGS","2026-05-31","2026-06-06","Ativo","QF","0","https://www.itftennis.com/en/tournament/roland-garros-junior-championships/fra/2026/j-jgs-fra-2026-001/draws-and-results/","Encontrado na ITF (MD); leitura do draw: ITF API: bye encontrado; atleta avancou sem pontuar."
"jan-sadzik","Jan Sadzik","Singles","Roland Garros Junior Championships","JGS","2026-05-31","2026-06-06","Eliminado","Q2","","https://www.itftennis.com/en/tournament/roland-garros-junior-championships/fra/2026/j-jgs-fra-2026-001/draws-and-results/","Encontrado na ITF (Q); leitura do draw: ITF API: derrota encontrada."
"jana-kovackova","Jana Kovackova","Doubles","Roland Garros Junior Championships","JGS","2026-05-31","2026-06-06","Ativo","R32","","https://www.itftennis.com/en/tournament/roland-garros-junior-championships/fra/2026/j-jgs-fra-2026-001/draws-and-results/","Encontrado na ITF; leitura do draw de duplas: ITF API: partida pendente."
"jana-kovackova","Jana Kovackova","Singles","Roland Garros Junior Championships","JGS","2026-05-31","2026-06-06","Ativo","QF","0","https://www.itftennis.com/en/tournament/roland-garros-junior-championships/fra/2026/j-jgs-fra-2026-001/draws-and-results/","Encontrado na ITF (MD); leitura do draw: ITF API: bye encontrado; atleta avancou sem pontuar."
"janae-preston","Janae Preston","Doubles","Roland Garros Junior Championships","JGS","2026-05-31","2026-06-06","Ativo","R32","","https://www.itftennis.com/en/tournament/roland-garros-junior-championships/fra/2026/j-jgs-fra-2026-001/draws-and-results/","Encontrado na ITF; leitura do draw de duplas: ITF API: partida pendente."
"janae-preston","Janae Preston","Singles","Roland Garros Junior Championships","JGS","2026-05-31","2026-06-06","Ativo","R64","","https://www.itftennis.com/en/tournament/roland-garros-junior-championships/fra/2026/j-jgs-fra-2026-001/draws-and-results/","Encontrado na ITF (MD); leitura do draw: ITF API: partida pendente."
"john-bothma","John Bothma","Singles","Roland Garros Junior Championships","JGS","2026-05-31","2026-06-06","Eliminado","Q1","","https://www.itftennis.com/en/tournament/roland-garros-junior-championships/fra/2026/j-jgs-fra-2026-001/draws-and-results/","Encontrado na ITF (Q); leitura do draw: ITF API: derrota encontrada."
"jordyn-hazelitt","Jordyn Hazelitt","Doubles","Roland Garros Junior Championships","JGS","2026-05-31","2026-06-06","Ativo","R32","","https://www.itftennis.com/en/tournament/roland-garros-junior-championships/fra/2026/j-jgs-fra-2026-001/draws-and-results/","Encontrado na ITF; leitura do draw de duplas: ITF API: partida pendente."
"jordyn-hazelitt","Jordyn Hazelitt","Singles","Roland Garros Junior Championships","JGS","2026-05-31","2026-06-06","Eliminado","R64","","https://www.itftennis.com/en/tournament/roland-garros-junior-championships/fra/2026/j-jgs-fra-2026-001/draws-and-results/","Encontrado na ITF (MD); leitura do draw: ITF API: derrota encontrada."
"juan-miguel-bolivar-idarraga","Juan Miguel Bolivar Idarraga","Doubles","Roland Garros Junior Championships","JGS","2026-05-31","2026-06-06","Ativo","R32","","https://www.itftennis.com/en/tournament/roland-garros-junior-championships/fra/2026/j-jgs-fra-2026-001/draws-and-results/","Encontrado na ITF; leitura do draw de duplas: ITF API: partida pendente."
"juan-miguel-bolivar-idarraga","Juan Miguel Bolivar Idarraga","Singles","Roland Garros Junior Championships","JGS","2026-05-31","2026-06-06","Eliminado","R64","","https://www.itftennis.com/en/tournament/roland-garros-junior-championships/fra/2026/j-jgs-fra-2026-001/draws-and-results/","Encontrado na ITF (MD); leitura do draw: ITF API: derrota encontrada."
"kaan-isik-kosaner","Kaan Isik Kosaner","Doubles","Roland Garros Junior Championships","JGS","2026-05-31","2026-06-06","Ativo","R32","","https://www.itftennis.com/en/tournament/roland-garros-junior-championships/fra/2026/j-jgs-fra-2026-001/draws-and-results/","Encontrado na ITF; leitura do draw de duplas: ITF API: partida pendente."
"kaan-isik-kosaner","Kaan Isik Kosaner","Singles","Roland Garros Junior Championships","JGS","2026-05-31","2026-06-06","Ativo","R32","","https://www.itftennis.com/en/tournament/roland-garros-junior-championships/fra/2026/j-jgs-fra-2026-001/draws-and-results/","Encontrado na ITF (MD); leitura do draw: ITF API: partida pendente."
"kai-thompson","Kai Thompson","Doubles","Roland Garros Junior Championships","JGS","2026-05-31","2026-06-06","Ativo","R32","","https://www.itftennis.com/en/tournament/roland-garros-junior-championships/fra/2026/j-jgs-fra-2026-001/draws-and-results/","Encontrado na ITF; leitura do draw de duplas: ITF API: partida pendente."
"kai-thompson","Kai Thompson","Singles","Roland Garros Junior Championships","JGS","2026-05-31","2026-06-06","Eliminado","R64","","https://www.itftennis.com/en/tournament/roland-garros-junior-championships/fra/2026/j-jgs-fra-2026-001/draws-and-results/","Encontrado na ITF (MD); leitura do draw: ITF API: derrota encontrada."
"kanta-watanabe","Kanta Watanabe","Doubles","Roland Garros Junior Championships","JGS","2026-05-31","2026-06-06","Ativo","R32","","https://www.itftennis.com/en/tournament/roland-garros-junior-championships/fra/2026/j-jgs-fra-2026-001/draws-and-results/","Encontrado na ITF; leitura do draw de duplas: ITF API: partida pendente."
"kanta-watanabe","Kanta Watanabe","Singles","Roland Garros Junior Championships","JGS","2026-05-31","2026-06-06","Eliminado","R32","","https://www.itftennis.com/en/tournament/roland-garros-junior-championships/fra/2026/j-jgs-fra-2026-001/draws-and-results/","Encontrado na ITF (MD); leitura do draw: ITF API: derrota encontrada."
"katerina-zajickova","Katerina Zajickova","Doubles","Roland Garros Junior Championships","JGS","2026-05-31","2026-06-06","Ativo","R32","","https://www.itftennis.com/en/tournament/roland-garros-junior-championships/fra/2026/j-jgs-fra-2026-001/draws-and-results/","Encontrado na ITF; leitura do draw de duplas: ITF API: partida pendente."
"katerina-zajickova","Katerina Zajickova","Singles","Roland Garros Junior Championships","JGS","2026-05-31","2026-06-06","Eliminado","R64","","https://www.itftennis.com/en/tournament/roland-garros-junior-championships/fra/2026/j-jgs-fra-2026-001/draws-and-results/","Encontrado na ITF (MD); leitura do draw: ITF API: derrota encontrada."
"keaton-hance","Keaton Hance","Doubles","Roland Garros Junior Championships","JGS","2026-05-31","2026-06-06","Ativo","R32","","https://www.itftennis.com/en/tournament/roland-garros-junior-championships/fra/2026/j-jgs-fra-2026-001/draws-and-results/","Encontrado na ITF; leitura do draw de duplas: ITF API: partida pendente."
"keaton-hance","Keaton Hance","Singles","Roland Garros Junior Championships","JGS","2026-05-31","2026-06-06","Ativo","R32","","https://www.itftennis.com/en/tournament/roland-garros-junior-championships/fra/2026/j-jgs-fra-2026-001/draws-and-results/","Encontrado na ITF (MD); leitura do draw: ITF API: partida pendente."
"kirill-filaretov","Kirill Filaretov","Doubles","Roland Garros Junior Championships","JGS","2026-05-31","2026-06-06","Ativo","R32","","https://www.itftennis.com/en/tournament/roland-garros-junior-championships/fra/2026/j-jgs-fra-2026-001/draws-and-results/","Encontrado na ITF; leitura do draw de duplas: ITF API: partida pendente."
"kirill-filaretov","Kirill Filaretov","Singles","Roland Garros Junior Championships","JGS","2026-05-31","2026-06-06","Eliminado","R64","","https://www.itftennis.com/en/tournament/roland-garros-junior-championships/fra/2026/j-jgs-fra-2026-001/draws-and-results/","Encontrado na ITF (MD); leitura do draw: ITF API: derrota encontrada."
"ksenia-efremova","Ksenia Efremova","Singles","Roland Garros Junior Championships","JGS","2026-05-31","2026-06-06","Eliminado","R64","","https://www.itftennis.com/en/tournament/roland-garros-junior-championships/fra/2026/j-jgs-fra-2026-001/draws-and-results/","Encontrado na ITF (MD); leitura do draw: ITF API: derrota encontrada."
"kuan-shou-chen","Kuan-Shou Chen","Doubles","Roland Garros Junior Championships","JGS","2026-05-31","2026-06-06","Ativo","R32","","https://www.itftennis.com/en/tournament/roland-garros-junior-championships/fra/2026/j-jgs-fra-2026-001/draws-and-results/","Encontrado na ITF; leitura do draw de duplas: ITF API: partida pendente."
"kuan-shou-chen","Kuan-Shou Chen","Singles","Roland Garros Junior Championships","JGS","2026-05-31","2026-06-06","Eliminado","R32","","https://www.itftennis.com/en/tournament/roland-garros-junior-championships/fra/2026/j-jgs-fra-2026-001/draws-and-results/","Encontrado na ITF (MD); leitura do draw: ITF API: derrota encontrada."
"kunanan-pantaratorn","Kunanan Pantaratorn","Doubles","Roland Garros Junior Championships","JGS","2026-05-31","2026-06-06","Ativo","R32","","https://www.itftennis.com/en/tournament/roland-garros-junior-championships/fra/2026/j-jgs-fra-2026-001/draws-and-results/","Encontrado na ITF; leitura do draw de duplas: ITF API: partida pendente."
"kunanan-pantaratorn","Kunanan Pantaratorn","Singles","Roland Garros Junior Championships","JGS","2026-05-31","2026-06-06","Eliminado","Q1","","https://www.itftennis.com/en/tournament/roland-garros-junior-championships/fra/2026/j-jgs-fra-2026-001/draws-and-results/","Encontrado na ITF (MD); leitura do draw: ITF API: derrota encontrada."
"lana-virc","Lana Virc","Singles","Roland Garros Junior Championships","JGS","2026-05-31","2026-06-06","Eliminado","R64","","https://www.itftennis.com/en/tournament/roland-garros-junior-championships/fra/2026/j-jgs-fra-2026-001/draws-and-results/","Encontrado na ITF (MD); leitura do draw: ITF API: derrota encontrada."
"lani-chang","Lani Chang","Doubles","Roland Garros Junior Championships","JGS","2026-05-31","2026-06-06","Ativo","R32","","https://www.itftennis.com/en/tournament/roland-garros-junior-championships/fra/2026/j-jgs-fra-2026-001/draws-and-results/","Encontrado na ITF; leitura do draw de duplas: ITF API: partida pendente."
"lani-chang","Lani Chang","Singles","Roland Garros Junior Championships","JGS","2026-05-31","2026-06-06","Eliminado","R64","","https://www.itftennis.com/en/tournament/roland-garros-junior-championships/fra/2026/j-jgs-fra-2026-001/draws-and-results/","Encontrado na ITF (MD); leitura do draw: ITF API: derrota encontrada."
"laura-valentine-pop","Laura Valentine Pop","Singles","Roland Garros Junior Championships","JGS","2026-05-31","2026-06-06","Eliminado","Q2","","https://www.itftennis.com/en/tournament/roland-garros-junior-championships/fra/2026/j-jgs-fra-2026-001/draws-and-results/","Encontrado na ITF (Q); leitura do draw: ITF API: derrota encontrada."
"lea-nilsson","Lea Nilsson","Doubles","Roland Garros Junior Championships","JGS","2026-05-31","2026-06-06","Ativo","R32","","https://www.itftennis.com/en/tournament/roland-garros-junior-championships/fra/2026/j-jgs-fra-2026-001/draws-and-results/","Encontrado na ITF; leitura do draw de duplas: ITF API: partida pendente."
"lea-nilsson","Lea Nilsson","Singles","Roland Garros Junior Championships","JGS","2026-05-31","2026-06-06","Eliminado","R64","","https://www.itftennis.com/en/tournament/roland-garros-junior-championships/fra/2026/j-jgs-fra-2026-001/draws-and-results/","Encontrado na ITF (MD); leitura do draw: ITF API: derrota encontrada."
"lenny-couturier","Lenny Couturier","Singles","Roland Garros Junior Championships","JGS","2026-05-31","2026-06-06","Eliminado","Q1","","https://www.itftennis.com/en/tournament/roland-garros-junior-championships/fra/2026/j-jgs-fra-2026-001/draws-and-results/","Encontrado na ITF (Q); leitura do draw: ITF API: derrota encontrada."
"leon-sloboda","Leon Sloboda","Doubles","Roland Garros Junior Championships","JGS","2026-05-31","2026-06-06","Ativo","R32","","https://www.itftennis.com/en/tournament/roland-garros-junior-championships/fra/2026/j-jgs-fra-2026-001/draws-and-results/","Encontrado na ITF; leitura do draw de duplas: ITF API: partida pendente."
"leon-sloboda","Leon Sloboda","Singles","Roland Garros Junior Championships","JGS","2026-05-31","2026-06-06","Eliminado","R64","","https://www.itftennis.com/en/tournament/roland-garros-junior-championships/fra/2026/j-jgs-fra-2026-001/draws-and-results/","Encontrado na ITF (MD); leitura do draw: ITF API: derrota encontrada."
"leonardo-storck-franca","Leonardo Storck Franca","Doubles","Roland Garros Junior Championships","JGS","2026-05-31","2026-06-06","Ativo","R32","","https://www.itftennis.com/en/tournament/roland-garros-junior-championships/fra/2026/j-jgs-fra-2026-001/draws-and-results/","Encontrado na ITF; leitura do draw de duplas: ITF API: partida pendente."
"leonardo-storck-franca","Leonardo Storck Franca","Singles","Roland Garros Junior Championships","JGS","2026-05-31","2026-06-06","Ativo","R32","","https://www.itftennis.com/en/tournament/roland-garros-junior-championships/fra/2026/j-jgs-fra-2026-001/draws-and-results/","Encontrado na ITF (MD); leitura do draw: ITF API: partida pendente."
"lucas-yunez","Lucas Yunez","Singles","Roland Garros Junior Championships","JGS","2026-05-31","2026-06-06","Eliminado","Q2","","https://www.itftennis.com/en/tournament/roland-garros-junior-championships/fra/2026/j-jgs-fra-2026-001/draws-and-results/","Encontrado na ITF (Q); leitura do draw: ITF API: derrota encontrada."
"luis-guto-miguel","Luis Guto Miguel","Doubles","Roland Garros Junior Championships","JGS","2026-05-31","2026-06-06","Ativo","R32","","https://www.itftennis.com/en/tournament/roland-garros-junior-championships/fra/2026/j-jgs-fra-2026-001/draws-and-results/","Encontrado na ITF; leitura do draw de duplas: ITF API: partida pendente."
"luis-guto-miguel","Luis Guto Miguel","Singles","Roland Garros Junior Championships","JGS","2026-05-31","2026-06-06","Ativo","R32","","https://www.itftennis.com/en/tournament/roland-garros-junior-championships/fra/2026/j-jgs-fra-2026-001/draws-and-results/","Encontrado na ITF (MD); leitura do draw: ITF API: partida pendente."
"luna-maria-cinalli","Luna Maria Cinalli","Doubles","Roland Garros Junior Championships","JGS","2026-05-31","2026-06-06","Ativo","R32","","https://www.itftennis.com/en/tournament/roland-garros-junior-championships/fra/2026/j-jgs-fra-2026-001/draws-and-results/","Encontrado na ITF; leitura do draw de duplas: ITF API: partida pendente."
"luna-maria-cinalli","Luna Maria Cinalli","Singles","Roland Garros Junior Championships","JGS","2026-05-31","2026-06-06","Ativo","R32","","https://www.itftennis.com/en/tournament/roland-garros-junior-championships/fra/2026/j-jgs-fra-2026-001/draws-and-results/","Encontrado na ITF (MD); leitura do draw: ITF API: partida pendente."
"maaya-rajeshwaran-revathi","Maaya Rajeshwaran Revathi","Singles","Roland Garros Junior Championships","JGS","2026-05-31","2026-06-06","Ativo","R32","","https://www.itftennis.com/en/tournament/roland-garros-junior-championships/fra/2026/j-jgs-fra-2026-001/draws-and-results/","Encontrado na ITF (MD); leitura do draw: ITF API: partida pendente."
"maia-ilinca-burcescu","Maia Ilinca Burcescu","Doubles","Roland Garros Junior Championships","JGS","2026-05-31","2026-06-06","Ativo","R32","","https://www.itftennis.com/en/tournament/roland-garros-junior-championships/fra/2026/j-jgs-fra-2026-001/draws-and-results/","Encontrado na ITF; leitura do draw de duplas: ITF API: partida pendente."
"maia-ilinca-burcescu","Maia Ilinca Burcescu","Singles","Roland Garros Junior Championships","JGS","2026-05-31","2026-06-06","Ativo","R32","","https://www.itftennis.com/en/tournament/roland-garros-junior-championships/fra/2026/j-jgs-fra-2026-001/draws-and-results/","Encontrado na ITF (MD); leitura do draw: ITF API: partida pendente."
"marat-salbiev","Marat Salbiev","Doubles","Roland Garros Junior Championships","JGS","2026-05-31","2026-06-06","Ativo","R32","","https://www.itftennis.com/en/tournament/roland-garros-junior-championships/fra/2026/j-jgs-fra-2026-001/draws-and-results/","Encontrado na ITF; leitura do draw de duplas: ITF API: partida pendente."
"marat-salbiev","Marat Salbiev","Singles","Roland Garros Junior Championships","JGS","2026-05-31","2026-06-06","Eliminado","R64","","https://www.itftennis.com/en/tournament/roland-garros-junior-championships/fra/2026/j-jgs-fra-2026-001/draws-and-results/","Encontrado na ITF (MD); leitura do draw: ITF API: derrota encontrada."
"margaret-sohns","Margaret Sohns","Singles","Roland Garros Junior Championships","JGS","2026-05-31","2026-06-06","Eliminado","Q1","","https://www.itftennis.com/en/tournament/roland-garros-junior-championships/fra/2026/j-jgs-fra-2026-001/draws-and-results/","Encontrado na ITF (Q); leitura do draw: ITF API: derrota encontrada."
"maria-valentina-pop","Maria Valentina Pop","Singles","Roland Garros Junior Championships","JGS","2026-05-31","2026-06-06","Eliminado","Q2","","https://www.itftennis.com/en/tournament/roland-garros-junior-championships/fra/2026/j-jgs-fra-2026-001/draws-and-results/","Encontrado na ITF (Q); leitura do draw: ITF API: derrota encontrada."
"mariella-thamm","Mariella Thamm","Doubles","Roland Garros Junior Championships","JGS","2026-05-31","2026-06-06","Ativo","R32","","https://www.itftennis.com/en/tournament/roland-garros-junior-championships/fra/2026/j-jgs-fra-2026-001/draws-and-results/","Encontrado na ITF; leitura do draw de duplas: ITF API: partida pendente."
"mariella-thamm","Mariella Thamm","Singles","Roland Garros Junior Championships","JGS","2026-05-31","2026-06-06","Ativo","R32","","https://www.itftennis.com/en/tournament/roland-garros-junior-championships/fra/2026/j-jgs-fra-2026-001/draws-and-results/","Encontrado na ITF (MD); leitura do draw: ITF API: partida pendente."
"mariia-makarova","Mariia Makarova","Doubles","Roland Garros Junior Championships","JGS","2026-05-31","2026-06-06","Ativo","R32","","https://www.itftennis.com/en/tournament/roland-garros-junior-championships/fra/2026/j-jgs-fra-2026-001/draws-and-results/","Encontrado na ITF; leitura do draw de duplas: ITF API: partida pendente."
"mariia-makarova","Mariia Makarova","Singles","Roland Garros Junior Championships","JGS","2026-05-31","2026-06-06","Ativo","R32","","https://www.itftennis.com/en/tournament/roland-garros-junior-championships/fra/2026/j-jgs-fra-2026-001/draws-and-results/","Encontrado na ITF (MD); leitura do draw: ITF API: partida pendente."
"marija-lauva","Marija Lauva","Doubles","Roland Garros Junior Championships","JGS","2026-05-31","2026-06-06","Ativo","R32","","https://www.itftennis.com/en/tournament/roland-garros-junior-championships/fra/2026/j-jgs-fra-2026-001/draws-and-results/","Encontrado na ITF; leitura do draw de duplas: ITF API: partida pendente."
"marija-lauva","Marija Lauva","Singles","Roland Garros Junior Championships","JGS","2026-05-31","2026-06-06","Eliminado","R64","","https://www.itftennis.com/en/tournament/roland-garros-junior-championships/fra/2026/j-jgs-fra-2026-001/draws-and-results/","Encontrado na ITF (MD); leitura do draw: ITF API: derrota encontrada."
"mario-vukovic","Mario Vukovic","Doubles","Roland Garros Junior Championships","JGS","2026-05-31","2026-06-06","Ativo","R32","","https://www.itftennis.com/en/tournament/roland-garros-junior-championships/fra/2026/j-jgs-fra-2026-001/draws-and-results/","Encontrado na ITF; leitura do draw de duplas: ITF API: partida pendente."
"mario-vukovic","Mario Vukovic","Singles","Roland Garros Junior Championships","JGS","2026-05-31","2026-06-06","Eliminado","Q1","","https://www.itftennis.com/en/tournament/roland-garros-junior-championships/fra/2026/j-jgs-fra-2026-001/draws-and-results/","Encontrado na ITF (MD); leitura do draw: ITF API: derrota encontrada."
"mark-ceban","Mark Ceban","Doubles","Roland Garros Junior Championships","JGS","2026-05-31","2026-06-06","Ativo","R32","","https://www.itftennis.com/en/tournament/roland-garros-junior-championships/fra/2026/j-jgs-fra-2026-001/draws-and-results/","Encontrado na ITF; leitura do draw de duplas: ITF API: partida pendente."
"mark-ceban","Mark Ceban","Singles","Roland Garros Junior Championships","JGS","2026-05-31","2026-06-06","Eliminado","R64","","https://www.itftennis.com/en/tournament/roland-garros-junior-championships/fra/2026/j-jgs-fra-2026-001/draws-and-results/","Encontrado na ITF (MD); leitura do draw: ITF API: derrota encontrada."
"matei-todoran","Matei Todoran","Doubles","Roland Garros Junior Championships","JGS","2026-05-31","2026-06-06","Ativo","R32","","https://www.itftennis.com/en/tournament/roland-garros-junior-championships/fra/2026/j-jgs-fra-2026-001/draws-and-results/","Encontrado na ITF; leitura do draw de duplas: ITF API: partida pendente."
"matei-todoran","Matei Todoran","Singles","Roland Garros Junior Championships","JGS","2026-05-31","2026-06-06","Eliminado","R32","","https://www.itftennis.com/en/tournament/roland-garros-junior-championships/fra/2026/j-jgs-fra-2026-001/draws-and-results/","Encontrado na ITF (MD); leitura do draw: ITF API: derrota encontrada."
"matei-victor-chelemen","Matei Victor Chelemen","Doubles","Roland Garros Junior Championships","JGS","2026-05-31","2026-06-06","Ativo","R32","","https://www.itftennis.com/en/tournament/roland-garros-junior-championships/fra/2026/j-jgs-fra-2026-001/draws-and-results/","Encontrado na ITF; leitura do draw de duplas: ITF API: partida pendente."
"matei-victor-chelemen","Matei Victor Chelemen","Singles","Roland Garros Junior Championships","JGS","2026-05-31","2026-06-06","Eliminado","R64","","https://www.itftennis.com/en/tournament/roland-garros-junior-championships/fra/2026/j-jgs-fra-2026-001/draws-and-results/","Encontrado na ITF (MD); leitura do draw: ITF API: derrota encontrada."
"mathys-domenc","Mathys Domenc","Doubles","Roland Garros Junior Championships","JGS","2026-05-31","2026-06-06","Ativo","R32","","https://www.itftennis.com/en/tournament/roland-garros-junior-championships/fra/2026/j-jgs-fra-2026-001/draws-and-results/","Encontrado na ITF; leitura do draw de duplas: ITF API: partida pendente."
"mathys-domenc","Mathys Domenc","Singles","Roland Garros Junior Championships","JGS","2026-05-31","2026-06-06","Ativo","R32","","https://www.itftennis.com/en/tournament/roland-garros-junior-championships/fra/2026/j-jgs-fra-2026-001/draws-and-results/","Encontrado na ITF (MD); leitura do draw: ITF API: partida pendente."
"matisse-martin","Matisse MARTIN","Doubles","Roland Garros Junior Championships","JGS","2026-05-31","2026-06-06","Ativo","R32","","https://www.itftennis.com/en/tournament/roland-garros-junior-championships/fra/2026/j-jgs-fra-2026-001/draws-and-results/","Encontrado na ITF; leitura do draw de duplas: ITF API: partida pendente."
"matisse-martin","Matisse MARTIN","Singles","Roland Garros Junior Championships","JGS","2026-05-31","2026-06-06","Ativo","R32","","https://www.itftennis.com/en/tournament/roland-garros-junior-championships/fra/2026/j-jgs-fra-2026-001/draws-and-results/","Encontrado na ITF (MD); leitura do draw: ITF API: partida pendente."
"maxi-carrascosa-diaz","Maxi Carrascosa Diaz","Singles","Roland Garros Junior Championships","JGS","2026-05-31","2026-06-06","Eliminado","Q2","","https://www.itftennis.com/en/tournament/roland-garros-junior-championships/fra/2026/j-jgs-fra-2026-001/draws-and-results/","Encontrado na ITF (Q); leitura do draw: ITF API: derrota encontrada."
"michael-antonius","Michael Antonius","Doubles","Roland Garros Junior Championships","JGS","2026-05-31","2026-06-06","Ativo","R32","","https://www.itftennis.com/en/tournament/roland-garros-junior-championships/fra/2026/j-jgs-fra-2026-001/draws-and-results/","Encontrado na ITF; leitura do draw de duplas: ITF API: partida pendente."
"michael-antonius","Michael Antonius","Singles","Roland Garros Junior Championships","JGS","2026-05-31","2026-06-06","Ativo","QF","0","https://www.itftennis.com/en/tournament/roland-garros-junior-championships/fra/2026/j-jgs-fra-2026-001/draws-and-results/","Encontrado na ITF (MD); leitura do draw: ITF API: bye encontrado; atleta avancou sem pontuar."
"michael-savano","Michael Savano","Singles","Roland Garros Junior Championships","JGS","2026-05-31","2026-06-06","Eliminado","Q1","","https://www.itftennis.com/en/tournament/roland-garros-junior-championships/fra/2026/j-jgs-fra-2026-001/draws-and-results/","Encontrado na ITF (Q); leitura do draw: ITF API: derrota encontrada."
"mickael-kaouk","Mickael Kaouk","Doubles","Roland Garros Junior Championships","JGS","2026-05-31","2026-06-06","Ativo","R32","","https://www.itftennis.com/en/tournament/roland-garros-junior-championships/fra/2026/j-jgs-fra-2026-001/draws-and-results/","Encontrado na ITF; leitura do draw de duplas: ITF API: partida pendente."
"mickael-kaouk","Mickael Kaouk","Singles","Roland Garros Junior Championships","JGS","2026-05-31","2026-06-06","Eliminado","R64","","https://www.itftennis.com/en/tournament/roland-garros-junior-championships/fra/2026/j-jgs-fra-2026-001/draws-and-results/","Encontrado na ITF (MD); leitura do draw: ITF API: derrota encontrada."
"mila-bastianelli","Mila Bastianelli","Doubles","Roland Garros Junior Championships","JGS","2026-05-31","2026-06-06","Ativo","R32","","https://www.itftennis.com/en/tournament/roland-garros-junior-championships/fra/2026/j-jgs-fra-2026-001/draws-and-results/","Encontrado na ITF; leitura do draw de duplas: ITF API: partida pendente."
"mila-bastianelli","Mila Bastianelli","Singles","Roland Garros Junior Championships","JGS","2026-05-31","2026-06-06","Eliminado","Q1","","https://www.itftennis.com/en/tournament/roland-garros-junior-championships/fra/2026/j-jgs-fra-2026-001/draws-and-results/","Encontrado na ITF (MD); leitura do draw: ITF API: derrota encontrada."
"min-hyuk-cho","Min Hyuk Cho","Singles","Roland Garros Junior Championships","JGS","2026-05-31","2026-06-06","Eliminado","Q1","","https://www.itftennis.com/en/tournament/roland-garros-junior-championships/fra/2026/j-jgs-fra-2026-001/draws-and-results/","Encontrado na ITF (Q); leitura do draw: ITF API: derrota encontrada."
"motoharu-abe","Motoharu Abe","Doubles","Roland Garros Junior Championships","JGS","2026-05-31","2026-06-06","Ativo","R32","","https://www.itftennis.com/en/tournament/roland-garros-junior-championships/fra/2026/j-jgs-fra-2026-001/draws-and-results/","Encontrado na ITF; leitura do draw de duplas: ITF API: partida pendente."
"motoharu-abe","Motoharu Abe","Singles","Roland Garros Junior Championships","JGS","2026-05-31","2026-06-06","Eliminado","R64","","https://www.itftennis.com/en/tournament/roland-garros-junior-championships/fra/2026/j-jgs-fra-2026-001/draws-and-results/","Encontrado na ITF (MD); leitura do draw: ITF API: derrota encontrada."
"mustafa-ege-sik","Mustafa Ege Sik","Doubles","Roland Garros Junior Championships","JGS","2026-05-31","2026-06-06","Ativo","R32","","https://www.itftennis.com/en/tournament/roland-garros-junior-championships/fra/2026/j-jgs-fra-2026-001/draws-and-results/","Encontrado na ITF; leitura do draw de duplas: ITF API: partida pendente."
"mustafa-ege-sik","Mustafa Ege Sik","Singles","Roland Garros Junior Championships","JGS","2026-05-31","2026-06-06","Eliminado","R64","","https://www.itftennis.com/en/tournament/roland-garros-junior-championships/fra/2026/j-jgs-fra-2026-001/draws-and-results/","Encontrado na ITF (MD); leitura do draw: ITF API: derrota encontrada."
"nadia-lagaev","Nadia Lagaev","Doubles","Roland Garros Junior Championships","JGS","2026-05-31","2026-06-06","Ativo","R32","","https://www.itftennis.com/en/tournament/roland-garros-junior-championships/fra/2026/j-jgs-fra-2026-001/draws-and-results/","Encontrado na ITF; leitura do draw de duplas: ITF API: partida pendente."
"nadia-lagaev","Nadia Lagaev","Singles","Roland Garros Junior Championships","JGS","2026-05-31","2026-06-06","Eliminado","R64","","https://www.itftennis.com/en/tournament/roland-garros-junior-championships/fra/2026/j-jgs-fra-2026-001/draws-and-results/","Encontrado na ITF (MD); leitura do draw: ITF API: derrota encontrada."
"nancy-lee","Nancy Lee","Singles","Roland Garros Junior Championships","JGS","2026-05-31","2026-06-06","Eliminado","Q1","","https://www.itftennis.com/en/tournament/roland-garros-junior-championships/fra/2026/j-jgs-fra-2026-001/draws-and-results/","Encontrado na ITF (Q); leitura do draw: ITF API: derrota encontrada."
"nauhany-vitoria-leme-da-silva","Nauhany Vitoria Leme Da Silva","Doubles","Roland Garros Junior Championships","JGS","2026-05-31","2026-06-06","Ativo","R32","","https://www.itftennis.com/en/tournament/roland-garros-junior-championships/fra/2026/j-jgs-fra-2026-001/draws-and-results/","Encontrado na ITF; leitura do draw de duplas: ITF API: partida pendente."
"nauhany-vitoria-leme-da-silva","Nauhany Vitoria Leme Da Silva","Singles","Roland Garros Junior Championships","JGS","2026-05-31","2026-06-06","Ativo","R64","","https://www.itftennis.com/en/tournament/roland-garros-junior-championships/fra/2026/j-jgs-fra-2026-001/draws-and-results/","Encontrado na ITF (MD); leitura do draw: ITF API: partida pendente."
"navneet-raghuram","Navneet Raghuram","Singles","Roland Garros Junior Championships","JGS","2026-05-31","2026-06-06","Eliminado","Q2","","https://www.itftennis.com/en/tournament/roland-garros-junior-championships/fra/2026/j-jgs-fra-2026-001/draws-and-results/","Encontrado na ITF (Q); leitura do draw: ITF API: derrota encontrada."
"nehira-sanon","Nehira Sanon","Doubles","Roland Garros Junior Championships","JGS","2026-05-31","2026-06-06","Ativo","R32","","https://www.itftennis.com/en/tournament/roland-garros-junior-championships/fra/2026/j-jgs-fra-2026-001/draws-and-results/","Encontrado na ITF; leitura do draw de duplas: ITF API: partida pendente."
"nehira-sanon","Nehira Sanon","Singles","Roland Garros Junior Championships","JGS","2026-05-31","2026-06-06","Ativo","R32","","https://www.itftennis.com/en/tournament/roland-garros-junior-championships/fra/2026/j-jgs-fra-2026-001/draws-and-results/","Encontrado na ITF (MD); leitura do draw: ITF API: partida pendente."
"nicolas-baena","Nicolas Baena","Doubles","Roland Garros Junior Championships","JGS","2026-05-31","2026-06-06","Ativo","R32","","https://www.itftennis.com/en/tournament/roland-garros-junior-championships/fra/2026/j-jgs-fra-2026-001/draws-and-results/","Encontrado na ITF; leitura do draw de duplas: ITF API: partida pendente."
"nicolas-baena","Nicolas Baena","Singles","Roland Garros Junior Championships","JGS","2026-05-31","2026-06-06","Ativo","R32","","https://www.itftennis.com/en/tournament/roland-garros-junior-championships/fra/2026/j-jgs-fra-2026-001/draws-and-results/","Encontrado na ITF (MD); leitura do draw: ITF API: partida pendente."
"nikita-belozertsev","Nikita Belozertsev","Doubles","Roland Garros Junior Championships","JGS","2026-05-31","2026-06-06","Ativo","R32","","https://www.itftennis.com/en/tournament/roland-garros-junior-championships/fra/2026/j-jgs-fra-2026-001/draws-and-results/","Encontrado na ITF; leitura do draw de duplas: ITF API: partida pendente."
"nikita-belozertsev","Nikita Belozertsev","Singles","Roland Garros Junior Championships","JGS","2026-05-31","2026-06-06","Ativo","R32","","https://www.itftennis.com/en/tournament/roland-garros-junior-championships/fra/2026/j-jgs-fra-2026-001/draws-and-results/","Encontrado na ITF (MD); leitura do draw: ITF API: partida pendente."
"ninon-carpentier","Ninon Carpentier","Doubles","Roland Garros Junior Championships","JGS","2026-05-31","2026-06-06","Ativo","R32","","https://www.itftennis.com/en/tournament/roland-garros-junior-championships/fra/2026/j-jgs-fra-2026-001/draws-and-results/","Encontrado na ITF; leitura do draw de duplas: ITF API: partida pendente."
"ninon-carpentier","Ninon Carpentier","Singles","Roland Garros Junior Championships","JGS","2026-05-31","2026-06-06","Eliminado","R64","","https://www.itftennis.com/en/tournament/roland-garros-junior-championships/fra/2026/j-jgs-fra-2026-001/draws-and-results/","Encontrado na ITF (MD); leitura do draw: ITF API: derrota encontrada."
"ntungamili-raguin","Ntungamili RAGUIN","Singles","Roland Garros Junior Championships","JGS","2026-05-31","2026-06-06","Eliminado","Q2","","https://www.itftennis.com/en/tournament/roland-garros-junior-championships/fra/2026/j-jgs-fra-2026-001/draws-and-results/","Encontrado na ITF (Q); leitura do draw: ITF API: derrota encontrada."
"oliver-majdandzic","Oliver Majdandzic","Doubles","Roland Garros Junior Championships","JGS","2026-05-31","2026-06-06","Ativo","R32","","https://www.itftennis.com/en/tournament/roland-garros-junior-championships/fra/2026/j-jgs-fra-2026-001/draws-and-results/","Encontrado na ITF; leitura do draw de duplas: ITF API: partida pendente."
"oliver-majdandzic","Oliver Majdandzic","Singles","Roland Garros Junior Championships","JGS","2026-05-31","2026-06-06","Ativo","R32","","https://www.itftennis.com/en/tournament/roland-garros-junior-championships/fra/2026/j-jgs-fra-2026-001/draws-and-results/","Encontrado na ITF (MD); leitura do draw: ITF API: partida pendente."
"olivia-traynor","Olivia Traynor","Doubles","Roland Garros Junior Championships","JGS","2026-05-31","2026-06-06","Ativo","R32","","https://www.itftennis.com/en/tournament/roland-garros-junior-championships/fra/2026/j-jgs-fra-2026-001/draws-and-results/","Encontrado na ITF; leitura do draw de duplas: ITF API: partida pendente."
"olivia-traynor","Olivia Traynor","Singles","Roland Garros Junior Championships","JGS","2026-05-31","2026-06-06","Eliminado","Q2","","https://www.itftennis.com/en/tournament/roland-garros-junior-championships/fra/2026/j-jgs-fra-2026-001/draws-and-results/","Encontrado na ITF (MD); leitura do draw: ITF API: derrota encontrada."
"oluwaseun-peter-ogunsakin","OLUWASEUN PETER OGUNSAKIN","Singles","Roland Garros Junior Championships","JGS","2026-05-31","2026-06-06","Eliminado","Q2","","https://www.itftennis.com/en/tournament/roland-garros-junior-championships/fra/2026/j-jgs-fra-2026-001/draws-and-results/","Encontrado na ITF (Q); leitura do draw: ITF API: derrota encontrada."
"pablo-pradat","Pablo Pradat","Doubles","Roland Garros Junior Championships","JGS","2026-05-31","2026-06-06","Ativo","R32","","https://www.itftennis.com/en/tournament/roland-garros-junior-championships/fra/2026/j-jgs-fra-2026-001/draws-and-results/","Encontrado na ITF; leitura do draw de duplas: ITF API: partida pendente."
"pablo-pradat","Pablo Pradat","Singles","Roland Garros Junior Championships","JGS","2026-05-31","2026-06-06","Eliminado","R64","","https://www.itftennis.com/en/tournament/roland-garros-junior-championships/fra/2026/j-jgs-fra-2026-001/draws-and-results/","Encontrado na ITF (MD); leitura do draw: ITF API: derrota encontrada."
"paola-pinera-celorio","Paola Pinera Celorio","Doubles","Roland Garros Junior Championships","JGS","2026-05-31","2026-06-06","Ativo","R32","","https://www.itftennis.com/en/tournament/roland-garros-junior-championships/fra/2026/j-jgs-fra-2026-001/draws-and-results/","Encontrado na ITF; leitura do draw de duplas: ITF API: partida pendente."
"paola-pinera-celorio","Paola Pinera Celorio","Singles","Roland Garros Junior Championships","JGS","2026-05-31","2026-06-06","Ativo","QF","0","https://www.itftennis.com/en/tournament/roland-garros-junior-championships/fra/2026/j-jgs-fra-2026-001/draws-and-results/","Encontrado na ITF (MD); leitura do draw: ITF API: bye encontrado; atleta avancou sem pontuar."
"pedro-henrique-chabalgoity","Pedro Henrique Chabalgoity","Doubles","Roland Garros Junior Championships","JGS","2026-05-31","2026-06-06","Ativo","R32","","https://www.itftennis.com/en/tournament/roland-garros-junior-championships/fra/2026/j-jgs-fra-2026-001/draws-and-results/","Encontrado na ITF; leitura do draw de duplas: ITF API: partida pendente."
"pedro-henrique-chabalgoity","Pedro Henrique Chabalgoity","Singles","Roland Garros Junior Championships","JGS","2026-05-31","2026-06-06","Ativo","R32","","https://www.itftennis.com/en/tournament/roland-garros-junior-championships/fra/2026/j-jgs-fra-2026-001/draws-and-results/","Encontrado na ITF (MD); leitura do draw: ITF API: partida pendente."
"pietra-rivoli","Pietra Rivoli","Doubles","Roland Garros Junior Championships","JGS","2026-05-31","2026-06-06","Ativo","R32","","https://www.itftennis.com/en/tournament/roland-garros-junior-championships/fra/2026/j-jgs-fra-2026-001/draws-and-results/","Encontrado na ITF; leitura do draw de duplas: ITF API: partida pendente."
"pietra-rivoli","Pietra Rivoli","Singles","Roland Garros Junior Championships","JGS","2026-05-31","2026-06-06","Eliminado","Q1","","https://www.itftennis.com/en/tournament/roland-garros-junior-championships/fra/2026/j-jgs-fra-2026-001/draws-and-results/","Encontrado na ITF (MD); leitura do draw: ITF API: derrota encontrada."
"polina-berezina","Polina Berezina","Singles","Roland Garros Junior Championships","JGS","2026-05-31","2026-06-06","Eliminado","Q1","","https://www.itftennis.com/en/tournament/roland-garros-junior-championships/fra/2026/j-jgs-fra-2026-001/draws-and-results/","Encontrado na ITF (Q); leitura do draw: ITF API: derrota encontrada."
"polina-skliar","Polina Skliar","Doubles","Roland Garros Junior Championships","JGS","2026-05-31","2026-06-06","Ativo","R32","","https://www.itftennis.com/en/tournament/roland-garros-junior-championships/fra/2026/j-jgs-fra-2026-001/draws-and-results/","Encontrado na ITF; leitura do draw de duplas: ITF API: partida pendente."
"polina-skliar","Polina Skliar","Singles","Roland Garros Junior Championships","JGS","2026-05-31","2026-06-06","Ativo","R32","","https://www.itftennis.com/en/tournament/roland-garros-junior-championships/fra/2026/j-jgs-fra-2026-001/draws-and-results/","Encontrado na ITF (MD); leitura do draw: ITF API: partida pendente."
"raffaele-ciurnelli","Raffaele Ciurnelli","Doubles","Roland Garros Junior Championships","JGS","2026-05-31","2026-06-06","Ativo","R32","","https://www.itftennis.com/en/tournament/roland-garros-junior-championships/fra/2026/j-jgs-fra-2026-001/draws-and-results/","Encontrado na ITF; leitura do draw de duplas: ITF API: partida pendente."
"raffaele-ciurnelli","Raffaele Ciurnelli","Singles","Roland Garros Junior Championships","JGS","2026-05-31","2026-06-06","Ativo","R32","","https://www.itftennis.com/en/tournament/roland-garros-junior-championships/fra/2026/j-jgs-fra-2026-001/draws-and-results/","Encontrado na ITF (MD); leitura do draw: ITF API: partida pendente."
"renee-alame","Renee Alame","Doubles","Roland Garros Junior Championships","JGS","2026-05-31","2026-06-06","Ativo","R32","","https://www.itftennis.com/en/tournament/roland-garros-junior-championships/fra/2026/j-jgs-fra-2026-001/draws-and-results/","Encontrado na ITF; leitura do draw de duplas: ITF API: partida pendente."
"renee-alame","Renee Alame","Singles","Roland Garros Junior Championships","JGS","2026-05-31","2026-06-06","Eliminado","R64","","https://www.itftennis.com/en/tournament/roland-garros-junior-championships/fra/2026/j-jgs-fra-2026-001/draws-and-results/","Encontrado na ITF (MD); leitura do draw: ITF API: derrota encontrada."
"rhys-lawlor","Rhys Lawlor","Doubles","Roland Garros Junior Championships","JGS","2026-05-31","2026-06-06","Ativo","R32","","https://www.itftennis.com/en/tournament/roland-garros-junior-championships/fra/2026/j-jgs-fra-2026-001/draws-and-results/","Encontrado na ITF; leitura do draw de duplas: ITF API: partida pendente."
"rhys-lawlor","Rhys Lawlor","Singles","Roland Garros Junior Championships","JGS","2026-05-31","2026-06-06","Eliminado","R64","","https://www.itftennis.com/en/tournament/roland-garros-junior-championships/fra/2026/j-jgs-fra-2026-001/draws-and-results/","Encontrado na ITF (MD); leitura do draw: ITF API: derrota encontrada."
"rihards-neimanis","Rihards Neimanis","Doubles","Roland Garros Junior Championships","JGS","2026-05-31","2026-06-06","Ativo","R32","","https://www.itftennis.com/en/tournament/roland-garros-junior-championships/fra/2026/j-jgs-fra-2026-001/draws-and-results/","Encontrado na ITF; leitura do draw de duplas: ITF API: partida pendente."
"rihards-neimanis","Rihards Neimanis","Singles","Roland Garros Junior Championships","JGS","2026-05-31","2026-06-06","Ativo","R32","","https://www.itftennis.com/en/tournament/roland-garros-junior-championships/fra/2026/j-jgs-fra-2026-001/draws-and-results/","Encontrado na ITF (MD); leitura do draw: ITF API: partida pendente."
"riyo-yoshida","Riyo Yoshida","Singles","Roland Garros Junior Championships","JGS","2026-05-31","2026-06-06","Eliminado","Q1","","https://www.itftennis.com/en/tournament/roland-garros-junior-championships/fra/2026/j-jgs-fra-2026-001/draws-and-results/","Encontrado na ITF (Q); leitura do draw: ITF API: derrota encontrada."
"ruien-zhang","Ruien Zhang","Doubles","Roland Garros Junior Championships","JGS","2026-05-31","2026-06-06","Ativo","R32","","https://www.itftennis.com/en/tournament/roland-garros-junior-championships/fra/2026/j-jgs-fra-2026-001/draws-and-results/","Encontrado na ITF; leitura do draw de duplas: ITF API: partida pendente."
"ruien-zhang","Ruien Zhang","Singles","Roland Garros Junior Championships","JGS","2026-05-31","2026-06-06","Ativo","R32","","https://www.itftennis.com/en/tournament/roland-garros-junior-championships/fra/2026/j-jgs-fra-2026-001/draws-and-results/","Encontrado na ITF (MD); leitura do draw: ITF API: partida pendente."
"ryan-cozad","Ryan Cozad","Doubles","Roland Garros Junior Championships","JGS","2026-05-31","2026-06-06","Ativo","R32","","https://www.itftennis.com/en/tournament/roland-garros-junior-championships/fra/2026/j-jgs-fra-2026-001/draws-and-results/","Encontrado na ITF; leitura do draw de duplas: ITF API: partida pendente."
"ryan-cozad","Ryan Cozad","Singles","Roland Garros Junior Championships","JGS","2026-05-31","2026-06-06","Ativo","R32","","https://www.itftennis.com/en/tournament/roland-garros-junior-championships/fra/2026/j-jgs-fra-2026-001/draws-and-results/","Encontrado na ITF (MD); leitura do draw: ITF API: partida pendente."
"ryo-tabata","Ryo Tabata","Doubles","Roland Garros Junior Championships","JGS","2026-05-31","2026-06-06","Ativo","R32","","https://www.itftennis.com/en/tournament/roland-garros-junior-championships/fra/2026/j-jgs-fra-2026-001/draws-and-results/","Encontrado na ITF; leitura do draw de duplas: ITF API: partida pendente."
"ryo-tabata","Ryo Tabata","Singles","Roland Garros Junior Championships","JGS","2026-05-31","2026-06-06","Ativo","R32","","https://www.itftennis.com/en/tournament/roland-garros-junior-championships/fra/2026/j-jgs-fra-2026-001/draws-and-results/","Encontrado na ITF (MD); leitura do draw: ITF API: partida pendente."
"safir-azam","Safir Azam","Doubles","Roland Garros Junior Championships","JGS","2026-05-31","2026-06-06","Ativo","R32","","https://www.itftennis.com/en/tournament/roland-garros-junior-championships/fra/2026/j-jgs-fra-2026-001/draws-and-results/","Encontrado na ITF; leitura do draw de duplas: ITF API: partida pendente."
"safir-azam","Safir Azam","Singles","Roland Garros Junior Championships","JGS","2026-05-31","2026-06-06","Eliminado","R64","","https://www.itftennis.com/en/tournament/roland-garros-junior-championships/fra/2026/j-jgs-fra-2026-001/draws-and-results/","Encontrado na ITF (MD); leitura do draw: ITF API: derrota encontrada."
"sarah-ye","Sarah Ye","Doubles","Roland Garros Junior Championships","JGS","2026-05-31","2026-06-06","Ativo","R32","","https://www.itftennis.com/en/tournament/roland-garros-junior-championships/fra/2026/j-jgs-fra-2026-001/draws-and-results/","Encontrado na ITF; leitura do draw de duplas: ITF API: partida pendente."
"sarah-ye","Sarah Ye","Singles","Roland Garros Junior Championships","JGS","2026-05-31","2026-06-06","Eliminado","R64","","https://www.itftennis.com/en/tournament/roland-garros-junior-championships/fra/2026/j-jgs-fra-2026-001/draws-and-results/","Encontrado na ITF (MD); leitura do draw: ITF API: derrota encontrada."
"savva-rybkin","Savva Rybkin","Doubles","Roland Garros Junior Championships","JGS","2026-05-31","2026-06-06","Ativo","R32","","https://www.itftennis.com/en/tournament/roland-garros-junior-championships/fra/2026/j-jgs-fra-2026-001/draws-and-results/","Encontrado na ITF; leitura do draw de duplas: ITF API: partida pendente."
"savva-rybkin","Savva Rybkin","Singles","Roland Garros Junior Championships","JGS","2026-05-31","2026-06-06","Eliminado","R64","","https://www.itftennis.com/en/tournament/roland-garros-junior-championships/fra/2026/j-jgs-fra-2026-001/draws-and-results/","Encontrado na ITF (MD); leitura do draw: ITF API: derrota encontrada."
"simone-massellani","Simone Massellani","Doubles","Roland Garros Junior Championships","JGS","2026-05-31","2026-06-06","Ativo","R32","","https://www.itftennis.com/en/tournament/roland-garros-junior-championships/fra/2026/j-jgs-fra-2026-001/draws-and-results/","Encontrado na ITF; leitura do draw de duplas: ITF API: partida pendente."
"simone-massellani","Simone Massellani","Singles","Roland Garros Junior Championships","JGS","2026-05-31","2026-06-06","Eliminado","R64","","https://www.itftennis.com/en/tournament/roland-garros-junior-championships/fra/2026/j-jgs-fra-2026-001/draws-and-results/","Encontrado na ITF (MD); leitura do draw: ITF API: derrota encontrada."
"siyoen-sim","Siyoen Sim","Singles","Roland Garros Junior Championships","JGS","2026-05-31","2026-06-06","Eliminado","Q1","","https://www.itftennis.com/en/tournament/roland-garros-junior-championships/fra/2026/j-jgs-fra-2026-001/draws-and-results/","Encontrado na ITF (Q); leitura do draw: ITF API: derrota encontrada."
"sofia-meabe","Sofia Meabe","Singles","Roland Garros Junior Championships","JGS","2026-05-31","2026-06-06","Eliminado","Q1","","https://www.itftennis.com/en/tournament/roland-garros-junior-championships/fra/2026/j-jgs-fra-2026-001/draws-and-results/","Encontrado na ITF (Q); leitura do draw: ITF API: derrota encontrada."
"sofie-hettlerova","Sofie Hettlerova","Doubles","Roland Garros Junior Championships","JGS","2026-05-31","2026-06-06","Ativo","R32","","https://www.itftennis.com/en/tournament/roland-garros-junior-championships/fra/2026/j-jgs-fra-2026-001/draws-and-results/","Encontrado na ITF; leitura do draw de duplas: ITF API: partida pendente."
"sofie-hettlerova","Sofie Hettlerova","Singles","Roland Garros Junior Championships","JGS","2026-05-31","2026-06-06","Eliminado","R64","","https://www.itftennis.com/en/tournament/roland-garros-junior-championships/fra/2026/j-jgs-fra-2026-001/draws-and-results/","Encontrado na ITF (MD); leitura do draw: ITF API: derrota encontrada."
"sofiia-bielinska","Sofiia Bielinska","Doubles","Roland Garros Junior Championships","JGS","2026-05-31","2026-06-06","Ativo","R32","","https://www.itftennis.com/en/tournament/roland-garros-junior-championships/fra/2026/j-jgs-fra-2026-001/draws-and-results/","Encontrado na ITF; leitura do draw de duplas: ITF API: partida pendente."
"sofiia-bielinska","Sofiia Bielinska","Singles","Roland Garros Junior Championships","JGS","2026-05-31","2026-06-06","Eliminado","R32","","https://www.itftennis.com/en/tournament/roland-garros-junior-championships/fra/2026/j-jgs-fra-2026-001/draws-and-results/","Encontrado na ITF (MD); leitura do draw: ITF API: derrota encontrada."
"sol-ailin-larraya-guidi","Sol Ailin Larraya Guidi","Doubles","Roland Garros Junior Championships","JGS","2026-05-31","2026-06-06","Ativo","R32","","https://www.itftennis.com/en/tournament/roland-garros-junior-championships/fra/2026/j-jgs-fra-2026-001/draws-and-results/","Encontrado na ITF; leitura do draw de duplas: ITF API: partida pendente."
"sol-ailin-larraya-guidi","Sol Ailin Larraya Guidi","Singles","Roland Garros Junior Championships","JGS","2026-05-31","2026-06-06","Ativo","R32","","https://www.itftennis.com/en/tournament/roland-garros-junior-championships/fra/2026/j-jgs-fra-2026-001/draws-and-results/","Encontrado na ITF (MD); leitura do draw: ITF API: partida pendente."
"sonja-zhenikhova","Sonja Zhenikhova","Doubles","Roland Garros Junior Championships","JGS","2026-05-31","2026-06-06","Ativo","R32","","https://www.itftennis.com/en/tournament/roland-garros-junior-championships/fra/2026/j-jgs-fra-2026-001/draws-and-results/","Encontrado na ITF; leitura do draw de duplas: ITF API: partida pendente."
"sonja-zhenikhova","Sonja Zhenikhova","Singles","Roland Garros Junior Championships","JGS","2026-05-31","2026-06-06","Ativo","R64","","https://www.itftennis.com/en/tournament/roland-garros-junior-championships/fra/2026/j-jgs-fra-2026-001/draws-and-results/","Encontrado na ITF (MD); leitura do draw: ITF API: partida pendente."
"takahiro-kawaguchi","Takahiro Kawaguchi","Singles","Roland Garros Junior Championships","JGS","2026-05-31","2026-06-06","Eliminado","Q1","","https://www.itftennis.com/en/tournament/roland-garros-junior-championships/fra/2026/j-jgs-fra-2026-001/draws-and-results/","Encontrado na ITF (Q); leitura do draw: ITF API: derrota encontrada."
"tanishk-konduri","Tanishk Konduri","Doubles","Roland Garros Junior Championships","JGS","2026-05-31","2026-06-06","Ativo","R32","","https://www.itftennis.com/en/tournament/roland-garros-junior-championships/fra/2026/j-jgs-fra-2026-001/draws-and-results/","Encontrado na ITF; leitura do draw de duplas: ITF API: partida pendente."
"tanishk-konduri","Tanishk Konduri","Singles","Roland Garros Junior Championships","JGS","2026-05-31","2026-06-06","Eliminado","R64","","https://www.itftennis.com/en/tournament/roland-garros-junior-championships/fra/2026/j-jgs-fra-2026-001/draws-and-results/","Encontrado na ITF (MD); leitura do draw: ITF API: derrota encontrada."
"tereza-hermanova","Tereza Hermanova","Doubles","Roland Garros Junior Championships","JGS","2026-05-31","2026-06-06","Ativo","R32","","https://www.itftennis.com/en/tournament/roland-garros-junior-championships/fra/2026/j-jgs-fra-2026-001/draws-and-results/","Encontrado na ITF; leitura do draw de duplas: ITF API: partida pendente."
"tereza-hermanova","Tereza Hermanova","Singles","Roland Garros Junior Championships","JGS","2026-05-31","2026-06-06","Eliminado","R64","","https://www.itftennis.com/en/tournament/roland-garros-junior-championships/fra/2026/j-jgs-fra-2026-001/draws-and-results/","Encontrado na ITF (MD); leitura do draw: ITF API: derrota encontrada."
"thea-frodin","Thea Frodin","Doubles","Roland Garros Junior Championships","JGS","2026-05-31","2026-06-06","Ativo","R32","","https://www.itftennis.com/en/tournament/roland-garros-junior-championships/fra/2026/j-jgs-fra-2026-001/draws-and-results/","Encontrado na ITF; leitura do draw de duplas: ITF API: partida pendente."
"thea-frodin","Thea Frodin","Singles","Roland Garros Junior Championships","JGS","2026-05-31","2026-06-06","Eliminado","R64","","https://www.itftennis.com/en/tournament/roland-garros-junior-championships/fra/2026/j-jgs-fra-2026-001/draws-and-results/","Encontrado na ITF (MD); leitura do draw: ITF API: derrota encontrada."
"thilo-behrmann","Thilo Behrmann","Doubles","Roland Garros Junior Championships","JGS","2026-05-31","2026-06-06","Ativo","R32","","https://www.itftennis.com/en/tournament/roland-garros-junior-championships/fra/2026/j-jgs-fra-2026-001/draws-and-results/","Encontrado na ITF; leitura do draw de duplas: ITF API: partida pendente."
"thilo-behrmann","Thilo Behrmann","Singles","Roland Garros Junior Championships","JGS","2026-05-31","2026-06-06","Ativo","R32","","https://www.itftennis.com/en/tournament/roland-garros-junior-championships/fra/2026/j-jgs-fra-2026-001/draws-and-results/","Encontrado na ITF (MD); leitura do draw: ITF API: partida pendente."
"timeo-trufelli","Timeo Trufelli","Singles","Roland Garros Junior Championships","JGS","2026-05-31","2026-06-06","Eliminado","R64","","https://www.itftennis.com/en/tournament/roland-garros-junior-championships/fra/2026/j-jgs-fra-2026-001/draws-and-results/","Encontrado na ITF (MD); leitura do draw: ITF API: derrota encontrada."
"tito-chavez","Tito Chavez","Doubles","Roland Garros Junior Championships","JGS","2026-05-31","2026-06-06","Ativo","R32","","https://www.itftennis.com/en/tournament/roland-garros-junior-championships/fra/2026/j-jgs-fra-2026-001/draws-and-results/","Encontrado na ITF; leitura do draw de duplas: ITF API: partida pendente."
"tito-chavez","Tito Chavez","Singles","Roland Garros Junior Championships","JGS","2026-05-31","2026-06-06","Eliminado","R64","","https://www.itftennis.com/en/tournament/roland-garros-junior-championships/fra/2026/j-jgs-fra-2026-001/draws-and-results/","Encontrado na ITF (MD); leitura do draw: ITF API: derrota encontrada."
"ui-su-jeong","UI SU JEONG","Doubles","Roland Garros Junior Championships","JGS","2026-05-31","2026-06-06","Ativo","R32","","https://www.itftennis.com/en/tournament/roland-garros-junior-championships/fra/2026/j-jgs-fra-2026-001/draws-and-results/","Encontrado na ITF; leitura do draw de duplas: ITF API: partida pendente."
"ui-su-jeong","UI SU JEONG","Singles","Roland Garros Junior Championships","JGS","2026-05-31","2026-06-06","Ativo","R32","","https://www.itftennis.com/en/tournament/roland-garros-junior-championships/fra/2026/j-jgs-fra-2026-001/draws-and-results/","Encontrado na ITF (MD); leitura do draw: ITF API: partida pendente."
"valentin-gonzalez-galino","Valentin Gonzalez-Galino","Doubles","Roland Garros Junior Championships","JGS","2026-05-31","2026-06-06","Ativo","R32","","https://www.itftennis.com/en/tournament/roland-garros-junior-championships/fra/2026/j-jgs-fra-2026-001/draws-and-results/","Encontrado na ITF; leitura do draw de duplas: ITF API: partida pendente."
"valentin-gonzalez-galino","Valentin Gonzalez-Galino","Singles","Roland Garros Junior Championships","JGS","2026-05-31","2026-06-06","Eliminado","R64","","https://www.itftennis.com/en/tournament/roland-garros-junior-championships/fra/2026/j-jgs-fra-2026-001/draws-and-results/","Encontrado na ITF (MD); leitura do draw: ITF API: derrota encontrada."
"veronika-sekerkova","Veronika Sekerkova","Singles","Roland Garros Junior Championships","JGS","2026-05-31","2026-06-06","Eliminado","Q1","","https://www.itftennis.com/en/tournament/roland-garros-junior-championships/fra/2026/j-jgs-fra-2026-001/draws-and-results/","Encontrado na ITF (Q); leitura do draw: ITF API: derrota encontrada."
"victoria-luiza-barros","Victoria Luiza Barros","Doubles","Roland Garros Junior Championships","JGS","2026-05-31","2026-06-06","Ativo","R32","","https://www.itftennis.com/en/tournament/roland-garros-junior-championships/fra/2026/j-jgs-fra-2026-001/draws-and-results/","Encontrado na ITF; leitura do draw de duplas: ITF API: partida pendente."
"victoria-luiza-barros","Victoria Luiza Barros","Singles","Roland Garros Junior Championships","JGS","2026-05-31","2026-06-06","Ativo","R32","","https://www.itftennis.com/en/tournament/roland-garros-junior-championships/fra/2026/j-jgs-fra-2026-001/draws-and-results/","Encontrado na ITF (MD); leitura do draw: ITF API: partida pendente."
"vincent-reisach","Vincent Reisach","Doubles","Roland Garros Junior Championships","JGS","2026-05-31","2026-06-06","Ativo","R32","","https://www.itftennis.com/en/tournament/roland-garros-junior-championships/fra/2026/j-jgs-fra-2026-001/draws-and-results/","Encontrado na ITF; leitura do draw de duplas: ITF API: partida pendente."
"vincent-reisach","Vincent Reisach","Singles","Roland Garros Junior Championships","JGS","2026-05-31","2026-06-06","Eliminado","R64","","https://www.itftennis.com/en/tournament/roland-garros-junior-championships/fra/2026/j-jgs-fra-2026-001/draws-and-results/","Encontrado na ITF (MD); leitura do draw: ITF API: derrota encontrada."
"welles-newman","Welles Newman","Doubles","Roland Garros Junior Championships","JGS","2026-05-31","2026-06-06","Ativo","R32","","https://www.itftennis.com/en/tournament/roland-garros-junior-championships/fra/2026/j-jgs-fra-2026-001/draws-and-results/","Encontrado na ITF; leitura do draw de duplas: ITF API: partida pendente."
"welles-newman","Welles Newman","Singles","Roland Garros Junior Championships","JGS","2026-05-31","2026-06-06","Eliminado","R64","","https://www.itftennis.com/en/tournament/roland-garros-junior-championships/fra/2026/j-jgs-fra-2026-001/draws-and-results/","Encontrado na ITF (MD); leitura do draw: ITF API: derrota encontrada."
"xavier-massotte","Xavier Massotte","Singles","Roland Garros Junior Championships","JGS","2026-05-31","2026-06-06","Eliminado","Q1","","https://www.itftennis.com/en/tournament/roland-garros-junior-championships/fra/2026/j-jgs-fra-2026-001/draws-and-results/","Encontrado na ITF (Q); leitura do draw: ITF API: derrota encontrada."
"xinran-sun","Xinran Sun","Doubles","Roland Garros Junior Championships","JGS","2026-05-31","2026-06-06","Ativo","R32","","https://www.itftennis.com/en/tournament/roland-garros-junior-championships/fra/2026/j-jgs-fra-2026-001/draws-and-results/","Encontrado na ITF; leitura do draw de duplas: ITF API: partida pendente."
"xinran-sun","Xinran Sun","Singles","Roland Garros Junior Championships","JGS","2026-05-31","2026-06-06","Ativo","R32","","https://www.itftennis.com/en/tournament/roland-garros-junior-championships/fra/2026/j-jgs-fra-2026-001/draws-and-results/","Encontrado na ITF (MD); leitura do draw: ITF API: partida pendente."
"yannick-theodor-alexandrescou","Yannick Theodor Alexandrescou","Doubles","Roland Garros Junior Championships","JGS","2026-05-31","2026-06-06","Ativo","R32","","https://www.itftennis.com/en/tournament/roland-garros-junior-championships/fra/2026/j-jgs-fra-2026-001/draws-and-results/","Encontrado na ITF; leitura do draw de duplas: ITF API: partida pendente."
"yannick-theodor-alexandrescou","Yannick Theodor Alexandrescou","Singles","Roland Garros Junior Championships","JGS","2026-05-31","2026-06-06","Ativo","R32","","https://www.itftennis.com/en/tournament/roland-garros-junior-championships/fra/2026/j-jgs-fra-2026-001/draws-and-results/","Encontrado na ITF (MD); leitura do draw: ITF API: partida pendente."
"yannik-alvarez","Yannik Alvarez","Doubles","Roland Garros Junior Championships","JGS","2026-05-31","2026-06-06","Ativo","R32","","https://www.itftennis.com/en/tournament/roland-garros-junior-championships/fra/2026/j-jgs-fra-2026-001/draws-and-results/","Encontrado na ITF; leitura do draw de duplas: ITF API: partida pendente."
"yannik-alvarez","Yannik Alvarez","Singles","Roland Garros Junior Championships","JGS","2026-05-31","2026-06-06","Ativo","R32","","https://www.itftennis.com/en/tournament/roland-garros-junior-championships/fra/2026/j-jgs-fra-2026-001/draws-and-results/","Encontrado na ITF (MD); leitura do draw: ITF API: partida pendente."
"yihan-qu","Yihan Qu","Doubles","Roland Garros Junior Championships","JGS","2026-05-31","2026-06-06","Ativo","R32","","https://www.itftennis.com/en/tournament/roland-garros-junior-championships/fra/2026/j-jgs-fra-2026-001/draws-and-results/","Encontrado na ITF; leitura do draw de duplas: ITF API: partida pendente."
"yihan-qu","Yihan Qu","Singles","Roland Garros Junior Championships","JGS","2026-05-31","2026-06-06","Eliminado","R64","","https://www.itftennis.com/en/tournament/roland-garros-junior-championships/fra/2026/j-jgs-fra-2026-001/draws-and-results/","Encontrado na ITF (MD); leitura do draw: ITF API: derrota encontrada."
"yu-jun-lin","Yu Jun Lin","Doubles","Roland Garros Junior Championships","JGS","2026-05-31","2026-06-06","Ativo","R32","","https://www.itftennis.com/en/tournament/roland-garros-junior-championships/fra/2026/j-jgs-fra-2026-001/draws-and-results/","Encontrado na ITF; leitura do draw de duplas: ITF API: partida pendente."
"yu-jun-lin","Yu Jun Lin","Singles","Roland Garros Junior Championships","JGS","2026-05-31","2026-06-06","Eliminado","R64","","https://www.itftennis.com/en/tournament/roland-garros-junior-championships/fra/2026/j-jgs-fra-2026-001/draws-and-results/","Encontrado na ITF (MD); leitura do draw: ITF API: derrota encontrada."
"yu-chen-lin","Yu-Chen Lin","Doubles","Roland Garros Junior Championships","JGS","2026-05-31","2026-06-06","Ativo","R32","","https://www.itftennis.com/en/tournament/roland-garros-junior-championships/fra/2026/j-jgs-fra-2026-001/draws-and-results/","Encontrado na ITF; leitura do draw de duplas: ITF API: partida pendente."
"yu-chen-lin","Yu-Chen Lin","Singles","Roland Garros Junior Championships","JGS","2026-05-31","2026-06-06","Ativo","R32","","https://www.itftennis.com/en/tournament/roland-garros-junior-championships/fra/2026/j-jgs-fra-2026-001/draws-and-results/","Encontrado na ITF (MD); leitura do draw: ITF API: partida pendente."
"yui-komada","Yui Komada","Singles","Roland Garros Junior Championships","JGS","2026-05-31","2026-06-06","Eliminado","R32","","https://www.itftennis.com/en/tournament/roland-garros-junior-championships/fra/2026/j-jgs-fra-2026-001/draws-and-results/","Encontrado na ITF (MD); leitura do draw: ITF API: derrota encontrada."
"yushan-shao","Yushan Shao","Doubles","Roland Garros Junior Championships","JGS","2026-05-31","2026-06-06","Ativo","R32","","https://www.itftennis.com/en/tournament/roland-garros-junior-championships/fra/2026/j-jgs-fra-2026-001/draws-and-results/","Encontrado na ITF; leitura do draw de duplas: ITF API: partida pendente."
"yushan-shao","Yushan Shao","Singles","Roland Garros Junior Championships","JGS","2026-05-31","2026-06-06","Ativo","R64","","https://www.itftennis.com/en/tournament/roland-garros-junior-championships/fra/2026/j-jgs-fra-2026-001/draws-and-results/","Encontrado na ITF (MD); leitura do draw: ITF API: partida pendente."
"zangar-nurlanuly","Zangar Nurlanuly","Doubles","Roland Garros Junior Championships","JGS","2026-05-31","2026-06-06","Ativo","R32","","https://www.itftennis.com/en/tournament/roland-garros-junior-championships/fra/2026/j-jgs-fra-2026-001/draws-and-results/","Encontrado na ITF; leitura do draw de duplas: ITF API: partida pendente."
"zangar-nurlanuly","Zangar Nurlanuly","Singles","Roland Garros Junior Championships","JGS","2026-05-31","2026-06-06","Ativo","R32","","https://www.itftennis.com/en/tournament/roland-garros-junior-championships/fra/2026/j-jgs-fra-2026-001/draws-and-results/","Encontrado na ITF (MD); leitura do draw: ITF API: partida pendente."
"zhang-qian-wei","Zhang-Qian Wei","Doubles","Roland Garros Junior Championships","JGS","2026-05-31","2026-06-06","Ativo","R32","","https://www.itftennis.com/en/tournament/roland-garros-junior-championships/fra/2026/j-jgs-fra-2026-001/draws-and-results/","Encontrado na ITF; leitura do draw de duplas: ITF API: partida pendente."
"zhang-qian-wei","Zhang-Qian Wei","Singles","Roland Garros Junior Championships","JGS","2026-05-31","2026-06-06","Eliminado","Q1","","https://www.itftennis.com/en/tournament/roland-garros-junior-championships/fra/2026/j-jgs-fra-2026-001/draws-and-results/","Encontrado na ITF (MD); leitura do draw: ITF API: derrota encontrada."
"ziga-sesko","Ziga Sesko","Doubles","Roland Garros Junior Championships","JGS","2026-05-31","2026-06-06","Ativo","R32","","https://www.itftennis.com/en/tournament/roland-garros-junior-championships/fra/2026/j-jgs-fra-2026-001/draws-and-results/","Encontrado na ITF; leitura do draw de duplas: ITF API: partida pendente."
"ziga-sesko","Ziga Sesko","Singles","Roland Garros Junior Championships","JGS","2026-05-31","2026-06-06","Ativo","R32","","https://www.itftennis.com/en/tournament/roland-garros-junior-championships/fra/2026/j-jgs-fra-2026-001/draws-and-results/","Encontrado na ITF (MD); leitura do draw: ITF API: partida pendente."
